{
"type": "FeatureCollection",
"name": "Crimes_Boston_Laura",
"crs": { "type": "name", "properties": { "name": "urn:ogc:def:crs:OGC:1.3:CRS84" } },
"features": [
{ "type": "Feature", "properties": { "businessname": "1000 Degrees Pizza", "dbaname": null, "legalowner": "KHOSLA VIPAN", "namelast": "Pasquriello LLC", "namefirst": "Kenneth Pasquariello", "licenseno": 313440, "issdttm": "2017-08-14T08:49:37", "expdttm": "2019-12-31T23:59:00", "licstatus": "Inactive", "licensecat": "FS", "descript": "Eating & Drinking", "result": "HE_Fail", "resultdttm": "2018-03-20T10:54:25", "violation": "M-2-103.11", "viollevel": "***", "violdesc": "PIC Performing Duties", "violdttm": "2018-03-20T10:54:25", "violstatus": "Fail", "statusdate": null, "comments": "Menu was redesigned allergy statement was removed. Provide proper allery statement for customers to read.", "address": "55   Court ST", "city": "Boston", "zip": 2108, "property_id": 156226, "latitude_Y": 42.359227, "longitude_X": -71.058878, "year": 2018 }, "geometry": { "type": "Point", "coordinates": [ -71.058878, 42.359227 ] } },
{ "type": "Feature", "properties": { "businessname": "49 Social", "dbaname": null, "legalowner": null, "namelast": "The Wine Bar L L C", "namefirst": " ", "licenseno": 75153, "issdttm": "2011-12-17T21:09:17", "expdttm": "2020-12-31T23:59:00", "licstatus": "Active", "licensecat": "FS", "descript": "Eating & Drinking", "result": "HE_Fail", "resultdttm": "2015-10-22T18:03:36", "violation": "08-3-305-307.11", "viollevel": "*", "violdesc": "Food Protection", "violdttm": "2015-10-22T18:03:36", "violstatus": "Fail", "statusdate": null, "comments": "Boiler room/Discontinue storing food in room provide covers to all employee drinks remove utensils from stagnate water store all cutting boards 6 inches off floor storage/store all opened bulk food bags in covered containers properly cool and defrost all food products in prep sink and on prep table /not at 3 bay sink", "address": "49  Temple Pl", "city": "Boston", "zip": 2111, "property_id": 156349, "latitude_Y": 42.35493, "longitude_X": -71.061809, "year": 2015 }, "geometry": { "type": "Point", "coordinates": [ -71.061809, 42.35493 ] } },
{ "type": "Feature", "properties": { "businessname": "5 Napkin Burger", "dbaname": null, "legalowner": null, "namelast": "Verdi L L C", "namefirst": " ", "licenseno": 74369, "issdttm": "2012-01-26T14:18:23", "expdttm": "2018-12-31T23:59:00", "licstatus": "Inactive", "licensecat": "FS", "descript": "Eating & Drinking", "result": "HE_Fail", "resultdttm": "2015-03-25T11:15:38", "violation": "02-3-602.11-.12/3-302.12", "viollevel": "*", "violdesc": "Food Container Labels", "violdttm": "2015-03-25T11:15:38", "violstatus": "Fail", "statusdate": null, "comments": "bar/properly label all spray bottles", "address": "101  Huntington AVE", "city": "Boston", "zip": 2199, "property_id": 340845, "latitude_Y": 42.346865, "longitude_X": -71.080632, "year": 2015 }, "geometry": { "type": "Point", "coordinates": [ -71.080632, 42.346865 ] } },
{ "type": "Feature", "properties": { "businessname": "73 Cafe", "dbaname": null, "legalowner": "  ", "namelast": "Sodexo Inc.", "namefirst": " ", "licenseno": 68356, "issdttm": "2012-02-27T10:52:04", "expdttm": "2020-12-31T23:59:00", "licstatus": "Active", "licensecat": "FS", "descript": "Eating & Drinking", "result": "HE_Fail", "resultdttm": "2018-05-01T10:52:25", "violation": "15-4-202.16", "viollevel": "*", "violdesc": "Non-Food Contact Surfaces", "violdttm": "2018-05-01T10:52:25", "violstatus": "Fail", "statusdate": null, "comments": "Materials stored at front counter have no protection from the hand wash sink on the counter. Provide splash gaurds on both sides of the hand sink.", "address": "73   Tremont ST", "city": "Boston", "zip": 2108, "property_id": 322378, "latitude_Y": 42.35788, "longitude_X": -71.06082, "year": 2018 }, "geometry": { "type": "Point", "coordinates": [ -71.06082, 42.35788 ] } },
{ "type": "Feature", "properties": { "businessname": "75 CHESTNUT", "dbaname": null, "legalowner": "MORRIS H BARRY", "namelast": "THOMAS A. KERSHAW PRES.", "namefirst": " ", "licenseno": 20638, "issdttm": "2012-01-24T12:54:03", "expdttm": "2020-12-31T23:59:00", "licstatus": "Active", "licensecat": "FS", "descript": "Eating & Drinking", "result": "HE_Fail", "resultdttm": "2016-05-05T09:07:05", "violation": "15-4-202.16", "viollevel": "*", "violdesc": "Non-Food Contact Surfaces", "violdttm": "2016-05-05T09:07:05", "violstatus": "Fail", "statusdate": null, "comments": "Rust on exterior of grease trap", "address": "75   Chestnut ST", "city": "Boston", "zip": 2108, "property_id": 31472, "latitude_Y": 42.356898, "longitude_X": -71.070971, "year": 2016 }, "geometry": { "type": "Point", "coordinates": [ -71.070971, 42.356898 ] } },
{ "type": "Feature", "properties": { "businessname": "89 Broad Street/Fin Point", "dbaname": null, "legalowner": "W-BOSTON LLC", "namelast": "MNM Restaurant Group LLC", "namefirst": "Mark Grzelak", "licenseno": 200737, "issdttm": "2016-08-17T08:52:55", "expdttm": "2020-12-31T23:59:00", "licstatus": "Active", "licensecat": "FS", "descript": "Eating & Drinking", "result": "HE_Fail", "resultdttm": "2016-08-04T11:46:03", "violation": "03-3-501.16", "viollevel": "***", "violdesc": "Hot Holding", "violdttm": "2016-08-04T11:46:03", "violstatus": "Fail", "statusdate": null, "comments": "Cooked rice and beans inside of the upright heating unit at 119F. Discontinue and ensure all potenitally hazardous foods are being maintained at 140F and above.", "address": "89   Broad ST", "city": "Boston", "zip": 2110, "property_id": 20586, "latitude_Y": 42.35744, "longitude_X": -71.05316, "year": 2016 }, "geometry": { "type": "Point", "coordinates": [ -71.05316, 42.35744 ] } },
{ "type": "Feature", "properties": { "businessname": "A Goodmart", "dbaname": null, "legalowner": "LADIES GARM WRKRS CENTER INC", "namelast": "Zhu' Food Trading Inc.", "namefirst": "Att: Accounts Payable", "licenseno": 384003, "issdttm": "2019-03-11T14:56:10", "expdttm": "2020-12-31T23:59:00", "licstatus": "Active", "licensecat": "RF", "descript": "Retail Food", "result": "HE_Fail", "resultdttm": "2019-11-27T11:42:21", "violation": "590.003/3-602.11-PF", "viollevel": "**", "violdesc": "Food Labels (Pf)", "violdttm": "2019-11-27T11:42:21", "violstatus": "Pass", "statusdate": "2019-11-29T08:05:14", "comments": "Products on customer shelving without labels and ingredients  supply for all", "address": "27   Harrison AVE", "city": "Boston", "zip": 2111, "property_id": 69823, "latitude_Y": 42.351798, "longitude_X": -71.061443, "year": 2019 }, "geometry": { "type": "Point", "coordinates": [ -71.061443, 42.351798 ] } },
{ "type": "Feature", "properties": { "businessname": "Abby Lane", "dbaname": null, "legalowner": "PAULO DOMINIC", "namelast": "253 Tremont St. L L C", "namefirst": " ", "licenseno": 79241, "issdttm": "2012-11-19T08:27:18", "expdttm": "2020-12-31T23:59:00", "licstatus": "Active", "licensecat": "FS", "descript": "Eating & Drinking", "result": "HE_Fail", "resultdttm": "2015-05-06T14:13:52", "violation": "23-4-602.13", "viollevel": "*", "violdesc": "Non-Food Contact Surfaces Clean", "violdttm": "2015-05-06T14:13:52", "violstatus": "Fail", "statusdate": null, "comments": "Vent cover missing from ice machine.Repair 2nd vent cover soiled with heavy dust.Maintain clean", "address": "253   Tremont ST", "city": "Boston", "zip": 2116, "property_id": 137467, "latitude_Y": 42.35044, "longitude_X": -71.06535, "year": 2015 }, "geometry": { "type": "Point", "coordinates": [ -71.06535, 42.35044 ] } },
{ "type": "Feature", "properties": { "businessname": "ABE & LOUIE'S", "dbaname": null, "legalowner": "BOYLSTON AND GLOUCESTER LLC", "namelast": "BBRG TR LLC", "namefirst": "C/O LICENSING SOLUTIONS", "licenseno": 75242, "issdttm": "2012-01-10T13:05:36", "expdttm": "2020-12-31T23:59:00", "licstatus": "Active", "licensecat": "FS", "descript": "Eating & Drinking", "result": "HE_Fail", "resultdttm": "2015-05-05T12:22:59", "violation": "02-3-602.11-.12/3-302.12", "viollevel": "*", "violdesc": "Food Container Labels", "violdttm": "2015-05-05T12:22:59", "violstatus": "Fail", "statusdate": null, "comments": "Bulk food bins in the prep area not labeled. Label properly.", "address": "793   Boylston ST", "city": "Boston", "zip": 2116, "property_id": 18399, "latitude_Y": 42.34924, "longitude_X": -71.0816, "year": 2015 }, "geometry": { "type": "Point", "coordinates": [ -71.0816, 42.34924 ] } },
{ "type": "Feature", "properties": { "businessname": "Accents", "dbaname": null, "legalowner": null, "namelast": "Food Pantry LTD", "namefirst": "Attn: Accounts Payable", "licenseno": 125111, "issdttm": "2013-12-27T13:36:27", "expdttm": "2020-12-31T23:59:00", "licstatus": "Active", "licensecat": "RF", "descript": "Retail Food", "result": "HE_Fail", "resultdttm": "2019-06-20T12:06:38", "violation": "590.002/2-501.11-PF", "viollevel": "**", "violdesc": "Clean-up of Vomiting and Diarrheal Events (Pf)", "violdttm": "2019-06-20T12:06:38", "violstatus": "Fail", "statusdate": null, "comments": "provide vomit and diarrhea kit and  written procedure", "address": "10   Huntington AVE", "city": "Boston", "zip": 2116, "property_id": 76236, "latitude_Y": 42.348545, "longitude_X": -71.077314, "year": 2019 }, "geometry": { "type": "Point", "coordinates": [ -71.077314, 42.348545 ] } },
{ "type": "Feature", "properties": { "businessname": "ADAMS CONVENIENCE STORE", "dbaname": null, "legalowner": "  ", "namelast": "Elseidy", "namefirst": "Ahmad", "licenseno": 139414, "issdttm": "2015-01-21T11:54:02", "expdttm": "2020-12-31T23:59:00", "licstatus": "Active", "licensecat": "RF", "descript": "Retail Food", "result": "HE_Fail", "resultdttm": "2018-05-01T10:56:48", "violation": "20-4-703.11", "viollevel": "***", "violdesc": "Food Contact Surfaces Clean", "violdttm": "2018-05-01T10:56:48", "violstatus": "Fail", "statusdate": null, "comments": "They have coffee service but there is no three compartment sink available to wash  rinse  and sanitize coffee pots.  Provide a way to clean and sanitize equipment and discontinue coffee service until it is provided.", "address": "114   Blackstone ST", "city": "Boston", "zip": 2109, "property_id": 162104, "latitude_Y": 42.361782, "longitude_X": -71.056763, "year": 2018 }, "geometry": { "type": "Point", "coordinates": [ -71.056763, 42.361782 ] } },
{ "type": "Feature", "properties": { "businessname": "AFC Sushi @ Walgreens No. 15390", "dbaname": null, "legalowner": "  ", "namelast": "Advanced Fresh Concepts Franchise Corp.", "namefirst": " ", "licenseno": 90461, "issdttm": "2013-05-02T09:05:55", "expdttm": "2020-12-31T23:59:00", "licstatus": "Active", "licensecat": "FT", "descript": "Eating & Drinking w/ Take Out", "result": "HE_Fail", "resultdttm": "2015-07-28T11:24:41", "violation": "20-4-703.11", "viollevel": "***", "violdesc": "Food Contact Surfaces Clean", "violdttm": "2015-07-28T11:24:41", "violstatus": "Fail", "statusdate": null, "comments": "Single bay sink being used for cleaning food grade containers  / Discontinue and properly wash rinse and sanitize in the 3 bay sink provided in the back room or use the high temp dish machine", "address": "10   School ST", "city": "Boston", "zip": 2108, "property_id": 169533, "latitude_Y": 42.357327, "longitude_X": -71.058968, "year": 2015 }, "geometry": { "type": "Point", "coordinates": [ -71.058968, 42.357327 ] } },
{ "type": "Feature", "properties": { "businessname": "AFC SUSHI @SIMMONS COLLEGE", "dbaname": null, "legalowner": "SIMMONS COLLEGE", "namelast": "Advanced Fresh Concepts Franchise Corp.", "namefirst": " ", "licenseno": 73444, "issdttm": "2012-02-22T15:22:59", "expdttm": "2020-12-31T23:59:00", "licstatus": "Active", "licensecat": "FS", "descript": "Eating & Drinking", "result": "HE_Fail", "resultdttm": "2016-11-03T14:25:06", "violation": "M-8-103.12", "viollevel": "***", "violdesc": "Conformance w/ Approved Procedures", "violdttm": "2016-11-03T14:25:06", "violstatus": "Fail", "statusdate": null, "comments": "The lab test for this location expired in August.  Provide a current lab test.", "address": "300   Fenway  ", "city": "Boston", "zip": 2115, "property_id": 57444, "latitude_Y": 42.33931, "longitude_X": -71.09996, "year": 2016 }, "geometry": { "type": "Point", "coordinates": [ -71.09996, 42.33931 ] } },
{ "type": "Feature", "properties": { "businessname": "AL CAPONE", "dbaname": null, "legalowner": "EIGHTY MONT SUMMER LLC", "namelast": "ROSE CAPONE PRES.", "namefirst": " ", "licenseno": 22813, "issdttm": "2012-02-22T10:44:41", "expdttm": "2020-12-31T23:59:00", "licstatus": "Inactive", "licensecat": "FT", "descript": "Eating & Drinking w/ Take Out", "result": "HE_Fail", "resultdttm": "2015-03-27T13:57:52", "violation": "03-3-501.16(A)", "viollevel": "***", "violdesc": "Cold Holding", "violdttm": "2015-03-27T13:57:52", "violstatus": "Fail", "statusdate": null, "comments": "Steak trimmings used for ground hamburger 48F / Provide proper cold holding temperatures.", "address": "80   Summer ST", "city": "Boston", "zip": 2110, "property_id": 132052, "latitude_Y": 42.35402, "longitude_X": -71.05813, "year": 2015 }, "geometry": { "type": "Point", "coordinates": [ -71.05813, 42.35402 ] } },
{ "type": "Feature", "properties": { "businessname": "AL DENTE RISTORANTE", "dbaname": null, "legalowner": "KEHAYIAS CHERYL TS", "namelast": "JOSEPH BONO", "namefirst": " ", "licenseno": 19660, "issdttm": "2012-02-15T13:15:18", "expdttm": "2020-12-31T23:59:00", "licstatus": "Active", "licensecat": "FS", "descript": "Eating & Drinking", "result": "HE_Fail", "resultdttm": "2015-03-18T12:37:38", "violation": "02-3-602.11-.12/3-302.12", "viollevel": "*", "violdesc": "Food Container Labels", "violdttm": "2015-03-18T12:37:38", "violstatus": "Fail", "statusdate": null, "comments": "Label all bulk food containers where needed", "address": "109   Salem ST", "city": "Boston", "zip": 2113, "property_id": 121695, "latitude_Y": 42.36421, "longitude_X": -71.05536, "year": 2015 }, "geometry": { "type": "Point", "coordinates": [ -71.05536, 42.36421 ] } },
{ "type": "Feature", "properties": { "businessname": "ALBA PRODUCE", "dbaname": null, "legalowner": "MOGAVERA ROSARIO", "namelast": "BRUCE ALBA", "namefirst": " ", "licenseno": 21026, "issdttm": "2012-02-29T12:07:33", "expdttm": "2020-12-31T23:59:00", "licstatus": "Active", "licensecat": "RF", "descript": "Retail Food", "result": "HE_Filed", "resultdttm": "2017-05-18T13:40:49", "violation": "08-3-305-307.11", "viollevel": "*", "violdesc": "Food Protection", "violdttm": "2017-05-18T13:40:49", "violstatus": "Fail", "statusdate": null, "comments": "Bags of carrots stored on floor/Elevate at least 6\" off of floor", "address": "18   Parmenter ST", "city": "Boston", "zip": 2113, "property_id": 108268, "latitude_Y": 42.36382, "longitude_X": -71.05508, "year": 2017 }, "geometry": { "type": "Point", "coordinates": [ -71.05508, 42.36382 ] } },
{ "type": "Feature", "properties": { "businessname": "Alcove", "dbaname": null, "legalowner": "  ", "namelast": "Guidelli", "namefirst": "Thomas S.", "licenseno": 346419, "issdttm": "2018-10-09T09:32:32", "expdttm": "2020-12-31T23:59:00", "licstatus": "Active", "licensecat": "FS", "descript": "Eating & Drinking", "result": "HE_Fail", "resultdttm": "2019-02-19T11:56:41", "violation": "08-3-302.11/3-304.11", "viollevel": "***", "violdesc": "Separation  Segregation Cross Contamination", "violdttm": "2019-02-19T11:56:41", "violstatus": "Fail", "statusdate": null, "comments": "Different species of shell fish stacked on top of each other. Separate No commingling of shellfish  clams. oysters.", "address": "131  Beverly ST", "city": "Boston", "zip": 2114, "property_id": 172189, "latitude_Y": 42.36703, "longitude_X": -71.060086, "year": 2019 }, "geometry": { "type": "Point", "coordinates": [ -71.060086, 42.36703 ] } },
{ "type": "Feature", "properties": { "businessname": "Alibi", "dbaname": null, "legalowner": null, "namelast": "Big House Fine Dining L L C", "namefirst": "c/o Lyons Group", "licenseno": 77887, "issdttm": "2012-12-18T13:03:24", "expdttm": "2020-12-31T23:59:00", "licstatus": "Active", "licensecat": "FS", "descript": "Eating & Drinking", "result": "HE_Fail", "resultdttm": "2016-11-17T13:57:59", "violation": "35-6-501.111/.115", "viollevel": "**", "violdesc": "Insects  Rodents  Animals", "violdttm": "2016-11-17T13:57:59", "violstatus": "Fail", "statusdate": null, "comments": "Presence of fruit flies in back area. Provide updated pest control report.", "address": "215   Charles ST", "city": "Boston", "zip": 2114, "property_id": 160740, "latitude_Y": 42.36203, "longitude_X": -71.070362, "year": 2016 }, "geometry": { "type": "Point", "coordinates": [ -71.070362, 42.36203 ] } },
{ "type": "Feature", "properties": { "businessname": "All Star Pizza Bar", "dbaname": null, "legalowner": "RAMIN DOORANDISH  PRESIDE NT", "namelast": "Diamantopoulos", "namefirst": "Kosta", "licenseno": 308806, "issdttm": "2016-11-22T14:22:03", "expdttm": "2020-12-31T23:59:00", "licstatus": "Inactive", "licensecat": "FS", "descript": "Eating & Drinking", "result": "HE_Fail", "resultdttm": "2017-04-10T11:32:16", "violation": "03-3-501.16", "viollevel": "***", "violdesc": "Hot Holding", "violdttm": "2017-04-10T11:32:16", "violstatus": "Fail", "statusdate": null, "comments": "Multiple pizzas held at room tempertature lacking proper hot holding equipment. Sausage and pepper pizza 55F  spinach and feta pizza 57F. Maintain hot holding for pizza at 140F or above.", "address": "204   Cambridge ST", "city": "Boston", "zip": 2114, "property_id": 157408, "latitude_Y": 42.360955, "longitude_X": -71.065859, "year": 2017 }, "geometry": { "type": "Point", "coordinates": [ -71.065859, 42.360955 ] } },
{ "type": "Feature", "properties": { "businessname": "Al's South St. Express", "dbaname": null, "legalowner": null, "namelast": "Cucinotta", "namefirst": "A.J.", "licenseno": 28744, "issdttm": "2011-12-19T10:49:52", "expdttm": "2020-12-31T23:59:00", "licstatus": "Active", "licensecat": "FT", "descript": "Eating & Drinking w/ Take Out", "result": "HE_Fail", "resultdttm": "2015-05-29T12:09:00", "violation": "03-3-501.16", "viollevel": "***", "violdesc": "Hot Holding", "violdttm": "2015-05-29T12:09:00", "violstatus": "Fail", "statusdate": null, "comments": "egg plant sitting on top of hot hold unit @ 110f . ensure proper hot hold of 140f or above", "address": "179   Essex ST", "city": "Boston", "zip": 2111, "property_id": 54296, "latitude_Y": 42.352051, "longitude_X": -71.057585, "year": 2015 }, "geometry": { "type": "Point", "coordinates": [ -71.057585, 42.352051 ] } },
{ "type": "Feature", "properties": { "businessname": "Alta Strada Pizza Pronto", "dbaname": null, "legalowner": null, "namelast": "SRG Time Out LLC", "namefirst": "Att: Amanda McLauglin", "licenseno": 391968, "issdttm": "2019-06-21T09:02:40", "expdttm": "2019-12-31T23:59:00", "licstatus": "Active", "licensecat": "FT", "descript": "Eating & Drinking w/ Take Out", "result": "HE_Filed", "resultdttm": "2019-08-16T12:17:35", "violation": "590.004/4-601.11-C", "viollevel": "*", "violdesc": "(B) and (C) Equipment  Food-Contact Surfaces  Nonfood-Contact Surfaces  and Utensils (C)", "violdttm": "2019-08-16T12:17:35", "violstatus": "Fail", "statusdate": null, "comments": "Pizza peeler stored against the wall. Store properly on a clean/sanitized surface.", "address": "201   Brookline AVE", "city": "Boston", "zip": 2215, "property_id": 340960, "latitude_Y": 42.344649, "longitude_X": -71.102201, "year": 2019 }, "geometry": { "type": "Point", "coordinates": [ -71.102201, 42.344649 ] } },
{ "type": "Feature", "properties": { "businessname": "Amateras", "dbaname": null, "legalowner": null, "namelast": "Watanabe", "namefirst": "Koichi  Pres.", "licenseno": 140294, "issdttm": "2017-07-10T12:03:18", "expdttm": "2020-12-31T23:59:00", "licstatus": "Active", "licensecat": "FS", "descript": "Eating & Drinking", "result": "HE_Fail", "resultdttm": "2017-06-22T08:47:52", "violation": "01-3-602.11 B2", "viollevel": "***", "violdesc": "Labeling of Ingredients", "violdttm": "2017-06-22T08:47:52", "violstatus": "Fail", "statusdate": null, "comments": "Provide proper Allergen verbage on menu.", "address": "112  South ST", "city": "Boston", "zip": 2111, "property_id": 160792, "latitude_Y": 42.350987, "longitude_X": -71.057143, "year": 2017 }, "geometry": { "type": "Point", "coordinates": [ -71.057143, 42.350987 ] } },
{ "type": "Feature", "properties": { "businessname": "AMC Theatres Boston Common 19", "dbaname": null, "legalowner": "NEW COMMONWEALTH COMMERCIAL", "namelast": "Amer. Multi-Cinema Inc.Lic.Div.", "namefirst": "Att: Accounts Payable", "licenseno": 21804, "issdttm": "2011-12-22T12:20:29", "expdttm": "2020-12-31T23:59:00", "licstatus": "Active", "licensecat": "FT", "descript": "Eating & Drinking w/ Take Out", "result": "HE_Fail", "resultdttm": "2016-04-20T12:25:57", "violation": "09-3-301.11(C)", "viollevel": "*", "violdesc": "Handling of Food & Ice", "violdttm": "2016-04-20T12:25:57", "violstatus": "Fail", "statusdate": null, "comments": "no scoop for use at popcorn bins  supply handled scoop", "address": "175   Tremont ST", "city": "Boston", "zip": 2111, "property_id": 137447, "latitude_Y": 42.35315, "longitude_X": -71.06403, "year": 2016 }, "geometry": { "type": "Point", "coordinates": [ -71.06403, 42.35315 ] } },
{ "type": "Feature", "properties": { "businessname": "Amelia's Taqueria", "dbaname": null, "legalowner": "GETTLEMAN DAVID", "namelast": "Shiranian", "namefirst": "Amir", "licenseno": 371928, "issdttm": "2019-05-28T12:08:33", "expdttm": "2020-12-31T23:59:00", "licstatus": "Active", "licensecat": "FS", "descript": "Eating & Drinking", "result": "HE_Fail", "resultdttm": "2019-10-18T12:27:36", "violation": "590.002/2-301.14-P", "viollevel": "***", "violdesc": "When to Wash (P)", "violdttm": "2019-10-18T12:27:36", "violstatus": "Fail", "statusdate": null, "comments": "Employees unable to wash hands at blocked handsinks", "address": "1076  Boylston St", "city": "Boston", "zip": 2215, "property_id": 158326, "latitude_Y": 42.346932, "longitude_X": -71.08797, "year": 2019 }, "geometry": { "type": "Point", "coordinates": [ -71.08797, 42.346932 ] } },
{ "type": "Feature", "properties": { "businessname": "Amelia's Taqueria", "dbaname": null, "legalowner": "LAMBRIANIDIS SOPHIA", "namelast": "Shiranian", "namefirst": "Amir H.", "licenseno": 137353, "issdttm": "2014-11-21T15:05:19", "expdttm": "2020-12-31T23:59:00", "licstatus": "Active", "licensecat": "FT", "descript": "Eating & Drinking w/ Take Out", "result": "HE_Fail", "resultdttm": "2015-03-25T15:38:31", "violation": "03-3-501.16", "viollevel": "***", "violdesc": "Hot Holding", "violdttm": "2015-03-25T15:38:31", "violstatus": "Fail", "statusdate": null, "comments": "Cooked chicken on counter at 87F for less than 2 hours. Ensur foods are hot held at 140F or above. Removed by PIC and reheated to 178F", "address": "309   Huntington AVE", "city": "Boston", "zip": 2115, "property_id": 155730, "latitude_Y": 42.341196, "longitude_X": -71.087659, "year": 2015 }, "geometry": { "type": "Point", "coordinates": [ -71.087659, 42.341196 ] } },
{ "type": "Feature", "properties": { "businessname": "Amici", "dbaname": null, "legalowner": "  ", "namelast": "Amici Inc.", "namefirst": " ", "licenseno": 83699, "issdttm": "2012-11-06T09:00:43", "expdttm": "2018-12-31T23:59:00", "licstatus": "Inactive", "licensecat": "FS", "descript": "Eating & Drinking", "result": "HE_Fail", "resultdttm": "2015-10-08T08:31:07", "violation": "02-3-602.11-.12/3-302.12", "viollevel": "*", "violdesc": "Food Container Labels", "violdttm": "2015-10-08T08:31:07", "violstatus": "Fail", "statusdate": null, "comments": "Label all bulk food containers as discussed", "address": "111 N Washington ST", "city": "Boston", "zip": 2113, "property_id": 340052, "latitude_Y": 42.365582, "longitude_X": -71.058131, "year": 2015 }, "geometry": { "type": "Point", "coordinates": [ -71.058131, 42.365582 ] } },
{ "type": "Feature", "properties": { "businessname": "Amorino", "dbaname": null, "legalowner": "TWO-49 NEWBURY STREET LLC", "namelast": "Nimba L L C", "namefirst": " ", "licenseno": 129539, "issdttm": "2015-03-27T07:57:44", "expdttm": "2020-12-31T23:59:00", "licstatus": "Active", "licensecat": "FT", "descript": "Eating & Drinking w/ Take Out", "result": "HE_Fail", "resultdttm": "2015-03-25T15:49:04", "violation": "17-4-302.14", "viollevel": "*", "violdesc": "Test Kit Provided", "violdttm": "2015-03-25T15:49:04", "violstatus": "Fail", "statusdate": null, "comments": "No Test Kit (QUATs) to measure sanitizer in wiping cloths containers. Provide.", "address": "249   Newbury ST", "city": "Boston", "zip": 2116, "property_id": 101461, "latitude_Y": 42.349755, "longitude_X": -71.082793, "year": 2015 }, "geometry": { "type": "Point", "coordinates": [ -71.082793, 42.349755 ] } },
{ "type": "Feature", "properties": { "businessname": "AN TAIN", "dbaname": null, "legalowner": "THIRTY-5 INDIA STREET LLC", "namelast": "AILBE GLYNN", "namefirst": " ", "licenseno": 21024, "issdttm": "2011-12-08T10:45:48", "expdttm": "2019-12-31T23:59:00", "licstatus": "Inactive", "licensecat": "FS", "descript": "Eating & Drinking", "result": "HE_Fail", "resultdttm": "2016-09-20T10:59:27", "violation": "05-4-302.12", "viollevel": "*", "violdesc": "Food Thermometers Provided", "violdttm": "2016-09-20T10:59:27", "violstatus": "Fail", "statusdate": null, "comments": "No food thermometers available at the time of the inspection. Provide.", "address": "31   India ST", "city": "Boston", "zip": 2110, "property_id": 78051, "latitude_Y": 42.35823, "longitude_X": -71.05315, "year": 2016 }, "geometry": { "type": "Point", "coordinates": [ -71.05315, 42.35823 ] } },
{ "type": "Feature", "properties": { "businessname": "Anna's Taqueria", "dbaname": null, "legalowner": "GILLETTE CAFETERIA EDWARD C. COLEMAN", "namelast": "Kamio Pres.", "namefirst": "Michael", "licenseno": 338302, "issdttm": "2018-01-31T09:35:20", "expdttm": "2020-12-31T23:59:00", "licstatus": "Active", "licensecat": "FT", "descript": "Eating & Drinking w/ Take Out", "result": "HE_Fail", "resultdttm": "2018-09-04T10:21:47", "violation": "08-3-305-307.11", "viollevel": "*", "violdesc": "Food Protection", "violdttm": "2018-09-04T10:21:47", "violstatus": "Fail", "statusdate": null, "comments": "provide standard operating procedures for hot holding of pork in reusable sauce/rice/left at room temperature for minimum 2 hours provide S.O.P for el pastor on vertical broiler-cooking temperatures at all stages before service", "address": "800   Boylston ST", "city": "Boston", "zip": 2199, "property_id": 157244, "latitude_Y": 42.347296, "longitude_X": -71.081457, "year": 2018 }, "geometry": { "type": "Point", "coordinates": [ -71.081457, 42.347296 ] } },
{ "type": "Feature", "properties": { "businessname": "Anna's Taqueria", "dbaname": null, "legalowner": "ONE GARDEN STREET CONDO TR", "namelast": "Kaizen Corp. VI", "namefirst": "Michael Kamio  Pres.", "licenseno": 30122, "issdttm": "2012-02-22T10:59:12", "expdttm": "2020-12-31T23:59:00", "licstatus": "Active", "licensecat": "FS", "descript": "Eating & Drinking", "result": "HE_Fail", "resultdttm": "2015-05-21T11:44:56", "violation": "08-3-305-307.11", "viollevel": "*", "violdesc": "Food Protection", "violdttm": "2015-05-21T11:44:56", "violstatus": "Fail", "statusdate": null, "comments": "Tomato being washed at the Sanitizing Bay at the three bay sink. Wash properly at the prep sink.", "address": "242   Cambridge ST", "city": "Boston", "zip": 2114, "property_id": 25260, "latitude_Y": 42.36093, "longitude_X": -71.0671, "year": 2015 }, "geometry": { "type": "Point", "coordinates": [ -71.0671, 42.36093 ] } },
{ "type": "Feature", "properties": { "businessname": "Another Cup? Coffee House", "dbaname": null, "legalowner": "METROPOLITAN PRIMARY CONDO", "namelast": "Paul Eng", "namefirst": " ", "licenseno": 78515, "issdttm": "2013-09-30T08:43:29", "expdttm": "2016-12-31T23:59:00", "licstatus": "Inactive", "licensecat": "FS", "descript": "Eating & Drinking", "result": "HE_Fail", "resultdttm": "2015-12-29T09:05:53", "violation": "02-3-602.11-.12/3-302.12", "viollevel": "*", "violdesc": "Food Container Labels", "violdttm": "2015-12-29T09:05:53", "violstatus": "Fail", "statusdate": null, "comments": "Bulk food containers with no labels- Provide", "address": "1   Nassau ST", "city": "Boston", "zip": 2111, "property_id": 100246, "latitude_Y": 42.348583, "longitude_X": -71.062975, "year": 2015 }, "geometry": { "type": "Point", "coordinates": [ -71.062975, 42.348583 ] } },
{ "type": "Feature", "properties": { "businessname": "ANTHONY'S CAFE", "dbaname": null, "legalowner": "CARDONE SALVATORE", "namelast": "ANTHONY GAITA", "namefirst": " ", "licenseno": 19977, "issdttm": "2011-12-15T14:05:37", "expdttm": "2020-12-31T23:59:00", "licstatus": "Active", "licensecat": "FT", "descript": "Eating & Drinking w/ Take Out", "result": "HE_Fail", "resultdttm": "2015-05-22T11:37:35", "violation": "03-3-501.16", "viollevel": "***", "violdesc": "Hot Holding", "violdttm": "2015-05-22T11:37:35", "violstatus": "Fail", "statusdate": null, "comments": "Hash browns on the flat grille  120F maintain at 140F or above", "address": "252   Commercial ST", "city": "Boston", "zip": 2109, "property_id": 36256, "latitude_Y": 42.36399, "longitude_X": -71.05137, "year": 2015 }, "geometry": { "type": "Point", "coordinates": [ -71.05137, 42.36399 ] } },
{ "type": "Feature", "properties": { "businessname": "ANTICO FORNO", "dbaname": null, "legalowner": null, "namelast": "CARLA COMES", "namefirst": " ", "licenseno": 20296, "issdttm": "2011-12-13T11:49:48", "expdttm": "2020-12-31T23:59:00", "licstatus": "Active", "licensecat": "FS", "descript": "Eating & Drinking", "result": "HE_Fail", "resultdttm": "2015-04-01T12:14:26", "violation": "01-3-203.12", "viollevel": "**", "violdesc": "Tags & Records", "violdttm": "2015-04-01T12:14:26", "violstatus": "Fail", "statusdate": null, "comments": "Maintain organized and in concession as discussed during inspection", "address": "93   Salem ST", "city": "Boston", "zip": 2113, "property_id": 157423, "latitude_Y": 42.363742, "longitude_X": -71.055591, "year": 2015 }, "geometry": { "type": "Point", "coordinates": [ -71.055591, 42.363742 ] } },
{ "type": "Feature", "properties": { "businessname": "ANTONIO'S ITALIANO CUCINA", "dbaname": null, "legalowner": "BINA BABAK TS", "namelast": "DOMENIC DI CENSO", "namefirst": " ", "licenseno": 19837, "issdttm": "2011-12-07T13:07:47", "expdttm": "2020-12-31T23:59:00", "licstatus": "Active", "licensecat": "FS", "descript": "Eating & Drinking", "result": "HE_Fail", "resultdttm": "2015-05-28T13:47:15", "violation": "03-3-501.16(A)", "viollevel": "***", "violdesc": "Cold Holding", "violdttm": "2015-05-28T13:47:15", "violstatus": "Fail", "statusdate": null, "comments": "Cooking Line Pasta 46  Raw Sausage 50F  Raw Pork Chops 51F. Refrigerator Unit overfilled with food. PIC removed some of the food and lowered the unit temperature.", "address": "286   Cambridge ST", "city": "Boston", "zip": 2114, "property_id": 25272, "latitude_Y": 42.360951, "longitude_X": -71.06816, "year": 2015 }, "geometry": { "type": "Point", "coordinates": [ -71.06816, 42.360951 ] } },
{ "type": "Feature", "properties": { "businessname": "Appleton Bakery & Cafe", "dbaname": null, "legalowner": "  ", "namelast": "Croissantgirl Inc.", "namefirst": " ", "licenseno": 86765, "issdttm": "2013-02-20T08:39:06", "expdttm": "2017-12-31T23:59:00", "licstatus": "Inactive", "licensecat": "FT", "descript": "Eating & Drinking w/ Take Out", "result": "HE_Fail", "resultdttm": "2015-01-07T10:57:36", "violation": "08-3-305-307.11", "viollevel": "*", "violdesc": "Food Protection", "violdttm": "2015-01-07T10:57:36", "violstatus": "Fail", "statusdate": null, "comments": "remove all milk crates for food storage", "address": "75   Dartmouth ST", "city": "Boston", "zip": 2116, "property_id": 222473, "latitude_Y": 42.345259, "longitude_X": -71.074714, "year": 2015 }, "geometry": { "type": "Point", "coordinates": [ -71.074714, 42.345259 ] } },
{ "type": "Feature", "properties": { "businessname": "Appleton Cafe", "dbaname": null, "legalowner": null, "namelast": "Le Premier LLC", "namefirst": "Maya Hachem  Sole Manager", "licenseno": 341093, "issdttm": "2018-06-29T08:18:12", "expdttm": "2019-12-31T23:59:00", "licstatus": "Inactive", "licensecat": "FS", "descript": "Eating & Drinking", "result": "HE_Fail", "resultdttm": "2017-07-31T09:21:35", "violation": "08-3-305-307.11", "viollevel": "*", "violdesc": "Food Protection", "violdttm": "2017-07-31T09:21:35", "violstatus": "Fail", "statusdate": null, "comments": "Provide domed  lids on retail bakery counter products.", "address": "123   Appleton ST", "city": "Boston", "zip": 2116, "property_id": 155986, "latitude_Y": 42.345292, "longitude_X": -71.07463, "year": 2017 }, "geometry": { "type": "Point", "coordinates": [ -71.07463, 42.345292 ] } },
{ "type": "Feature", "properties": { "businessname": "April 23", "dbaname": null, "legalowner": "  ", "namelast": "April 23 Florist LLC", "namefirst": "Att: Accounts Payable", "licenseno": 401970, "issdttm": "2020-11-10T11:46:33", "expdttm": "2021-12-31T23:59:00", "licstatus": "Active", "licensecat": "FT", "descript": "Eating & Drinking w/ Take Out", "result": "HE_Fail", "resultdttm": "2020-11-09T10:43:49", "violation": "590.002/2-501.11-PF", "viollevel": "**", "violdesc": "Clean-up of Vomiting and Diarrheal Events (Pf)", "violdttm": "2020-11-09T10:43:49", "violstatus": "Fail", "statusdate": null, "comments": "No kit - Written procedures provided and completed by owner", "address": "222   Newbury ST", "city": "Boston", "zip": 2116, "property_id": 282093, "latitude_Y": 42.34975, "longitude_X": -71.08108, "year": 2020 }, "geometry": { "type": "Point", "coordinates": [ -71.08108, 42.34975 ] } },
{ "type": "Feature", "properties": { "businessname": "Aramark at Houghton Mifflin", "dbaname": null, "legalowner": "TWO TWENTY TWO BERKELEY", "namelast": "ARAMARK", "namefirst": "C/O JARED LESSARD", "licenseno": 24693, "issdttm": "2012-02-15T13:55:00", "expdttm": "2016-12-31T23:59:00", "licstatus": "Inactive", "licensecat": "FS", "descript": "Eating & Drinking", "result": "HE_Fail", "resultdttm": "2015-03-05T11:05:09", "violation": "03-3-501.16", "viollevel": "***", "violdesc": "Hot Holding", "violdttm": "2015-03-05T11:05:09", "violstatus": "Fail", "statusdate": null, "comments": "portuguese kale 130 degrees/provide proper temperature of 140 degrees or above", "address": "222   Berkeley ST", "city": "Boston", "zip": 2116, "property_id": 15007, "latitude_Y": 42.35084, "longitude_X": -71.07311, "year": 2015 }, "geometry": { "type": "Point", "coordinates": [ -71.07311, 42.35084 ] } },
{ "type": "Feature", "properties": { "businessname": "ARCHIE'S NEW YORK DELI", "dbaname": null, "legalowner": "  ", "namelast": "EMILIO RUGGERI", "namefirst": " ", "licenseno": 19907, "issdttm": "2012-01-06T15:19:52", "expdttm": "2020-12-31T23:59:00", "licstatus": "Active", "licensecat": "FT", "descript": "Eating & Drinking w/ Take Out", "result": "HE_Fail", "resultdttm": "2015-07-09T14:21:32", "violation": "14-4-202.11", "viollevel": "*", "violdesc": "Food Contact Surfaces Design", "violdttm": "2015-07-09T14:21:32", "violstatus": "Fail", "statusdate": null, "comments": "Cutting boards worn and heavily scored / Replace", "address": "93   Arch ST", "city": "Boston", "zip": 2110, "property_id": 161605, "latitude_Y": 42.355042, "longitude_X": -71.059128, "year": 2015 }, "geometry": { "type": "Point", "coordinates": [ -71.059128, 42.355042 ] } },
{ "type": "Feature", "properties": { "businessname": "Archie's Place", "dbaname": null, "legalowner": "  ", "namelast": "Ymerirestaurant Group L L C", "namefirst": " ", "licenseno": 87069, "issdttm": "2013-02-27T09:23:12", "expdttm": "2020-12-31T23:59:00", "licstatus": "Active", "licensecat": "FT", "descript": "Eating & Drinking w/ Take Out", "result": "HE_Fail", "resultdttm": "2015-03-04T13:25:30", "violation": "03-3-501.16", "viollevel": "***", "violdesc": "Hot Holding", "violdttm": "2015-03-04T13:25:30", "violstatus": "Fail", "statusdate": null, "comments": "Chicken in hot holding - 103F / Provide proper hot holding temperatures (140F or above)", "address": "227   Washington ST", "city": "Boston", "zip": 2108, "property_id": 171030, "latitude_Y": 42.357884, "longitude_X": -71.058215, "year": 2015 }, "geometry": { "type": "Point", "coordinates": [ -71.058215, 42.357884 ] } },
{ "type": "Feature", "properties": { "businessname": "ARTU", "dbaname": null, "legalowner": null, "namelast": "FRATTAROLI", "namefirst": "NANCY", "licenseno": 19399, "issdttm": "2011-12-16T09:58:47", "expdttm": "2020-12-31T23:59:00", "licstatus": "Active", "licensecat": "FS", "descript": "Eating & Drinking", "result": "HE_Fail", "resultdttm": "2015-04-14T14:56:50", "violation": "03-401.11-.12", "viollevel": "***", "violdesc": "Cooking Temperatures", "violdttm": "2015-04-14T14:56:50", "violstatus": "Fail", "statusdate": null, "comments": "Final cooking temperature of whole 4 pound chickens should be a minimum of 165F or higher - documented time on temperature logs read 160F - i checked the temperature during inspection and it was 155F but still had 45 minutes to cook -at 350F", "address": "6   Prince ST", "city": "Boston", "zip": 2113, "property_id": 112966, "latitude_Y": 42.36411, "longitude_X": -71.05372, "year": 2015 }, "geometry": { "type": "Point", "coordinates": [ -71.05372, 42.36411 ] } },
{ "type": "Feature", "properties": { "businessname": "ARTU", "dbaname": null, "legalowner": "RICCIO GERALD", "namelast": "NANCY FRATTAROLI", "namefirst": " ", "licenseno": 20046, "issdttm": "2011-12-16T09:57:00", "expdttm": "2020-12-31T23:59:00", "licstatus": "Inactive", "licensecat": "FS", "descript": "Eating & Drinking", "result": "HE_Fail", "resultdttm": "2015-06-19T11:00:47", "violation": "15-4-202.16", "viollevel": "*", "violdesc": "Non-Food Contact Surfaces", "violdttm": "2015-06-19T11:00:47", "violstatus": "Fail", "statusdate": null, "comments": "Refrigeration unit registering 45F(milk 46F salami45F).PIC removed to other refrigeration.Maintain all refrigeration for cold holding 41F or below", "address": "89   Charles ST", "city": "Boston", "zip": 2114, "property_id": 29200, "latitude_Y": 42.35859, "longitude_X": -71.07049, "year": 2015 }, "geometry": { "type": "Point", "coordinates": [ -71.07049, 42.35859 ] } },
{ "type": "Feature", "properties": { "businessname": "Arya Trattoria", "dbaname": null, "legalowner": "DESTEFANO ANTONIETTA TRSTS", "namelast": "Tiberi", "namefirst": "Massimo", "licenseno": 86940, "issdttm": "2013-02-25T08:23:33", "expdttm": "2020-12-31T23:59:00", "licstatus": "Active", "licensecat": "FS", "descript": "Eating & Drinking", "result": "HE_Fail", "resultdttm": "2017-05-22T13:46:05", "violation": "35-6-501.111/.115", "viollevel": "**", "violdesc": "Insects  Rodents  Animals", "violdttm": "2017-05-22T13:46:05", "violstatus": "Fail", "statusdate": null, "comments": "3 live cockroaches noted on wall over 3 bay sink / No IPM reports on site  ower reports montly exterminations / Contact pest control company and provide last 6 months of IPM reports on compliance", "address": "253   Hanover ST", "city": "Boston", "zip": 2113, "property_id": 69071, "latitude_Y": 42.363223, "longitude_X": -71.054789, "year": 2017 }, "geometry": { "type": "Point", "coordinates": [ -71.054789, 42.363223 ] } },
{ "type": "Feature", "properties": { "businessname": "Ashburton Cafe", "dbaname": null, "legalowner": "COMMONWEALTH OF MASS", "namelast": "A & R FOOD SERVICE", "namefirst": "CORP.", "licenseno": 25883, "issdttm": "2012-01-05T13:39:14", "expdttm": "2020-12-31T23:59:00", "licstatus": "Active", "licensecat": "FS", "descript": "Eating & Drinking", "result": "HE_Fail", "resultdttm": "2015-05-04T11:40:46", "violation": "37-6-501.11-.12", "viollevel": "*", "violdesc": "Improper Maintenance of Walls/Ceilings", "violdttm": "2015-05-04T11:40:46", "violstatus": "Fail", "statusdate": null, "comments": "Hood sticker expired in april  have cleaned by licensed hood cleaning company 2. service counter hood at cooking line with grease build up  clean to remove", "address": "1   Ashburton PL", "city": "Boston", "zip": 2114, "property_id": 5052, "latitude_Y": 42.359276, "longitude_X": -71.062359, "year": 2015 }, "geometry": { "type": "Point", "coordinates": [ -71.062359, 42.359276 ] } },
{ "type": "Feature", "properties": { "businessname": "ASSAGGIO RESTAURANT", "dbaname": null, "legalowner": "PEZZANO FRANK", "namelast": "FRANK PEZZANO", "namefirst": " ", "licenseno": 20360, "issdttm": "2011-12-09T11:08:29", "expdttm": "2017-12-31T23:59:00", "licstatus": "Inactive", "licensecat": "FS", "descript": "Eating & Drinking", "result": "HE_Fail", "resultdttm": "2015-09-17T12:35:29", "violation": "01-3-203.12", "viollevel": "**", "violdesc": "Tags & Records", "violdttm": "2015-09-17T12:35:29", "violstatus": "Fail", "statusdate": null, "comments": "Maintain as discussed", "address": "25   Prince ST", "city": "Boston", "zip": 2113, "property_id": 112883, "latitude_Y": 42.364563, "longitude_X": -71.05416, "year": 2015 }, "geometry": { "type": "Point", "coordinates": [ -71.05416, 42.364563 ] } },
{ "type": "Feature", "properties": { "businessname": "Assembly on 2", "dbaname": null, "legalowner": "ONE HUNDRED SUMMER STREET", "namelast": "Tavern In The Square", "namefirst": " ", "licenseno": 345414, "issdttm": "2017-11-29T08:41:58", "expdttm": "2020-12-31T23:59:00", "licstatus": "Active", "licensecat": "FS", "descript": "Eating & Drinking", "result": "HE_Fail", "resultdttm": "2018-07-27T10:43:20", "violation": "17-4-204.112/.115", "viollevel": "*", "violdesc": "Equipment Thermometers", "violdttm": "2018-07-27T10:43:20", "violstatus": "Fail", "statusdate": null, "comments": "Provide an internal thermometer for the 2 door refrigerator at the service area.", "address": "100   Summer ST", "city": "Boston", "zip": 2110, "property_id": 131978, "latitude_Y": 42.353633, "longitude_X": -71.057366, "year": 2018 }, "geometry": { "type": "Point", "coordinates": [ -71.057366, 42.353633 ] } },
{ "type": "Feature", "properties": { "businessname": "ATLANTIC FISH COMPANY", "dbaname": null, "legalowner": "BOYLSTON AND GLOUCESTER LLC", "namelast": "BBRG TR LLC", "namefirst": "C/O LICENSING SOLUTIONS", "licenseno": 75240, "issdttm": "2012-01-10T13:10:09", "expdttm": "2020-12-31T23:59:00", "licstatus": "Active", "licensecat": "FS", "descript": "Eating & Drinking", "result": "HE_Fail", "resultdttm": "2015-03-20T14:28:31", "violation": "01-3-203.12", "viollevel": "**", "violdesc": "Tags & Records", "violdttm": "2015-03-20T14:28:31", "violstatus": "Fail", "statusdate": null, "comments": "Tags for shellfish not maintaned in chronological order. Provide.", "address": "761   Boylston ST", "city": "Boston", "zip": 2116, "property_id": 18393, "latitude_Y": 42.34935, "longitude_X": -71.08121, "year": 2015 }, "geometry": { "type": "Point", "coordinates": [ -71.08121, 42.34935 ] } },
{ "type": "Feature", "properties": { "businessname": "ATRIUM CAFE/HARVARD MED.SCHOOL", "dbaname": null, "legalowner": "RESTAURANT ASSOCIATES", "namelast": "RESTAURANT ASSOCIATES", "namefirst": " ", "licenseno": 23925, "issdttm": "2012-01-09T14:35:25", "expdttm": "2020-12-31T23:59:00", "licstatus": "Active", "licensecat": "FS", "descript": "Eating & Drinking", "result": "HE_Fail", "resultdttm": "2015-11-19T11:10:36", "violation": "17-4-204.112/.115", "viollevel": "*", "violdesc": "Equipment Thermometers", "violdttm": "2015-11-19T11:10:36", "violstatus": "Fail", "statusdate": null, "comments": "No conspicuous thermometer in refrigerator at service counter- Provide", "address": "260  Longwood AVE", "city": "Boston", "zip": 2115, "property_id": 157056, "latitude_Y": 42.336981, "longitude_X": -71.10415, "year": 2015 }, "geometry": { "type": "Point", "coordinates": [ -71.10415, 42.336981 ] } },
{ "type": "Feature", "properties": { "businessname": "Au Bon Pain", "dbaname": null, "legalowner": "AU BON PAIN CO  INC. #508 (LAURA)", "namelast": "AU BON PAIN CO INC. #508", "namefirst": "(LAURA)", "licenseno": 18540, "issdttm": "2011-12-28T10:59:26", "expdttm": "2020-12-31T23:59:00", "licstatus": "Active", "licensecat": "FT", "descript": "Eating & Drinking w/ Take Out", "result": "HE_Fail", "resultdttm": "2015-04-30T13:01:04", "violation": "06-3-501.13", "viollevel": "*", "violdesc": "PHF's Properly Thawed", "violdttm": "2015-04-30T13:01:04", "violstatus": "Fail", "statusdate": null, "comments": "Packaged steak thawing at 3 bay in bucket with no cold water running- Properly thaw PHFs", "address": "75  Francis St", "city": "Boston", "zip": 2115, "property_id": 158148, "latitude_Y": 42.336106, "longitude_X": -71.10748, "year": 2015 }, "geometry": { "type": "Point", "coordinates": [ -71.10748, 42.336106 ] } },
{ "type": "Feature", "properties": { "businessname": "Au Bon Pain", "dbaname": null, "legalowner": "AU BON PAIN CO.  INC. (#117)", "namelast": "AU BON PAIN CO. INC.", "namefirst": "(#117)", "licenseno": 19794, "issdttm": "2011-12-28T09:51:29", "expdttm": "2020-12-31T23:59:00", "licstatus": "Active", "licensecat": "FT", "descript": "Eating & Drinking w/ Take Out", "result": "HE_Fail", "resultdttm": "2016-10-31T12:10:58", "violation": "37-6-501.11-.12", "viollevel": "*", "violdesc": "Improper Maintenance of Walls/Ceilings", "violdttm": "2016-10-31T12:10:58", "violstatus": "Fail", "statusdate": null, "comments": "Hood and Ventilation Tag with a past expiration date and not properly tagged. Address and provide an up to date tags for the re-inspection.", "address": "53   State ST", "city": "Boston", "zip": 2109, "property_id": 157026, "latitude_Y": 42.35875, "longitude_X": -71.056199, "year": 2016 }, "geometry": { "type": "Point", "coordinates": [ -71.056199, 42.35875 ] } },
{ "type": "Feature", "properties": { "businessname": "Au Bon Pain", "dbaname": null, "legalowner": "CHILDRENS HOSPITAL MED CTR", "namelast": "AU BON PAIN CO. INC.", "namefirst": "(LAURA)", "licenseno": 126271, "issdttm": "2014-05-06T12:13:53", "expdttm": "2020-12-31T23:59:00", "licstatus": "Active", "licensecat": "FT", "descript": "Eating & Drinking w/ Take Out", "result": "HE_Fail", "resultdttm": "2017-05-30T12:25:04", "violation": "37-6-501.11-.12", "viollevel": "*", "violdesc": "Improper Maintenance of Walls/Ceilings", "violdttm": "2017-05-30T12:25:04", "violstatus": "Fail", "statusdate": null, "comments": "Replace all missing ceiling tiles.", "address": "17  Blackfan ST", "city": "Boston", "zip": 2115, "property_id": 153922, "latitude_Y": 42.337388, "longitude_X": -71.106281, "year": 2017 }, "geometry": { "type": "Point", "coordinates": [ -71.106281, 42.337388 ] } },
{ "type": "Feature", "properties": { "businessname": "Au Bon Pain", "dbaname": null, "legalowner": "NEW ENGLAND MEDICAL CENTER", "namelast": "ABP CORPORATION", "namefirst": " ", "licenseno": 127136, "issdttm": "2014-05-22T12:59:26", "expdttm": "2020-12-31T23:59:00", "licstatus": "Active", "licensecat": "FT", "descript": "Eating & Drinking w/ Take Out", "result": "HE_Fail", "resultdttm": "2015-09-23T13:18:52", "violation": "27-5-103.11-.12", "viollevel": "***", "violdesc": "Hot and Cold Water", "violdttm": "2015-09-23T13:18:52", "violstatus": "Fail", "statusdate": null, "comments": "Hand sink at 3 bay sink without hot water / Provide.", "address": "800  Washington ST", "city": "Boston", "zip": 2111, "property_id": 145764, "latitude_Y": 42.349591, "longitude_X": -71.063586, "year": 2015 }, "geometry": { "type": "Point", "coordinates": [ -71.063586, 42.349591 ] } },
{ "type": "Feature", "properties": { "businessname": "Au Bon Pain", "dbaname": null, "legalowner": "ONE-01 MERRIMAC LLC", "namelast": "AU BON PAIN #526", "namefirst": "(LAURA)", "licenseno": 19120, "issdttm": "2011-12-28T11:11:41", "expdttm": "2020-12-31T23:59:00", "licstatus": "Active", "licensecat": "FT", "descript": "Eating & Drinking w/ Take Out", "result": "HE_Fail", "resultdttm": "2016-07-27T13:48:52", "violation": "04-3-501.15/4-301.11", "viollevel": "*", "violdesc": "Inadequate Facilities/Cooling Methods", "violdttm": "2016-07-27T13:48:52", "violstatus": "Fail", "statusdate": null, "comments": "Servicing line refrigerated unit not working properly per CFPM. No food currently being stored in unit with alternative means for cold holding in place. Repair unit and provide detailed report from refrigeration maintenance company.", "address": "101  Merrimac ST", "city": "Boston", "zip": 2114, "property_id": 94693, "latitude_Y": 42.36384, "longitude_X": -71.06166, "year": 2016 }, "geometry": { "type": "Point", "coordinates": [ -71.06166, 42.36384 ] } },
{ "type": "Feature", "properties": { "businessname": "Au Bon Pain", "dbaname": null, "legalowner": "SLOANE ENTERPRISES LLC", "namelast": "AU BON PAIN INC.", "namefirst": "(LAURA)", "licenseno": 19255, "issdttm": "2011-12-28T11:14:44", "expdttm": "2018-12-31T23:59:00", "licstatus": "Inactive", "licensecat": "FT", "descript": "Eating & Drinking w/ Take Out", "result": "HE_Fail", "resultdttm": "2015-01-15T13:10:53", "violation": "14-4-202.11", "viollevel": "*", "violdesc": "Food Contact Surfaces Design", "violdttm": "2015-01-15T13:10:53", "violstatus": "Fail", "statusdate": null, "comments": "Several cutting boards heavily scored. Resurface or replace.", "address": "431   Boylston ST", "city": "Boston", "zip": 2116, "property_id": 18327, "latitude_Y": 42.35161, "longitude_X": -71.07284, "year": 2015 }, "geometry": { "type": "Point", "coordinates": [ -71.07284, 42.35161 ] } },
{ "type": "Feature", "properties": { "businessname": "Au Bon Pain (Joslin Pl.)", "dbaname": null, "legalowner": "  ", "namelast": "Au Bon Pain Corp.", "namefirst": " ", "licenseno": 79398, "issdttm": "2012-06-13T11:19:12", "expdttm": "2017-12-31T23:59:00", "licstatus": "Inactive", "licensecat": "FT", "descript": "Eating & Drinking w/ Take Out", "result": "HE_Fail", "resultdttm": "2015-03-19T13:52:04", "violation": "03-3-501.16", "viollevel": "***", "violdesc": "Hot Holding", "violdttm": "2015-03-19T13:52:04", "violstatus": "Fail", "statusdate": null, "comments": "Multiple foods in open air hot holding unit for less than 2 hours at 122F-126F. Foods must be hot held at a minimum of 140F or above. Removed by PIC and reheated.", "address": "1  Joslin PL", "city": "Boston", "zip": 2215, "property_id": 166640, "latitude_Y": 42.3386, "longitude_X": -71.108501, "year": 2015 }, "geometry": { "type": "Point", "coordinates": [ -71.108501, 42.3386 ] } },
{ "type": "Feature", "properties": { "businessname": "Au Bon Pain Kiosk@Childrens Museum", "dbaname": null, "legalowner": "  ", "namelast": "ABP CORPORATION", "namefirst": " ", "licenseno": 90708, "issdttm": "2014-06-10T15:40:45", "expdttm": "2017-12-31T23:59:00", "licstatus": "Inactive", "licensecat": "FS", "descript": "Eating & Drinking", "result": "HE_Filed", "resultdttm": "2017-05-30T13:06:08", "violation": "23-4-602.13", "viollevel": "*", "violdesc": "Non-Food Contact Surfaces Clean", "violdttm": "2017-05-30T13:06:08", "violstatus": "Fail", "statusdate": null, "comments": "Clean bread slicer from the accumulation of visible food soils - clean throughout the day on a more frequent basis", "address": "308   Congress ST", "city": "Boston", "zip": 2210, "property_id": 163839, "latitude_Y": 42.351967, "longitude_X": -71.049777, "year": 2017 }, "geometry": { "type": "Point", "coordinates": [ -71.049777, 42.351967 ] } },
{ "type": "Feature", "properties": { "businessname": "Au Bon Pain Store 511", "dbaname": null, "legalowner": "AU BON PAIN  CO.  INC.", "namelast": "AU BON PAIN CO. INC.", "namefirst": "(LAURA)", "licenseno": 19013, "issdttm": "2011-12-28T11:02:36", "expdttm": "2020-12-31T23:59:00", "licstatus": "Active", "licensecat": "FT", "descript": "Eating & Drinking w/ Take Out", "result": "HE_Fail", "resultdttm": "2016-04-25T11:29:50", "violation": "03-3-501.16(A)", "viollevel": "***", "violdesc": "Cold Holding", "violdttm": "2016-04-25T11:29:50", "violstatus": "Fail", "statusdate": null, "comments": "cold cuts @ 47f  cooked chicken breast @ 48f  Ensure proper cold hold of 41f or below ( manager to ensure products made in downstarirs kitchen are cooled properly before being brought to customer service level)", "address": "640   Atlantic AVE", "city": "Boston", "zip": 2110, "property_id": 156474, "latitude_Y": 42.350021, "longitude_X": -71.055941, "year": 2016 }, "geometry": { "type": "Point", "coordinates": [ -71.055941, 42.350021 ] } },
{ "type": "Feature", "properties": { "businessname": "Audubon", "dbaname": null, "legalowner": "HERMAN THOMAS D", "namelast": "Thicker Than Water Inc.", "namefirst": " ", "licenseno": 127471, "issdttm": "2014-04-03T13:50:35", "expdttm": "2020-12-31T23:59:00", "licstatus": "Active", "licensecat": "FS", "descript": "Eating & Drinking", "result": "HE_Fail", "resultdttm": "2015-01-22T14:28:25", "violation": "03-3-501.16", "viollevel": "***", "violdesc": "Hot Holding", "violdttm": "2015-01-22T14:28:25", "violstatus": "Fail", "statusdate": null, "comments": "The potatoes are stored out of temperature control 87F.  Provide proper hot holding of 140F or above.", "address": "838   Beacon ST", "city": "Boston", "zip": 2215, "property_id": 12259, "latitude_Y": 42.34741, "longitude_X": -71.10321, "year": 2015 }, "geometry": { "type": "Point", "coordinates": [ -71.10321, 42.34741 ] } },
{ "type": "Feature", "properties": { "businessname": "Avana Express Bar", "dbaname": null, "legalowner": "  ", "namelast": "Lin", "namefirst": "Jin Teng", "licenseno": 90919, "issdttm": "2013-05-30T08:16:53", "expdttm": "2020-12-31T23:59:00", "licstatus": "Active", "licensecat": "FT", "descript": "Eating & Drinking w/ Take Out", "result": "HE_Fail", "resultdttm": "2015-08-11T11:57:21", "violation": "15-4-202.16", "viollevel": "*", "violdesc": "Non-Food Contact Surfaces", "violdttm": "2015-08-11T11:57:21", "violstatus": "Fail", "statusdate": null, "comments": "remove ice buildup from interior of white coffin style freezer in the back storage area. Remove dirty plastic hanging on exterior of mop sink door", "address": "40   Harrison AVE", "city": "Boston", "zip": 2111, "property_id": 340723, "latitude_Y": 42.351624, "longitude_X": -71.061017, "year": 2015 }, "geometry": { "type": "Point", "coordinates": [ -71.061017, 42.351624 ] } },
{ "type": "Feature", "properties": { "businessname": "Avana Market Place", "dbaname": null, "legalowner": "BEACH STREET MANAGEMENT INC", "namelast": "Boston Chinatown Plaza Inc.", "namefirst": " ", "licenseno": 32649, "issdttm": "2012-01-24T08:34:33", "expdttm": "2020-12-31T23:59:00", "licstatus": "Active", "licensecat": "FT", "descript": "Eating & Drinking w/ Take Out", "result": "HE_Fail", "resultdttm": "2015-08-26T11:04:42", "violation": "03-3-402.11-.12", "viollevel": "***", "violdesc": "Parasite Destruction", "violdttm": "2015-08-26T11:04:42", "violstatus": "Fail", "statusdate": null, "comments": "Provide up to date paperwork for all the fish that you use at location. PIC called to get new up to date paperwork.", "address": "40   Harrison AVE", "city": "Boston", "zip": 2111, "property_id": 69834, "latitude_Y": 42.351664, "longitude_X": -71.060968, "year": 2015 }, "geometry": { "type": "Point", "coordinates": [ -71.060968, 42.351664 ] } },
{ "type": "Feature", "properties": { "businessname": "Avana Sushi II", "dbaname": null, "legalowner": null, "namelast": "BoBo Sushi Inc.", "namefirst": "Lin Jinbo", "licenseno": 158024, "issdttm": "2015-12-31T11:58:25", "expdttm": "2020-12-31T23:59:00", "licstatus": "Active", "licensecat": "FS", "descript": "Eating & Drinking", "result": "HE_Fail", "resultdttm": "2017-10-02T13:20:02", "violation": "37-6-501.11-.12", "viollevel": "*", "violdesc": "Improper Maintenance of Walls/Ceilings", "violdttm": "2017-10-02T13:20:02", "violstatus": "Fail", "statusdate": null, "comments": "Ceiling tile in the mens restroom with what appears to be water damage. Replace.", "address": "58   Franklin ST", "city": "Boston", "zip": 2110, "property_id": 156306, "latitude_Y": 42.355795, "longitude_X": -71.058451, "year": 2017 }, "geometry": { "type": "Point", "coordinates": [ -71.058451, 42.355795 ] } },
{ "type": "Feature", "properties": { "businessname": "B Good", "dbaname": null, "legalowner": null, "namelast": "B.Good LLC", "namefirst": "Anthony Ackil", "licenseno": 303620, "issdttm": "2017-01-12T09:32:28", "expdttm": "2020-12-31T23:59:00", "licstatus": "Active", "licensecat": "FS", "descript": "Eating & Drinking", "result": "HE_Fail", "resultdttm": "2018-01-17T15:16:14", "violation": "16-4-501.11/.15", "viollevel": "*", "violdesc": "Dishwashng Facilities", "violdttm": "2018-01-17T15:16:14", "violstatus": "Fail", "statusdate": null, "comments": "Dishwasher in warewashing not properly operating - Repair/ Remove", "address": "369  Huntington Av", "city": "Boston", "zip": 2115, "property_id": 155956, "latitude_Y": 42.340178, "longitude_X": -71.090231, "year": 2018 }, "geometry": { "type": "Point", "coordinates": [ -71.090231, 42.340178 ] } },
{ "type": "Feature", "properties": { "businessname": "B Good Burger", "dbaname": null, "legalowner": "  ", "namelast": "B.Good LLC", "namefirst": "Anthony Ackil", "licenseno": 37264, "issdttm": "2012-01-27T11:55:19", "expdttm": "2019-12-31T23:59:00", "licstatus": "Inactive", "licensecat": "FS", "descript": "Eating & Drinking", "result": "HE_Fail", "resultdttm": "2015-02-26T10:35:37", "violation": "15-4-202.16", "viollevel": "*", "violdesc": "Non-Food Contact Surfaces", "violdttm": "2015-02-26T10:35:37", "violstatus": "Fail", "statusdate": null, "comments": "1)Shelf next to cold holding line heavily worn and peeling- Replace  2) Drawer handle on cold holding unit below grill broken and repaired with tape- Make proper repairs to ensure smooth and cleanable.", "address": "1068   Boylston ST", "city": "Boston", "zip": 2215, "property_id": 162425, "latitude_Y": 42.346999, "longitude_X": -71.087817, "year": 2015 }, "geometry": { "type": "Point", "coordinates": [ -71.087817, 42.346999 ] } },
{ "type": "Feature", "properties": { "businessname": "B. Good", "dbaname": null, "legalowner": "O'GANESON ANNA S.", "namelast": "B.Good LLC", "namefirst": "Anthony Ackil", "licenseno": 79213, "issdttm": "2013-01-04T15:29:37", "expdttm": "2020-12-31T23:59:00", "licstatus": "Active", "licensecat": "FS", "descript": "Eating & Drinking", "result": "HE_Fail", "resultdttm": "2016-01-25T13:57:32", "violation": "02-3-602.11-.12/3-302.12", "viollevel": "*", "violdesc": "Food Container Labels", "violdttm": "2016-01-25T13:57:32", "violstatus": "Fail", "statusdate": null, "comments": "Suace containers observed with no labels. Provide.", "address": "84   Summer ST", "city": "Boston", "zip": 2110, "property_id": 155814, "latitude_Y": 42.353955, "longitude_X": -71.05802, "year": 2016 }, "geometry": { "type": "Point", "coordinates": [ -71.05802, 42.353955 ] } },
{ "type": "Feature", "properties": { "businessname": "B. Good", "dbaname": null, "legalowner": "ONE-31 DARTMOUTH STREET LLC", "namelast": "B.Good LLC", "namefirst": "Anthony Ackil", "licenseno": 22952, "issdttm": "2012-01-27T11:56:25", "expdttm": "2020-12-31T23:59:00", "licstatus": "Active", "licensecat": "FS", "descript": "Eating & Drinking", "result": "HE_Fail", "resultdttm": "2015-01-20T11:00:43", "violation": "03-3-501.16(A)", "viollevel": "***", "violdesc": "Cold Holding", "violdttm": "2015-01-20T11:00:43", "violstatus": "Fail", "statusdate": null, "comments": "quinoa and squash 50 degrees/provide proper temperature of 41 degrees or below", "address": "131  Dartmouth ST", "city": "Boston", "zip": 2116, "property_id": 46311, "latitude_Y": 42.34682, "longitude_X": -71.07543, "year": 2015 }, "geometry": { "type": "Point", "coordinates": [ -71.07543, 42.34682 ] } },
{ "type": "Feature", "properties": { "businessname": "B. Good Burger", "dbaname": null, "legalowner": "ROTENBERG FAY TRST", "namelast": "B.Good LLC", "namefirst": "Anthony Ackil", "licenseno": 126631, "issdttm": "2014-08-06T08:17:54", "expdttm": "2020-12-31T23:59:00", "licstatus": "Active", "licensecat": "FS", "descript": "Eating & Drinking", "result": "HE_Fail", "resultdttm": "2015-03-11T10:56:06", "violation": "08-3-305-307.11", "viollevel": "*", "violdesc": "Food Protection", "violdttm": "2015-03-11T10:56:06", "violstatus": "Fail", "statusdate": null, "comments": "Raw ground meat stored on a tray  above the waste bin. Discontinue. Store on a proper clean surface.", "address": "665   Boylston ST", "city": "Boston", "zip": 2116, "property_id": 18372, "latitude_Y": 42.34999, "longitude_X": -71.07875, "year": 2015 }, "geometry": { "type": "Point", "coordinates": [ -71.07875, 42.34999 ] } },
{ "type": "Feature", "properties": { "businessname": "B. U. Einsteins Bagels", "dbaname": null, "legalowner": "ARAMARK CORPORATION", "namelast": "Trustees of Boston University", "namefirst": "Director of Safety & Sanitation", "licenseno": 20734, "issdttm": "2011-12-28T10:18:00", "expdttm": "2020-12-31T23:59:00", "licstatus": "Active", "licensecat": "FT", "descript": "Eating & Drinking w/ Take Out", "result": "HE_Fail", "resultdttm": "2016-10-24T12:19:13", "violation": "14-4-202.11", "viollevel": "*", "violdesc": "Food Contact Surfaces Design", "violdttm": "2016-10-24T12:19:13", "violstatus": "Fail", "statusdate": null, "comments": "Cutting board at bagel prep area in kitchen is scoured and stained. Replace or resurfave cutting board.", "address": "685  Commonwealth AVE", "city": "Boston", "zip": 2215, "property_id": 157907, "latitude_Y": 42.350117, "longitude_X": -71.104278, "year": 2016 }, "geometry": { "type": "Point", "coordinates": [ -71.104278, 42.350117 ] } },
{ "type": "Feature", "properties": { "businessname": "B.U. SCHOOL OF MANAGEMENT", "dbaname": null, "legalowner": null, "namelast": "Trustees of Boston University", "namefirst": "Director of Safety & Sanitation", "licenseno": 22460, "issdttm": "2012-02-15T13:51:21", "expdttm": "2020-12-31T23:59:00", "licstatus": "Active", "licensecat": "FS", "descript": "Eating & Drinking", "result": "HE_Fail", "resultdttm": "2015-09-23T11:42:00", "violation": "20-4-703.11", "viollevel": "***", "violdesc": "Food Contact Surfaces Clean", "violdttm": "2015-09-23T11:42:00", "violstatus": "Fail", "statusdate": null, "comments": "Large High Dish Machine at the 9th floor registering 150F as sanitizing temperature. Repair to maintain between 180F-204F.", "address": "595   Commonwealth AVE", "city": "Boston", "zip": 2215, "property_id": 155950, "latitude_Y": 42.349583, "longitude_X": -71.099785, "year": 2015 }, "geometry": { "type": "Point", "coordinates": [ -71.099785, 42.349583 ] } },
{ "type": "Feature", "properties": { "businessname": "BACCO RISTORANTE & BAR", "dbaname": null, "legalowner": "BUBEN PATRICK", "namelast": "BUBEN", "namefirst": "PATRICK", "licenseno": 21492, "issdttm": "2012-02-13T10:27:08", "expdttm": "2020-12-31T23:59:00", "licstatus": "Active", "licensecat": "FS", "descript": "Eating & Drinking", "result": "HE_Filed", "resultdttm": "2016-09-29T20:08:30", "violation": "15-4-202.16", "viollevel": "*", "violdesc": "Non-Food Contact Surfaces", "violdttm": "2016-09-29T20:08:30", "violstatus": "Fail", "statusdate": null, "comments": "Provide a barrier for the hand sink located by the storage of clean pots and pans in the warewashing arae", "address": "107   Salem ST", "city": "Boston", "zip": 2113, "property_id": 121692, "latitude_Y": 42.36418, "longitude_X": -71.05538, "year": 2016 }, "geometry": { "type": "Point", "coordinates": [ -71.05538, 42.36418 ] } },
{ "type": "Feature", "properties": { "businessname": "BACCO'S WINE & CHEESE", "dbaname": null, "legalowner": "  ", "namelast": "Robert D. Bacco", "namefirst": " ", "licenseno": 68289, "issdttm": "2011-12-08T14:32:43", "expdttm": "2020-12-31T23:59:00", "licstatus": "Active", "licensecat": "RF", "descript": "Retail Food", "result": "HE_Fail", "resultdttm": "2019-06-07T08:52:21", "violation": "01-3-602.11 B2", "viollevel": "***", "violdesc": "Labeling of Ingredients", "violdttm": "2019-06-07T08:52:21", "violstatus": "Fail", "statusdate": null, "comments": "Prepackaged foods for customer self service not labeled - Retail", "address": "31   Saint James AVE", "city": "Boston", "zip": 2116, "property_id": 304220, "latitude_Y": 42.35091, "longitude_X": -71.07152, "year": 2019 }, "geometry": { "type": "Point", "coordinates": [ -71.07152, 42.35091 ] } },
{ "type": "Feature", "properties": { "businessname": "Back Bay Social Club", "dbaname": null, "legalowner": "DHANDA 867 BOYLSTON ST LPS", "namelast": "c/o Lyons Group", "namefirst": " ", "licenseno": 68305, "issdttm": "2012-02-08T07:50:46", "expdttm": "2020-12-31T23:59:00", "licstatus": "Active", "licensecat": "FS", "descript": "Eating & Drinking", "result": "HE_Fail", "resultdttm": "2016-11-22T10:37:27", "violation": "36-6-501.11-.12", "viollevel": "*", "violdesc": "Improper Maintenance of Floors", "violdttm": "2016-11-22T10:37:27", "violstatus": "Fail", "statusdate": null, "comments": "Water on floor - Basement bar", "address": "867   Boylston ST", "city": "Boston", "zip": 2116, "property_id": 18414, "latitude_Y": 42.34874, "longitude_X": -71.083445, "year": 2016 }, "geometry": { "type": "Point", "coordinates": [ -71.083445, 42.34874 ] } },
{ "type": "Feature", "properties": { "businessname": "Back Deck", "dbaname": null, "legalowner": "  ", "namelast": "Back Deck Inc.", "namefirst": "c/o Fajitas & Ritas", "licenseno": 77031, "issdttm": "2012-06-29T11:30:15", "expdttm": "2020-12-31T23:59:00", "licstatus": "Active", "licensecat": "FS", "descript": "Eating & Drinking", "result": "HE_Fail", "resultdttm": "2015-10-05T12:10:34", "violation": "36-6-501.11-.12", "viollevel": "*", "violdesc": "Improper Maintenance of Floors", "violdttm": "2015-10-05T12:10:34", "violstatus": "Fail", "statusdate": null, "comments": "Floors with visible soils / Clean to remove.", "address": "10   West ST", "city": "Boston", "zip": 2111, "property_id": 172982, "latitude_Y": 42.354426, "longitude_X": -71.062191, "year": 2015 }, "geometry": { "type": "Point", "coordinates": [ -71.062191, 42.354426 ] } },
{ "type": "Feature", "properties": { "businessname": "BackBay Wine & Spirits", "dbaname": null, "legalowner": "FOUR 41 STUART ST ASSOC LLC", "namelast": "Lama", "namefirst": "Dawa", "licenseno": 349828, "issdttm": "2017-11-02T07:55:32", "expdttm": "2020-12-31T23:59:00", "licstatus": "Active", "licensecat": "RF", "descript": "Retail Food", "result": "HE_Fail", "resultdttm": "2020-01-16T12:47:06", "violation": "590.002/2-501.11-PF", "viollevel": "**", "violdesc": "Clean-up of Vomiting and Diarrheal Events (Pf)", "violdttm": "2020-01-16T12:47:06", "violstatus": "Fail", "statusdate": null, "comments": "provide clean up kit", "address": "441   Stuart ST", "city": "Boston", "zip": 2116, "property_id": 131663, "latitude_Y": 42.348624, "longitude_X": -71.075972, "year": 2020 }, "geometry": { "type": "Point", "coordinates": [ -71.075972, 42.348624 ] } },
{ "type": "Feature", "properties": { "businessname": "Backstage Hardware", "dbaname": null, "legalowner": "  ", "namelast": "JSR Enterprises", "namefirst": "Jim Robichau", "licenseno": 158652, "issdttm": "2016-02-16T09:48:14", "expdttm": "2020-12-31T23:59:00", "licstatus": "Active", "licensecat": "RF", "descript": "Retail Food", "result": "HE_Closure", "resultdttm": "2018-02-28T11:27:08", "violation": "M-2-103.11", "viollevel": "***", "violdesc": "PIC Performing Duties", "violdttm": "2018-02-28T11:27:08", "violstatus": "Fail", "statusdate": null, "comments": "8-301 Requirement 8-301.11 Prerequisite for Operation A person may not operate a food establishment without a valid permit to operate issued by the regulatory authority. Expiration and Renewal of Permit [105 CMR 590.012(G)] (1) A permit shall expire no later than one year from the date issued. (2) An annual food establishment permit may be renewed by applying at least 30 days prior to the expiration of the permit on a form provided by the FC-regulatory authority. Section 8-301.11 Prerequisite for Operation 105 CMR 590.012 (H) Conditions for Issuance  in accordance with sections 105 CMR 590.014 and 590.015.", "address": "23   Dry Dock AVE", "city": "Boston", "zip": 2210, "property_id": 340976, "latitude_Y": 42.344257, "longitude_X": -71.029925, "year": 2018 }, "geometry": { "type": "Point", "coordinates": [ -71.029925, 42.344257 ] } },
{ "type": "Feature", "properties": { "businessname": "Bailey & Sage", "dbaname": null, "legalowner": "BBS REAL ESTATE GROUP LLC", "namelast": "Michael Kaplan", "namefirst": " ", "licenseno": 67728, "issdttm": "2012-02-23T11:25:48", "expdttm": "2020-12-31T23:59:00", "licstatus": "Active", "licensecat": "FT", "descript": "Eating & Drinking w/ Take Out", "result": "HE_Closure", "resultdttm": "2018-02-16T10:31:16", "violation": "15-4-202.16", "viollevel": "*", "violdesc": "Non-Food Contact Surfaces", "violdttm": "2018-02-16T10:31:16", "violstatus": "Fail", "statusdate": null, "comments": "Tijn foil on cooking equipment on the hot line. Remove tiin foil.", "address": "103   State ST", "city": "Boston", "zip": 2109, "property_id": 130366, "latitude_Y": 42.35896, "longitude_X": -71.05512, "year": 2018 }, "geometry": { "type": "Point", "coordinates": [ -71.05512, 42.35896 ] } },
{ "type": "Feature", "properties": { "businessname": "Bailey and Sage", "dbaname": null, "legalowner": "ONE HUNDRED FEDERAL ST LPS", "namelast": "Kaplan", "namefirst": "Michael", "licenseno": 354301, "issdttm": "2018-10-24T08:56:28", "expdttm": "2020-12-31T23:59:00", "licstatus": "Active", "licensecat": "FT", "descript": "Eating & Drinking w/ Take Out", "result": "HE_Fail", "resultdttm": "2019-02-21T10:47:28", "violation": "44-4-802/03.11", "viollevel": "*", "violdesc": "Soiled Linen Storage", "violdttm": "2019-02-21T10:47:28", "violstatus": "Fail", "statusdate": null, "comments": "Provide cover for soiled linen container.", "address": "100   Federal ST", "city": "Boston", "zip": 2110, "property_id": 57150, "latitude_Y": 42.35477, "longitude_X": -71.05613, "year": 2019 }, "geometry": { "type": "Point", "coordinates": [ -71.05613, 42.35477 ] } },
{ "type": "Feature", "properties": { "businessname": "Bain Capital (40th Fl)", "dbaname": null, "legalowner": "ONE HUNDRED & 200 CLARENDON", "namelast": "Group NAD", "namefirst": "Compass", "licenseno": 75683, "issdttm": "2012-02-13T10:23:36", "expdttm": "2020-12-31T23:59:00", "licstatus": "Active", "licensecat": "FS", "descript": "Eating & Drinking", "result": "HE_Fail", "resultdttm": "2015-03-11T10:06:57", "violation": "17-4-204.112/.115", "viollevel": "*", "violdesc": "Equipment Thermometers", "violdttm": "2015-03-11T10:06:57", "violstatus": "Fail", "statusdate": null, "comments": "dishmachine/repair gauges", "address": "200   Clarendon ST", "city": "Boston", "zip": 2116, "property_id": 33209, "latitude_Y": 42.34921, "longitude_X": -71.07513, "year": 2015 }, "geometry": { "type": "Point", "coordinates": [ -71.07513, 42.34921 ] } },
{ "type": "Feature", "properties": { "businessname": "BANGKOK BLUE THAI", "dbaname": null, "legalowner": "RULE LISA", "namelast": "CURRY & LIME OF SIAM LLC", "namefirst": " ", "licenseno": 22785, "issdttm": "2011-12-12T14:10:08", "expdttm": "2015-12-31T23:59:00", "licstatus": "Inactive", "licensecat": "FS", "descript": "Eating & Drinking", "result": "HE_Fail", "resultdttm": "2015-03-19T12:22:20", "violation": "03-3-501.14", "viollevel": "***", "violdesc": "Cooling", "violdttm": "2015-03-19T12:22:20", "violstatus": "Fail", "statusdate": null, "comments": "Partially cooked beef prepared yesterday 57F. Cool properly within required time and temperature intervals.", "address": "651   Boylston ST", "city": "Boston", "zip": 2116, "property_id": 18369, "latitude_Y": 42.35006, "longitude_X": -71.0785, "year": 2015 }, "geometry": { "type": "Point", "coordinates": [ -71.0785, 42.35006 ] } },
{ "type": "Feature", "properties": { "businessname": "Banh Mi House", "dbaname": null, "legalowner": "P & C COMPANY: TONG'S FAS T FOOD", "namelast": "Quoctin P. Tran", "namefirst": " ", "licenseno": 81142, "issdttm": "2012-10-18T09:23:09", "expdttm": "2016-12-31T23:59:00", "licstatus": "Inactive", "licensecat": "FT", "descript": "Eating & Drinking w/ Take Out", "result": "HE_Fail", "resultdttm": "2016-02-23T14:17:50", "violation": "31-5-204/05.11", "viollevel": "***", "violdesc": "Location  Accessible", "violdttm": "2016-02-23T14:17:50", "violstatus": "Fail", "statusdate": null, "comments": "2 hand sinks blocked by equipment  ensure hand sink clear to properly wash hands", "address": "48   Winter ST", "city": "Boston", "zip": 2108, "property_id": 155968, "latitude_Y": 42.355863, "longitude_X": -71.061898, "year": 2016 }, "geometry": { "type": "Point", "coordinates": [ -71.061898, 42.355863 ] } },
{ "type": "Feature", "properties": { "businessname": "Banners Kitchen and Tap", "dbaname": null, "legalowner": "  ", "namelast": "Patina Restaurant Group LLC", "namefirst": "Att: Licensing", "licenseno": 385287, "issdttm": "2019-10-15T10:57:06", "expdttm": "2020-12-31T23:59:00", "licstatus": "Active", "licensecat": "FS", "descript": "Eating & Drinking", "result": "HE_Fail", "resultdttm": "2020-02-06T13:08:18", "violation": "590.003/3-202.18-C", "viollevel": "*", "violdesc": "Shell stock Identification (C)", "violdttm": "2020-02-06T13:08:18", "violstatus": "Fail", "statusdate": null, "comments": "Clam store in service area  without tags.. PIC remove", "address": "80   Causeway ST", "city": "Boston", "zip": 2114, "property_id": 340676, "latitude_Y": 42.365678, "longitude_X": -71.061705, "year": 2020 }, "geometry": { "type": "Point", "coordinates": [ -71.061705, 42.365678 ] } },
{ "type": "Feature", "properties": { "businessname": "Banyan Bar & Refuge", "dbaname": null, "legalowner": "  ", "namelast": "Gullo", "namefirst": "Rebecca  Owner", "licenseno": 141738, "issdttm": "2015-07-15T12:36:33", "expdttm": "2020-12-31T23:59:00", "licstatus": "Active", "licensecat": "FS", "descript": "Eating & Drinking", "result": "HE_Fail", "resultdttm": "2015-07-10T11:57:48", "violation": "04-3-501.15/4-301.11", "viollevel": "*", "violdesc": "Inadequate Facilities/Cooling Methods", "violdttm": "2015-07-10T11:57:48", "violstatus": "Fail", "statusdate": null, "comments": "Walk in temperature 44F   Salmon 44F   Duck stock 44F.Repair to hold all product 41F or below.PIC called for immediate repair.PIC will remove products to other refrigeration.", "address": "537   Tremont ST", "city": "Boston", "zip": 2116, "property_id": 340800, "latitude_Y": 42.344711, "longitude_X": -71.071404, "year": 2015 }, "geometry": { "type": "Point", "coordinates": [ -71.071404, 42.344711 ] } },
{ "type": "Feature", "properties": { "businessname": "Bar A Vin 1855", "dbaname": null, "legalowner": "  ", "namelast": "1855 Inc.", "namefirst": "Att: Accounts Payable", "licenseno": 383439, "issdttm": "2019-02-06T08:21:11", "expdttm": "2020-12-31T23:59:00", "licstatus": "Active", "licensecat": "FS", "descript": "Eating & Drinking", "result": "HE_Fail", "resultdttm": "2019-01-30T09:01:57", "violation": "15-4-202.16", "viollevel": "*", "violdesc": "Non-Food Contact Surfaces", "violdttm": "2019-01-30T09:01:57", "violstatus": "Fail", "statusdate": null, "comments": "No dividers between hand sink and prep tables and prep sink - Kitchen/prep No dividers between hand sink and storage area - Bar No divider between chemical storage and ice machine  Rust on exterior of grease trap - Ware washing", "address": "259   Newbury ST", "city": "Boston", "zip": 2116, "property_id": 168058, "latitude_Y": 42.349646, "longitude_X": -71.083221, "year": 2019 }, "geometry": { "type": "Point", "coordinates": [ -71.083221, 42.349646 ] } },
{ "type": "Feature", "properties": { "businessname": "Bar Louie", "dbaname": null, "legalowner": "SCALES JOHN T TRST", "namelast": "BL RESTAURANT Holding LLC", "namefirst": "Accounts Payable/", "licenseno": 81214, "issdttm": "2013-09-17T08:53:05", "expdttm": "2020-12-31T23:59:00", "licstatus": "Inactive", "licensecat": "FS", "descript": "Eating & Drinking", "result": "HE_Fail", "resultdttm": "2015-04-17T16:45:31", "violation": "14-4-202.11", "viollevel": "*", "violdesc": "Food Contact Surfaces Design", "violdttm": "2015-04-17T16:45:31", "violstatus": "Fail", "statusdate": null, "comments": "replace worn and heavily stained cutting boards on cold units on the hot line.", "address": "121   Brookline AVE", "city": "Boston", "zip": 2215, "property_id": 22082, "latitude_Y": 42.34575, "longitude_X": -71.10049, "year": 2015 }, "geometry": { "type": "Point", "coordinates": [ -71.10049, 42.34575 ] } },
{ "type": "Feature", "properties": { "businessname": "Bar Mercato", "dbaname": null, "legalowner": "  ", "namelast": "MHF Devonshire V LLC", "namefirst": "Att: Accounts Payable", "licenseno": 385609, "issdttm": "2019-02-19T09:56:40", "expdttm": "2020-12-31T23:59:00", "licstatus": "Active", "licensecat": "FS", "descript": "Eating & Drinking", "result": "HE_Fail", "resultdttm": "2019-09-18T12:14:21", "violation": "590.003/3-304.14-C", "viollevel": "*", "violdesc": "Wiping Cloths  Use Limitation (C)", "violdttm": "2019-09-18T12:14:21", "violstatus": "Fail", "statusdate": null, "comments": "Keep all in use wiping cloths in a sanitizing solution when not in use.", "address": "54   Devonshire ST", "city": "Boston", "zip": 2109, "property_id": 164243, "latitude_Y": 42.358341, "longitude_X": -71.057106, "year": 2019 }, "geometry": { "type": "Point", "coordinates": [ -71.057106, 42.358341 ] } },
{ "type": "Feature", "properties": { "businessname": "Barcelona Restaurant", "dbaname": null, "legalowner": "  ", "namelast": "Del Frisco's Restaurant Group Inc.", "namefirst": "Att: Accounts Payable", "licenseno": 126674, "issdttm": "2014-12-11T09:01:26", "expdttm": "2020-12-31T23:59:00", "licstatus": "Active", "licensecat": "FS", "descript": "Eating & Drinking", "result": "HE_Fail", "resultdttm": "2015-09-30T20:26:05", "violation": "08-3-305-307.11", "viollevel": "*", "violdesc": "Food Protection", "violdttm": "2015-09-30T20:26:05", "violstatus": "Fail", "statusdate": null, "comments": "Observed wine bottles submerged in ice used for dispensing drinks.Discontinue.PIC removed", "address": "503  Tremont ST", "city": "Boston", "zip": 2116, "property_id": 341128, "latitude_Y": 42.344923, "longitude_X": -71.070755, "year": 2015 }, "geometry": { "type": "Point", "coordinates": [ -71.070755, 42.344923 ] } },
{ "type": "Feature", "properties": { "businessname": "Barnes & Noble College Booksellers", "dbaname": null, "legalowner": "EMERSON COLLEGE", "namelast": "Barnes & Noble College Booksellers Inc.Tax Dept.", "namefirst": " ", "licenseno": 24745, "issdttm": "2011-12-29T14:20:06", "expdttm": "2018-12-31T23:59:00", "licstatus": "Inactive", "licensecat": "RF", "descript": "Retail Food", "result": "HE_Filed", "resultdttm": "2016-05-19T13:27:25", "violation": "37-6-501.11-.12", "viollevel": "*", "violdesc": "Improper Maintenance of Walls/Ceilings", "violdttm": "2016-05-19T13:27:25", "violstatus": "Fail", "statusdate": null, "comments": "Replace stained &  missing ceiling tiles", "address": "110  Boylston St", "city": "Boston", "zip": 2116, "property_id": 17994, "latitude_Y": 42.352235, "longitude_X": -71.065554, "year": 2016 }, "geometry": { "type": "Point", "coordinates": [ -71.065554, 42.352235 ] } },
{ "type": "Feature", "properties": { "businessname": "Barracuda on the Fly", "dbaname": null, "legalowner": "BROMFIELD REALTY LLC", "namelast": "Stipanov", "namefirst": "Luka", "licenseno": 347391, "issdttm": "2017-10-03T08:22:50", "expdttm": "2019-12-31T23:59:00", "licstatus": "Inactive", "licensecat": "FT", "descript": "Eating & Drinking w/ Take Out", "result": "HE_Filed", "resultdttm": "2018-09-25T13:32:44", "violation": "36-6-501.11-.12", "viollevel": "*", "violdesc": "Improper Maintenance of Floors", "violdttm": "2018-09-25T13:32:44", "violstatus": "Fail", "statusdate": null, "comments": "Clean floor under and behind the cooking equipment on the hot line. Remove buildup on floor.", "address": "53  Bromfield ST", "city": "Boston", "zip": 2108, "property_id": 21788, "latitude_Y": 42.35702, "longitude_X": -71.06069, "year": 2018 }, "geometry": { "type": "Point", "coordinates": [ -71.06069, 42.35702 ] } },
{ "type": "Feature", "properties": { "businessname": "Barrington Coffee", "dbaname": null, "legalowner": null, "namelast": "BCRC Development L L C", "namefirst": " ", "licenseno": 76317, "issdttm": "2011-12-02T14:02:59", "expdttm": "2019-12-31T23:59:00", "licstatus": "Inactive", "licensecat": "FT", "descript": "Eating & Drinking w/ Take Out", "result": "HE_Fail", "resultdttm": "2017-06-28T12:23:35", "violation": "16-4-301.12", "viollevel": "*", "violdesc": "Three Compartment Sink", "violdttm": "2017-06-28T12:23:35", "violstatus": "Fail", "statusdate": null, "comments": "Missing plugs for the three bay sink-  Provide", "address": "346  Congress ST", "city": "Boston", "zip": 2210, "property_id": 342794, "latitude_Y": 42.350637, "longitude_X": -71.048443, "year": 2017 }, "geometry": { "type": "Point", "coordinates": [ -71.048443, 42.350637 ] } },
{ "type": "Feature", "properties": { "businessname": "Barrington Coffee Roasting Co.", "dbaname": null, "legalowner": "  ", "namelast": "BCRC D2 L L C", "namefirst": " ", "licenseno": 130250, "issdttm": "2015-03-05T08:56:54", "expdttm": "2019-12-31T23:59:00", "licstatus": "Inactive", "licensecat": "FS", "descript": "Eating & Drinking", "result": "HE_Fail", "resultdttm": "2015-03-09T12:52:53", "violation": "08-3-305-307.11", "viollevel": "*", "violdesc": "Food Protection", "violdttm": "2015-03-09T12:52:53", "violstatus": "Fail", "statusdate": null, "comments": "Ice not draining as it melts.Provide proper drainage.", "address": "305   Newbury ST", "city": "Boston", "zip": 2115, "property_id": 282437, "latitude_Y": 42.34897, "longitude_X": -71.08554, "year": 2015 }, "geometry": { "type": "Point", "coordinates": [ -71.08554, 42.34897 ] } },
{ "type": "Feature", "properties": { "businessname": "BARRY'S BOOTCAMP", "dbaname": null, "legalowner": "  ", "namelast": "BBCB L L C", "namefirst": " ", "licenseno": 90360, "issdttm": "2013-09-30T09:47:59", "expdttm": "2020-12-31T23:59:00", "licstatus": "Active", "licensecat": "FS", "descript": "Eating & Drinking", "result": "HE_Filed", "resultdttm": "2015-12-22T15:25:10", "violation": "23-4-602.13", "viollevel": "*", "violdesc": "Non-Food Contact Surfaces Clean", "violdttm": "2015-12-22T15:25:10", "violstatus": "Fail", "statusdate": null, "comments": "Interiors of freezers in upstairs service area and in basement storage with heavy soils- Clean and remove ice buildup", "address": "38   Chauncy ST", "city": "Boston", "zip": 2111, "property_id": 205525, "latitude_Y": 42.3538, "longitude_X": -71.05977, "year": 2015 }, "geometry": { "type": "Point", "coordinates": [ -71.05977, 42.3538 ] } },
{ "type": "Feature", "properties": { "businessname": "Basho Express", "dbaname": null, "legalowner": null, "namelast": "Chow", "namefirst": "Jenny", "licenseno": 156155, "issdttm": "2016-01-13T09:05:26", "expdttm": "2020-12-31T23:59:00", "licstatus": "Active", "licensecat": "FT", "descript": "Eating & Drinking w/ Take Out", "result": "HE_Fail", "resultdttm": "2017-05-10T11:55:52", "violation": "03-3-501.16", "viollevel": "***", "violdesc": "Hot Holding", "violdttm": "2017-05-10T11:55:52", "violstatus": "Fail", "statusdate": null, "comments": "geilled chicken hot holding on grill top........128 AF. Provide hot holding ntemperature of 140 F or above.", "address": "685  Commonwealth Av", "city": "Boston", "zip": 2215, "property_id": 41223, "latitude_Y": 42.350149, "longitude_X": -71.104511, "year": 2017 }, "geometry": { "type": "Point", "coordinates": [ -71.104511, 42.350149 ] } },
{ "type": "Feature", "properties": { "businessname": "Basho Japanese Brasserie", "dbaname": null, "legalowner": null, "namelast": "Jack Huang", "namefirst": " ", "licenseno": 34664, "issdttm": "2011-12-15T12:38:09", "expdttm": "2020-12-31T23:59:00", "licstatus": "Active", "licensecat": "FS", "descript": "Eating & Drinking", "result": "HE_Fail", "resultdttm": "2015-05-07T15:08:16", "violation": "08-3-305-307.11", "viollevel": "*", "violdesc": "Food Protection", "violdttm": "2015-05-07T15:08:16", "violstatus": "Fail", "statusdate": null, "comments": "Bar-Bottles stored in the ice used for drinks. PIC removed. Store in separate area.", "address": "1310  Boylston ST", "city": "Boston", "zip": 2215, "property_id": 340893, "latitude_Y": 42.344147, "longitude_X": -71.098428, "year": 2015 }, "geometry": { "type": "Point", "coordinates": [ -71.098428, 42.344147 ] } },
{ "type": "Feature", "properties": { "businessname": "Basho Japanese Sushi@B.U.(G.S.U.)", "dbaname": null, "legalowner": "ARA SERVICES /DAVID WEIR", "namelast": "Jack Huang", "namefirst": " ", "licenseno": 89888, "issdttm": "2013-03-15T10:23:32", "expdttm": "2020-12-31T23:59:00", "licstatus": "Active", "licensecat": "FT", "descript": "Eating & Drinking w/ Take Out", "result": "HE_Fail", "resultdttm": "2015-11-16T12:11:36", "violation": "03-3-501.16(A)", "viollevel": "***", "violdesc": "Cold Holding", "violdttm": "2015-11-16T12:11:36", "violstatus": "Fail", "statusdate": null, "comments": "The retail sushi is 55F and the eel is 89F. Keep food either hot or cold below 41F or 140F or above.", "address": "775  Commonwealth AVE", "city": "Boston", "zip": 2215, "property_id": 157395, "latitude_Y": 42.350873, "longitude_X": -71.108963, "year": 2015 }, "geometry": { "type": "Point", "coordinates": [ -71.108963, 42.350873 ] } },
{ "type": "Feature", "properties": { "businessname": "Basile- Fine Italian Kitchen", "dbaname": null, "legalowner": null, "namelast": "Namaha Capital LLC", "namefirst": "Att: Accounts Payable", "licenseno": 393784, "issdttm": "2019-06-03T08:06:28", "expdttm": "2020-12-31T23:59:00", "licstatus": "Active", "licensecat": "FS", "descript": "Eating & Drinking", "result": "HE_Hearing", "resultdttm": "2019-05-21T14:18:00", "violation": "29-5-201/02.11", "viollevel": "*", "violdesc": "Installed and Maintained", "violdttm": "2019-05-21T14:18:00", "violstatus": "Fail", "statusdate": null, "comments": "Provide adequate hot water pressure in womens rest room.", "address": "162  Columbus AVE", "city": "Boston", "zip": 2116, "property_id": 156280, "latitude_Y": 42.349256, "longitude_X": -71.070608, "year": 2019 }, "geometry": { "type": "Point", "coordinates": [ -71.070608, 42.349256 ] } },
{ "type": "Feature", "properties": { "businessname": "Bastille Kitchen", "dbaname": null, "legalowner": "BOSTON WHARF CO GP", "namelast": "SCM L L C", "namefirst": " ", "licenseno": 86663, "issdttm": "2014-07-21T10:39:43", "expdttm": "2020-12-31T23:59:00", "licstatus": "Active", "licensecat": "FS", "descript": "Eating & Drinking", "result": "HE_Fail", "resultdttm": "2019-01-10T11:42:25", "violation": "M-2-103.11", "viollevel": "***", "violdesc": "PIC Performing Duties", "violdttm": "2019-01-10T11:42:25", "violstatus": "Fail", "statusdate": null, "comments": "8-303.20 Existing Establishments  Permit Renewal  and Change of Ownership. [590.008(C)](A) Copies of Permit. The permit shall be made out in duplicate. One copy shall be given to the applicant  and a paper or electronic copy shall be placed on file with the board of health.(B) Expiration and Renewal of Permit.(1) A permit shall expire no later than one year from the date issued.(2) An annual food establishment permit may be renewed by applying at least 30 days prior to the expiration of the permit on a form provided by the FC-regulatory authority.  Establishment must pay for current 2019 Health Permit @ 1010 Massachusetts Aveue 4th Floor in person ASAP. Establishment is operating without a current 2019 Health Permit.", "address": "49   Melcher ST", "city": "Boston", "zip": 2127, "property_id": 155119, "latitude_Y": 42.34942, "longitude_X": -71.05038, "year": 2019 }, "geometry": { "type": "Point", "coordinates": [ -71.05038, 42.34942 ] } },
{ "type": "Feature", "properties": { "businessname": "Battery Park Restaurant & Lounge", "dbaname": null, "legalowner": "  ", "namelast": "Battery Park Lounge & Rest. Group L L C", "namefirst": " ", "licenseno": 68682, "issdttm": "2012-02-13T10:20:08", "expdttm": "2019-12-31T23:59:00", "licstatus": "Inactive", "licensecat": "FS", "descript": "Eating & Drinking", "result": "HE_Fail", "resultdttm": "2016-03-08T11:08:11", "violation": "02-3-602.11-.12/3-302.12", "viollevel": "*", "violdesc": "Food Container Labels", "violdttm": "2016-03-08T11:08:11", "violstatus": "Fail", "statusdate": null, "comments": "Sauce containers with no labels. Provide.", "address": "31   Batterymarch ST", "city": "Boston", "zip": 2109, "property_id": 161832, "latitude_Y": 42.357376, "longitude_X": -71.054403, "year": 2016 }, "geometry": { "type": "Point", "coordinates": [ -71.054403, 42.357376 ] } },
{ "type": "Feature", "properties": { "businessname": "BATTERY WHARF HOTEL BOSTON WATERFRONT", "dbaname": null, "legalowner": "  ", "namelast": "Battery Wharf Hotel", "namefirst": "Att: Accounts Payable", "licenseno": 160599, "issdttm": "2016-01-05T13:07:17", "expdttm": "2020-12-31T23:59:00", "licstatus": "Active", "licensecat": "FS", "descript": "Eating & Drinking", "result": "HE_Fail", "resultdttm": "2016-03-11T12:04:07", "violation": "37-6-501.11-.12", "viollevel": "*", "violdesc": "Improper Maintenance of Walls/Ceilings", "violdttm": "2016-03-11T12:04:07", "violstatus": "Fail", "statusdate": null, "comments": "Hood tag missing from main kitchen hood /Hoods were cleaned in March 2016.  Unable to verify report /  Contact hood cleaning company immediately to replace sticker.", "address": "2  Battery WHF", "city": "Boston", "zip": 2109, "property_id": 172851, "latitude_Y": 42.367173, "longitude_X": -71.050159, "year": 2016 }, "geometry": { "type": "Point", "coordinates": [ -71.050159, 42.367173 ] } },
{ "type": "Feature", "properties": { "businessname": "BAUER WINES LTD.", "dbaname": null, "legalowner": "HJB INC", "namelast": "SUSAN FORTUNA", "namefirst": " ", "licenseno": 20856, "issdttm": "2012-01-03T10:51:39", "expdttm": "2018-12-31T23:59:00", "licstatus": "Inactive", "licensecat": "RF", "descript": "Retail Food", "result": "HE_Closure", "resultdttm": "2018-02-15T15:47:48", "violation": "27-5-103.11-.12", "viollevel": "***", "violdesc": "Hot and Cold Water", "violdttm": "2018-02-15T15:47:48", "violstatus": "Fail", "statusdate": null, "comments": "No hot water at hand sink - Bathroom", "address": "330   Newbury ST", "city": "Boston", "zip": 2115, "property_id": 101552, "latitude_Y": 42.34833, "longitude_X": -71.08626, "year": 2018 }, "geometry": { "type": "Point", "coordinates": [ -71.08626, 42.34833 ] } },
{ "type": "Feature", "properties": { "businessname": "Beacon Capital Market", "dbaname": null, "legalowner": "GETZLER EZRA", "namelast": "RODAN", "namefirst": "INC.", "licenseno": 18824, "issdttm": "2012-01-03T11:22:22", "expdttm": "2020-12-31T23:59:00", "licstatus": "Active", "licensecat": "RF", "descript": "Retail Food", "result": "HE_Fail", "resultdttm": "2019-10-15T11:52:02", "violation": "590.002/2-501.11-PF", "viollevel": "**", "violdesc": "Clean-up of Vomiting and Diarrheal Events (Pf)", "violdttm": "2019-10-15T11:52:02", "violstatus": "Fail", "statusdate": null, "comments": "Provide written documentation and kit for clean up", "address": "32   Myrtle ST", "city": "Boston", "zip": 2114, "property_id": 99713, "latitude_Y": 42.359225, "longitude_X": -71.065661, "year": 2019 }, "geometry": { "type": "Point", "coordinates": [ -71.065661, 42.359225 ] } },
{ "type": "Feature", "properties": { "businessname": "BEACON HILL HOTEL & BISTRO", "dbaname": null, "legalowner": "TWENTY 5 CHARLES ST LLC", "namelast": "25 Charles on the Hill LLC", "namefirst": "Alexander Saunders", "licenseno": 166439, "issdttm": "2016-03-09T15:51:47", "expdttm": "2019-12-31T23:59:00", "licstatus": "Inactive", "licensecat": "FS", "descript": "Eating & Drinking", "result": "HE_Fail", "resultdttm": "2016-01-28T15:22:45", "violation": "02-3-602.11-.12/3-302.12", "viollevel": "*", "violdesc": "Food Container Labels", "violdttm": "2016-01-28T15:22:45", "violstatus": "Fail", "statusdate": null, "comments": "Bulk food containers not labeled.", "address": "25   Charles ST", "city": "Boston", "zip": 2114, "property_id": 29144, "latitude_Y": 42.35692, "longitude_X": -71.06965, "year": 2016 }, "geometry": { "type": "Point", "coordinates": [ -71.06965, 42.35692 ] } },
{ "type": "Feature", "properties": { "businessname": "Beacon St. Locale", "dbaname": null, "legalowner": "  ", "namelast": "Vinal", "namefirst": "George", "licenseno": 318524, "issdttm": "2017-03-28T08:20:41", "expdttm": "2018-12-31T23:59:00", "licstatus": "Inactive", "licensecat": "FS", "descript": "Eating & Drinking", "result": "HE_FailExt", "resultdttm": "2018-03-23T14:23:13", "violation": "13-2-304/402.11", "viollevel": "*", "violdesc": "Clean Cloths  Hair Restraint", "violdttm": "2018-03-23T14:23:13", "violstatus": "Pass", "statusdate": "2018-03-23T15:25:48", "comments": "Employee observed with no hair restraint.Provide", "address": "495  Beacon ST", "city": "Boston", "zip": 2215, "property_id": 341117, "latitude_Y": 42.350586, "longitude_X": -71.08976, "year": 2018 }, "geometry": { "type": "Point", "coordinates": [ -71.08976, 42.350586 ] } },
{ "type": "Feature", "properties": { "businessname": "Beacon Hill Pub", "dbaname": null, "legalowner": "BORNSTEIN BARRY", "namelast": "BORNSTEIN", "namefirst": "BARRY", "licenseno": 18310, "issdttm": "2012-01-24T14:12:38", "expdttm": "2019-12-31T23:59:00", "licstatus": "Inactive", "licensecat": "FS", "descript": "Eating & Drinking", "result": "HE_Fail", "resultdttm": "2015-06-15T15:05:22", "violation": "16-4-501.11/.15", "viollevel": "*", "violdesc": "Dishwashng Facilities", "violdttm": "2015-06-15T15:05:22", "violstatus": "Fail", "statusdate": null, "comments": "Three compartment sink not being used properly. Sanitizing step taking place at the Rinse compartment. Wash  Rinse and Sanitize properly in that order.", "address": "149   Charles ST", "city": "Boston", "zip": 2114, "property_id": 158142, "latitude_Y": 42.360479, "longitude_X": -71.070569, "year": 2015 }, "geometry": { "type": "Point", "coordinates": [ -71.070569, 42.360479 ] } },
{ "type": "Feature", "properties": { "businessname": "Bean & Leaf Cafe", "dbaname": null, "legalowner": null, "namelast": "CHRISTINE LEONE", "namefirst": " ", "licenseno": 22234, "issdttm": "2012-02-21T09:52:36", "expdttm": "2020-12-31T23:59:00", "licstatus": "Active", "licensecat": "FT", "descript": "Eating & Drinking w/ Take Out", "result": "HE_Fail", "resultdttm": "2015-11-16T10:52:49", "violation": "01-3-602.11 B2", "viollevel": "***", "violdesc": "Labeling of Ingredients", "violdttm": "2015-11-16T10:52:49", "violstatus": "Fail", "statusdate": null, "comments": "Yogurt and granola cups in grab and go without labels / Provide.", "address": "20   Custom House ST", "city": "Boston", "zip": 2111, "property_id": 157482, "latitude_Y": 42.358135, "longitude_X": -71.053058, "year": 2015 }, "geometry": { "type": "Point", "coordinates": [ -71.053058, 42.358135 ] } },
{ "type": "Feature", "properties": { "businessname": "BEANTOWN BURRITO", "dbaname": null, "legalowner": "WATERMARK DONUT COMPANY", "namelast": "MARLENE DAVIDOWITZ", "namefirst": "TREAS.", "licenseno": 20934, "issdttm": "2011-12-14T15:00:58", "expdttm": "2020-12-31T23:59:00", "licstatus": "Active", "licensecat": "FT", "descript": "Eating & Drinking w/ Take Out", "result": "HE_Filed", "resultdttm": "2019-01-03T15:00:36", "violation": "23-4-602.13", "viollevel": "*", "violdesc": "Non-Food Contact Surfaces Clean", "violdttm": "2019-01-03T15:00:36", "violstatus": "Fail", "statusdate": null, "comments": "Multiple surfaces with encrusted soils including door handles of refrigeration and exteriors of waste receptacles- Clean areas with proper frequency", "address": "340  Longwood AVE", "city": "Boston", "zip": 2115, "property_id": 156613, "latitude_Y": 42.338284, "longitude_X": -71.106989, "year": 2019 }, "geometry": { "type": "Point", "coordinates": [ -71.106989, 42.338284 ] } },
{ "type": "Feature", "properties": { "businessname": "Beantown Hoagie", "dbaname": null, "legalowner": "STEVEN KRAVETZ  C. F. O.", "namelast": "Juyoung Sung", "namefirst": " ", "licenseno": 73755, "issdttm": "2011-12-15T13:47:17", "expdttm": "2016-12-31T23:59:00", "licstatus": "Inactive", "licensecat": "FT", "descript": "Eating & Drinking w/ Take Out", "result": "HE_Fail", "resultdttm": "2016-03-02T14:18:29", "violation": "02-3-602.11-.12/3-302.12", "viollevel": "*", "violdesc": "Food Container Labels", "violdttm": "2016-03-02T14:18:29", "violstatus": "Pass", "statusdate": "2016-03-03T08:54:03", "comments": "Several sauce containers with no labels. Provide.", "address": "102   Water ST", "city": "Boston", "zip": 2109, "property_id": 157376, "latitude_Y": 42.35806, "longitude_X": -71.055079, "year": 2016 }, "geometry": { "type": "Point", "coordinates": [ -71.055079, 42.35806 ] } },
{ "type": "Feature", "properties": { "businessname": "Beantown Pho & Grill", "dbaname": null, "legalowner": "BILL FRANKLIN G TRSTS", "namelast": "Nutchaya", "namefirst": "Tasanont", "licenseno": 128432, "issdttm": "2014-05-12T09:32:27", "expdttm": "2020-12-31T23:59:00", "licstatus": "Active", "licensecat": "FS", "descript": "Eating & Drinking", "result": "HE_Fail", "resultdttm": "2017-08-10T15:12:55", "violation": "10-4.302.11", "viollevel": "*", "violdesc": "Food Utensil Storage", "violdttm": "2017-08-10T15:12:55", "violstatus": "Fail", "statusdate": null, "comments": "Utensils stored in stagnant water.  Discontinue.", "address": "272   Newbury ST", "city": "Boston", "zip": 2116, "property_id": 101485, "latitude_Y": 42.34912, "longitude_X": -71.08342, "year": 2017 }, "geometry": { "type": "Point", "coordinates": [ -71.08342, 42.34912 ] } },
{ "type": "Feature", "properties": { "businessname": "Beantown Pub", "dbaname": null, "legalowner": "COLUCCI JOSEPH", "namelast": "COLUCCI", "namefirst": "JOSEPH", "licenseno": 21058, "issdttm": "2012-05-21T11:27:56", "expdttm": "2020-12-31T23:59:00", "licstatus": "Active", "licensecat": "FT", "descript": "Eating & Drinking w/ Take Out", "result": "HE_Fail", "resultdttm": "2015-06-02T11:43:17", "violation": "23-4-602.13", "viollevel": "*", "violdesc": "Non-Food Contact Surfaces Clean", "violdttm": "2015-06-02T11:43:17", "violstatus": "Fail", "statusdate": null, "comments": "Condensor fan covers with visible dust build up / Clean to remove.", "address": "100   Tremont ST", "city": "Boston", "zip": 2108, "property_id": 157329, "latitude_Y": 42.357232, "longitude_X": -71.060979, "year": 2015 }, "geometry": { "type": "Point", "coordinates": [ -71.060979, 42.357232 ] } },
{ "type": "Feature", "properties": { "businessname": "Bed Bath Beyond...", "dbaname": null, "legalowner": null, "namelast": "Bed Bath Beyond", "namefirst": "Attn: Risk Management", "licenseno": 21397, "issdttm": "2012-01-17T16:58:24", "expdttm": "2018-12-31T23:59:00", "licstatus": "Inactive", "licensecat": "RF", "descript": "Retail Food", "result": "HE_Filed", "resultdttm": "2015-12-02T12:01:26", "violation": "32-6-301.11-02.11", "viollevel": "*", "violdesc": "Hand Cleaner  Drying  Tissue Signage", "violdttm": "2015-12-02T12:01:26", "violstatus": "Fail", "statusdate": null, "comments": "No signage reminding employees to wash hands.", "address": "401   Park DR", "city": "Boston", "zip": 2110, "property_id": 156055, "latitude_Y": 42.344569, "longitude_X": -71.102711, "year": 2015 }, "geometry": { "type": "Point", "coordinates": [ -71.102711, 42.344569 ] } },
{ "type": "Feature", "properties": { "businessname": "BEE'S KNEES", "dbaname": null, "legalowner": "CFS SEAPORT LLC", "namelast": "Farm To Table L L C", "namefirst": " ", "licenseno": 86547, "issdttm": "2013-03-29T09:25:37", "expdttm": "2016-12-31T23:59:00", "licstatus": "Inactive", "licensecat": "RF", "descript": "Retail Food", "result": "HE_Fail", "resultdttm": "2015-08-10T11:33:01", "violation": "17-4-204.112/.115", "viollevel": "*", "violdesc": "Equipment Thermometers", "violdttm": "2015-08-10T11:33:01", "violstatus": "Fail", "statusdate": null, "comments": "provide thermometers for all refrigerators without one", "address": "12   Farnsworth ST", "city": "Boston", "zip": 2210, "property_id": 56390, "latitude_Y": 42.35137, "longitude_X": -71.04881, "year": 2015 }, "geometry": { "type": "Point", "coordinates": [ -71.04881, 42.35137 ] } },
{ "type": "Feature", "properties": { "businessname": "Bell In Hand", "dbaname": null, "legalowner": "FIFTY FIVE UNION LLC", "namelast": "OLD COLONIAL CORP.", "namefirst": " ", "licenseno": 18487, "issdttm": "2011-12-09T13:30:19", "expdttm": "2020-12-31T23:59:00", "licstatus": "Active", "licensecat": "FS", "descript": "Eating & Drinking", "result": "HE_Fail", "resultdttm": "2016-06-13T11:43:19", "violation": "03-3-501.16(A)", "viollevel": "***", "violdesc": "Cold Holding", "violdttm": "2016-06-13T11:43:19", "violstatus": "Fail", "statusdate": null, "comments": "Garlic in oil mixture sitting on counter at 64F / Provide proper cold holding temperatures.", "address": "45   Union ST", "city": "Boston", "zip": 2108, "property_id": 139294, "latitude_Y": 42.3616, "longitude_X": -71.05706, "year": 2016 }, "geometry": { "type": "Point", "coordinates": [ -71.05706, 42.3616 ] } },
{ "type": "Feature", "properties": { "businessname": "Bella Arianna", "dbaname": null, "legalowner": null, "namelast": "Bella Arianna L L C", "namefirst": " ", "licenseno": 125210, "issdttm": "2014-01-09T13:34:52", "expdttm": "2016-12-31T23:59:00", "licstatus": "Inactive", "licensecat": "FS", "descript": "Eating & Drinking", "result": "HE_Filed", "resultdttm": "2015-10-13T11:46:45", "violation": "10-3-304.12", "viollevel": "*", "violdesc": "Food Utensil Storage", "violdttm": "2015-10-13T11:46:45", "violstatus": "Fail", "statusdate": null, "comments": "Utensils in stagnant water / Remove and properly store utensils while in between use.", "address": "107   South ST", "city": "Boston", "zip": 2111, "property_id": 156281, "latitude_Y": 42.351401, "longitude_X": -71.05752, "year": 2015 }, "geometry": { "type": "Point", "coordinates": [ -71.05752, 42.351401 ] } },
{ "type": "Feature", "properties": { "businessname": "Bella Vista", "dbaname": null, "legalowner": "PEZZANO FRANK ETAL", "namelast": "PEZZANO", "namefirst": "FRANK", "licenseno": 25721, "issdttm": "2011-12-08T14:43:00", "expdttm": "2020-12-31T23:59:00", "licstatus": "Active", "licensecat": "FS", "descript": "Eating & Drinking", "result": "HE_Fail", "resultdttm": "2015-06-03T13:09:32", "violation": "14-4-202.11", "viollevel": "*", "violdesc": "Food Contact Surfaces Design", "violdttm": "2015-06-03T13:09:32", "violstatus": "Fail", "statusdate": null, "comments": "Replace heavilty soiled cutting boards where needed", "address": "288   Hanover ST", "city": "Boston", "zip": 2113, "property_id": 69101, "latitude_Y": 42.36402, "longitude_X": -71.0545, "year": 2015 }, "geometry": { "type": "Point", "coordinates": [ -71.0545, 42.36402 ] } },
{ "type": "Feature", "properties": { "businessname": "Ben & Jerry's", "dbaname": null, "legalowner": "EURO REALTY LTD PARTNERSHIP", "namelast": "BOSTON SCOOP SHOPS INC.", "namefirst": " ", "licenseno": 22630, "issdttm": "2012-02-21T08:15:11", "expdttm": "2020-12-31T23:59:00", "licstatus": "Active", "licensecat": "FT", "descript": "Eating & Drinking w/ Take Out", "result": "HE_Fail", "resultdttm": "2015-05-15T14:18:16", "violation": "02-3-602.11-.12/3-302.12", "viollevel": "*", "violdesc": "Food Container Labels", "violdttm": "2015-05-15T14:18:16", "violstatus": "Fail", "statusdate": null, "comments": "Bulk storage containers missing labels.Provide proper labels", "address": "174   Newbury ST", "city": "Boston", "zip": 2116, "property_id": 101380, "latitude_Y": 42.35031, "longitude_X": -71.079, "year": 2015 }, "geometry": { "type": "Point", "coordinates": [ -71.079, 42.35031 ] } },
{ "type": "Feature", "properties": { "businessname": "Ben Cotto", "dbaname": null, "legalowner": "SICILINO JANICE TS", "namelast": "Bono Pres.", "namefirst": "Joseph", "licenseno": 143671, "issdttm": "2017-05-23T09:06:17", "expdttm": "2020-12-31T23:59:00", "licstatus": "Active", "licensecat": "FS", "descript": "Eating & Drinking", "result": "HE_Fail", "resultdttm": "2018-04-23T11:31:56", "violation": "03-3-501.16(A)", "viollevel": "***", "violdesc": "Cold Holding", "violdttm": "2018-04-23T11:31:56", "violstatus": "Fail", "statusdate": null, "comments": "The items on the top of the large refrigerator are elevated; sausage 49F  pasta 50F.  Provide proper cold holding of 41F or below.  (The unit was just loaded items will be moved to other refrigeration until this refrigeration unit is maintaining temperature.)", "address": "357   Hanover ST", "city": "Boston", "zip": 2113, "property_id": 69120, "latitude_Y": 42.36466, "longitude_X": -71.05337, "year": 2018 }, "geometry": { "type": "Point", "coordinates": [ -71.05337, 42.36466 ] } },
{ "type": "Feature", "properties": { "businessname": "Benevento's", "dbaname": null, "legalowner": "TOPWALK LLC", "namelast": "Joseph Bono", "namefirst": " ", "licenseno": 33572, "issdttm": "2012-02-15T13:14:01", "expdttm": "2020-12-31T23:59:00", "licstatus": "Active", "licensecat": "FS", "descript": "Eating & Drinking", "result": "HE_Fail", "resultdttm": "2015-03-18T12:28:33", "violation": "05-4-302.12", "viollevel": "*", "violdesc": "Food Thermometers Provided", "violdttm": "2015-03-18T12:28:33", "violstatus": "Fail", "statusdate": null, "comments": "Provide working food thermometers as discussed for chef and prep cooks", "address": "111   Salem ST", "city": "Boston", "zip": 2113, "property_id": 121696, "latitude_Y": 42.36427, "longitude_X": -71.05536, "year": 2015 }, "geometry": { "type": "Point", "coordinates": [ -71.05536, 42.36427 ] } },
{ "type": "Feature", "properties": { "businessname": "Bennetts Sandwich Shop", "dbaname": null, "legalowner": "GOMBERG WARREN I TS", "namelast": "Peterborough LLC", "namefirst": "Bennetts Store of Boston", "licenseno": 318227, "issdttm": "2017-09-22T08:02:18", "expdttm": "2020-12-31T23:59:00", "licstatus": "Active", "licensecat": "FS", "descript": "Eating & Drinking", "result": "HE_Fail", "resultdttm": "2017-06-27T14:28:30", "violation": "08-3-305-307.11", "viollevel": "*", "violdesc": "Food Protection", "violdttm": "2017-06-27T14:28:30", "violstatus": "Fail", "statusdate": null, "comments": "Mop sink not enclosed - Prep area No divider/splash guard between hand sink and clean equipment storage", "address": "84   Peterborough ST", "city": "Boston", "zip": 2215, "property_id": 109880, "latitude_Y": 42.343135, "longitude_X": -71.098841, "year": 2017 }, "geometry": { "type": "Point", "coordinates": [ -71.098841, 42.343135 ] } },
{ "type": "Feature", "properties": { "businessname": "Berkeley Bistro", "dbaname": null, "legalowner": "GUCKENHEIMER ENT. INC. RICHARD YARSHEN", "namelast": "11 Dining LLC", "namefirst": "Att: Accounts Payable", "licenseno": 413545, "issdttm": "2019-12-20T14:34:48", "expdttm": "2020-12-31T23:59:00", "licstatus": "Active", "licensecat": "FT", "descript": "Eating & Drinking w/ Take Out", "result": "HE_Fail", "resultdttm": "2019-12-19T11:15:13", "violation": "590.005/5-103.12-PF", "viollevel": "**", "violdesc": "Pressure (Pf)", "violdttm": "2019-12-19T11:15:13", "violstatus": "Fail", "statusdate": null, "comments": "repair hot water tank to provide hot running water at 100 degrees", "address": "200   Berkeley ST", "city": "Boston", "zip": 2116, "property_id": 156187, "latitude_Y": 42.35006, "longitude_X": -71.072919, "year": 2019 }, "geometry": { "type": "Point", "coordinates": [ -71.072919, 42.35006 ] } },
{ "type": "Feature", "properties": { "businessname": "BERKELEY PERK CAFE", "dbaname": null, "legalowner": "TSE JORDAN", "namelast": "JOHN MANNING", "namefirst": "BERKELEY PERK CAFE", "licenseno": 20876, "issdttm": "2012-01-03T09:47:50", "expdttm": "2020-12-31T23:59:00", "licstatus": "Active", "licensecat": "FT", "descript": "Eating & Drinking w/ Take Out", "result": "HE_Fail", "resultdttm": "2015-01-08T14:35:54", "violation": "16-4-501.11/.15", "viollevel": "*", "violdesc": "Dishwashng Facilities", "violdttm": "2015-01-08T14:35:54", "violstatus": "Fail", "statusdate": null, "comments": "Soiled dishes stored inside the prep sink. Provide a soiled dish area/rack.", "address": "69   Berkeley ST", "city": "Boston", "zip": 2116, "property_id": 15038, "latitude_Y": 42.34678, "longitude_X": -71.07061, "year": 2015 }, "geometry": { "type": "Point", "coordinates": [ -71.07061, 42.34678 ] } },
{ "type": "Feature", "properties": { "businessname": "BERKELEY RESIDENCE YWCA", "dbaname": null, "legalowner": "BOSTON YOUNG WOMENS", "namelast": "BOSTON YWCA", "namefirst": " ", "licenseno": 18993, "issdttm": "2012-02-15T10:44:07", "expdttm": "2017-12-31T23:59:00", "licstatus": "Inactive", "licensecat": "FS", "descript": "Eating & Drinking", "result": "HE_Filed", "resultdttm": "2015-01-12T14:29:00", "violation": "17-4-204.112/.115", "viollevel": "*", "violdesc": "Equipment Thermometers", "violdttm": "2015-01-12T14:29:00", "violstatus": "Fail", "statusdate": null, "comments": "No interrior thermometer for the cold holding refrigerating unit at the lower level. Provide.", "address": "40   Berkeley ST", "city": "Boston", "zip": 2116, "property_id": 15025, "latitude_Y": 42.34594, "longitude_X": -71.0709, "year": 2015 }, "geometry": { "type": "Point", "coordinates": [ -71.0709, 42.34594 ] } },
{ "type": "Feature", "properties": { "businessname": "BERTUCCI'S BRICK OVEN PIZZA", "dbaname": null, "legalowner": "BERTUCCI'S REST. CORP.", "namelast": "BERTUCCI'S REST. CORP.", "namefirst": " ", "licenseno": 18797, "issdttm": "2011-12-17T21:30:49", "expdttm": "2018-12-31T23:59:00", "licstatus": "Inactive", "licensecat": "FS", "descript": "Eating & Drinking", "result": "HE_Fail", "resultdttm": "2016-02-03T10:02:03", "violation": "02-3-602.11-.12/3-302.12", "viollevel": "*", "violdesc": "Food Container Labels", "violdttm": "2016-02-03T10:02:03", "violstatus": "Fail", "statusdate": null, "comments": "Dry ingredient storage bins in dough preperation room not labeled. Provide proper label indentifying contents.", "address": "22   Merchants ROW", "city": "Boston", "zip": 2109, "property_id": 157866, "latitude_Y": 42.359407, "longitude_X": -71.055821, "year": 2016 }, "geometry": { "type": "Point", "coordinates": [ -71.055821, 42.359407 ] } },
{ "type": "Feature", "properties": { "businessname": "Beth Israel Deaconess", "dbaname": null, "legalowner": "BETH ISRAEL DEACONESS", "namelast": "SODEXO OPERATIONS L L C", "namefirst": " ", "licenseno": 26033, "issdttm": "2012-02-13T10:14:16", "expdttm": "2020-12-31T23:59:00", "licstatus": "Active", "licensecat": "FS", "descript": "Eating & Drinking", "result": "HE_Fail", "resultdttm": "2015-11-17T15:05:41", "violation": "23-4-602.13", "viollevel": "*", "violdesc": "Non-Food Contact Surfaces Clean", "violdttm": "2015-11-17T15:05:41", "violstatus": "Fail", "statusdate": null, "comments": "Interiors of non cold holding refrigerators used for dry storage withj soils and debris- Clean", "address": "330   Brookline AVE", "city": "Boston", "zip": 2115, "property_id": 22096, "latitude_Y": 42.33982, "longitude_X": -71.10568, "year": 2015 }, "geometry": { "type": "Point", "coordinates": [ -71.10568, 42.33982 ] } },
{ "type": "Feature", "properties": { "businessname": "Biddy Earlys", "dbaname": null, "legalowner": "MOYLAN JOHN T", "namelast": "HUGH VARDEN", "namefirst": " ", "licenseno": 21629, "issdttm": "2012-01-24T14:21:23", "expdttm": "2020-12-31T23:59:00", "licstatus": "Active", "licensecat": "FS", "descript": "Eating & Drinking", "result": "HE_Fail", "resultdttm": "2015-05-19T14:02:31", "violation": "04-3-501.15/4-301.11", "viollevel": "*", "violdesc": "Inadequate Facilities/Cooling Methods", "violdttm": "2015-05-19T14:02:31", "violstatus": "Fail", "statusdate": null, "comments": "Stand up reach in 50F  / Repair or replace to provide temperatures of 41F or below at all times.", "address": "141   Pearl ST", "city": "Boston", "zip": 2110, "property_id": 108787, "latitude_Y": 42.35464, "longitude_X": -71.05374, "year": 2015 }, "geometry": { "type": "Point", "coordinates": [ -71.05374, 42.35464 ] } },
{ "type": "Feature", "properties": { "businessname": "Bijou Night Club", "dbaname": null, "legalowner": null, "namelast": "GSTH INVESTMENT GROUP L L C", "namefirst": " ", "licenseno": 76134, "issdttm": "2012-02-13T10:10:56", "expdttm": "2020-12-31T23:59:00", "licstatus": "Active", "licensecat": "FS", "descript": "Eating & Drinking", "result": "HE_Fail", "resultdttm": "2019-04-25T17:45:28", "violation": "17-4-302.14", "viollevel": "*", "violdesc": "Test Kit Provided", "violdttm": "2019-04-25T17:45:28", "violstatus": "Fail", "statusdate": null, "comments": "No sanitizer test kit on site. Provide.", "address": "51   Stuart ST", "city": "Boston", "zip": 2116, "property_id": 155868, "latitude_Y": 42.351234, "longitude_X": -71.064128, "year": 2019 }, "geometry": { "type": "Point", "coordinates": [ -71.064128, 42.351234 ] } },
{ "type": "Feature", "properties": { "businessname": "Bill's Bar", "dbaname": null, "legalowner": "NEW ROULET LIMITED PARTNERSH", "namelast": "c/o Lyons Group", "namefirst": " ", "licenseno": 20504, "issdttm": "2011-12-13T10:15:00", "expdttm": "2020-12-31T23:59:00", "licstatus": "Active", "licensecat": "FS", "descript": "Eating & Drinking", "result": "HE_Fail", "resultdttm": "2016-10-11T19:04:55", "violation": "32-6-301.11-02.11", "viollevel": "*", "violdesc": "Hand Cleaner  Drying  Tissue Signage", "violdttm": "2016-10-11T19:04:55", "violstatus": "Fail", "statusdate": null, "comments": "No paper towel dispenser at bar handsink. Provide.", "address": "7   Lansdowne ST", "city": "Boston", "zip": 2215, "property_id": 84011, "latitude_Y": 42.34733, "longitude_X": -71.09499, "year": 2016 }, "geometry": { "type": "Point", "coordinates": [ -71.09499, 42.34733 ] } },
{ "type": "Feature", "properties": { "businessname": "BILLY TSE RESTAURANT", "dbaname": null, "legalowner": "COMMBOS LP", "namelast": "TSE BILLY", "namefirst": " ", "licenseno": 20275, "issdttm": "2011-12-17T20:20:05", "expdttm": "2020-12-31T23:59:00", "licstatus": "Active", "licensecat": "FS", "descript": "Eating & Drinking", "result": "HE_Fail", "resultdttm": "2015-02-14T11:12:46", "violation": "21-3-304.14", "viollevel": "*", "violdesc": "Wiping Cloths  Clean  Sanitize", "violdttm": "2015-02-14T11:12:46", "violstatus": "Fail", "statusdate": null, "comments": "Clean and launder all wiping cloths.", "address": "240   Commercial ST", "city": "Boston", "zip": 2109, "property_id": 36254, "latitude_Y": 42.36385, "longitude_X": -71.05146, "year": 2015 }, "geometry": { "type": "Point", "coordinates": [ -71.05146, 42.36385 ] } },
{ "type": "Feature", "properties": { "businessname": "Bistro du Midi", "dbaname": null, "legalowner": null, "namelast": "Bistro Du Midi", "namefirst": "HM Boston LLC", "licenseno": 22642, "issdttm": "2011-12-17T20:52:18", "expdttm": "2020-12-31T23:59:00", "licstatus": "Active", "licensecat": "FS", "descript": "Eating & Drinking", "result": "HE_Fail", "resultdttm": "2016-05-10T08:43:54", "violation": "14-4-202.11", "viollevel": "*", "violdesc": "Food Contact Surfaces Design", "violdttm": "2016-05-10T08:43:54", "violstatus": "Fail", "statusdate": null, "comments": "Worn cutting boards", "address": "272   Boylston ST", "city": "Boston", "zip": 2116, "property_id": 157796, "latitude_Y": 42.351859, "longitude_X": -71.069669, "year": 2016 }, "geometry": { "type": "Point", "coordinates": [ -71.069669, 42.351859 ] } },
{ "type": "Feature", "properties": { "businessname": "Billy's Sub Shop", "dbaname": null, "legalowner": "CHIN SHEW PING ETAL", "namelast": "KALAITZDIS", "namefirst": "ANASTASIOS", "licenseno": 22062, "issdttm": "2012-02-09T14:48:00", "expdttm": "2020-12-31T23:59:00", "licstatus": "Active", "licensecat": "FT", "descript": "Eating & Drinking w/ Take Out", "result": "HE_Fail", "resultdttm": "2015-02-03T14:13:29", "violation": "03-401.11-.12", "viollevel": "***", "violdesc": "Cooking Temperatures", "violdttm": "2015-02-03T14:13:29", "violstatus": "Fail", "statusdate": null, "comments": "Chicken being partially cooked. Discontinue. Cook at proper temperature.", "address": "57   Berkeley ST", "city": "Boston", "zip": 2116, "property_id": 15033, "latitude_Y": 42.34659, "longitude_X": -71.07051, "year": 2015 }, "geometry": { "type": "Point", "coordinates": [ -71.07051, 42.34659 ] } },
{ "type": "Feature", "properties": { "businessname": "Bin 26 Enoteca", "dbaname": null, "legalowner": "DELUTY EVAN", "namelast": "Bina", "namefirst": "Babak", "licenseno": 27661, "issdttm": "2012-02-13T10:09:28", "expdttm": "2020-12-31T23:59:00", "licstatus": "Active", "licensecat": "FS", "descript": "Eating & Drinking", "result": "HE_Fail", "resultdttm": "2016-12-06T12:02:26", "violation": "37-6-501.11-.12", "viollevel": "*", "violdesc": "Improper Maintenance of Walls/Ceilings", "violdttm": "2016-12-06T12:02:26", "violstatus": "Fail", "statusdate": null, "comments": "Wall base in disrepair below permits/licenses", "address": "26   Charles ST", "city": "Boston", "zip": 2114, "property_id": 158228, "latitude_Y": 42.356745, "longitude_X": -71.069988, "year": 2016 }, "geometry": { "type": "Point", "coordinates": [ -71.069988, 42.356745 ] } },
{ "type": "Feature", "properties": { "businessname": "BISHOP'S MEDITERRANEAN", "dbaname": null, "legalowner": null, "namelast": "MGJG L L C", "namefirst": " ", "licenseno": 126040, "issdttm": "2014-07-10T14:48:46", "expdttm": "2020-12-31T23:59:00", "licstatus": "Active", "licensecat": "FT", "descript": "Eating & Drinking w/ Take Out", "result": "HE_Fail", "resultdttm": "2015-03-20T10:51:07", "violation": "22-4-601/602.11", "viollevel": "**", "violdesc": "Food Contact Surfaces Clean", "violdttm": "2015-03-20T10:51:07", "violstatus": "Fail", "statusdate": null, "comments": "interior of potato bulk food container with soils  clean to remove", "address": "70  Staniford St", "city": "Boston", "zip": 2114, "property_id": 157194, "latitude_Y": 42.362733, "longitude_X": -71.06423, "year": 2015 }, "geometry": { "type": "Point", "coordinates": [ -71.06423, 42.362733 ] } },
{ "type": "Feature", "properties": { "businessname": "Black Rose", "dbaname": null, "legalowner": "ONE 60 STATE ASSOC MASS LPS", "namelast": "The Black Rose Inc.", "namefirst": " ", "licenseno": 18686, "issdttm": "2011-12-29T14:14:49", "expdttm": "2020-12-31T23:59:00", "licstatus": "Active", "licensecat": "FS", "descript": "Eating & Drinking", "result": "HE_Fail", "resultdttm": "2015-01-16T11:15:26", "violation": "35-6-501.111/.115", "viollevel": "**", "violdesc": "Insects  Rodents  Animals", "violdttm": "2015-01-16T11:15:26", "violstatus": "Fail", "statusdate": null, "comments": "Fruit flies in basement  clean to remove", "address": "160   State ST", "city": "Boston", "zip": 2109, "property_id": 130383, "latitude_Y": 42.35944, "longitude_X": -71.05379, "year": 2015 }, "geometry": { "type": "Point", "coordinates": [ -71.05379, 42.35944 ] } },
{ "type": "Feature", "properties": { "businessname": "Black Seeds", "dbaname": null, "legalowner": null, "namelast": "IBRAHIM", "namefirst": "IBRAHIM", "licenseno": 20465, "issdttm": "2012-02-15T09:02:19", "expdttm": "2020-12-31T23:59:00", "licstatus": "Active", "licensecat": "FS", "descript": "Eating & Drinking", "result": "HE_Fail", "resultdttm": "2016-03-09T11:09:15", "violation": "15-4-202.16", "viollevel": "*", "violdesc": "Non-Food Contact Surfaces", "violdttm": "2016-03-09T11:09:15", "violstatus": "Fail", "statusdate": null, "comments": "ice machine broken  repair", "address": "131  Tremont ST", "city": "Boston", "zip": 2111, "property_id": 155952, "latitude_Y": 42.356002, "longitude_X": -71.062138, "year": 2016 }, "geometry": { "type": "Point", "coordinates": [ -71.062138, 42.356002 ] } },
{ "type": "Feature", "properties": { "businessname": "BLACKSTONE GRILL", "dbaname": null, "legalowner": "FIFTEEN UNION STREET LLC", "namelast": "Baird Hospitality L L C", "namefirst": " ", "licenseno": 129200, "issdttm": "2014-06-16T12:47:13", "expdttm": "2020-12-31T23:59:00", "licstatus": "Active", "licensecat": "FS", "descript": "Eating & Drinking", "result": "HE_Fail", "resultdttm": "2015-04-03T11:53:29", "violation": "14-4-202.11", "viollevel": "*", "violdesc": "Food Contact Surfaces Design", "violdttm": "2015-04-03T11:53:29", "violstatus": "Fail", "statusdate": null, "comments": "Replace soiled   uncleanable cutting boards where needed [ sandwich unit on the cooking line]", "address": "15   Union ST", "city": "Boston", "zip": 2108, "property_id": 139286, "latitude_Y": 42.360853, "longitude_X": -71.056685, "year": 2015 }, "geometry": { "type": "Point", "coordinates": [ -71.056685, 42.360853 ] } },
{ "type": "Feature", "properties": { "businessname": "Blaze Pizza", "dbaname": null, "legalowner": null, "namelast": "BGR Hospitality LLC", "namefirst": "MatthewGiroux", "licenseno": 302822, "issdttm": "2016-12-20T08:00:49", "expdttm": "2020-12-31T23:59:00", "licstatus": "Active", "licensecat": "FS", "descript": "Eating & Drinking", "result": "HE_Fail", "resultdttm": "2016-12-15T09:38:28", "violation": "15-4-202.16", "viollevel": "*", "violdesc": "Non-Food Contact Surfaces", "violdttm": "2016-12-15T09:38:28", "violstatus": "Fail", "statusdate": null, "comments": "No splash guard between hand sink and prep table - Serving line No splash guard between hand sink and food prep sink - Kitchen/Ware washing", "address": "123   Stuart ST", "city": "Boston", "zip": 2116, "property_id": 156379, "latitude_Y": 42.351378, "longitude_X": -71.065729, "year": 2016 }, "geometry": { "type": "Point", "coordinates": [ -71.065729, 42.351378 ] } },
{ "type": "Feature", "properties": { "businessname": "Blaze Pizza", "dbaname": null, "legalowner": "SPENCER BRADFORD A", "namelast": "BGR Hospitality LLC", "namefirst": "MatthewGiroux", "licenseno": 340080, "issdttm": "2017-11-15T14:11:58", "expdttm": "2020-12-31T23:59:00", "licstatus": "Active", "licensecat": "FS", "descript": "Eating & Drinking", "result": "HE_Fail", "resultdttm": "2020-01-03T12:47:32", "violation": "590.003/3-501.16-P", "viollevel": "***", "violdesc": "(A)(2) and (B) Time/Temperature Control for Safety Food  Hot and Cold Holding (P)", "violdttm": "2020-01-03T12:47:32", "violstatus": "Fail", "statusdate": null, "comments": "Salad Section-  Ceasar Salad 53F  Arugula and Goat Cheese Salad 52F.  Unit 38F  PIC moved above items inside the refrigerating unit. Ensure that salads are chilled before placed out for cold holding  and they are maintained all the time at 41F or below.", "address": "961   Commonwealth AVE", "city": "Boston", "zip": 2215, "property_id": 41311, "latitude_Y": 42.35192, "longitude_X": -71.11908, "year": 2020 }, "geometry": { "type": "Point", "coordinates": [ -71.11908, 42.35192 ] } },
{ "type": "Feature", "properties": { "businessname": "Bleacher Bar", "dbaname": null, "legalowner": "JACK LYONS  MANAGER", "namelast": "Bleachers Bar LLC", "namefirst": "c/o Lyons Group", "licenseno": 29474, "issdttm": "2012-03-07T13:19:34", "expdttm": "2020-12-31T23:59:00", "licstatus": "Active", "licensecat": "FS", "descript": "Eating & Drinking", "result": "HE_Fail", "resultdttm": "2015-05-12T14:42:46", "violation": "17-4-204.112/.115", "viollevel": "*", "violdesc": "Equipment Thermometers", "violdttm": "2015-05-12T14:42:46", "violstatus": "Fail", "statusdate": null, "comments": "Gauge not registering on bish machine at the bar.Repair", "address": "70  Lansdowne ST", "city": "Boston", "zip": 2215, "property_id": 156998, "latitude_Y": 42.347051, "longitude_X": -71.098327, "year": 2015 }, "geometry": { "type": "Point", "coordinates": [ -71.098327, 42.347051 ] } },
{ "type": "Feature", "properties": { "businessname": "Blu", "dbaname": null, "legalowner": null, "namelast": "Equinox", "namefirst": "Attn: Entitlements", "licenseno": 136275, "issdttm": "2015-03-10T10:14:06", "expdttm": "2020-12-31T23:59:00", "licstatus": "Active", "licensecat": "FS", "descript": "Eating & Drinking", "result": "HE_Fail", "resultdttm": "2015-02-23T15:26:50", "violation": "03-3-501.16(A)", "viollevel": "***", "violdesc": "Cold Holding", "violdttm": "2015-02-23T15:26:50", "violstatus": "Fail", "statusdate": null, "comments": "1) Cold hold of Chicken salad @ 46f  ensure proper cold hold of 41f or below 2) Chicken @ 50f   ensure proper cold hold of 41f or below", "address": "4  Avery ST", "city": "Boston", "zip": 2111, "property_id": 7254, "latitude_Y": 42.35307, "longitude_X": -71.06292, "year": 2015 }, "geometry": { "type": "Point", "coordinates": [ -71.06292, 42.35307 ] } },
{ "type": "Feature", "properties": { "businessname": "Blue Bottle Coffee", "dbaname": null, "legalowner": "EURO REALTY LTD PARTNERSHIP", "namelast": "Blue Bottle Cafe", "namefirst": "Att: Accounts Payable", "licenseno": 404530, "issdttm": "2019-12-06T10:01:34", "expdttm": "2020-12-31T23:59:00", "licstatus": "Active", "licensecat": "FT", "descript": "Eating & Drinking w/ Take Out", "result": "HE_Filed", "resultdttm": "2019-12-05T10:46:36", "violation": "590.005/5-501.17-C", "viollevel": "*", "violdesc": "Toilet Room Receptacle  Covered (C)", "violdttm": "2019-12-05T10:46:36", "violstatus": "Fail", "statusdate": null, "comments": "No cover for waste receptacle in bathroom", "address": "163   Newbury ST", "city": "Boston", "zip": 2116, "property_id": 101369, "latitude_Y": 42.35084, "longitude_X": -71.07879, "year": 2019 }, "geometry": { "type": "Point", "coordinates": [ -71.07879, 42.35084 ] } },
{ "type": "Feature", "properties": { "businessname": "Blue Dragon", "dbaname": null, "legalowner": "BOSTON WHARF CO GPS", "namelast": "Ming Tsai", "namefirst": " ", "licenseno": 80794, "issdttm": "2013-02-27T09:17:18", "expdttm": "2020-12-31T23:59:00", "licstatus": "Active", "licensecat": "FS", "descript": "Eating & Drinking", "result": "HE_Fail", "resultdttm": "2018-05-11T11:14:37", "violation": "03-3-501.16(A)", "viollevel": "***", "violdesc": "Cold Holding", "violdttm": "2018-05-11T11:14:37", "violstatus": "Fail", "statusdate": null, "comments": "Ground pork at cookline 47F. Maintain at 41F or below. PIC took steps to cool product out of temperature. Slice cucumber at bar fruit tray 52F. Bartender ice down product. Hold cut produce at 41F or below.", "address": "324  A ST", "city": "Boston", "zip": 2210, "property_id": 30, "latitude_Y": 42.349391, "longitude_X": -71.049735, "year": 2018 }, "geometry": { "type": "Point", "coordinates": [ -71.049735, 42.349391 ] } },
{ "type": "Feature", "properties": { "businessname": "Blue State Coffee", "dbaname": null, "legalowner": "  ", "namelast": "Blue State Coffee LLC", "namefirst": "Carolyn Greenspan  CEO", "licenseno": 87139, "issdttm": "2014-04-15T12:43:33", "expdttm": "2020-12-31T23:59:00", "licstatus": "Active", "licensecat": "FT", "descript": "Eating & Drinking w/ Take Out", "result": "HE_Fail", "resultdttm": "2015-04-22T13:49:28", "violation": "23-4-602.13", "viollevel": "*", "violdesc": "Non-Food Contact Surfaces Clean", "violdttm": "2015-04-22T13:49:28", "violstatus": "Fail", "statusdate": null, "comments": "clean under counter storage shelves", "address": "155   Seaport BLVD", "city": "Boston", "zip": 2210, "property_id": 307541, "latitude_Y": 42.34968, "longitude_X": -71.04281, "year": 2015 }, "geometry": { "type": "Point", "coordinates": [ -71.04281, 42.34968 ] } },
{ "type": "Feature", "properties": { "businessname": "Blue State Coffee@957 Comm. Ave. Boston", "dbaname": null, "legalowner": "J & M REALTY INC MASS CORP", "namelast": "Blue State Coffee L L C", "namefirst": " ", "licenseno": 73428, "issdttm": "2012-02-13T10:08:04", "expdttm": "2020-12-31T23:59:00", "licstatus": "Active", "licensecat": "FS", "descript": "Eating & Drinking", "result": "HE_Fail", "resultdttm": "2016-04-05T13:35:49", "violation": "14-4-202.11", "viollevel": "*", "violdesc": "Food Contact Surfaces Design", "violdttm": "2016-04-05T13:35:49", "violstatus": "Fail", "statusdate": null, "comments": "replace worn and stained cutting board on cold unit in the kitchen.", "address": "957   Commonwealth AVE", "city": "Boston", "zip": 2215, "property_id": 41310, "latitude_Y": 42.35191, "longitude_X": -71.11889, "year": 2016 }, "geometry": { "type": "Point", "coordinates": [ -71.11889, 42.35191 ] } },
{ "type": "Feature", "properties": { "businessname": "Bluestone Lane", "dbaname": null, "legalowner": "  ", "namelast": "Blackstone Lane Holding LLC", "namefirst": "Att: Accounts Payable", "licenseno": 391617, "issdttm": "2019-12-17T08:45:28", "expdttm": "2020-12-31T23:59:00", "licstatus": "Active", "licensecat": "FT", "descript": "Eating & Drinking w/ Take Out", "result": "HE_Fail", "resultdttm": "2019-12-12T10:58:26", "violation": "590.003/3-305.11-C", "viollevel": "*", "violdesc": "Food Storage-Preventing Contamination from the Premises (C)", "violdttm": "2019-12-12T10:58:26", "violstatus": "Fail", "statusdate": null, "comments": "Provide a splash gaurd/barrier between the designated food prep sink and the designated dump/utility sink. Label each sink also.", "address": "125   High ST", "city": "Boston", "zip": 2110, "property_id": 166214, "latitude_Y": 42.355263, "longitude_X": -71.053133, "year": 2019 }, "geometry": { "type": "Point", "coordinates": [ -71.053133, 42.355263 ] } },
{ "type": "Feature", "properties": { "businessname": "BM1: BON ME YELLOW", "dbaname": null, "legalowner": "L.A. WEIGHT LOSS CENTERS  INC.", "namelast": "Patrick Lynch & Alson Fong", "namefirst": " ", "licenseno": 74694, "issdttm": "2011-12-13T11:07:10", "expdttm": "2020-12-31T23:59:00", "licstatus": "Active", "licensecat": "MFW", "descript": "Mobile Food Walk On", "result": "HE_Fail", "resultdttm": "2015-03-06T11:00:00", "violation": "02-3-602.11-.12/3-302.12", "viollevel": "*", "violdesc": "Food Container Labels", "violdttm": "2015-03-06T11:00:00", "violstatus": "Fail", "statusdate": null, "comments": "Bulk containers not labeled. Provide proper labeling on all food and sauces.", "address": "100   City Hall PLZ", "city": "Boston", "zip": 2108, "property_id": 158266, "latitude_Y": 42.359529, "longitude_X": -71.05875, "year": 2015 }, "geometry": { "type": "Point", "coordinates": [ -71.05875, 42.359529 ] } },
{ "type": "Feature", "properties": { "businessname": "BO9/CO9/Y7", "dbaname": null, "legalowner": "JACK LYONS  MANAGER", "namelast": "ARAMARK", "namefirst": " ", "licenseno": 75027, "issdttm": "2012-02-09T12:23:49", "expdttm": "2020-12-31T23:59:00", "licstatus": "Active", "licensecat": "FT", "descript": "Eating & Drinking w/ Take Out", "result": "HE_Fail", "resultdttm": "2016-04-07T13:28:33", "violation": "23-4-602.13", "viollevel": "*", "violdesc": "Non-Food Contact Surfaces Clean", "violdttm": "2016-04-07T13:28:33", "violstatus": "Fail", "statusdate": null, "comments": "The gaskets on the front refrigerator are soiled.  Clean to remove.", "address": "4  Jersey St", "city": "Boston", "zip": 2215, "property_id": 156417, "latitude_Y": 42.346723, "longitude_X": -71.09868, "year": 2016 }, "geometry": { "type": "Point", "coordinates": [ -71.09868, 42.346723 ] } },
{ "type": "Feature", "properties": { "businessname": "Bob's Grocery", "dbaname": null, "legalowner": "DEGRUTTOLA ROBERT A", "namelast": "HAI TRAN", "namefirst": "PRES.", "licenseno": 19919, "issdttm": "2012-01-25T10:34:28", "expdttm": "2020-12-31T23:59:00", "licstatus": "Active", "licensecat": "RF", "descript": "Retail Food", "result": "HE_Fail", "resultdttm": "2015-03-30T11:39:05", "violation": "08-3-305-307.11", "viollevel": "*", "violdesc": "Food Protection", "violdttm": "2015-03-30T11:39:05", "violstatus": "Fail", "statusdate": null, "comments": "Keep all foods elevated off the floor at least six inches during storage", "address": "160   Endicott ST", "city": "Boston", "zip": 2113, "property_id": 53812, "latitude_Y": 42.36544, "longitude_X": -71.05756, "year": 2015 }, "geometry": { "type": "Point", "coordinates": [ -71.05756, 42.36544 ] } },
{ "type": "Feature", "properties": { "businessname": "Bodega Canal", "dbaname": null, "legalowner": null, "namelast": "Frattaroli", "namefirst": "Nicholas", "licenseno": 350863, "issdttm": "2017-11-17T15:35:45", "expdttm": "2020-12-31T23:59:00", "licstatus": "Active", "licensecat": "FS", "descript": "Eating & Drinking", "result": "HE_Fail", "resultdttm": "2018-02-21T12:54:33", "violation": "03-3-501.16(A)", "viollevel": "***", "violdesc": "Cold Holding", "violdttm": "2018-02-21T12:54:33", "violstatus": "Fail", "statusdate": null, "comments": " Food items out of temperature beef 47F shrimp 50F cod fish 47F . PIC returned .  Cooked shrimp was discarded was in unit over night. Product moved from main walkin to unit less than hourwill be  return to walkin.", "address": "57   Canal ST", "city": "Boston", "zip": 2114, "property_id": 158061, "latitude_Y": 42.363866, "longitude_X": -71.059131, "year": 2018 }, "geometry": { "type": "Point", "coordinates": [ -71.059131, 42.363866 ] } },
{ "type": "Feature", "properties": { "businessname": "Boloco", "dbaname": null, "legalowner": "B E REALTY LIMITED PARTNERSH", "namelast": "STELLAR RESTAURANT GROUP", "namefirst": " INC.", "licenseno": 24263, "issdttm": "2011-12-16T12:43:18", "expdttm": "2020-12-31T23:59:00", "licstatus": "Active", "licensecat": "FT", "descript": "Eating & Drinking w/ Take Out", "result": "HE_Fail", "resultdttm": "2015-01-07T13:51:44", "violation": "03-3-501.16(A)", "viollevel": "***", "violdesc": "Cold Holding", "violdttm": "2015-01-07T13:51:44", "violstatus": "Fail", "statusdate": null, "comments": "Guacamole 50F / Provide proper cold holding temperatures.", "address": "133   Federal ST", "city": "Boston", "zip": 2110, "property_id": 57153, "latitude_Y": 42.35426, "longitude_X": -71.0566, "year": 2015 }, "geometry": { "type": "Point", "coordinates": [ -71.0566, 42.35426 ] } },
{ "type": "Feature", "properties": { "businessname": "Boloco", "dbaname": null, "legalowner": "CODMAN CHARLES R        ETAL", "namelast": "Stellar  Restaurant Group", "namefirst": "Inc.", "licenseno": 27549, "issdttm": "2011-12-16T12:08:41", "expdttm": "2020-12-31T23:59:00", "licstatus": "Active", "licensecat": "FT", "descript": "Eating & Drinking w/ Take Out", "result": "HE_Fail", "resultdttm": "2015-01-22T14:00:17", "violation": "03-3-501.14", "viollevel": "***", "violdesc": "Cooling", "violdttm": "2015-01-22T14:00:17", "violstatus": "Fail", "statusdate": null, "comments": "Pot of black beans began cooling at 11:30am.  Temperature taken at 1:40pm during inspection 85F / Beans brought back to stove for reheating / Ensure all staff are familiar with proper cooling requirements (140F to 70F in 2 hours  70F to 41F in 4 hours = 6 hours total)", "address": "48   Congress ST", "city": "Boston", "zip": 2109, "property_id": 42117, "latitude_Y": 42.35798, "longitude_X": -71.05599, "year": 2015 }, "geometry": { "type": "Point", "coordinates": [ -71.05599, 42.35798 ] } },
{ "type": "Feature", "properties": { "businessname": "Boloco", "dbaname": null, "legalowner": "WINSTON DAVID TS", "namelast": "Boloco", "namefirst": "John Pepper", "licenseno": 68414, "issdttm": "2012-02-14T14:53:25", "expdttm": "2019-12-31T23:59:00", "licstatus": "Inactive", "licensecat": "FT", "descript": "Eating & Drinking w/ Take Out", "result": "HE_Fail", "resultdttm": "2015-01-30T14:42:52", "violation": "23-4-602.13", "viollevel": "*", "violdesc": "Non-Food Contact Surfaces Clean", "violdttm": "2015-01-30T14:42:52", "violstatus": "Fail", "statusdate": null, "comments": "Top of the knife holder soiled with dust. Clean properly.", "address": "569   Boylston ST", "city": "Boston", "zip": 2116, "property_id": 18351, "latitude_Y": 42.35064, "longitude_X": -71.07645, "year": 2015 }, "geometry": { "type": "Point", "coordinates": [ -71.07645, 42.35064 ] } },
{ "type": "Feature", "properties": { "businessname": "Boloco - Berklee", "dbaname": null, "legalowner": "BOYLSTON 1078 LIM PTR", "namelast": "STELLAR RESTAURANT GROUP INC.", "namefirst": " ", "licenseno": 34705, "issdttm": "2012-02-15T10:48:19", "expdttm": "2020-12-31T23:59:00", "licstatus": "Active", "licensecat": "FT", "descript": "Eating & Drinking w/ Take Out", "result": "HE_Fail", "resultdttm": "2015-05-07T11:23:30", "violation": "17-4-204.112/.115", "viollevel": "*", "violdesc": "Equipment Thermometers", "violdttm": "2015-05-07T11:23:30", "violstatus": "Fail", "statusdate": null, "comments": "No conspicuous internal thermometers in multiple refrigerators-Provide", "address": "1080   Boylston ST", "city": "Boston", "zip": 2215, "property_id": 17944, "latitude_Y": 42.346952, "longitude_X": -71.088046, "year": 2015 }, "geometry": { "type": "Point", "coordinates": [ -71.088046, 42.346952 ] } },
{ "type": "Feature", "properties": { "businessname": "Boloco (247 Newbury St.)", "dbaname": null, "legalowner": "LONGO E M TS", "namelast": "STELLAR RESTUARANT GROUP", "namefirst": "INC.", "licenseno": 24271, "issdttm": "2011-12-16T12:41:30", "expdttm": "2015-12-31T23:59:00", "licstatus": "Inactive", "licensecat": "FT", "descript": "Eating & Drinking w/ Take Out", "result": "HE_Fail", "resultdttm": "2015-01-22T11:02:04", "violation": "14-4-202.11", "viollevel": "*", "violdesc": "Food Contact Surfaces Design", "violdttm": "2015-01-22T11:02:04", "violstatus": "Fail", "statusdate": null, "comments": "Cutting board for the vegetables heavily scored. Resurface or replace.", "address": "247   Newbury ST", "city": "Boston", "zip": 2116, "property_id": 101459, "latitude_Y": 42.34978, "longitude_X": -71.08272, "year": 2015 }, "geometry": { "type": "Point", "coordinates": [ -71.08272, 42.34978 ] } },
{ "type": "Feature", "properties": { "businessname": "Boloco Inspired Burritos", "dbaname": null, "legalowner": "MOSKOW MICHAEL B", "namelast": "The Stellar Restaurant Group", "namefirst": " ", "licenseno": 30915, "issdttm": "2011-12-16T12:44:44", "expdttm": "2020-12-31T23:59:00", "licstatus": "Active", "licensecat": "FT", "descript": "Eating & Drinking w/ Take Out", "result": "HE_Fail", "resultdttm": "2015-04-27T11:03:14", "violation": "10-3-304.12", "viollevel": "*", "violdesc": "Food Utensil Storage", "violdttm": "2015-04-27T11:03:14", "violstatus": "Fail", "statusdate": null, "comments": "Tongs being stored in stagnate water.Maintain clean and dry.", "address": "2   Park PLZ", "city": "Boston", "zip": 2116, "property_id": 107187, "latitude_Y": 42.352269, "longitude_X": -71.067108, "year": 2015 }, "geometry": { "type": "Point", "coordinates": [ -71.067108, 42.352269 ] } },
{ "type": "Feature", "properties": { "businessname": "Bon Me", "dbaname": null, "legalowner": null, "namelast": "Bon Me Foods LLC", "namefirst": "Patrick Lynch", "licenseno": 351787, "issdttm": "2018-10-29T09:00:43", "expdttm": "2020-12-31T23:59:00", "licstatus": "Active", "licensecat": "FS", "descript": "Eating & Drinking", "result": "HE_Fail", "resultdttm": "2019-03-19T14:52:24", "violation": "03-3-501.14", "viollevel": "***", "violdesc": "Cooling", "violdttm": "2019-03-19T14:52:24", "violstatus": "Fail", "statusdate": null, "comments": "Bagged pork in 2 door refrigeration with sticker noting 03/18/19 at 45F. Ensure products received from commissary are at 41F or below. PIC to log receiving temperatures", "address": "415   Brookline AVE", "city": "Boston", "zip": 2215, "property_id": 22102, "latitude_Y": 42.338699, "longitude_X": -71.107791, "year": 2019 }, "geometry": { "type": "Point", "coordinates": [ -71.107791, 42.338699 ] } },
{ "type": "Feature", "properties": { "businessname": "Bon Me Restaurant", "dbaname": null, "legalowner": "NEW CONGRESS ASSOCIATES LLC", "namelast": "Lynch", "namefirst": "Patrick", "licenseno": 127937, "issdttm": "2015-01-21T11:22:15", "expdttm": "2020-12-31T23:59:00", "licstatus": "Active", "licensecat": "FT", "descript": "Eating & Drinking w/ Take Out", "result": "HE_Fail", "resultdttm": "2018-06-12T10:17:12", "violation": "25-4-904.11", "viollevel": "*", "violdesc": "Single Service Articles Stored Dispensed", "violdttm": "2018-06-12T10:17:12", "violstatus": "Fail", "statusdate": null, "comments": "Take out containers observed stored on floor of electical room. Store elevated 6\" off the floor in protected areas.", "address": "313   Congress ST", "city": "Boston", "zip": 2210, "property_id": 42097, "latitude_Y": 42.35111, "longitude_X": -71.0502, "year": 2018 }, "geometry": { "type": "Point", "coordinates": [ -71.0502, 42.35111 ] } },
{ "type": "Feature", "properties": { "businessname": "Bonapita", "dbaname": null, "legalowner": "  ", "namelast": "Barnir", "namefirst": "Ilan", "licenseno": 118001, "issdttm": "2014-06-17T14:05:54", "expdttm": "2020-12-31T23:59:00", "licstatus": "Active", "licensecat": "FT", "descript": "Eating & Drinking w/ Take Out", "result": "HE_Fail", "resultdttm": "2015-01-06T11:44:59", "violation": "37-6-501.11-.12", "viollevel": "*", "violdesc": "Improper Maintenance of Walls/Ceilings", "violdttm": "2015-01-06T11:44:59", "violstatus": "Fail", "statusdate": null, "comments": "Hood tag expired on October 2014 / Contact hood cleaning company as soon as possible.", "address": "51   Franklin ST", "city": "Boston", "zip": 2110, "property_id": 238222, "latitude_Y": 42.35537, "longitude_X": -71.05877, "year": 2015 }, "geometry": { "type": "Point", "coordinates": [ -71.05877, 42.35537 ] } },
{ "type": "Feature", "properties": { "businessname": "Bonne Chance Cafe", "dbaname": null, "legalowner": null, "namelast": "NBC GROUP CORPORATION", "namefirst": " ", "licenseno": 68623, "issdttm": "2012-02-13T10:04:05", "expdttm": "2020-12-31T23:59:00", "licstatus": "Active", "licensecat": "FS", "descript": "Eating & Drinking", "result": "HE_Fail", "resultdttm": "2015-04-22T13:58:44", "violation": "03-3-501.16(A)", "viollevel": "***", "violdesc": "Cold Holding", "violdttm": "2015-04-22T13:58:44", "violstatus": "Fail", "statusdate": null, "comments": "1. Tuna @ 48f  ensure proper cold hold of 41f or below 2. Crab meat @ 50f  ensure proper cold hold of 41f or below. (manager to potentially turn down refrigeration temperatures to ensure prpoer cold holding temperatures  also potentailly use metal containers instead of plastic food containers at cold hold self service units).", "address": "77   Canal ST", "city": "Boston", "zip": 2114, "property_id": 155876, "latitude_Y": 42.364196, "longitude_X": -71.059521, "year": 2015 }, "geometry": { "type": "Point", "coordinates": [ -71.059521, 42.364196 ] } },
{ "type": "Feature", "properties": { "businessname": "Boom Crispy Chicken", "dbaname": null, "legalowner": "YEE KENNETH M", "namelast": "AA Crispy Chicken Inc.", "namefirst": "Li Xu", "licenseno": 374127, "issdttm": "2018-09-07T09:11:30", "expdttm": "2020-12-31T23:59:00", "licstatus": "Inactive", "licensecat": "FT", "descript": "Eating & Drinking w/ Take Out", "result": "HE_Fail", "resultdttm": "2019-01-02T08:42:58", "violation": "02-3-602.11-.12/3-302.12", "viollevel": "*", "violdesc": "Food Container Labels", "violdttm": "2019-01-02T08:42:58", "violstatus": "Fail", "statusdate": null, "comments": "Bulk food containers not labelled  label properly", "address": "20   Kneeland ST", "city": "Boston", "zip": 2111, "property_id": 82312, "latitude_Y": 42.35091, "longitude_X": -71.06207, "year": 2019 }, "geometry": { "type": "Point", "coordinates": [ -71.06207, 42.35091 ] } },
{ "type": "Feature", "properties": { "businessname": "BOSTON BACK BAY HILTON", "dbaname": null, "legalowner": "HILTON SYSTEMS INC", "namelast": "PIM TRS Boston", "namefirst": "Back Bay LLC", "licenseno": 21118, "issdttm": "2012-02-06T13:15:11", "expdttm": "2020-12-31T23:59:00", "licstatus": "Active", "licensecat": "FS", "descript": "Eating & Drinking", "result": "HE_Fail", "resultdttm": "2015-04-22T11:24:16", "violation": "08-3-305-307.11", "viollevel": "*", "violdesc": "Food Protection", "violdttm": "2015-04-22T11:24:16", "violstatus": "Fail", "statusdate": null, "comments": "bulk food bins/remove cups/provide scoop with handle", "address": "40   Dalton ST", "city": "Boston", "zip": 2115, "property_id": 45831, "latitude_Y": 42.34645, "longitude_X": -71.08526, "year": 2015 }, "geometry": { "type": "Point", "coordinates": [ -71.08526, 42.34645 ] } },
{ "type": "Feature", "properties": { "businessname": "Boston Beer Works", "dbaname": null, "legalowner": "SLESAR BROS. BREWING CO. ", "namelast": "SLESAR BROS. BREWING CO.", "namefirst": "INC.", "licenseno": 19414, "issdttm": "2012-01-05T21:07:59", "expdttm": "2020-12-31T23:59:00", "licstatus": "Active", "licensecat": "FS", "descript": "Eating & Drinking", "result": "HE_Fail", "resultdttm": "2019-10-10T12:09:42", "violation": "590.004/4-202.16-C", "viollevel": "*", "violdesc": "Nonfood-Contact Surfaces (C)", "violdttm": "2019-10-10T12:09:42", "violstatus": "Fail", "statusdate": null, "comments": "Soda Station- Bottom Rack rusty. Clean to remove or replace.", "address": "61   Brookline AVE", "city": "Boston", "zip": 2215, "property_id": 156512, "latitude_Y": 42.347163, "longitude_X": -71.099081, "year": 2019 }, "geometry": { "type": "Point", "coordinates": [ -71.099081, 42.347163 ] } },
{ "type": "Feature", "properties": { "businessname": "Boston Burger", "dbaname": null, "legalowner": "BOYLSTON 1078 LIM PTR", "namelast": "Beantown Burger Corp.", "namefirst": " ", "licenseno": 76951, "issdttm": "2012-04-26T11:29:28", "expdttm": "2020-12-31T23:59:00", "licstatus": "Active", "licensecat": "FS", "descript": "Eating & Drinking", "result": "HE_Fail", "resultdttm": "2015-10-30T08:03:17", "violation": "37-6-201.11", "viollevel": "*", "violdesc": "Walls/Ceilings Designed Constructed Installed", "violdttm": "2015-10-30T08:03:17", "violstatus": "Fail", "statusdate": null, "comments": "Hood sticker expired August 2015 PIC states last inspection/cleaning August   2015 Provide updated sticker and/or schedule inspection/cleaning", "address": "1100   Boylston ST", "city": "Boston", "zip": 2215, "property_id": 17996, "latitude_Y": 42.346842, "longitude_X": -71.088506, "year": 2015 }, "geometry": { "type": "Point", "coordinates": [ -71.088506, 42.346842 ] } },
{ "type": "Feature", "properties": { "businessname": "BOSTON CHILDRENS POP UP TRUCK", "dbaname": null, "legalowner": "CHILDRENS HOSPITAL CORP THE", "namelast": "Boston Children's Hospital", "namefirst": "Travis Morrow", "licenseno": 138470, "issdttm": "2014-12-15T09:47:07", "expdttm": "2020-12-31T23:59:00", "licstatus": "Active", "licensecat": "MFW", "descript": "Mobile Food Walk On", "result": "HE_Fail", "resultdttm": "2020-07-06T11:55:08", "violation": "590.004/4-202.16-C", "viollevel": "*", "violdesc": "Nonfood-Contact Surfaces (C)", "violdttm": "2020-07-06T11:55:08", "violstatus": "Fail", "statusdate": null, "comments": "Provide screenes for service window.", "address": "300  Longwood AVE", "city": "Boston", "zip": 2115, "property_id": 87170, "latitude_Y": 42.33692, "longitude_X": -71.10542, "year": 2020 }, "geometry": { "type": "Point", "coordinates": [ -71.10542, 42.33692 ] } },
{ "type": "Feature", "properties": { "businessname": "Boston City Hostel", "dbaname": null, "legalowner": "AMERICAN YOUTH HOSTELS INC", "namelast": "12 Hemenway LLC", "namefirst": "David Cornish", "licenseno": 165588, "issdttm": "2016-03-10T08:12:41", "expdttm": "2020-12-31T23:59:00", "licstatus": "Active", "licensecat": "FS", "descript": "Eating & Drinking", "result": "HE_Fail", "resultdttm": "2016-12-02T10:44:22", "violation": "20-4-703.11", "viollevel": "***", "violdesc": "Food Contact Surfaces Clean", "violdttm": "2016-12-02T10:44:22", "violstatus": "Fail", "statusdate": null, "comments": "There is no sanitizer reading in the three comparment sink.  Provide proper sanitizer levels to be sure that equipment is properly washed  rinsed  and sanitized.", "address": "12   Hemenway ST", "city": "Boston", "zip": 2115, "property_id": 72605, "latitude_Y": 42.3464, "longitude_X": -71.08902, "year": 2016 }, "geometry": { "type": "Point", "coordinates": [ -71.08902, 42.3464 ] } },
{ "type": "Feature", "properties": { "businessname": "Boston Common Coffee Co.", "dbaname": null, "legalowner": null, "namelast": "Femino", "namefirst": "Peter", "licenseno": 24654, "issdttm": "2012-02-01T10:43:10", "expdttm": "2019-12-31T23:59:00", "licstatus": "Inactive", "licensecat": "FT", "descript": "Eating & Drinking w/ Take Out", "result": "HE_Fail", "resultdttm": "2015-02-05T10:47:34", "violation": "12-3--301.11", "viollevel": "***", "violdesc": "Prevention of Contamination from Hands", "violdttm": "2015-02-05T10:47:34", "violstatus": "Fail", "statusdate": null, "comments": "Observed food handler preparing a breakfast sandwich with bare hands / Discontinue and provide proper restrictions of bare hand contact with Ready To Eat foods.", "address": "10   High ST", "city": "Boston", "zip": 2110, "property_id": 156946, "latitude_Y": 42.353511, "longitude_X": -71.056728, "year": 2015 }, "geometry": { "type": "Point", "coordinates": [ -71.056728, 42.353511 ] } },
{ "type": "Feature", "properties": { "businessname": "Boston Common Coffee Co.", "dbaname": null, "legalowner": "ALFE PETER TS", "namelast": "PETER FEMINO", "namefirst": " ", "licenseno": 23515, "issdttm": "2012-02-13T10:35:28", "expdttm": "2016-12-31T23:59:00", "licstatus": "Inactive", "licensecat": "FT", "descript": "Eating & Drinking w/ Take Out", "result": "HE_Fail", "resultdttm": "2015-02-25T14:13:38", "violation": "01-3-602.11 B2", "viollevel": "***", "violdesc": "Labeling of Ingredients", "violdttm": "2015-02-25T14:13:38", "violstatus": "Fail", "statusdate": null, "comments": " Label  all packaged foods out for retail sale with a proper indredient list discussed during inspection [ all peanuts ]", "address": "97  Salem ST", "city": "Boston", "zip": 2113, "property_id": 121954, "latitude_Y": 42.363853, "longitude_X": -71.055523, "year": 2015 }, "geometry": { "type": "Point", "coordinates": [ -71.055523, 42.363853 ] } },
{ "type": "Feature", "properties": { "businessname": "Boston Common Coffee Co.", "dbaname": null, "legalowner": "LEVIN HENRY H TRSTS", "namelast": "Massori Pres.", "namefirst": "Tony", "licenseno": 31028, "issdttm": "2012-02-01T10:44:17", "expdttm": "2018-12-31T23:59:00", "licstatus": "Inactive", "licensecat": "FT", "descript": "Eating & Drinking w/ Take Out", "result": "HE_Fail", "resultdttm": "2016-03-04T13:54:22", "violation": "08-3-302.11/3-304.11", "viollevel": "***", "violdesc": "Separation  Segregation Cross Contamination", "violdttm": "2016-03-04T13:54:22", "violstatus": "Fail", "statusdate": null, "comments": "Raw eggs sitting above ready to eat foods  store raw below ready to eat foods", "address": "10   West ST", "city": "Boston", "zip": 2111, "property_id": 155653, "latitude_Y": 42.35443, "longitude_X": -71.06218, "year": 2016 }, "geometry": { "type": "Point", "coordinates": [ -71.06218, 42.35443 ] } },
{ "type": "Feature", "properties": { "businessname": "Boston Common Hotel & Conference Center", "dbaname": null, "legalowner": "  ", "namelast": "Trinity Stuart L L C", "namefirst": " ", "licenseno": 79938, "issdttm": "2012-06-21T11:57:58", "expdttm": "2018-12-31T23:59:00", "licstatus": "Inactive", "licensecat": "FS", "descript": "Eating & Drinking", "result": "HE_Fail", "resultdttm": "2016-03-17T10:59:46", "violation": "22-4-601/602.11", "viollevel": "**", "violdesc": "Food Contact Surfaces Clean", "violdttm": "2016-03-17T10:59:46", "violstatus": "Fail", "statusdate": null, "comments": "High temp dish machine rinse temp 140F.Repair.Maintain rinse temp 180-194F or per manufactures instructions.", "address": "40  Trinity PL", "city": "Boston", "zip": 2116, "property_id": 341077, "latitude_Y": 42.348329, "longitude_X": -71.075011, "year": 2016 }, "geometry": { "type": "Point", "coordinates": [ -71.075011, 42.348329 ] } },
{ "type": "Feature", "properties": { "businessname": "Boston Harbor Hotel Wharf Room", "dbaname": null, "legalowner": "  ", "namelast": "PF Boston Harbor TRS LLC", "namefirst": "Att: Director of Operations", "licenseno": 331748, "issdttm": "2017-12-13T08:48:40", "expdttm": "2020-12-31T23:59:00", "licstatus": "Active", "licensecat": "FS", "descript": "Eating & Drinking", "result": "HE_Fail", "resultdttm": "2017-12-01T11:16:52", "violation": "24-4-903.11", "viollevel": "*", "violdesc": "Clean Equipment & Utensils Storage", "violdttm": "2017-12-01T11:16:52", "violstatus": "Fail", "statusdate": null, "comments": "Hand sink located directly next to a clean storage rack with no splash guard. Discontinue and either relocate or provide a splash guard to enusure no contamination from washing dirty hands.", "address": "40  Rowes WHF", "city": "Boston", "zip": 2110, "property_id": 169324, "latitude_Y": 42.356672, "longitude_X": -71.049727, "year": 2017 }, "geometry": { "type": "Point", "coordinates": [ -71.049727, 42.356672 ] } },
{ "type": "Feature", "properties": { "businessname": "Boston House of Pizza", "dbaname": null, "legalowner": null, "namelast": "DeFilpo", "namefirst": "Gimena", "licenseno": 303293, "issdttm": "2017-01-12T09:31:26", "expdttm": "2020-12-31T23:59:00", "licstatus": "Active", "licensecat": "FS", "descript": "Eating & Drinking", "result": "HE_Fail", "resultdttm": "2016-10-25T15:36:48", "violation": "12-2-301.12-.15", "viollevel": "***", "violdesc": "Adequate Handwashing/Where/When/How", "violdttm": "2016-10-25T15:36:48", "violstatus": "Fail", "statusdate": null, "comments": "The handsink in the front is not working properly.  Train employees in proper handwashing.", "address": "305   Huntington AVE", "city": "Boston", "zip": 2115, "property_id": 76353, "latitude_Y": 42.341274, "longitude_X": -71.087336, "year": 2016 }, "geometry": { "type": "Point", "coordinates": [ -71.087336, 42.341274 ] } },
{ "type": "Feature", "properties": { "businessname": "Boston Kebab House", "dbaname": null, "legalowner": "  ", "namelast": "7 Liberty Corp.", "namefirst": " ", "licenseno": 79622, "issdttm": "2012-06-29T13:46:26", "expdttm": "2020-12-31T23:59:00", "licstatus": "Active", "licensecat": "FS", "descript": "Eating & Drinking", "result": "HE_Fail", "resultdttm": "2016-03-01T10:15:39", "violation": "02-3-602.11-.12/3-302.12", "viollevel": "*", "violdesc": "Food Container Labels", "violdttm": "2016-03-01T10:15:39", "violstatus": "Fail", "statusdate": null, "comments": "Sauce containers with no labels.Provide for all.", "address": "44   Kilby ST", "city": "Boston", "zip": 2109, "property_id": 166756, "latitude_Y": 42.358114, "longitude_X": -71.055317, "year": 2016 }, "geometry": { "type": "Point", "coordinates": [ -71.055317, 42.358114 ] } },
{ "type": "Feature", "properties": { "businessname": "Boston Kitchen Pizza", "dbaname": null, "legalowner": "LEWIS ALAN E", "namelast": "Ziad Odeh", "namefirst": " ", "licenseno": 34634, "issdttm": "2012-03-12T09:19:38", "expdttm": "2020-12-31T23:59:00", "licstatus": "Active", "licensecat": "FT", "descript": "Eating & Drinking w/ Take Out", "result": "HE_Fail", "resultdttm": "2015-12-01T11:20:47", "violation": "31-5-204/05.11", "viollevel": "***", "violdesc": "Location  Accessible", "violdttm": "2015-12-01T11:20:47", "violstatus": "Fail", "statusdate": null, "comments": "hand sink blocked by cold unit  remove to allow access to properly wash hands", "address": "707   Washington ST", "city": "Boston", "zip": 2111, "property_id": 145758, "latitude_Y": 42.35107, "longitude_X": -71.06308, "year": 2015 }, "geometry": { "type": "Point", "coordinates": [ -71.06308, 42.35107 ] } },
{ "type": "Feature", "properties": { "businessname": "Boston Living Center", "dbaname": null, "legalowner": null, "namelast": "BOSTON LIVING CENTER", "namefirst": "Att: Accounts Payable", "licenseno": 20419, "issdttm": "2011-12-13T15:01:37", "expdttm": "2020-12-31T23:59:00", "licstatus": "Active", "licensecat": "FS", "descript": "Eating & Drinking", "result": "HE_Fail", "resultdttm": "2015-07-13T10:11:49", "violation": "04-3-501.15/4-301.11", "viollevel": "*", "violdesc": "Inadequate Facilities/Cooling Methods", "violdttm": "2015-07-13T10:11:49", "violstatus": "Fail", "statusdate": null, "comments": "2 door freezer/repair unit to maintain all foods frozen solid", "address": "29   Stanhope ST", "city": "Boston", "zip": 2116, "property_id": 155946, "latitude_Y": 42.348579, "longitude_X": -71.07304, "year": 2015 }, "geometry": { "type": "Point", "coordinates": [ -71.07304, 42.348579 ] } },
{ "type": "Feature", "properties": { "businessname": "Boston Marathon Run Base", "dbaname": null, "legalowner": "GATEWAY LONGWOOD INC", "namelast": "Peddie Pres.", "namefirst": "Colin", "licenseno": 142276, "issdttm": "2015-04-15T11:48:47", "expdttm": "2018-12-31T23:59:00", "licstatus": "Inactive", "licensecat": "RF", "descript": "Retail Food", "result": "HE_Filed", "resultdttm": "2016-06-02T14:47:35", "violation": "32-6-501.11-.12/6-202.14", "viollevel": "*", "violdesc": "Toilet Enclosed Clean", "violdttm": "2016-06-02T14:47:35", "violstatus": "Fail", "statusdate": null, "comments": "Bathroom Doors not self closing", "address": "855   Boylston ST", "city": "Boston", "zip": 2116, "property_id": 18413, "latitude_Y": 42.34882, "longitude_X": -71.0831, "year": 2016 }, "geometry": { "type": "Point", "coordinates": [ -71.0831, 42.34882 ] } },
{ "type": "Feature", "properties": { "businessname": "BOSTON MARKET", "dbaname": null, "legalowner": "BOSTON MARKET CORPORATION LIC. & PERMITS", "namelast": "BOSTON MARKET CORPORATION", "namefirst": "BUSINESS LICENSE & PERMITS", "licenseno": 21441, "issdttm": "2012-02-06T13:10:01", "expdttm": "2019-12-31T23:59:00", "licstatus": "Inactive", "licensecat": "FT", "descript": "Eating & Drinking w/ Take Out", "result": "HE_Fail", "resultdttm": "2015-03-10T14:07:54", "violation": "20-4-703.11", "viollevel": "***", "violdesc": "Food Contact Surfaces Clean", "violdttm": "2015-03-10T14:07:54", "violstatus": "Fail", "statusdate": null, "comments": "Dishes sanitizing in sanitizing bay of 3 bay with no sanitizer. Sanitizer is dispensing at 200pm. Ensure quats sanitizer is maintained at 200-400ppm for proper sanitizing.", "address": "245   Massachusetts AVE", "city": "Boston", "zip": 2115, "property_id": 156064, "latitude_Y": 42.344238, "longitude_X": -71.0867, "year": 2015 }, "geometry": { "type": "Point", "coordinates": [ -71.0867, 42.344238 ] } },
{ "type": "Feature", "properties": { "businessname": "Boston Marriott Long Wharf - FS", "dbaname": null, "legalowner": "LINDA EDWARD H TRSTS", "namelast": "MOORES", "namefirst": "G. DOUGES", "licenseno": 20922, "issdttm": "2012-01-10T15:27:34", "expdttm": "2021-12-31T23:59:00", "licstatus": "Active", "licensecat": "FS", "descript": "Eating & Drinking", "result": "HE_Fail", "resultdttm": "2017-05-18T11:12:43", "violation": "15-4-202.16", "viollevel": "*", "violdesc": "Non-Food Contact Surfaces", "violdttm": "2017-05-18T11:12:43", "violstatus": "Fail", "statusdate": null, "comments": "Basement kitchen handsink next to dry food storage rack without splash guard. Install smooth  durable  non porous easily cleanable splash guard at handsink or relocate foods away from unit.", "address": "296  State ST", "city": "Boston", "zip": 2110, "property_id": 130424, "latitude_Y": 42.36012, "longitude_X": -71.05091, "year": 2017 }, "geometry": { "type": "Point", "coordinates": [ -71.05091, 42.36012 ] } },
{ "type": "Feature", "properties": { "businessname": "Boston News Cafe", "dbaname": null, "legalowner": "EOP-28 STATE STREET LLC", "namelast": "Nabil Safwan", "namefirst": " ", "licenseno": 74245, "issdttm": "2012-02-13T09:56:30", "expdttm": "2020-12-31T23:59:00", "licstatus": "Active", "licensecat": "FS", "descript": "Eating & Drinking", "result": "HE_Fail", "resultdttm": "2015-03-05T11:42:44", "violation": "03-3-501.16(A)", "viollevel": "***", "violdesc": "Cold Holding", "violdttm": "2015-03-05T11:42:44", "violstatus": "Fail", "statusdate": null, "comments": "Mozzarella cheese @ 46f  Egg salad @ 47f  Chicken salad @ 47f  ensure proper cold hold of 41f or below", "address": "28   State ST", "city": "Boston", "zip": 2109, "property_id": 130422, "latitude_Y": 42.35933, "longitude_X": -71.05745, "year": 2015 }, "geometry": { "type": "Point", "coordinates": [ -71.05745, 42.35933 ] } },
{ "type": "Feature", "properties": { "businessname": "Boston News Cafe (90 Arch St.)", "dbaname": null, "legalowner": null, "namelast": "Kirsche Safwan Pres.", "namefirst": " ", "licenseno": 77595, "issdttm": "2012-06-13T13:07:19", "expdttm": "2020-12-31T23:59:00", "licstatus": "Active", "licensecat": "FT", "descript": "Eating & Drinking w/ Take Out", "result": "HE_Fail", "resultdttm": "2016-02-03T11:14:22", "violation": "02-3-602.11-.12/3-302.12", "viollevel": "*", "violdesc": "Food Container Labels", "violdttm": "2016-02-03T11:14:22", "violstatus": "Fail", "statusdate": null, "comments": "Several dressing bottles with no labels. Provide.", "address": "90   Arch ST", "city": "Boston", "zip": 2110, "property_id": 340648, "latitude_Y": 42.354732, "longitude_X": -71.058368, "year": 2016 }, "geometry": { "type": "Point", "coordinates": [ -71.058368, 42.354732 ] } },
{ "type": "Feature", "properties": { "businessname": "Boston Olive Oil Co.", "dbaname": null, "legalowner": "NICE REALTY LLC", "namelast": "Boston Olive Oil Co. L L C", "namefirst": " ", "licenseno": 68718, "issdttm": "2012-01-17T16:10:00", "expdttm": "2020-12-31T23:59:00", "licstatus": "Active", "licensecat": "RF", "descript": "Retail Food", "result": "HE_Fail", "resultdttm": "2015-03-09T14:43:50", "violation": "21-3-304.14", "viollevel": "*", "violdesc": "Wiping Cloths  Clean  Sanitize", "violdttm": "2015-03-09T14:43:50", "violstatus": "Fail", "statusdate": null, "comments": "Sponges being used at warewash area.Discontinue", "address": "253   Newbury ST", "city": "Boston", "zip": 2116, "property_id": 101469, "latitude_Y": 42.34971, "longitude_X": -71.08296, "year": 2015 }, "geometry": { "type": "Point", "coordinates": [ -71.08296, 42.34971 ] } },
{ "type": "Feature", "properties": { "businessname": "Boston Park Plaza (Main Kitchen/Room Serv.)", "dbaname": null, "legalowner": null, "namelast": "Boston Park Plaza Hotel & Towers", "namefirst": " ", "licenseno": 74592, "issdttm": "2012-02-15T08:29:39", "expdttm": "2020-12-31T23:59:00", "licstatus": "Active", "licensecat": "FS", "descript": "Eating & Drinking", "result": "HE_Fail", "resultdttm": "2015-03-12T10:30:52", "violation": "15-4-202.16", "viollevel": "*", "violdesc": "Non-Food Contact Surfaces", "violdttm": "2015-03-12T10:30:52", "violstatus": "Fail", "statusdate": null, "comments": "hot line handsink/provide divider ice machine/replace worn door gasket turn on all refrigeration for re-inspection", "address": "50  Park PLZ", "city": "Boston", "zip": 2116, "property_id": 157315, "latitude_Y": 42.351297, "longitude_X": -71.069204, "year": 2015 }, "geometry": { "type": "Point", "coordinates": [ -71.069204, 42.351297 ] } },
{ "type": "Feature", "properties": { "businessname": "BOSTON SAIL LOFT", "dbaname": null, "legalowner": "TIPPING", "namelast": "TIPPING", "namefirst": "JAMES", "licenseno": 19095, "issdttm": "2011-12-13T13:30:48", "expdttm": "2020-12-31T23:59:00", "licstatus": "Active", "licensecat": "FS", "descript": "Eating & Drinking", "result": "HE_Fail", "resultdttm": "2015-05-29T13:58:04", "violation": "02-3-602.11-.12/3-302.12", "viollevel": "*", "violdesc": "Food Container Labels", "violdttm": "2015-05-29T13:58:04", "violstatus": "Fail", "statusdate": null, "comments": "Label SUGAR -FLOUR-SALT as discussed", "address": "80  Atlantic AVE", "city": "Boston", "zip": 2110, "property_id": 156482, "latitude_Y": 42.362516, "longitude_X": -71.050719, "year": 2015 }, "geometry": { "type": "Point", "coordinates": [ -71.050719, 42.362516 ] } },
{ "type": "Feature", "properties": { "businessname": "Boston Wine Exchange", "dbaname": "Devonshire Wine LLC", "legalowner": "BOSTON DEVONSHIRE INVESTORS", "namelast": "Keating", "namefirst": "Eamon", "licenseno": 57528, "issdttm": "2012-01-18T16:51:34", "expdttm": "2020-12-31T23:59:00", "licstatus": "Active", "licensecat": "RF", "descript": "Retail Food", "result": "HE_Filed", "resultdttm": "2016-12-22T14:00:32", "violation": "15-4-202.16", "viollevel": "*", "violdesc": "Non-Food Contact Surfaces", "violdttm": "2016-12-22T14:00:32", "violstatus": "Fail", "statusdate": null, "comments": "Water observed dripping out of the compressor fan inside of the walk-in cooler. Address and make any necessary repairs.", "address": "181   Devonshire ST", "city": "Boston", "zip": 2110, "property_id": 47622, "latitude_Y": 42.356053, "longitude_X": -71.057513, "year": 2016 }, "geometry": { "type": "Point", "coordinates": [ -71.057513, 42.356053 ] } },
{ "type": "Feature", "properties": { "businessname": "Boston Winter Market Village", "dbaname": "Francesco Capaldi", "legalowner": null, "namelast": "Capaldi", "namefirst": "Francesco", "licenseno": 309673, "issdttm": "2016-12-02T09:10:44", "expdttm": "2017-12-31T23:59:00", "licstatus": "Inactive", "licensecat": "RF", "descript": "Retail Food", "result": "HE_Filed", "resultdttm": "2016-12-07T13:15:57", "violation": "15-4-202.16", "viollevel": "*", "violdesc": "Non-Food Contact Surfaces", "violdttm": "2016-12-07T13:15:57", "violstatus": "Fail", "statusdate": null, "comments": "Establishment has syrup boiler not in use currently. Do not use  until clearance obtained from BFD and provided in writing to health division.", "address": "1   City Hall PZ", "city": "Boston", "zip": 2201, "property_id": 340817, "latitude_Y": 42.360116, "longitude_X": -71.0579, "year": 2016 }, "geometry": { "type": "Point", "coordinates": [ -71.0579, 42.360116 ] } },
{ "type": "Feature", "properties": { "businessname": "Bostonia Public House", "dbaname": null, "legalowner": "ARCHSTONE SMITH OPERATING", "namelast": "Clover Ventures LLC", "namefirst": "David Greaney  Mgr.", "licenseno": 125599, "issdttm": "2014-04-15T12:52:40", "expdttm": "2020-12-31T23:59:00", "licstatus": "Active", "licensecat": "FS", "descript": "Eating & Drinking", "result": "HE_Fail", "resultdttm": "2015-08-18T11:52:16", "violation": "20-4-703.11", "viollevel": "***", "violdesc": "Food Contact Surfaces Clean", "violdttm": "2015-08-18T11:52:16", "violstatus": "Fail", "statusdate": null, "comments": "High temp rinse 174F-176F / Repair to provide 180F", "address": "131  State ST", "city": "Boston", "zip": 2109, "property_id": 130372, "latitude_Y": 42.358974, "longitude_X": -71.054235, "year": 2015 }, "geometry": { "type": "Point", "coordinates": [ -71.054235, 42.358974 ] } },
{ "type": "Feature", "properties": { "businessname": "BOURBON ST. CAFE", "dbaname": null, "legalowner": "MCCOY RICHARD", "namelast": "MEI", "namefirst": "MEI", "licenseno": 21201, "issdttm": "2012-02-08T15:23:47", "expdttm": "2020-12-31T23:59:00", "licstatus": "Active", "licensecat": "FT", "descript": "Eating & Drinking w/ Take Out", "result": "HE_Fail", "resultdttm": "2015-03-24T11:10:20", "violation": "03-3-501.16(A)", "viollevel": "***", "violdesc": "Cold Holding", "violdttm": "2015-03-24T11:10:20", "violstatus": "Fail", "statusdate": null, "comments": "Garlic in oil mixture out on counter at 60F  Cooked chicken out on counter at 62F  Cut vegetables out on counter 58F  Raw chicken mixture out on counter at 55F  Rice out on counter at 48F / Provide proper cold holding temperatures of 41F or below at all times.", "address": "417   Washington ST", "city": "Boston", "zip": 2108, "property_id": 157146, "latitude_Y": 42.35583, "longitude_X": -71.0604, "year": 2015 }, "geometry": { "type": "Point", "coordinates": [ -71.0604, 42.35583 ] } },
{ "type": "Feature", "properties": { "businessname": "Bourbon Street Cafe", "dbaname": null, "legalowner": "CVS.LIC. DEPT./T.FLUETTE", "namelast": "BSC Longwood Galleria Inc.", "namefirst": " ", "licenseno": 29338, "issdttm": "2012-01-19T16:37:17", "expdttm": "2020-12-31T23:59:00", "licstatus": "Active", "licensecat": "FT", "descript": "Eating & Drinking w/ Take Out", "result": "HE_Fail", "resultdttm": "2015-03-20T11:43:49", "violation": "03-3-501.14", "viollevel": "***", "violdesc": "Cooling", "violdttm": "2015-03-20T11:43:49", "violstatus": "Fail", "statusdate": null, "comments": "Chicken fingers cooling in covered deep plastic bins at 60F. Placed in refrigeration less than 4 hours ago. Ensure following proper coling procedures to ensure products cool to 41F or below. Removed by PIC  placed in shallow metal pans and placed in refrigerators", "address": "350  Longwood AVE", "city": "Boston", "zip": 2115, "property_id": 156578, "latitude_Y": 42.339072, "longitude_X": -71.108098, "year": 2015 }, "geometry": { "type": "Point", "coordinates": [ -71.108098, 42.339072 ] } },
{ "type": "Feature", "properties": { "businessname": "BPL Newsfeed Cafe", "dbaname": null, "legalowner": null, "namelast": "The Uncatered Affair Corp.", "namefirst": " ", "licenseno": 32907, "issdttm": "2011-12-13T12:49:12", "expdttm": "2020-12-31T23:59:00", "licstatus": "Active", "licensecat": "FS", "descript": "Eating & Drinking", "result": "HE_Fail", "resultdttm": "2015-03-13T10:48:30", "violation": "08-3-305-307.11", "viollevel": "*", "violdesc": "Food Protection", "violdttm": "2015-03-13T10:48:30", "violstatus": "Fail", "statusdate": null, "comments": "remove all utensils from stagnate water", "address": "700   Boylston ST", "city": "Boston", "zip": 2116, "property_id": 156199, "latitude_Y": 42.349231, "longitude_X": -71.078658, "year": 2015 }, "geometry": { "type": "Point", "coordinates": [ -71.078658, 42.349231 ] } },
{ "type": "Feature", "properties": { "businessname": "BRADLEY LIQUORS", "dbaname": null, "legalowner": "HOFFMAN BARRY D TRST", "namelast": "DOUGLAS GORDON", "namefirst": " ", "licenseno": 21727, "issdttm": "2012-01-17T16:38:30", "expdttm": "2016-12-31T23:59:00", "licstatus": "Inactive", "licensecat": "RF", "descript": "Retail Food", "result": "HE_Fail", "resultdttm": "2016-06-10T15:22:53", "violation": "01-3-602.11 B2", "viollevel": "***", "violdesc": "Labeling of Ingredients", "violdttm": "2016-06-10T15:22:53", "violstatus": "Fail", "statusdate": null, "comments": "prepackaged food candy not labeled with Business name   address and list of ingredients", "address": "1252   Boylston ST", "city": "Boston", "zip": 2215, "property_id": 18073, "latitude_Y": 42.344737, "longitude_X": -71.095964, "year": 2016 }, "geometry": { "type": "Point", "coordinates": [ -71.095964, 42.344737 ] } },
{ "type": "Feature", "properties": { "businessname": "Breeze", "dbaname": null, "legalowner": "KWONG CHEUK LEUNG", "namelast": "Breeze Inc.", "namefirst": "Andy LF Chan", "licenseno": 351027, "issdttm": "2019-09-23T12:08:34", "expdttm": "2021-12-31T23:59:00", "licstatus": "Active", "licensecat": "FT", "descript": "Eating & Drinking w/ Take Out", "result": "HE_Fail", "resultdttm": "2020-09-25T11:51:01", "violation": "590.002(C)/2-102.12-C", "viollevel": "*", "violdesc": "(A) Certified Food Protection Manager (C)", "violdttm": "2020-09-25T11:51:01", "violstatus": "Fail", "statusdate": null, "comments": "No CFPM certificate on site. Provide.", "address": "130   Jersey ST", "city": "Boston", "zip": 2215, "property_id": 79709, "latitude_Y": 42.34242, "longitude_X": -71.09657, "year": 2020 }, "geometry": { "type": "Point", "coordinates": [ -71.09657, 42.34242 ] } },
{ "type": "Feature", "properties": { "businessname": "BRICCO Restaurant/Bakery", "dbaname": null, "legalowner": null, "namelast": "DEPASQUALE", "namefirst": "FRANK", "licenseno": 20411, "issdttm": "2012-01-31T14:46:44", "expdttm": "2020-12-31T23:59:00", "licstatus": "Active", "licensecat": "FS", "descript": "Eating & Drinking", "result": "HE_Fail", "resultdttm": "2016-11-21T09:11:17", "violation": "30-5-203.14", "viollevel": "**", "violdesc": "Cross Connection Back Siphonage  Backflow", "violdttm": "2016-11-21T09:11:17", "violstatus": "Fail", "statusdate": null, "comments": "Sewage backup in basement kitchen / Establishment was not open and opertating at time / Rapid flow is on site for water removal and Master clean has been scheduled for a deep clean and sanitize after water is removed.", "address": "239   Hanover ST", "city": "Boston", "zip": 2113, "property_id": 155944, "latitude_Y": 42.363081, "longitude_X": -71.054948, "year": 2016 }, "geometry": { "type": "Point", "coordinates": [ -71.054948, 42.363081 ] } },
{ "type": "Feature", "properties": { "businessname": "BRIGHAM CIRCLE CHINESE FOOD", "dbaname": null, "legalowner": null, "namelast": "Qiu", "namefirst": "Jia Xin", "licenseno": 139590, "issdttm": "2016-01-27T14:40:03", "expdttm": "2020-12-31T23:59:00", "licstatus": "Active", "licensecat": "FT", "descript": "Eating & Drinking w/ Take Out", "result": "HE_Fail", "resultdttm": "2015-07-01T12:58:40", "violation": "22-4-601/602.11", "viollevel": "**", "violdesc": "Food Contact Surfaces Clean", "violdttm": "2015-07-01T12:58:40", "violstatus": "Fail", "statusdate": null, "comments": "clean can opener and  blade", "address": "728   Huntington AVE", "city": "Boston", "zip": 2115, "property_id": 155913, "latitude_Y": 42.333793, "longitude_X": -71.105138, "year": 2015 }, "geometry": { "type": "Point", "coordinates": [ -71.105138, 42.333793 ] } },
{ "type": "Feature", "properties": { "businessname": "Brown Brothers Harriman & Co.", "dbaname": null, "legalowner": "NEW ENGLAND TEL * TEL CO", "namelast": "Michael Dow", "namefirst": " ", "licenseno": 86701, "issdttm": "2013-10-10T08:35:59", "expdttm": "2020-12-31T23:59:00", "licstatus": "Active", "licensecat": "FS", "descript": "Eating & Drinking", "result": "HE_Fail", "resultdttm": "2018-06-11T11:21:46", "violation": "16-4-501.11/.15", "viollevel": "*", "violdesc": "Dishwashng Facilities", "violdttm": "2018-06-11T11:21:46", "violstatus": "Fail", "statusdate": null, "comments": "wash and rinse gauge currently not functioning properly. Repair both gauges.", "address": "185   Franklin ST", "city": "Boston", "zip": 2110, "property_id": 60662, "latitude_Y": 42.3554, "longitude_X": -71.05482, "year": 2018 }, "geometry": { "type": "Point", "coordinates": [ -71.05482, 42.3554 ] } },
{ "type": "Feature", "properties": { "businessname": "BROWN SUGAR CAFE", "dbaname": null, "legalowner": "CAROLINE S. JOLLIFFE ", "namelast": "CAROLINE S. JOLLIFFE", "namefirst": "PRES.", "licenseno": 21211, "issdttm": "2012-01-04T19:11:17", "expdttm": "2020-12-31T23:59:00", "licstatus": "Active", "licensecat": "FS", "descript": "Eating & Drinking", "result": "HE_Fail", "resultdttm": "2015-11-24T12:53:47", "violation": "23-4-602.13", "viollevel": "*", "violdesc": "Non-Food Contact Surfaces Clean", "violdttm": "2015-11-24T12:53:47", "violstatus": "Fail", "statusdate": null, "comments": "Exteriors of all bulk food bins soiled.Maintain clean", "address": "1033  Commonwealth AVE", "city": "Boston", "zip": 2215, "property_id": 157617, "latitude_Y": 42.352262, "longitude_X": -71.121849, "year": 2015 }, "geometry": { "type": "Point", "coordinates": [ -71.121849, 42.352262 ] } },
{ "type": "Feature", "properties": { "businessname": "Bruegger's", "dbaname": null, "legalowner": "IMPERIAL REALTY CO INC MASS", "namelast": "Bruegger's Enterprises Inc.", "namefirst": "Attn: License & Permits", "licenseno": 28437, "issdttm": "2012-01-06T11:06:29", "expdttm": "2017-12-31T23:59:00", "licstatus": "Inactive", "licensecat": "FT", "descript": "Eating & Drinking w/ Take Out", "result": "HE_Fail", "resultdttm": "2015-10-07T13:05:31", "violation": "22-4-601/602.11", "viollevel": "**", "violdesc": "Food Contact Surfaces Clean", "violdttm": "2015-10-07T13:05:31", "violstatus": "Fail", "statusdate": null, "comments": "Interior of ice machine with visible soils / Clean to remove.", "address": "91   Summer ST", "city": "Boston", "zip": 2110, "property_id": 132057, "latitude_Y": 42.353733, "longitude_X": -71.058509, "year": 2015 }, "geometry": { "type": "Point", "coordinates": [ -71.058509, 42.353733 ] } },
{ "type": "Feature", "properties": { "businessname": "Bubor Cha Cha", "dbaname": null, "legalowner": "YEE WILLIAM", "namelast": "Bubor Cha Cha Rest. Inc.", "namefirst": " ", "licenseno": 129328, "issdttm": "2014-06-30T12:56:41", "expdttm": "2020-12-31T23:59:00", "licstatus": "Active", "licensecat": "FS", "descript": "Eating & Drinking", "result": "HE_TSOP", "resultdttm": "2015-12-22T17:46:42", "violation": "03-3-501.16", "viollevel": "***", "violdesc": "Hot Holding", "violdttm": "2015-12-22T17:46:42", "violstatus": "Fail", "statusdate": null, "comments": "hot hold of egg rolls @ 125f   ensure proper hot hold of 140f or above", "address": "41   Beach ST", "city": "Boston", "zip": 2111, "property_id": 9390, "latitude_Y": 42.351303, "longitude_X": -71.060946, "year": 2015 }, "geometry": { "type": "Point", "coordinates": [ -71.060946, 42.351303 ] } },
{ "type": "Feature", "properties": { "businessname": "BRUEGGER'S BAGEL BAKERY", "dbaname": null, "legalowner": null, "namelast": "Bruegger's Enterprises Inc.", "namefirst": "Attn: License & Permits", "licenseno": 20000, "issdttm": "2012-01-06T11:16:59", "expdttm": "2018-12-31T23:59:00", "licstatus": "Inactive", "licensecat": "FS", "descript": "Eating & Drinking", "result": "HE_Fail", "resultdttm": "2016-01-12T14:03:20", "violation": "13-2-304/402.11", "viollevel": "*", "violdesc": "Clean Cloths  Hair Restraint", "violdttm": "2016-01-12T14:03:20", "violstatus": "Fail", "statusdate": null, "comments": "Food handers not wearing hair restraints", "address": "644   Beacon ST", "city": "Boston", "zip": 2201, "property_id": 158196, "latitude_Y": 42.349456, "longitude_X": -71.09557, "year": 2016 }, "geometry": { "type": "Point", "coordinates": [ -71.09557, 42.349456 ] } },
{ "type": "Feature", "properties": { "businessname": "BRUEGGER'S BAGEL BAKERY No.  274", "dbaname": null, "legalowner": "BRUEGGERS BAGEL BAKERY #274", "namelast": "Bruegger's Enterprises Inc.", "namefirst": "Attn: License & Permits", "licenseno": 26153, "issdttm": "2012-01-06T10:58:49", "expdttm": "2020-12-31T23:59:00", "licstatus": "Active", "licensecat": "FT", "descript": "Eating & Drinking w/ Take Out", "result": "HE_Fail", "resultdttm": "2016-01-28T10:16:57", "violation": "17-4-302.14", "viollevel": "*", "violdesc": "Test Kit Provided", "violdttm": "2016-01-28T10:16:57", "violstatus": "Fail", "statusdate": null, "comments": "No test strips available at the time of the inspection. Provide.", "address": "7   School ST", "city": "Boston", "zip": 2108, "property_id": 157985, "latitude_Y": 42.357552, "longitude_X": -71.058461, "year": 2016 }, "geometry": { "type": "Point", "coordinates": [ -71.058461, 42.357552 ] } },
{ "type": "Feature", "properties": { "businessname": "Buco Trattoria", "dbaname": null, "legalowner": "ARTIST BUILDING 300 SUMMER", "namelast": "Hoxhallairi", "namefirst": "Bledar", "licenseno": 149466, "issdttm": "2015-09-24T08:49:57", "expdttm": "2020-12-31T23:59:00", "licstatus": "Active", "licensecat": "FT", "descript": "Eating & Drinking w/ Take Out", "result": "HE_Fail", "resultdttm": "2015-09-17T12:40:36", "violation": "16-4-501.11/.15", "viollevel": "*", "violdesc": "Dishwashng Facilities", "violdttm": "2015-09-17T12:40:36", "violstatus": "Fail", "statusdate": null, "comments": "Provide drain boards for the 3 compartment sink.", "address": "300   Summer ST", "city": "Boston", "zip": 2210, "property_id": 131998, "latitude_Y": 42.35003, "longitude_X": -71.04923, "year": 2015 }, "geometry": { "type": "Point", "coordinates": [ -71.04923, 42.35003 ] } },
{ "type": "Feature", "properties": { "businessname": "BUKOWSKI", "dbaname": null, "legalowner": "CAMBRIA- SCOTIA COMPANY", "namelast": "GORDON WILCOX", "namefirst": " ", "licenseno": 20751, "issdttm": "2011-12-19T09:10:34", "expdttm": "2020-12-31T23:59:00", "licstatus": "Inactive", "licensecat": "FS", "descript": "Eating & Drinking", "result": "HE_Fail", "resultdttm": "2015-04-27T11:49:06", "violation": "29-5-201/02.11", "viollevel": "*", "violdesc": "Installed and Maintained", "violdttm": "2015-04-27T11:49:06", "violstatus": "Fail", "statusdate": null, "comments": "restroom/repair mens room faucet", "address": "50   Dalton ST", "city": "Boston", "zip": 2115, "property_id": 45832, "latitude_Y": 42.347065, "longitude_X": -71.085643, "year": 2015 }, "geometry": { "type": "Point", "coordinates": [ -71.085643, 42.347065 ] } },
{ "type": "Feature", "properties": { "businessname": "Burger King", "dbaname": null, "legalowner": "JONDOC REALTY CO LLC", "namelast": "Two Guys Foods Inc.", "namefirst": "Attn: Accounts Payable", "licenseno": 20947, "issdttm": "2012-01-12T12:00:30", "expdttm": "2020-12-31T23:59:00", "licstatus": "Active", "licensecat": "FT", "descript": "Eating & Drinking w/ Take Out", "result": "HE_Fail", "resultdttm": "2016-01-08T12:47:43", "violation": "36-6-501.11-.12", "viollevel": "*", "violdesc": "Improper Maintenance of Floors", "violdttm": "2016-01-08T12:47:43", "violstatus": "Fail", "statusdate": null, "comments": "1. floor under fryer with grease build up  clean to remove 2. floor under counter with debris and sode spills  clean to remove", "address": "128  Tremont ST", "city": "Boston", "zip": 2108, "property_id": 136812, "latitude_Y": 42.35629, "longitude_X": -71.06185, "year": 2016 }, "geometry": { "type": "Point", "coordinates": [ -71.06185, 42.35629 ] } },
{ "type": "Feature", "properties": { "businessname": "Buttermilk & Bourbon", "dbaname": null, "legalowner": null, "namelast": "DARTCOM LLC/VENETIAN MGMNT", "namefirst": " ", "licenseno": 23943, "issdttm": "2012-01-05T11:19:49", "expdttm": "2020-12-31T23:59:00", "licstatus": "Active", "licensecat": "FS", "descript": "Eating & Drinking", "result": "HE_Fail", "resultdttm": "2015-09-30T16:52:49", "violation": "03-3-501.14", "viollevel": "***", "violdesc": "Cooling", "violdttm": "2015-09-30T16:52:49", "violstatus": "Fail", "statusdate": null, "comments": "Poatoes inside walk in unit store inside covered plastic containers registering 82F. PIC stated that have been there for about 90 minutes and moved them to the freezer. Use proper cooling equipment and follow proper cooling methods.", "address": "160   Commonwealth AVE", "city": "Boston", "zip": 2116, "property_id": 37896, "latitude_Y": 42.35128, "longitude_X": -71.07865, "year": 2015 }, "geometry": { "type": "Point", "coordinates": [ -71.07865, 42.35128 ] } },
{ "type": "Feature", "properties": { "businessname": "By Chloe", "dbaname": null, "legalowner": "ROCKWOOD ABBEY FEE LLC", "namelast": "Wasser", "namefirst": "Samatha", "licenseno": 354679, "issdttm": "2018-08-28T07:54:07", "expdttm": "2020-12-31T23:59:00", "licstatus": "Active", "licensecat": "FS", "descript": "Eating & Drinking", "result": "HE_Filed", "resultdttm": "2018-08-27T12:47:52", "violation": "02-3-602.11-.12/3-302.12", "viollevel": "*", "violdesc": "Food Container Labels", "violdttm": "2018-08-27T12:47:52", "violstatus": "Fail", "statusdate": null, "comments": "Provide labels on all bulk storage bins. PIC corrected on site.", "address": "399   Boylston ST", "city": "Boston", "zip": 2116, "property_id": 18319, "latitude_Y": 42.35179, "longitude_X": -71.07209, "year": 2018 }, "geometry": { "type": "Point", "coordinates": [ -71.07209, 42.35179 ] } },
{ "type": "Feature", "properties": { "businessname": "By Chloe`", "dbaname": null, "legalowner": "PAGOUNIS GEORGE", "namelast": "Harber", "namefirst": "Samantha", "licenseno": 174001, "issdttm": "2017-06-02T13:10:24", "expdttm": "2020-12-31T23:59:00", "licstatus": "Active", "licensecat": "FS", "descript": "Eating & Drinking", "result": "HE_Fail", "resultdttm": "2018-01-07T08:17:55", "violation": "29-5-201/02.11", "viollevel": "*", "violdesc": "Installed and Maintained", "violdttm": "2018-01-07T08:17:55", "violstatus": "Fail", "statusdate": null, "comments": "Repair broken pipe in ceiling.", "address": "1325  Boylston ST", "city": "Boston", "zip": 2215, "property_id": 18092, "latitude_Y": 42.34447, "longitude_X": -71.09917, "year": 2018 }, "geometry": { "type": "Point", "coordinates": [ -71.09917, 42.34447 ] } },
{ "type": "Feature", "properties": { "businessname": "C V S/Pharmacy No.  8988", "dbaname": null, "legalowner": "  ", "namelast": "CVS PHARMACY INC.", "namefirst": "Lic. Dept. Mail Code 1160", "licenseno": 34759, "issdttm": "2011-12-28T12:25:13", "expdttm": "2020-12-31T23:59:00", "licstatus": "Active", "licensecat": "RF", "descript": "Retail Food", "result": "HE_Fail", "resultdttm": "2017-09-19T14:17:03", "violation": "35-6-501.111/.115", "viollevel": "**", "violdesc": "Insects  Rodents  Animals", "violdttm": "2017-09-19T14:17:03", "violstatus": "Fail", "statusdate": null, "comments": "Evidence of fruit fly activity in the back storage room near recycling and mop sink. Address and provide an up to date report addressing fruit fly issues.", "address": "17   Winter ST", "city": "Boston", "zip": 2108, "property_id": 171880, "latitude_Y": 42.355916, "longitude_X": -71.06117, "year": 2017 }, "geometry": { "type": "Point", "coordinates": [ -71.06117, 42.355916 ] } },
{ "type": "Feature", "properties": { "businessname": "C V S/Pharmacy No. 4666", "dbaname": null, "legalowner": "WEINREB ROGER L TS", "namelast": "CVS PHARMACY INC.", "namefirst": "Lic. Dept. Mail Code 1160", "licenseno": 74388, "issdttm": "2011-12-28T12:28:23", "expdttm": "2020-12-31T23:59:00", "licstatus": "Active", "licensecat": "RF", "descript": "Retail Food", "result": "HE_Fail", "resultdttm": "2015-09-24T12:53:50", "violation": "08-3-302.11/3-304.11", "viollevel": "***", "violdesc": "Separation  Segregation Cross Contamination", "violdttm": "2015-09-24T12:53:50", "violstatus": "Fail", "statusdate": null, "comments": "chemicals and laundry detergent bottles stored next to food products  provide proper seperation", "address": "104   Canal ST", "city": "Boston", "zip": 2114, "property_id": 25412, "latitude_Y": 42.3643, "longitude_X": -71.06021, "year": 2015 }, "geometry": { "type": "Point", "coordinates": [ -71.06021, 42.3643 ] } },
{ "type": "Feature", "properties": { "businessname": "Cafe 24", "dbaname": null, "legalowner": "BOSTON CONSERVATORY", "namelast": "Aramark Co.", "namefirst": "Berkeley College of Music", "licenseno": 130888, "issdttm": "2014-10-16T08:46:05", "expdttm": "2020-12-31T23:59:00", "licstatus": "Active", "licensecat": "FT", "descript": "Eating & Drinking w/ Take Out", "result": "HE_Fail", "resultdttm": "2015-03-06T10:28:44", "violation": "08-3-302.15", "viollevel": "*", "violdesc": "Washing fruits and veg's.", "violdttm": "2015-03-06T10:28:44", "violstatus": "Fail", "statusdate": null, "comments": "Observed employees cutting strawberries without washing- Discontinue and ensure fruits and vegetables are washed prior to prepping.", "address": "24   Fenway  ", "city": "Boston", "zip": 2215, "property_id": 57434, "latitude_Y": 42.34589, "longitude_X": -71.09007, "year": 2015 }, "geometry": { "type": "Point", "coordinates": [ -71.09007, 42.34589 ] } },
{ "type": "Feature", "properties": { "businessname": "Cafe 26", "dbaname": null, "legalowner": "CATHEDERAL CHURCH OF ST PAUL", "namelast": "Ibrahim", "namefirst": "Ibrahim", "licenseno": 79463, "issdttm": "2012-08-01T09:46:46", "expdttm": "2020-12-31T23:59:00", "licstatus": "Active", "licensecat": "FT", "descript": "Eating & Drinking w/ Take Out", "result": "HE_Fail", "resultdttm": "2015-11-05T14:27:50", "violation": "01-3-602.11 B2", "viollevel": "***", "violdesc": "Labeling of Ingredients", "violdttm": "2015-11-05T14:27:50", "violstatus": "Fail", "statusdate": null, "comments": "Items in grab and go without labels / Provide labels with ingredients", "address": "26  Temple PL", "city": "Boston", "zip": 2111, "property_id": 134063, "latitude_Y": 42.355396, "longitude_X": -71.062051, "year": 2015 }, "geometry": { "type": "Point", "coordinates": [ -71.062051, 42.355396 ] } },
{ "type": "Feature", "properties": { "businessname": "Cafe 472", "dbaname": null, "legalowner": null, "namelast": "Ali Orgad Pres.", "namefirst": " ", "licenseno": 75652, "issdttm": "2011-12-21T09:20:52", "expdttm": "2020-12-31T23:59:00", "licstatus": "Active", "licensecat": "FT", "descript": "Eating & Drinking w/ Take Out", "result": "HE_Fail", "resultdttm": "2015-02-18T14:13:53", "violation": "22-4-601/602.11", "viollevel": "**", "violdesc": "Food Contact Surfaces Clean", "violdttm": "2015-02-18T14:13:53", "violstatus": "Fail", "statusdate": null, "comments": "Can opener soiled.Clean and sanitize properly.", "address": "472   Commonwealth AVE", "city": "Boston", "zip": 2215, "property_id": 40985, "latitude_Y": 42.34855, "longitude_X": -71.09367, "year": 2015 }, "geometry": { "type": "Point", "coordinates": [ -71.09367, 42.34855 ] } },
{ "type": "Feature", "properties": { "businessname": "Cafe 939", "dbaname": null, "legalowner": "WILLIAM NOLAN", "namelast": "Mackool", "namefirst": "Jessica", "licenseno": 28250, "issdttm": "2012-01-06T15:00:28", "expdttm": "2020-12-31T23:59:00", "licstatus": "Active", "licensecat": "FT", "descript": "Eating & Drinking w/ Take Out", "result": "HE_Fail", "resultdttm": "2015-03-30T11:21:26", "violation": "21-3-304.14", "viollevel": "*", "violdesc": "Wiping Cloths  Clean  Sanitize", "violdttm": "2015-03-30T11:21:26", "violstatus": "Fail", "statusdate": null, "comments": "Sponges used to wipe three bay sink or the equipment. Discontinue. Use wiping cloths.", "address": "939   Boylston ST", "city": "Boston", "zip": 2115, "property_id": 158135, "latitude_Y": 42.348238, "longitude_X": -71.08505, "year": 2015 }, "geometry": { "type": "Point", "coordinates": [ -71.08505, 42.348238 ] } },
{ "type": "Feature", "properties": { "businessname": "CAFE AT BARNES AND NOBLE", "dbaname": null, "legalowner": "TRUSTEES OF BOSTON UNIV", "namelast": "BARNES & NOBLE", "namefirst": " ", "licenseno": 20111, "issdttm": "2011-12-28T09:02:51", "expdttm": "2018-12-31T23:59:00", "licstatus": "Inactive", "licensecat": "FS", "descript": "Eating & Drinking", "result": "HE_Fail", "resultdttm": "2015-08-18T13:36:42", "violation": "19-4-501.18-.110", "viollevel": "*", "violdesc": "Wash Rinse Water Clean Proper Temperature.", "violdttm": "2015-08-18T13:36:42", "violstatus": "Fail", "statusdate": null, "comments": "High Temp Dishwasher registering only 110F during wash cycle. Repair to maintain 150F or above.", "address": "660  Beacon St", "city": "Boston", "zip": 2215, "property_id": 12206, "latitude_Y": 42.3493, "longitude_X": -71.09619, "year": 2015 }, "geometry": { "type": "Point", "coordinates": [ -71.09619, 42.3493 ] } },
{ "type": "Feature", "properties": { "businessname": "Cafe Bonjour", "dbaname": null, "legalowner": "FIFTY 5 TEMPLE PLACE ASSN", "namelast": "El Mokri", "namefirst": "Driss", "licenseno": 370810, "issdttm": "2019-12-16T08:14:51", "expdttm": "2020-12-31T23:59:00", "licstatus": "Active", "licensecat": "FT", "descript": "Eating & Drinking w/ Take Out", "result": "HE_Fail", "resultdttm": "2019-12-04T12:32:37", "violation": "590.004/4-302.12-PF", "viollevel": "**", "violdesc": "Food Temperature Measuring Devices (Pf)", "violdttm": "2019-12-04T12:32:37", "violstatus": "Fail", "statusdate": null, "comments": "Cold units missing internal thermometers  supply", "address": "55  Temple Pl", "city": "Boston", "zip": 2111, "property_id": 134076, "latitude_Y": 42.354894, "longitude_X": -71.061756, "year": 2019 }, "geometry": { "type": "Point", "coordinates": [ -71.061756, 42.354894 ] } },
{ "type": "Feature", "properties": { "businessname": "Cafe De Lulu", "dbaname": null, "legalowner": "SIK FAN CHOY WONG", "namelast": "Tianjin Inc.", "namefirst": " ", "licenseno": 33276, "issdttm": "2012-02-06T11:19:21", "expdttm": "2015-12-31T23:59:00", "licstatus": "Inactive", "licensecat": "FT", "descript": "Eating & Drinking w/ Take Out", "result": "HE_Fail", "resultdttm": "2015-05-29T11:10:31", "violation": "03-3-501.16", "viollevel": "***", "violdesc": "Hot Holding", "violdttm": "2015-05-29T11:10:31", "violstatus": "Fail", "statusdate": null, "comments": "Spareribs sitting out at 114F / Provide proper holding temperatures.", "address": "40   Harrison AVE", "city": "Boston", "zip": 2111, "property_id": 156634, "latitude_Y": 42.351661, "longitude_X": -71.060969, "year": 2015 }, "geometry": { "type": "Point", "coordinates": [ -71.060969, 42.351661 ] } },
{ "type": "Feature", "properties": { "businessname": "CAFE DES ARTS", "dbaname": null, "legalowner": "MUSEUM OF FINE ARTS", "namelast": "CAFE DES ARTS", "namefirst": " ", "licenseno": 22245, "issdttm": "2011-12-20T11:58:56", "expdttm": "2017-12-31T23:59:00", "licstatus": "Inactive", "licensecat": "FS", "descript": "Eating & Drinking", "result": "HE_Fail", "resultdttm": "2015-09-22T13:42:41", "violation": "29-5-201/02.11", "viollevel": "*", "violdesc": "Installed and Maintained", "violdttm": "2015-09-22T13:42:41", "violstatus": "Fail", "statusdate": null, "comments": "Water at handwash sink 85F. Ensure water is maintained at 110F for proper handwashing- Make proper repairs", "address": "230   Fenway ", "city": "Boston", "zip": 2115, "property_id": 57433, "latitude_Y": 42.33869, "longitude_X": -71.09664, "year": 2015 }, "geometry": { "type": "Point", "coordinates": [ -71.09664, 42.33869 ] } },
{ "type": "Feature", "properties": { "businessname": "Cafe Hemsin", "dbaname": null, "legalowner": "LOUIS SIRIGNANO", "namelast": "OZA INC.", "namefirst": " ", "licenseno": 81326, "issdttm": "2013-04-09T13:36:24", "expdttm": "2016-12-31T23:59:00", "licstatus": "Inactive", "licensecat": "FT", "descript": "Eating & Drinking w/ Take Out", "result": "HE_Fail", "resultdttm": "2015-03-25T14:26:29", "violation": "01-3-602.11 B2", "viollevel": "***", "violdesc": "Labeling of Ingredients", "violdttm": "2015-03-25T14:26:29", "violstatus": "Fail", "statusdate": null, "comments": "Dessert items without labels / Provide proper labels with list of ingredients.", "address": "10   City Hall AVE", "city": "Boston", "zip": 2108, "property_id": 158384, "latitude_Y": 42.357965, "longitude_X": -71.058998, "year": 2015 }, "geometry": { "type": "Point", "coordinates": [ -71.058998, 42.357965 ] } },
{ "type": "Feature", "properties": { "businessname": "Cafe Landwer", "dbaname": null, "legalowner": "YU SHENG HSIUNG", "namelast": "Cafe Landwer", "namefirst": "Landver Investors LLC", "licenseno": 337377, "issdttm": "2018-01-17T15:32:36", "expdttm": "2020-12-31T23:59:00", "licstatus": "Active", "licensecat": "FS", "descript": "Eating & Drinking", "result": "HE_Fail", "resultdttm": "2018-11-07T12:00:48", "violation": "10-3-304.12", "viollevel": "*", "violdesc": "Food Utensil Storage", "violdttm": "2018-11-07T12:00:48", "violstatus": "Fail", "statusdate": null, "comments": "Observed in use utensils stored in stagnant water at room temperature. Discontinue  store on a clean/sanitized surface.", "address": "900   Beacon ST", "city": "Boston", "zip": 2215, "property_id": 12379, "latitude_Y": 42.34679, "longitude_X": -71.10573, "year": 2018 }, "geometry": { "type": "Point", "coordinates": [ -71.10573, 42.34679 ] } },
{ "type": "Feature", "properties": { "businessname": "Cafe Marliave", "dbaname": null, "legalowner": null, "namelast": "Herritt", "namefirst": "Scott", "licenseno": 29315, "issdttm": "2012-01-26T11:03:24", "expdttm": "2020-12-31T23:59:00", "licstatus": "Active", "licensecat": "FS", "descript": "Eating & Drinking", "result": "HE_Fail", "resultdttm": "2015-02-26T11:43:54", "violation": "20-4-703.11", "viollevel": "***", "violdesc": "Food Contact Surfaces Clean", "violdttm": "2015-02-26T11:43:54", "violstatus": "Fail", "statusdate": null, "comments": "High temp rinse cycle 120-130F / Repair to provide 180F", "address": "10   Bosworth ST", "city": "Boston", "zip": 2108, "property_id": 155889, "latitude_Y": 42.356873, "longitude_X": -71.06026, "year": 2015 }, "geometry": { "type": "Point", "coordinates": [ -71.06026, 42.356873 ] } },
{ "type": "Feature", "properties": { "businessname": "Cafe Med", "dbaname": null, "legalowner": "RUGGERI FRANCESCO", "namelast": "C & M Ventures LLC", "namefirst": "Emmanuel Linoxilakis", "licenseno": 130617, "issdttm": "2014-12-11T08:59:58", "expdttm": "2020-12-31T23:59:00", "licstatus": "Active", "licensecat": "FT", "descript": "Eating & Drinking w/ Take Out", "result": "HE_Fail", "resultdttm": "2015-02-20T12:24:57", "violation": "14-4-202.11", "viollevel": "*", "violdesc": "Food Contact Surfaces Design", "violdttm": "2015-02-20T12:24:57", "violstatus": "Fail", "statusdate": null, "comments": "Several cutting boards heavily scored. Resurface or replace.", "address": "31   Saint James AVE", "city": "Boston", "zip": 2116, "property_id": 155769, "latitude_Y": 42.351109, "longitude_X": -71.07458, "year": 2015 }, "geometry": { "type": "Point", "coordinates": [ -71.07458, 42.351109 ] } },
{ "type": "Feature", "properties": { "businessname": "CAFE PODIMA", "dbaname": null, "legalowner": "  ", "namelast": "Noah Cafe Inc.", "namefirst": " ", "licenseno": 78079, "issdttm": "2012-03-14T09:05:04", "expdttm": "2017-12-31T23:59:00", "licstatus": "Inactive", "licensecat": "FT", "descript": "Eating & Drinking w/ Take Out", "result": "HE_Fail", "resultdttm": "2015-12-07T12:29:20", "violation": "22-4-601/602.11", "viollevel": "**", "violdesc": "Food Contact Surfaces Clean", "violdttm": "2015-12-07T12:29:20", "violstatus": "Fail", "statusdate": null, "comments": "1. slicer with old soils  clean to remove 2. 2 can openers with old soils  clean to remove", "address": "156   Cambridge ST", "city": "Boston", "zip": 2114, "property_id": 340670, "latitude_Y": 42.360947, "longitude_X": -71.064886, "year": 2015 }, "geometry": { "type": "Point", "coordinates": [ -71.064886, 42.360947 ] } },
{ "type": "Feature", "properties": { "businessname": "CAFE POMPEI", "dbaname": null, "legalowner": "FEDERAL INVESTMENTS INC", "namelast": "FRANK PEZZANO", "namefirst": " ", "licenseno": 22175, "issdttm": "2011-12-13T11:25:31", "expdttm": "2016-12-31T23:59:00", "licstatus": "Inactive", "licensecat": "FS", "descript": "Eating & Drinking", "result": "HE_Fail", "resultdttm": "2015-09-10T11:55:55", "violation": "01-3-202.18", "viollevel": "**", "violdesc": "Shellstock ID", "violdttm": "2015-09-10T11:55:55", "violstatus": "Fail", "statusdate": null, "comments": " ", "address": "280  Hanover St", "city": "Boston", "zip": 2113, "property_id": 69079, "latitude_Y": 42.36392, "longitude_X": -71.05459, "year": 2015 }, "geometry": { "type": "Point", "coordinates": [ -71.05459, 42.36392 ] } },
{ "type": "Feature", "properties": { "businessname": "Cafe SuSu", "dbaname": null, "legalowner": "CIMINO JOSEPH P", "namelast": "De Jong", "namefirst": "Fokke", "licenseno": 351876, "issdttm": "2018-06-27T15:40:07", "expdttm": "2020-12-31T23:59:00", "licstatus": "Active", "licensecat": "FS", "descript": "Eating & Drinking", "result": "HE_Fail", "resultdttm": "2019-11-27T10:58:03", "violation": "590.004/4-501.114-P", "viollevel": "***", "violdesc": "Manual and Mechanical Warewashing Equipment  Chemical Sanitization-Temperature  pH  Concentration and Hardness (P)", "violdttm": "2019-11-27T10:58:03", "violstatus": "Fail", "statusdate": null, "comments": "Chlorine sanitizer measured at 0ppm at time of inspection. Discontinue use of machine. Disposable products to be used until repairs are made. Call made to Ecolab at time of inspection", "address": "240A  Newbury St", "city": "Boston", "zip": 2116, "property_id": 101454, "latitude_Y": 42.34946, "longitude_X": -71.08224, "year": 2019 }, "geometry": { "type": "Point", "coordinates": [ -71.08224, 42.34946 ] } },
{ "type": "Feature", "properties": { "businessname": "Cafeteria Boston", "dbaname": null, "legalowner": "G S PARTNERS", "namelast": "Cameron Grob George Aboujaoude", "namefirst": "Eric Santiago", "licenseno": 28689, "issdttm": "2012-02-13T10:32:07", "expdttm": "2020-12-31T23:59:00", "licstatus": "Active", "licensecat": "FS", "descript": "Eating & Drinking", "result": "HE_Fail", "resultdttm": "2015-01-09T13:09:27", "violation": "10-3-304.12", "viollevel": "*", "violdesc": "Food Utensil Storage", "violdttm": "2015-01-09T13:09:27", "violstatus": "Fail", "statusdate": null, "comments": "Pizza peel stored on a soiled surface. Store properly.", "address": "279   Newbury ST", "city": "Boston", "zip": 2116, "property_id": 101491, "latitude_Y": 42.34938, "longitude_X": -71.084014, "year": 2015 }, "geometry": { "type": "Point", "coordinates": [ -71.084014, 42.34938 ] } },
{ "type": "Feature", "properties": { "businessname": "CAFFE BELLAVITA", "dbaname": null, "legalowner": "CHIU YU HSI", "namelast": "MOMANI", "namefirst": "MOHAMED", "licenseno": 19583, "issdttm": "2012-01-12T13:08:51", "expdttm": "2019-12-31T23:59:00", "licstatus": "Active", "licensecat": "FS", "descript": "Eating & Drinking", "result": "HE_Fail", "resultdttm": "2015-02-19T12:25:30", "violation": "02-3-602.11-.12/3-302.12", "viollevel": "*", "violdesc": "Food Container Labels", "violdttm": "2015-02-19T12:25:30", "violstatus": "Fail", "statusdate": null, "comments": "No labels on bulk food bins. Provide.", "address": "30   Charles ST", "city": "Boston", "zip": 2108, "property_id": 29150, "latitude_Y": 42.356847, "longitude_X": -71.070066, "year": 2015 }, "geometry": { "type": "Point", "coordinates": [ -71.070066, 42.356847 ] } },
{ "type": "Feature", "properties": { "businessname": "Caffe Bene", "dbaname": null, "legalowner": "  ", "namelast": "Chen & Chen Brothers Inc.", "namefirst": " ", "licenseno": 125889, "issdttm": "2014-08-14T10:37:36", "expdttm": "2020-12-31T23:59:00", "licstatus": "Active", "licensecat": "FS", "descript": "Eating & Drinking", "result": "HE_Fail", "resultdttm": "2018-08-27T14:46:46", "violation": "41-7-201/04.11", "viollevel": "***", "violdesc": "Separation/Sanitizer Criteria", "violdttm": "2018-08-27T14:46:46", "violstatus": "Fail", "statusdate": null, "comments": "Chlorine sanitizer vset up in 3 bay sink at 200ppm  Maintain at 50-100ppm", "address": "333   Massachusetts AV", "city": "Boston", "zip": 2115, "property_id": 271270, "latitude_Y": 42.34224, "longitude_X": -71.08468, "year": 2018 }, "geometry": { "type": "Point", "coordinates": [ -71.08468, 42.34224 ] } },
{ "type": "Feature", "properties": { "businessname": "Caffe Lil Italy", "dbaname": null, "legalowner": "FINOCCHIARO LUCILLE TS", "namelast": "Raluca Inc.", "namefirst": "Carla Gomes", "licenseno": 74781, "issdttm": "2012-02-29T12:16:04", "expdttm": "2020-12-31T23:59:00", "licstatus": "Active", "licensecat": "FS", "descript": "Eating & Drinking", "result": "HE_Fail", "resultdttm": "2015-03-02T13:06:43", "violation": "08-3-305-307.11", "viollevel": "*", "violdesc": "Food Protection", "violdttm": "2015-03-02T13:06:43", "violstatus": "Fail", "statusdate": null, "comments": "Remove ceramic plates from on top of the ice machine", "address": "178   Salem ST", "city": "Boston", "zip": 2113, "property_id": 121822, "latitude_Y": 42.36652, "longitude_X": -71.05478, "year": 2015 }, "geometry": { "type": "Point", "coordinates": [ -71.05478, 42.36652 ] } },
{ "type": "Feature", "properties": { "businessname": "Caffe Strega", "dbaname": null, "legalowner": null, "namelast": "Varano", "namefirst": "Nick", "licenseno": 128585, "issdttm": "2014-06-25T13:45:31", "expdttm": "2020-12-31T23:59:00", "licstatus": "Active", "licensecat": "FT", "descript": "Eating & Drinking w/ Take Out", "result": "HE_Fail", "resultdttm": "2015-10-05T12:34:49", "violation": "20-4-703.11", "viollevel": "***", "violdesc": "Food Contact Surfaces Clean", "violdttm": "2015-10-05T12:34:49", "violstatus": "Fail", "statusdate": null, "comments": "repair high temp dishmachine", "address": "175  Huntington AVE", "city": "Boston", "zip": 2115, "property_id": 344785, "latitude_Y": 42.34493, "longitude_X": -71.082807, "year": 2015 }, "geometry": { "type": "Point", "coordinates": [ -71.082807, 42.34493 ] } },
{ "type": "Feature", "properties": { "businessname": "Caffe Nero", "dbaname": null, "legalowner": "TEN47 COMMONWEALTH LLC", "namelast": "Caffe Nero", "namefirst": "Att: Accounts Payable", "licenseno": 317664, "issdttm": "2017-07-24T08:40:59", "expdttm": "2020-12-31T23:59:00", "licstatus": "Active", "licensecat": "FS", "descript": "Eating & Drinking", "result": "HE_Fail", "resultdttm": "2019-01-24T14:14:00", "violation": "08-3-305-307.11", "viollevel": "*", "violdesc": "Food Protection", "violdttm": "2019-01-24T14:14:00", "violstatus": "Fail", "statusdate": null, "comments": "Clean utensils/equipment storage shelves placed next to the mops and brooms. Separate properly.  Water filter acumulating water due to what appears as condensation  and leaking on a shelf where clean equipment is stored.  Cover properly the water filters  or remove the equipment.", "address": "1047   Commonwealth AVE", "city": "Boston", "zip": 2134, "property_id": 36982, "latitude_Y": 42.35238, "longitude_X": -71.12258, "year": 2019 }, "geometry": { "type": "Point", "coordinates": [ -71.12258, 42.35238 ] } },
{ "type": "Feature", "properties": { "businessname": "Caffe Nero", "dbaname": null, "legalowner": "U I D C OF MASS INC", "namelast": "Caffe Nero Americas LTD", "namefirst": "Att: Licensing", "licenseno": 392803, "issdttm": "2019-11-26T09:20:45", "expdttm": "2020-12-31T23:59:00", "licstatus": "Active", "licensecat": "FS", "descript": "Eating & Drinking", "result": "HE_Fail", "resultdttm": "2019-10-22T08:06:49", "violation": "590.006/6-501.11-C", "viollevel": "*", "violdesc": "Repairing-Premises  Structures  Attachments  and Fixtures-Methods (C)", "violdttm": "2019-10-22T08:06:49", "violstatus": "Fail", "statusdate": null, "comments": "provide smooth walls/ceiling and floor at paper storage area in rear hallway", "address": "100  Huntington AVE", "city": "Boston", "zip": 2116, "property_id": 76237, "latitude_Y": 42.34721, "longitude_X": -71.0782, "year": 2019 }, "geometry": { "type": "Point", "coordinates": [ -71.0782, 42.34721 ] } },
{ "type": "Feature", "properties": { "businessname": "Caffe Nero", "dbaname": null, "legalowner": "UNITED COMPANY THE", "namelast": "Caffe Nero", "namefirst": "Michael F. Deegan", "licenseno": 354434, "issdttm": "2018-06-01T07:47:45", "expdttm": "2020-12-31T23:59:00", "licstatus": "Active", "licensecat": "FS", "descript": "Eating & Drinking", "result": "HE_Fail", "resultdttm": "2018-08-31T08:42:08", "violation": "01-3-602.11 B2", "viollevel": "***", "violdesc": "Labeling of Ingredients", "violdttm": "2018-08-31T08:42:08", "violstatus": "Fail", "statusdate": null, "comments": "Products in grab and go cooler with no labels indicating ingredients- Provide", "address": "189   Massachusetts AVE", "city": "Boston", "zip": 2115, "property_id": 92019, "latitude_Y": 42.34531, "longitude_X": -71.08717, "year": 2018 }, "geometry": { "type": "Point", "coordinates": [ -71.08717, 42.34531 ] } },
{ "type": "Feature", "properties": { "businessname": "Caffe Strega", "dbaname": null, "legalowner": "GLB SUMMER I LLC", "namelast": "Varano", "namefirst": "Nick", "licenseno": 342518, "issdttm": "2018-05-01T10:01:52", "expdttm": "2020-12-31T23:59:00", "licstatus": "Active", "licensecat": "FT", "descript": "Eating & Drinking w/ Take Out", "result": "HE_Fail", "resultdttm": "2018-10-11T08:30:15", "violation": "03-3-501.16(A)", "viollevel": "***", "violdesc": "Cold Holding", "violdttm": "2018-10-11T08:30:15", "violstatus": "Fail", "statusdate": null, "comments": "1) Salads @ 58f  ensure porper cold hold of 41f or below  2) Hard boiled Eggs @ 56f  ensure proper cold hold of 41f or below  3) Yogurt @ 58f  ensure proper cold hold of 41f or below", "address": "99  Summer ST", "city": "Boston", "zip": 2110, "property_id": 132058, "latitude_Y": 42.35349, "longitude_X": -71.05866, "year": 2018 }, "geometry": { "type": "Point", "coordinates": [ -71.05866, 42.35349 ] } },
{ "type": "Feature", "properties": { "businessname": "Caffe Vittoria", "dbaname": null, "legalowner": "RICCIO GENNARO", "namelast": "RICCIO", "namefirst": "Gerald", "licenseno": 18572, "issdttm": "2011-12-15T13:35:25", "expdttm": "2020-12-31T23:59:00", "licstatus": "Active", "licensecat": "FS", "descript": "Eating & Drinking", "result": "HE_Fail", "resultdttm": "2015-05-13T10:09:36", "violation": "01-3-201.11", "viollevel": "***", "violdesc": "Approved Source", "violdttm": "2015-05-13T10:09:36", "violstatus": "Fail", "statusdate": null, "comments": "Some foods are being purchased from Market Basket - Food code states that a restaurant shall only purchese foods from licensed wholesalers only", "address": "290   Hanover ST", "city": "Boston", "zip": 2113, "property_id": 69102, "latitude_Y": 42.364098, "longitude_X": -71.054401, "year": 2015 }, "geometry": { "type": "Point", "coordinates": [ -71.054401, 42.364098 ] } },
{ "type": "Feature", "properties": { "businessname": "CALIFORNIA PIZZA KITCHEN", "dbaname": null, "legalowner": "  ", "namelast": "CALIFORNIA PIZZA KITCHEN", "namefirst": "INC. LIC.DIV.", "licenseno": 19754, "issdttm": "2012-04-03T13:47:18", "expdttm": "2020-12-31T23:59:00", "licstatus": "Active", "licensecat": "FS", "descript": "Eating & Drinking", "result": "HE_Fail", "resultdttm": "2015-03-31T10:04:37", "violation": "23-4-602.13", "viollevel": "*", "violdesc": "Non-Food Contact Surfaces Clean", "violdttm": "2015-03-31T10:04:37", "violstatus": "Fail", "statusdate": null, "comments": "take out station/clean interior of all reach in units and silver shelving", "address": "800   Boylston ST", "city": "Boston", "zip": 2199, "property_id": 194357, "latitude_Y": 42.34716, "longitude_X": -71.08251, "year": 2015 }, "geometry": { "type": "Point", "coordinates": [ -71.08251, 42.34716 ] } },
{ "type": "Feature", "properties": { "businessname": "CANTINA ITALIANA", "dbaname": null, "legalowner": "FIUMARA PETER J TS", "namelast": "COLELLA", "namefirst": "FLORINDO", "licenseno": 19123, "issdttm": "2011-12-15T11:06:27", "expdttm": "2019-12-31T23:59:00", "licstatus": "Inactive", "licensecat": "FS", "descript": "Eating & Drinking", "result": "HE_Fail", "resultdttm": "2016-06-23T13:25:58", "violation": "10-3-304.12", "viollevel": "*", "violdesc": "Food Utensil Storage", "violdttm": "2016-06-23T13:25:58", "violstatus": "Fail", "statusdate": null, "comments": "Utensils stored in stagnant water / Discontinue and properly store.", "address": "344   Hanover ST", "city": "Boston", "zip": 2113, "property_id": 69114, "latitude_Y": 42.36503, "longitude_X": -71.05348, "year": 2016 }, "geometry": { "type": "Point", "coordinates": [ -71.05348, 42.36503 ] } },
{ "type": "Feature", "properties": { "businessname": "CAPITAL GRILLE", "dbaname": null, "legalowner": "MASSACHUSETTS CONVENTION", "namelast": "Capital Grille Holdings Inc.", "namefirst": "Lic. Dept.", "licenseno": 74599, "issdttm": "2012-01-31T13:26:10", "expdttm": "2020-12-31T23:59:00", "licstatus": "Active", "licensecat": "FS", "descript": "Eating & Drinking", "result": "HE_Fail", "resultdttm": "2015-04-28T10:04:48", "violation": "23-4-602.13", "viollevel": "*", "violdesc": "Non-Food Contact Surfaces Clean", "violdttm": "2015-04-28T10:04:48", "violstatus": "Fail", "statusdate": null, "comments": "wait station/clean interior of condensor cabinet", "address": "880  Boylston St", "city": "Boston", "zip": 2199, "property_id": 18415, "latitude_Y": 42.34753, "longitude_X": -71.08411, "year": 2015 }, "geometry": { "type": "Point", "coordinates": [ -71.08411, 42.34753 ] } },
{ "type": "Feature", "properties": { "businessname": "CAPITOL COFFEE HOUSE", "dbaname": null, "legalowner": "MAIONE SEBASTIANO", "namelast": "MAIONE", "namefirst": "SEBASTIANO", "licenseno": 18939, "issdttm": "2011-12-29T10:53:33", "expdttm": "2020-12-31T23:59:00", "licstatus": "Active", "licensecat": "FS", "descript": "Eating & Drinking", "result": "HE_Fail", "resultdttm": "2016-03-30T13:53:15", "violation": "15-4-202.16", "viollevel": "*", "violdesc": "Non-Food Contact Surfaces", "violdttm": "2016-03-30T13:53:15", "violstatus": "Fail", "statusdate": null, "comments": "Shelving in rear dry food good storage area with exposed raw wood and peeling paint. Shelving support in dishroom constructed of raw wood. Resurface to maintain smooth  durable nonaborbent and easily cleanable.", "address": "122   Bowdoin ST", "city": "Boston", "zip": 2108, "property_id": 158010, "latitude_Y": 42.358885, "longitude_X": -71.062751, "year": 2016 }, "geometry": { "type": "Point", "coordinates": [ -71.062751, 42.358885 ] } },
{ "type": "Feature", "properties": { "businessname": "CAPPY'S PIZZA & SUBS", "dbaname": null, "legalowner": null, "namelast": "CAPPY'S PIZZA & SUBS", "namefirst": " ", "licenseno": 23059, "issdttm": "2012-02-21T14:24:38", "expdttm": "2020-12-31T23:59:00", "licstatus": "Active", "licensecat": "FT", "descript": "Eating & Drinking w/ Take Out", "result": "HE_Fail", "resultdttm": "2015-10-01T14:08:38", "violation": "03-3-501.16(A)", "viollevel": "***", "violdesc": "Cold Holding", "violdttm": "2015-10-01T14:08:38", "violstatus": "Fail", "statusdate": null, "comments": "Multiple sliced deli meats at 49F-54F with wax paper under product in serviceline. Discontinue and ensure product cold held at 41F or below. Sliced Turkey 49F  Sliced Roast Beef 54F.", "address": "82   Westland AVE", "city": "Boston", "zip": 2115, "property_id": 156244, "latitude_Y": 42.343727, "longitude_X": -71.089581, "year": 2015 }, "geometry": { "type": "Point", "coordinates": [ -71.089581, 42.343727 ] } },
{ "type": "Feature", "properties": { "businessname": "Carmelina's North End", "dbaname": null, "legalowner": "DIPAOLA CARMELA TS", "namelast": "Di Paola", "namefirst": "Damien", "licenseno": 29380, "issdttm": "2012-02-15T13:10:51", "expdttm": "2020-12-31T23:59:00", "licstatus": "Active", "licensecat": "FS", "descript": "Eating & Drinking", "result": "HE_Closure", "resultdttm": "2018-02-16T13:57:54", "violation": "03-3-501.16(A)", "viollevel": "***", "violdesc": "Cold Holding", "violdttm": "2018-02-16T13:57:54", "violstatus": "Fail", "statusdate": null, "comments": "The items on the top of the large flip top unit on the line are elevated and containers are overstocked; risotto 48F  chicken 50F.  Provide proper cold holding of 41F or below.  (manager removed some of the product so items were below the fill lines)", "address": "307   Hanover ST", "city": "Boston", "zip": 2113, "property_id": 69105, "latitude_Y": 42.36388, "longitude_X": -71.05416, "year": 2018 }, "geometry": { "type": "Point", "coordinates": [ -71.05416, 42.36388 ] } },
{ "type": "Feature", "properties": { "businessname": "Carrie Nation", "dbaname": null, "legalowner": "  ", "namelast": "Jackeens Inc.", "namefirst": " ", "licenseno": 86539, "issdttm": "2013-06-07T15:02:49", "expdttm": "2020-12-31T23:59:00", "licstatus": "Active", "licensecat": "FS", "descript": "Eating & Drinking", "result": "HE_Fail", "resultdttm": "2015-10-02T13:06:25", "violation": "08-3-305-307.11", "viollevel": "*", "violdesc": "Food Protection", "violdttm": "2015-10-02T13:06:25", "violstatus": "Fail", "statusdate": null, "comments": "Ceiling tiles missing at service line  replace to avoid potentail contamination", "address": "11   Beacon ST", "city": "Boston", "zip": 2108, "property_id": 183546, "latitude_Y": 42.35838, "longitude_X": -71.06178, "year": 2015 }, "geometry": { "type": "Point", "coordinates": [ -71.06178, 42.35838 ] } },
{ "type": "Feature", "properties": { "businessname": "Casa Razbora", "dbaname": null, "legalowner": "KAPLANIDIS JOHN", "namelast": "Giancarlo Baldini/Robert Santini", "namefirst": " ", "licenseno": 74564, "issdttm": "2012-02-10T08:42:20", "expdttm": "2020-12-31T23:59:00", "licstatus": "Active", "licensecat": "FT", "descript": "Eating & Drinking w/ Take Out", "result": "HE_Fail", "resultdttm": "2015-05-07T14:35:19", "violation": "37-6-501.11-.12", "viollevel": "*", "violdesc": "Improper Maintenance of Walls/Ceilings", "violdttm": "2015-05-07T14:35:19", "violstatus": "Fail", "statusdate": null, "comments": "Hood tag expired at the end of April 2015.  Hood cleaning company scheduled for Wednesday 5-13-15.", "address": "115   Water ST", "city": "Boston", "zip": 2109, "property_id": 146292, "latitude_Y": 42.35805, "longitude_X": -71.05461, "year": 2015 }, "geometry": { "type": "Point", "coordinates": [ -71.05461, 42.35805 ] } },
{ "type": "Feature", "properties": { "businessname": "Casa Razdora", "dbaname": null, "legalowner": null, "namelast": "Casa Razdora Enterprises Inc.", "namefirst": "Att: Accounts Payable", "licenseno": 391438, "issdttm": "2019-10-10T11:24:41", "expdttm": "2020-12-31T23:59:00", "licstatus": "Active", "licensecat": "FT", "descript": "Eating & Drinking w/ Take Out", "result": "HE_Fail", "resultdttm": "2020-01-27T11:02:07", "violation": "590.003/3-304.14-C", "viollevel": "*", "violdesc": "Wiping Cloths  Use Limitation (C)", "violdttm": "2020-01-27T11:02:07", "violstatus": "Fail", "statusdate": null, "comments": "Keep all in use wiping coths in a sanitizing solution when not in use.", "address": "176   Federal ST", "city": "Boston", "zip": 2110, "property_id": 155873, "latitude_Y": 42.353508, "longitude_X": -71.055899, "year": 2020 }, "geometry": { "type": "Point", "coordinates": [ -71.055899, 42.353508 ] } },
{ "type": "Feature", "properties": { "businessname": "CASA ROMERO", "dbaname": null, "legalowner": "THIRTY GLOUCESTER ST", "namelast": "Du Four's", "namefirst": "Inc.", "licenseno": 25332, "issdttm": "2012-01-24T12:58:19", "expdttm": "2020-12-31T23:59:00", "licstatus": "Active", "licensecat": "FS", "descript": "Eating & Drinking", "result": "HE_Fail", "resultdttm": "2015-10-06T17:54:09", "violation": "02-3-602.11-.12/3-302.12", "viollevel": "*", "violdesc": "Food Container Labels", "violdttm": "2015-10-06T17:54:09", "violstatus": "Fail", "statusdate": null, "comments": "Several bulk food containers missing labels. Provide.", "address": "30   Gloucester ST", "city": "Boston", "zip": 2115, "property_id": 64941, "latitude_Y": 42.349444, "longitude_X": -71.084498, "year": 2015 }, "geometry": { "type": "Point", "coordinates": [ -71.084498, 42.349444 ] } },
{ "type": "Feature", "properties": { "businessname": "CAUSEWAY CAFE", "dbaname": null, "legalowner": "BEVERLY-BOSTON LP", "namelast": "kottat", "namefirst": "abdeslam", "licenseno": 22613, "issdttm": "2012-02-23T13:15:49", "expdttm": "2019-12-31T23:59:00", "licstatus": "Inactive", "licensecat": "FT", "descript": "Eating & Drinking w/ Take Out", "result": "HE_Fail", "resultdttm": "2016-01-25T13:10:33", "violation": "04-3-501.15/4-301.11", "viollevel": "*", "violdesc": "Inadequate Facilities/Cooling Methods", "violdttm": "2016-01-25T13:10:33", "violstatus": "Fail", "statusdate": null, "comments": "Chicken being held in plastic pan in back area sandwich unit with temperature of 75F. PIC stated cooked one hour prior. Ensure proper cooling methods from 140F to 70F within two hours and from 70F to 41F or below within additional 4 hours . PIC took corrective action and immersed pan of chicken in ice bath.", "address": "239   Causeway ST", "city": "Boston", "zip": 2114, "property_id": 26609, "latitude_Y": 42.36611, "longitude_X": -71.05943, "year": 2016 }, "geometry": { "type": "Point", "coordinates": [ -71.05943, 42.36611 ] } },
{ "type": "Feature", "properties": { "businessname": "Cava", "dbaname": null, "legalowner": "BK BOYLSTON LLC", "namelast": "Cava Mezze Grill #060", "namefirst": "c/o GFTC  LLC", "licenseno": 342005, "issdttm": "2018-01-18T08:10:36", "expdttm": "2020-12-31T23:59:00", "licstatus": "Active", "licensecat": "FS", "descript": "Eating & Drinking", "result": "HE_Fail", "resultdttm": "2020-01-02T11:57:59", "violation": "590.003/3-302.12-C", "viollevel": "*", "violdesc": "Food Storage Containers Identified with Common Name of Food (C)", "violdttm": "2020-01-02T11:57:59", "violstatus": "Fail", "statusdate": null, "comments": "Provide labels on all bulk storage containers.", "address": "1350  Boylston St", "city": "Boston", "zip": 2215, "property_id": 18095, "latitude_Y": 42.34381, "longitude_X": -71.09952, "year": 2020 }, "geometry": { "type": "Point", "coordinates": [ -71.09952, 42.34381 ] } },
{ "type": "Feature", "properties": { "businessname": "Center Stage @ Emerson", "dbaname": null, "legalowner": null, "namelast": "Bon Appetit Management Co.", "namefirst": "Att: Accounts Payable", "licenseno": 403740, "issdttm": "2019-09-17T14:47:38", "expdttm": "2020-12-31T23:59:00", "licstatus": "Active", "licensecat": "FS", "descript": "Eating & Drinking", "result": "HE_Fail", "resultdttm": "2019-09-11T12:35:30", "violation": "590.004/4-501.112-PF", "viollevel": "**", "violdesc": "Mechanical Warewashing Equipment  Hot Water Sanitization Temperatures (Pf)", "violdttm": "2019-09-11T12:35:30", "violstatus": "Fail", "statusdate": null, "comments": "High temp dish machine hot water sanitizer temp reading 135-140F.Repair Maintain hot water sanitizer temp 180-194F or per manufactures instructions. 3 bay sink is available on site for warewashing", "address": "116   Boylston ST", "city": "Boston", "zip": 2116, "property_id": 157533, "latitude_Y": 42.352228, "longitude_X": -71.065638, "year": 2019 }, "geometry": { "type": "Point", "coordinates": [ -71.065638, 42.352228 ] } },
{ "type": "Feature", "properties": { "businessname": "Centerplate @ Blue Hills Bank Pavilion", "dbaname": null, "legalowner": "SHEEREE", "namelast": "BCG/Centerplate", "namefirst": "Att: licensing", "licenseno": 21400, "issdttm": "2012-02-21T10:04:22", "expdttm": "2020-12-31T23:59:00", "licstatus": "Active", "licensecat": "FT", "descript": "Eating & Drinking w/ Take Out", "result": "HE_Fail", "resultdttm": "2015-06-12T11:38:06", "violation": "23-4-602.13", "viollevel": "*", "violdesc": "Non-Food Contact Surfaces Clean", "violdttm": "2015-06-12T11:38:06", "violstatus": "Fail", "statusdate": null, "comments": "clean all counter tops and table tops at the Regina pizza station. Clean all cooking equipment at the Batter Up Street concession stand.", "address": "290   Northern AV", "city": "Boston", "zip": 2210, "property_id": 157014, "latitude_Y": 42.348163, "longitude_X": -71.03656, "year": 2015 }, "geometry": { "type": "Point", "coordinates": [ -71.03656, 42.348163 ] } },
{ "type": "Feature", "properties": { "businessname": "Centerplate @ ORPHEUM THEATRE", "dbaname": null, "legalowner": "  ", "namelast": "BCG/Centerplate", "namefirst": "Att: licensing", "licenseno": 21649, "issdttm": "2012-02-21T10:13:23", "expdttm": "2020-12-31T23:59:00", "licstatus": "Active", "licensecat": "FT", "descript": "Eating & Drinking w/ Take Out", "result": "HE_Filed", "resultdttm": "2017-12-01T13:02:28", "violation": "23-4-602.13", "viollevel": "*", "violdesc": "Non-Food Contact Surfaces Clean", "violdttm": "2017-12-01T13:02:28", "violstatus": "Fail", "statusdate": null, "comments": "Interior of the second floor beer cooler visibly soiled. Clean to remove.", "address": "1   Hamilton PL", "city": "Boston", "zip": 2108, "property_id": 165924, "latitude_Y": 42.356225, "longitude_X": -71.060994, "year": 2017 }, "geometry": { "type": "Point", "coordinates": [ -71.060994, 42.356225 ] } },
{ "type": "Feature", "properties": { "businessname": "Central Wharf Co.", "dbaname": null, "legalowner": "ONE 60-166 MILK STREET LP", "namelast": "CHRISTINE FREEMAN PRES.", "namefirst": " ", "licenseno": 19691, "issdttm": "2011-12-30T10:35:15", "expdttm": "2020-12-31T23:59:00", "licstatus": "Active", "licensecat": "FS", "descript": "Eating & Drinking", "result": "HE_Fail", "resultdttm": "2016-02-17T10:58:53", "violation": "03-3-501.16", "viollevel": "***", "violdesc": "Hot Holding", "violdttm": "2016-02-17T10:58:53", "violstatus": "Fail", "statusdate": null, "comments": "Pulled pork in staem table at 116F. Discontinue and ensure all potentialy hazardous foods are being maintained at 140F and higher. Pulled pork to be reheated at the time of the inspection to 165F to ensure no bacterial growth.", "address": "160   Milk ST", "city": "Boston", "zip": 2109, "property_id": 95433, "latitude_Y": 42.358689, "longitude_X": -71.052756, "year": 2016 }, "geometry": { "type": "Point", "coordinates": [ -71.052756, 42.358689 ] } },
{ "type": "Feature", "properties": { "businessname": "Chandler Inn/Trophy Room", "dbaname": null, "legalowner": "  ", "namelast": "Berkely Chandler Inc.", "namefirst": "Clifford Long", "licenseno": 342567, "issdttm": "2017-10-06T08:46:27", "expdttm": "2018-12-31T23:59:00", "licstatus": "Inactive", "licensecat": "FS", "descript": "Eating & Drinking", "result": "HE_Fail", "resultdttm": "2017-08-10T09:20:16", "violation": "08-3-302.11/3-304.11", "viollevel": "***", "violdesc": "Separation  Segregation Cross Contamination", "violdttm": "2017-08-10T09:20:16", "violstatus": "Fail", "statusdate": null, "comments": "Raw fish stored on top of salad/sandwich unit with ready to eat foods - 1 st. floor prep Raw eggs stored above ready to eat foods. Raw chicken  ground beef  beef and fish stored together and with ready to eat foods - Walk in units", "address": "26  Chandler ST", "city": "Boston", "zip": 2116, "property_id": 163125, "latitude_Y": 42.346944, "longitude_X": -71.070606, "year": 2017 }, "geometry": { "type": "Point", "coordinates": [ -71.070606, 42.346944 ] } },
{ "type": "Feature", "properties": { "businessname": "CHARLES STREET LIQUORS", "dbaname": null, "legalowner": null, "namelast": "CHARLES STREET LIQUORS", "namefirst": " ", "licenseno": 24518, "issdttm": "2012-01-25T15:29:46", "expdttm": "2018-12-31T23:59:00", "licstatus": "Inactive", "licensecat": "RF", "descript": "Retail Food", "result": "HE_Fail", "resultdttm": "2017-05-15T09:35:24", "violation": "15-4-202.16", "viollevel": "*", "violdesc": "Non-Food Contact Surfaces", "violdttm": "2017-05-15T09:35:24", "violstatus": "Fail", "statusdate": null, "comments": "Using crates for shelving - provide proper shelving 6\" above the floor - Basement", "address": "143   Charles ST", "city": "Boston", "zip": 2114, "property_id": 157547, "latitude_Y": 42.360314, "longitude_X": -71.07057, "year": 2017 }, "geometry": { "type": "Point", "coordinates": [ -71.07057, 42.360314 ] } },
{ "type": "Feature", "properties": { "businessname": "CHARLESMARK HOTEL", "dbaname": null, "legalowner": "HAJJAR CHARLES C TS", "namelast": "CHARLESMARK HOTEL LLC./MARK HAGOPIAN", "namefirst": " ", "licenseno": 24092, "issdttm": "2011-12-29T13:47:56", "expdttm": "2020-12-31T23:59:00", "licstatus": "Active", "licensecat": "FS", "descript": "Eating & Drinking", "result": "HE_Fail", "resultdttm": "2018-01-29T11:02:53", "violation": "17-4-204.112/.115", "viollevel": "*", "violdesc": "Equipment Thermometers", "violdttm": "2018-01-29T11:02:53", "violstatus": "Fail", "statusdate": null, "comments": "Provide working internal thermometers in all refrigeration units.", "address": "655   Boylston ST", "city": "Boston", "zip": 2116, "property_id": 18370, "latitude_Y": 42.35004, "longitude_X": -71.07857, "year": 2018 }, "geometry": { "type": "Point", "coordinates": [ -71.07857, 42.35004 ] } },
{ "type": "Feature", "properties": { "businessname": "Charley's Philly Steak", "dbaname": null, "legalowner": "  ", "namelast": "Charley Corner Corp.", "namefirst": "You Qin Wu", "licenseno": 112554, "issdttm": "2014-05-22T12:43:43", "expdttm": "2020-12-31T23:59:00", "licstatus": "Active", "licensecat": "FT", "descript": "Eating & Drinking w/ Take Out", "result": "HE_Fail", "resultdttm": "2016-02-11T10:38:15", "violation": "16-4-301.12", "viollevel": "*", "violdesc": "Three Compartment Sink", "violdttm": "2016-02-11T10:38:15", "violstatus": "Fail", "statusdate": null, "comments": "Drain plug for the 3 bay sink damaged. Replace.", "address": "417   Washington ST", "city": "Boston", "zip": 2108, "property_id": 331487, "latitude_Y": 42.35582, "longitude_X": -71.0604, "year": 2016 }, "geometry": { "type": "Point", "coordinates": [ -71.0604, 42.35582 ] } },
{ "type": "Feature", "properties": { "businessname": "Charlie's", "dbaname": null, "legalowner": "  ", "namelast": "Deluty", "namefirst": "Evan", "licenseno": 140771, "issdttm": "2016-01-15T08:09:12", "expdttm": "2017-12-31T23:59:00", "licstatus": "Inactive", "licensecat": "FS", "descript": "Eating & Drinking", "result": "HE_Fail", "resultdttm": "2016-06-07T11:26:01", "violation": "15-4-202.16", "viollevel": "*", "violdesc": "Non-Food Contact Surfaces", "violdttm": "2016-06-07T11:26:01", "violstatus": "Fail", "statusdate": null, "comments": "Reach in/Flip top unit registering 50-55F.Interior product 50-55F.Repair.PIC removed all product to alternate refrigeration.", "address": "429   Columbus AVE", "city": "Boston", "zip": 2116, "property_id": 211952, "latitude_Y": 42.34413, "longitude_X": -71.07777, "year": 2016 }, "geometry": { "type": "Point", "coordinates": [ -71.07777, 42.34413 ] } },
{ "type": "Feature", "properties": { "businessname": "CHART HOUSE", "dbaname": null, "legalowner": null, "namelast": "CHLN INC./LICENSING DEPT.", "namefirst": " ", "licenseno": 22388, "issdttm": "2012-01-12T16:34:26", "expdttm": "2020-12-31T23:59:00", "licstatus": "Active", "licensecat": "FS", "descript": "Eating & Drinking", "result": "HE_Fail", "resultdttm": "2016-08-26T10:48:08", "violation": "37-6-201.11", "viollevel": "*", "violdesc": "Walls/Ceilings Designed Constructed Installed", "violdttm": "2016-08-26T10:48:08", "violstatus": "Fail", "statusdate": null, "comments": "Outside delivery door with loose hinges and daylighting emiting from top of door. Seal all outer openings and reinforce door(s). Repair.", "address": "60  Long WHF", "city": "Boston", "zip": 2110, "property_id": 87098, "latitude_Y": 42.360178, "longitude_X": -71.049411, "year": 2016 }, "geometry": { "type": "Point", "coordinates": [ -71.049411, 42.360178 ] } },
{ "type": "Feature", "properties": { "businessname": "CHARTWELLS @ SNELL LIBRARY", "dbaname": null, "legalowner": "DAKA", "namelast": "Chartwells", "namefirst": "Timothy Cooney", "licenseno": 21845, "issdttm": "2011-12-13T12:34:22", "expdttm": "2020-12-31T23:59:00", "licstatus": "Active", "licensecat": "FS", "descript": "Eating & Drinking", "result": "HE_Fail", "resultdttm": "2016-02-01T12:10:25", "violation": "32-6-301.11-02.11", "viollevel": "*", "violdesc": "Hand Cleaner  Drying  Tissue Signage", "violdttm": "2016-02-01T12:10:25", "violstatus": "Fail", "statusdate": null, "comments": "The handsink in the front has no soap.  Provide soap. Paper towels are outside of dispenser.  Store towels properly.", "address": "376  Huntington AVE", "city": "Boston", "zip": 2115, "property_id": 157631, "latitude_Y": 42.338435, "longitude_X": -71.087998, "year": 2016 }, "geometry": { "type": "Point", "coordinates": [ -71.087998, 42.338435 ] } },
{ "type": "Feature", "properties": { "businessname": "Chartwells Churchill Cafe", "dbaname": null, "legalowner": "  ", "namelast": "Northeastern Univ.", "namefirst": "Chartwells", "licenseno": 434975, "issdttm": "2020-09-24T13:12:23", "expdttm": "2020-12-31T23:59:00", "licstatus": "Active", "licensecat": "FT", "descript": "Eating & Drinking w/ Take Out", "result": "HE_Fail", "resultdttm": "2020-09-14T10:23:37", "violation": "590.004/4-501.11-C", "viollevel": "*", "violdesc": "Good Repair and Proper Adjustment-Equipment (C)", "violdttm": "2020-09-14T10:23:37", "violstatus": "Fail", "statusdate": null, "comments": "Reach in/open top units #1 & 6 not operating.Repair. PIC states parts are on order units are out of service until full repairs are complete. Alternate refrigeration units are available for use", "address": "380  Huntington AVE", "city": "Boston", "zip": 2115, "property_id": 166412, "latitude_Y": 42.33879, "longitude_X": -71.088872, "year": 2020 }, "geometry": { "type": "Point", "coordinates": [ -71.088872, 42.33879 ] } },
{ "type": "Feature", "properties": { "businessname": "Chatime", "dbaname": null, "legalowner": "  ", "namelast": "Li", "namefirst": "Jiawei", "licenseno": 128825, "issdttm": "2014-11-25T08:54:23", "expdttm": "2020-12-31T23:59:00", "licstatus": "Active", "licensecat": "FS", "descript": "Eating & Drinking", "result": "HE_Fail", "resultdttm": "2015-02-18T14:25:44", "violation": "08-3-305-307.11", "viollevel": "*", "violdesc": "Food Protection", "violdttm": "2015-02-18T14:25:44", "violstatus": "Fail", "statusdate": null, "comments": "Observed food products being prepared in wash  rinse and sanitizing bay of 3 bay sink. Discontinue and provide proper location for food preparation or use only rinse bay after properly washing and sanitizing.", "address": "331  Huntington AVE", "city": "Boston", "zip": 2115, "property_id": 166410, "latitude_Y": 42.340892, "longitude_X": -71.088382, "year": 2015 }, "geometry": { "type": "Point", "coordinates": [ -71.088382, 42.340892 ] } },
{ "type": "Feature", "properties": { "businessname": "Chatime", "dbaname": null, "legalowner": "BAKAS IRENE G", "namelast": "Wang", "namefirst": "Shiquan", "licenseno": 112559, "issdttm": "2015-01-21T10:39:24", "expdttm": "2016-12-31T23:59:00", "licstatus": "Inactive", "licensecat": "FT", "descript": "Eating & Drinking w/ Take Out", "result": "HE_Fail", "resultdttm": "2015-03-23T12:15:41", "violation": "08-3-305-307.11", "viollevel": "*", "violdesc": "Food Protection", "violdttm": "2015-03-23T12:15:41", "violstatus": "Fail", "statusdate": null, "comments": "Several food containers storedon the floor at the warewash area. Elevate 6 inches or above.", "address": "251   Newbury ST", "city": "Boston", "zip": 2116, "property_id": 101467, "latitude_Y": 42.349732, "longitude_X": -71.082877, "year": 2015 }, "geometry": { "type": "Point", "coordinates": [ -71.082877, 42.349732 ] } },
{ "type": "Feature", "properties": { "businessname": "Chatime", "dbaname": null, "legalowner": "WONG JANEY", "namelast": "Li", "namefirst": "Jiawei", "licenseno": 128826, "issdttm": "2014-11-19T11:05:05", "expdttm": "2018-12-31T23:59:00", "licstatus": "Inactive", "licensecat": "FS", "descript": "Eating & Drinking", "result": "HE_Fail", "resultdttm": "2015-06-17T13:19:15", "violation": "08-3-305-307.11", "viollevel": "*", "violdesc": "Food Protection", "violdttm": "2015-06-17T13:19:15", "violstatus": "Fail", "statusdate": null, "comments": "Gallons of milk stored in middle of walk in floor / Elevate at least 6\" off of floor to ensure proper protection during storage.", "address": "18  Hudson ST", "city": "Boston", "zip": 2111, "property_id": 75857, "latitude_Y": 42.35052, "longitude_X": -71.059999, "year": 2015 }, "geometry": { "type": "Point", "coordinates": [ -71.059999, 42.35052 ] } },
{ "type": "Feature", "properties": { "businessname": "Cheeseboy \"Grilled Cheese To Go\"", "dbaname": null, "legalowner": "GEORGE R. CHAPDELAINE ", "namelast": "Michael Inwald Pres.", "namefirst": " ", "licenseno": 73921, "issdttm": "2012-02-01T13:32:15", "expdttm": "2016-12-31T23:59:00", "licstatus": "Inactive", "licensecat": "FT", "descript": "Eating & Drinking w/ Take Out", "result": "HE_Fail", "resultdttm": "2016-04-29T11:56:26", "violation": "35-6-501.111/.115", "viollevel": "**", "violdesc": "Insects  Rodents  Animals", "violdttm": "2016-04-29T11:56:26", "violstatus": "Fail", "statusdate": null, "comments": "1) mouse droppings found under cabinets of service area  clean to remove 2) Droppings found under one door cold unit  clean to remove 3) Droppings found throughout basement storage  clean to remove", "address": "630   Atlantic AVE", "city": "Boston", "zip": 2111, "property_id": 157660, "latitude_Y": 42.352031, "longitude_X": -71.055038, "year": 2016 }, "geometry": { "type": "Point", "coordinates": [ -71.055038, 42.352031 ] } },
{ "type": "Feature", "properties": { "businessname": "CHEQUERS EXPRESS", "dbaname": null, "legalowner": null, "namelast": "MANUEL S. SARKIS", "namefirst": " ", "licenseno": 20814, "issdttm": "2012-02-13T11:08:36", "expdttm": "2017-12-31T23:59:00", "licstatus": "Inactive", "licensecat": "FS", "descript": "Eating & Drinking", "result": "HE_Fail", "resultdttm": "2015-11-30T13:30:08", "violation": "590.009(E)", "viollevel": "*", "violdesc": "Anti-Choking", "violdttm": "2015-11-30T13:30:08", "violstatus": "Fail", "statusdate": null, "comments": " ", "address": "100 E Newton ST", "city": "Boston", "zip": 2118, "property_id": 155992, "latitude_Y": 42.336297, "longitude_X": -71.070069, "year": 2015 }, "geometry": { "type": "Point", "coordinates": [ -71.070069, 42.336297 ] } },
{ "type": "Feature", "properties": { "businessname": "Chickadee", "dbaname": null, "legalowner": "  ", "namelast": "Chickadee LLC", "namefirst": "John DaSilva", "licenseno": 349944, "issdttm": "2018-07-11T07:55:39", "expdttm": "2020-12-31T23:59:00", "licstatus": "Active", "licensecat": "FS", "descript": "Eating & Drinking", "result": "HE_Fail", "resultdttm": "2019-04-25T10:11:08", "violation": "03-3-403.11", "viollevel": "***", "violdesc": "Reheating", "violdttm": "2019-04-25T10:11:08", "violstatus": "Fail", "statusdate": null, "comments": "Establishment utilizing a sous vide machine at 115F to rethermalize soft cooked boiled eggs. Discontinue. Non continous cooked foods must be rethermalized according to 3-401.11. Handout provided. Discontinue. COS. Establishment to cook soft boiled eggs to order.", "address": "21   Dry Dock AVE", "city": "Boston", "zip": 2210, "property_id": 164542, "latitude_Y": 42.344254, "longitude_X": -71.030938, "year": 2019 }, "geometry": { "type": "Point", "coordinates": [ -71.030938, 42.344254 ] } },
{ "type": "Feature", "properties": { "businessname": "Chicken and Rice Guys", "dbaname": null, "legalowner": "TENAGLIA RALPH", "namelast": "So", "namefirst": "Ian", "licenseno": 140159, "issdttm": "2015-05-14T08:34:17", "expdttm": "2020-12-31T23:59:00", "licstatus": "Active", "licensecat": "FT", "descript": "Eating & Drinking w/ Take Out", "result": "HE_Fail", "resultdttm": "2015-04-16T11:08:56", "violation": "15-4-202.16", "viollevel": "*", "violdesc": "Non-Food Contact Surfaces", "violdttm": "2015-04-16T11:08:56", "violstatus": "Fail", "statusdate": null, "comments": "Grease trap with visible soils and rusting in spots / Clean and repaint.", "address": "85   Bedford ST", "city": "Boston", "zip": 2111, "property_id": 156236, "latitude_Y": 42.353107, "longitude_X": -71.05868, "year": 2015 }, "geometry": { "type": "Point", "coordinates": [ -71.05868, 42.353107 ] } },
{ "type": "Feature", "properties": { "businessname": "CHICKEN LOU'S", "dbaname": null, "legalowner": null, "namelast": "DAVID FERRETTI", "namefirst": " ", "licenseno": 19797, "issdttm": "2012-02-01T11:05:08", "expdttm": "2020-12-31T23:59:00", "licstatus": "Active", "licensecat": "FT", "descript": "Eating & Drinking w/ Take Out", "result": "HE_Fail", "resultdttm": "2015-09-21T11:08:00", "violation": "03-3-501.16", "viollevel": "***", "violdesc": "Hot Holding", "violdttm": "2015-09-21T11:08:00", "violstatus": "Fail", "statusdate": null, "comments": "Multiple products in hot hold line at sandwich station at temperatures 0f 95F-110F. Cooked chicken 96F  Marinara 98F  Chili 100F. Products in hot hold for less than 2 hours. Removed at time of inspection and reheated to 165F. Ensure products are hot held at 140F or above.", "address": "50   Forsyth ST", "city": "Boston", "zip": 2115, "property_id": 155870, "latitude_Y": 42.33924, "longitude_X": -71.090258, "year": 2015 }, "geometry": { "type": "Point", "coordinates": [ -71.090258, 42.33924 ] } },
{ "type": "Feature", "properties": { "businessname": "Chili Duck", "dbaname": null, "legalowner": "EIGHT 27 BOYLSTON ST BOSTON", "namelast": "Happy Duck Inc.", "namefirst": " ", "licenseno": 129102, "issdttm": "2014-06-06T07:53:35", "expdttm": "2018-12-31T23:59:00", "licstatus": "Inactive", "licensecat": "FS", "descript": "Eating & Drinking", "result": "HE_Fail", "resultdttm": "2015-03-27T14:30:56", "violation": "03-3-403.11", "viollevel": "***", "violdesc": "Reheating", "violdttm": "2015-03-27T14:30:56", "violstatus": "Fail", "statusdate": null, "comments": "Peanut sauce for hot holding 86F. Unit 145F.PIC stated it hasn't been re-heated. Re-heat properly at 165F or above before placing for hot holding.", "address": "829   Boylston ST", "city": "Boston", "zip": 2116, "property_id": 18411, "latitude_Y": 42.34894, "longitude_X": -71.08267, "year": 2015 }, "geometry": { "type": "Point", "coordinates": [ -71.08267, 42.34894 ] } },
{ "type": "Feature", "properties": { "businessname": "Chill Gelato", "dbaname": null, "legalowner": null, "namelast": "Turco", "namefirst": "Vincent", "licenseno": 361537, "issdttm": "2018-06-20T09:22:11", "expdttm": "2018-12-31T23:59:00", "licstatus": "Inactive", "licensecat": "FT", "descript": "Eating & Drinking w/ Take Out", "result": "HE_Fail", "resultdttm": "2018-06-11T10:08:43", "violation": "04-3-501.15/4-301.11", "viollevel": "*", "violdesc": "Inadequate Facilities/Cooling Methods", "violdttm": "2018-06-11T10:08:43", "violstatus": "Fail", "statusdate": null, "comments": "No freezers on site  no commerial refrigeration on site. Provide NSF grade commercial refrigeration.", "address": "1   Design Center PL", "city": "Boston", "zip": 2210, "property_id": 340154, "latitude_Y": 42.344195, "longitude_X": -71.03343, "year": 2018 }, "geometry": { "type": "Point", "coordinates": [ -71.03343, 42.344195 ] } },
{ "type": "Feature", "properties": { "businessname": "Chilton Club", "dbaname": null, "legalowner": "CHILTON CLUB", "namelast": "CHILTON CLUB", "namefirst": " ", "licenseno": 18352, "issdttm": "2012-02-13T11:01:45", "expdttm": "2020-12-31T23:59:00", "licstatus": "Active", "licensecat": "FS", "descript": "Eating & Drinking", "result": "HE_Fail", "resultdttm": "2017-11-21T08:35:54", "violation": "10-3-304.12", "viollevel": "*", "violdesc": "Food Utensil Storage", "violdttm": "2017-11-21T08:35:54", "violstatus": "Fail", "statusdate": null, "comments": "Utensils stored in water at 95F. Ensure stored at 140F or above  in product or clean and dry", "address": "150  Commonwealth AVE", "city": "Boston", "zip": 2116, "property_id": 156420, "latitude_Y": 42.351524, "longitude_X": -71.077811, "year": 2017 }, "geometry": { "type": "Point", "coordinates": [ -71.077811, 42.351524 ] } },
{ "type": "Feature", "properties": { "businessname": "CHINA GOURMET RESTAURANT", "dbaname": null, "legalowner": "GEE HOW OAK TIN ASSOC", "namelast": "XIAN RONG ZENG", "namefirst": " ", "licenseno": 22160, "issdttm": "2012-03-09T11:38:52", "expdttm": "2020-12-31T23:59:00", "licstatus": "Active", "licensecat": "FS", "descript": "Eating & Drinking", "result": "HE_Fail", "resultdttm": "2016-06-29T12:24:32", "violation": "08-3-302.11/3-304.11", "viollevel": "***", "violdesc": "Separation  Segregation Cross Contamination", "violdttm": "2016-06-29T12:24:32", "violstatus": "Fail", "statusdate": null, "comments": "raw squid and fish stored above ready to eat foods  store below ready to eat foods", "address": "23  Tyler St", "city": "Boston", "zip": 2111, "property_id": 138816, "latitude_Y": 42.350769, "longitude_X": -71.060935, "year": 2016 }, "geometry": { "type": "Point", "coordinates": [ -71.060935, 42.350769 ] } },
{ "type": "Feature", "properties": { "businessname": "CHINA HOUSE", "dbaname": null, "legalowner": "D'AMELIO GEORGE", "namelast": "LAUREN CHAW", "namefirst": "CHINA HOUSE", "licenseno": 21123, "issdttm": "2012-05-29T11:20:00", "expdttm": "2020-12-31T23:59:00", "licstatus": "Active", "licensecat": "FT", "descript": "Eating & Drinking w/ Take Out", "result": "HE_Fail", "resultdttm": "2015-06-09T11:57:41", "violation": "03-3-501.16", "viollevel": "***", "violdesc": "Hot Holding", "violdttm": "2015-06-09T11:57:41", "violstatus": "Fail", "statusdate": null, "comments": "Chicken fingers are 100F out at room temperature - maintain above 140F as discussed", "address": "331   Hanover ST", "city": "Boston", "zip": 2113, "property_id": 69110, "latitude_Y": 42.3642, "longitude_X": -71.05382, "year": 2015 }, "geometry": { "type": "Point", "coordinates": [ -71.05382, 42.3642 ] } },
{ "type": "Feature", "properties": { "businessname": "China King Restaurant", "dbaname": null, "legalowner": "YEE EDISON", "namelast": "Asia King Inc.", "namefirst": " ", "licenseno": 78330, "issdttm": "2012-03-14T08:35:13", "expdttm": "2020-12-31T23:59:00", "licstatus": "Active", "licensecat": "FS", "descript": "Eating & Drinking", "result": "HE_FailExt", "resultdttm": "2015-03-20T11:02:51", "violation": "16-4-301.12", "viollevel": "*", "violdesc": "Three Compartment Sink", "violdttm": "2015-03-20T11:02:51", "violstatus": "Pass", "statusdate": "2015-03-20T15:27:22", "comments": "Provide plugs for each bay of 3 bay sink.", "address": "60   Beach ST", "city": "Boston", "zip": 2111, "property_id": 9396, "latitude_Y": 42.35141, "longitude_X": -71.06013, "year": 2015 }, "geometry": { "type": "Point", "coordinates": [ -71.06013, 42.35141 ] } },
{ "type": "Feature", "properties": { "businessname": "China Pearl Restaurant", "dbaname": null, "legalowner": "WONG FRANK", "namelast": "Moy", "namefirst": "Patricia", "licenseno": 18493, "issdttm": "2011-12-09T09:39:36", "expdttm": "2020-12-31T23:59:00", "licstatus": "Active", "licensecat": "FS", "descript": "Eating & Drinking", "result": "HE_Fail", "resultdttm": "2015-06-04T13:55:11", "violation": "08-3-305-307.11", "viollevel": "*", "violdesc": "Food Protection", "violdttm": "2015-06-04T13:55:11", "violstatus": "Fail", "statusdate": null, "comments": "Observed containers of raw chicken stored above containers of vegetables / Re-organize walk in to provide proper food protection during storage.", "address": "9   Tyler ST", "city": "Boston", "zip": 2111, "property_id": 158001, "latitude_Y": 42.351085, "longitude_X": -71.060788, "year": 2015 }, "geometry": { "type": "Point", "coordinates": [ -71.060788, 42.351085 ] } },
{ "type": "Feature", "properties": { "businessname": "Chinatown Cafe", "dbaname": null, "legalowner": "HOO SOO MARY R", "namelast": "Chinatown Cafe Inc.", "namefirst": " ", "licenseno": 67821, "issdttm": "2011-12-15T14:05:21", "expdttm": "2020-12-31T23:59:00", "licstatus": "Active", "licensecat": "FS", "descript": "Eating & Drinking", "result": "HE_Fail", "resultdttm": "2016-02-03T10:58:30", "violation": "03-3-501.16(A)", "viollevel": "***", "violdesc": "Cold Holding", "violdttm": "2016-02-03T10:58:30", "violstatus": "Fail", "statusdate": null, "comments": "1. Raw ducks @ 54f  ensure proper cold hold of 41f or below", "address": "262  Harrison Av", "city": "Boston", "zip": 2111, "property_id": 155728, "latitude_Y": 42.347469, "longitude_X": -71.06253, "year": 2016 }, "geometry": { "type": "Point", "coordinates": [ -71.06253, 42.347469 ] } },
{ "type": "Feature", "properties": { "businessname": "Chipotle Mexican Grill", "dbaname": null, "legalowner": null, "namelast": "Chipotle Mexican Grill", "namefirst": "Att: Licensing", "licenseno": 161316, "issdttm": "2016-06-23T10:22:13", "expdttm": "2020-12-31T23:59:00", "licstatus": "Active", "licensecat": "FS", "descript": "Eating & Drinking", "result": "HE_Fail", "resultdttm": "2017-01-23T11:52:58", "violation": "37-6-201.11", "viollevel": "*", "violdesc": "Walls/Ceilings Designed Constructed Installed", "violdttm": "2017-01-23T11:52:58", "violstatus": "Fail", "statusdate": null, "comments": "No hood sticker on hood from Professional Hood Company for inspection or cleaning - Provide hood sticker and report", "address": "8   Park PLZ", "city": "Boston", "zip": 2116, "property_id": 155883, "latitude_Y": 42.351362, "longitude_X": -71.06874, "year": 2017 }, "geometry": { "type": "Point", "coordinates": [ -71.06874, 42.351362 ] } },
{ "type": "Feature", "properties": { "businessname": "Chipotle Mexican Grill No. 1520", "dbaname": null, "legalowner": "CAPITAL CROSSING BANK", "namelast": "Chipotle Mexican Grill", "namefirst": "Att: Licensing", "licenseno": 68242, "issdttm": "2012-02-14T14:54:25", "expdttm": "2020-12-31T23:59:00", "licstatus": "Active", "licensecat": "FS", "descript": "Eating & Drinking", "result": "HE_Fail", "resultdttm": "2015-12-10T11:48:53", "violation": "17-4-302.14", "viollevel": "*", "violdesc": "Test Kit Provided", "violdttm": "2015-12-10T11:48:53", "violstatus": "Fail", "statusdate": null, "comments": "no test kit to measure chlorine sanitizer  supply", "address": "101   Summer ST", "city": "Boston", "zip": 2110, "property_id": 131979, "latitude_Y": 42.35362, "longitude_X": -71.05824, "year": 2015 }, "geometry": { "type": "Point", "coordinates": [ -71.05824, 42.35362 ] } },
{ "type": "Feature", "properties": { "businessname": "Chipotle Mexican Grille", "dbaname": null, "legalowner": "HISTORIC BOSTON INC", "namelast": "Chipotle Mexican Grill", "namefirst": "Att: Licensing", "licenseno": 75760, "issdttm": "2012-03-14T09:38:40", "expdttm": "2020-12-31T23:59:00", "licstatus": "Active", "licensecat": "FS", "descript": "Eating & Drinking", "result": "HE_Fail", "resultdttm": "2015-01-20T14:22:47", "violation": "03-3-501.16(A)", "viollevel": "***", "violdesc": "Cold Holding", "violdttm": "2015-01-20T14:22:47", "violstatus": "Fail", "statusdate": null, "comments": "Guacamole 51F / Provide proper cold hold temperatures.", "address": "283   Washington ST", "city": "Boston", "zip": 2108, "property_id": 144562, "latitude_Y": 42.357563, "longitude_X": -71.058423, "year": 2015 }, "geometry": { "type": "Point", "coordinates": [ -71.058423, 42.357563 ] } },
{ "type": "Feature", "properties": { "businessname": "Choat Hall & Stewart", "dbaname": null, "legalowner": "KENWELL FITNESS PROGRAM I NC.", "namelast": "Lessing's Food Service Management", "namefirst": " ", "licenseno": 76230, "issdttm": "2012-01-06T13:42:59", "expdttm": "2020-12-31T23:59:00", "licstatus": "Active", "licensecat": "FS", "descript": "Eating & Drinking", "result": "HE_Filed", "resultdttm": "2016-09-15T13:39:33", "violation": "08-3-305-307.11", "viollevel": "*", "violdesc": "Food Protection", "violdttm": "2016-09-15T13:39:33", "violstatus": "Fail", "statusdate": null, "comments": "Clean pots and pans observed being stored under the pipe of the single bay sink. Discontinue and store all equipment in clean and protected area's.", "address": "150   Oliver ST", "city": "Boston", "zip": 2110, "property_id": 156011, "latitude_Y": 42.355634, "longitude_X": -71.05221, "year": 2016 }, "geometry": { "type": "Point", "coordinates": [ -71.05221, 42.355634 ] } },
{ "type": "Feature", "properties": { "businessname": "Church", "dbaname": null, "legalowner": "TUTUNJIAN EDWARD J TS", "namelast": "L L C", "namefirst": "Alpha One", "licenseno": 28284, "issdttm": "2012-02-13T10:59:09", "expdttm": "2015-12-31T23:59:00", "licstatus": "Inactive", "licensecat": "FS", "descript": "Eating & Drinking", "result": "HE_Filed", "resultdttm": "2015-03-18T14:40:35", "violation": "36-6-201.11", "viollevel": "*", "violdesc": "Floors Designed Constructed Installed", "violdttm": "2015-03-18T14:40:35", "violstatus": "Fail", "statusdate": null, "comments": "The floors are soiled in the dry storage area.  Clean to remove.", "address": "69  Kilmarnock St", "city": "Boston", "zip": 2215, "property_id": 81581, "latitude_Y": 42.34258, "longitude_X": -71.09953, "year": 2015 }, "geometry": { "type": "Point", "coordinates": [ -71.09953, 42.34258 ] } },
{ "type": "Feature", "properties": { "businessname": "Chutney's", "dbaname": null, "legalowner": null, "namelast": "Sarkar International Inc.", "namefirst": "Sanjay Kansayra", "licenseno": 127498, "issdttm": "2014-11-19T11:03:38", "expdttm": "2016-12-31T23:59:00", "licstatus": "Inactive", "licensecat": "FS", "descript": "Eating & Drinking", "result": "HE_Fail", "resultdttm": "2015-11-12T15:15:23", "violation": "02-3-602.11-.12/3-302.12", "viollevel": "*", "violdesc": "Food Container Labels", "violdttm": "2015-11-12T15:15:23", "violstatus": "Fail", "statusdate": null, "comments": "Multiple bulk food containers with no labels- Provide", "address": "173   Massachusetts AVE", "city": "Boston", "zip": 2115, "property_id": 91978, "latitude_Y": 42.34589, "longitude_X": -71.08739, "year": 2015 }, "geometry": { "type": "Point", "coordinates": [ -71.08739, 42.34589 ] } },
{ "type": "Feature", "properties": { "businessname": "Chutney's", "dbaname": null, "legalowner": "OMER HONCA", "namelast": "Kansagra", "namefirst": "Sanjay", "licenseno": 307281, "issdttm": "2017-01-25T11:13:36", "expdttm": "2020-12-31T23:59:00", "licstatus": "Active", "licensecat": "FS", "descript": "Eating & Drinking", "result": "HE_Fail", "resultdttm": "2016-12-20T11:59:08", "violation": "29-5-201/02.11", "viollevel": "*", "violdesc": "Installed and Maintained", "violdttm": "2016-12-20T11:59:08", "violstatus": "Fail", "statusdate": null, "comments": "There is only hot water in the employee bathroom.  Provide hot and cold water.", "address": "334   Massachusetts AVE", "city": "Boston", "zip": 2115, "property_id": 156790, "latitude_Y": 42.34261, "longitude_X": -71.084169, "year": 2016 }, "geometry": { "type": "Point", "coordinates": [ -71.084169, 42.34261 ] } },
{ "type": "Feature", "properties": { "businessname": "Cigar Masters", "dbaname": "Cigar Masters", "legalowner": "SALOMON MARISSA", "namelast": "Salomon", "namefirst": "Brandon", "licenseno": 17603, "issdttm": "2008-07-07T14:41:26", "expdttm": "2015-12-31T23:59:00", "licstatus": "Inactive", "licensecat": "FS", "descript": "Eating & Drinking", "result": "HE_Closure", "resultdttm": "2015-07-01T08:59:00", "violation": "02-3-305.11(2)", "viollevel": "1919", "violdesc": "Food products protected against contamination(Properly covered/secured for overnight storage).", "violdttm": "2015-07-01T09:01:00", "violstatus": " ", "statusdate": null, "comments": "Test", "address": "745  Boylston ST", "city": "Boston", "zip": 2116, "property_id": 156308, "latitude_Y": 42.349421, "longitude_X": -71.080611, "year": 2015 }, "geometry": { "type": "Point", "coordinates": [ -71.080611, 42.349421 ] } },
{ "type": "Feature", "properties": { "businessname": "Cinis", "dbaname": null, "legalowner": "FABBO MAURIZIO A", "namelast": "Spagnuolo", "namefirst": "Joe", "licenseno": 411889, "issdttm": "2019-11-20T08:43:13", "expdttm": "2020-12-31T23:59:00", "licstatus": "Active", "licensecat": "FT", "descript": "Eating & Drinking w/ Take Out", "result": "HE_Fail", "resultdttm": "2020-02-11T12:04:27", "violation": "590.002(D)/2-103.11-PF", "viollevel": "**", "violdesc": "(A)-(P) Person-In-Charge-Duties (Pf)", "violdttm": "2020-02-11T12:04:27", "violstatus": "Fail", "statusdate": null, "comments": "No allegen statement on menu or in restaurant.   Provide proper statement. PLEASE INFORM YOUR SERVER IF ANYONE IN YOUR PARTY HAS AND ALLEGY.", "address": "252   Friend ST", "city": "Boston", "zip": 2114, "property_id": 60994, "latitude_Y": 42.364494, "longitude_X": -71.061192, "year": 2020 }, "geometry": { "type": "Point", "coordinates": [ -71.061192, 42.364494 ] } },
{ "type": "Feature", "properties": { "businessname": "Citizen Public House & Oyster Bar", "dbaname": null, "legalowner": "  ", "namelast": "Dave Dubois", "namefirst": " ", "licenseno": 68543, "issdttm": "2011-12-16T14:08:30", "expdttm": "2020-12-31T23:59:00", "licstatus": "Active", "licensecat": "FS", "descript": "Eating & Drinking", "result": "HE_Fail", "resultdttm": "2015-09-29T16:43:30", "violation": "14-4-202.11", "viollevel": "*", "violdesc": "Food Contact Surfaces Design", "violdttm": "2015-09-29T16:43:30", "violstatus": "Fail", "statusdate": null, "comments": "Cutting boards at the cooking line heavily scored. Resurface or replace.  Plastic cups used to dispense bulk foods. Use handled cups.", "address": "1310   Boylston ST", "city": "Boston", "zip": 2215, "property_id": 162466, "latitude_Y": 42.344213, "longitude_X": -71.097954, "year": 2015 }, "geometry": { "type": "Point", "coordinates": [ -71.097954, 42.344213 ] } },
{ "type": "Feature", "properties": { "businessname": "Citra A Fresh Cafe", "dbaname": null, "legalowner": "BOSTON HOSPITAL FOR WOMEN", "namelast": "PMK FOODS INC.", "namefirst": " ", "licenseno": 80224, "issdttm": "2012-09-07T10:50:57", "expdttm": "2020-12-31T23:59:00", "licstatus": "Active", "licensecat": "FT", "descript": "Eating & Drinking w/ Take Out", "result": "HE_Fail", "resultdttm": "2015-03-09T12:28:48", "violation": "23-4-602.13", "viollevel": "*", "violdesc": "Non-Food Contact Surfaces Clean", "violdttm": "2015-03-09T12:28:48", "violstatus": "Fail", "statusdate": null, "comments": "Numerous rodent droppings in area around soda lines  below equipment and on  window sills- Clean to remove", "address": "221   Longwood AVE", "city": "Boston", "zip": 2115, "property_id": 87166, "latitude_Y": 42.33724, "longitude_X": -71.10217, "year": 2015 }, "geometry": { "type": "Point", "coordinates": [ -71.10217, 42.33724 ] } },
{ "type": "Feature", "properties": { "businessname": "Citrus & Salt", "dbaname": null, "legalowner": null, "namelast": "142 Berkeley Street LLC", "namefirst": "Jackson Gateman", "licenseno": 97090, "issdttm": "2013-10-21T10:24:59", "expdttm": "2020-12-31T23:59:00", "licstatus": "Active", "licensecat": "FS", "descript": "Eating & Drinking", "result": "HE_Fail", "resultdttm": "2015-03-09T13:45:42", "violation": "15-4-202.16", "viollevel": "*", "violdesc": "Non-Food Contact Surfaces", "violdttm": "2015-03-09T13:45:42", "violstatus": "Fail", "statusdate": null, "comments": "provide adequate shelving for all condiment trays", "address": "142   Berkeley ST", "city": "Boston", "zip": 2116, "property_id": 157823, "latitude_Y": 42.348822, "longitude_X": -71.072098, "year": 2015 }, "geometry": { "type": "Point", "coordinates": [ -71.072098, 42.348822 ] } },
{ "type": "Feature", "properties": { "businessname": "City Produce", "dbaname": null, "legalowner": "WA IO MA  PRES.", "namelast": "C & W Market Inc.", "namefirst": " ", "licenseno": 127935, "issdttm": "2014-06-17T14:13:01", "expdttm": "2015-12-31T23:59:00", "licstatus": "Inactive", "licensecat": "RF", "descript": "Retail Food", "result": "HE_Fail", "resultdttm": "2015-03-12T14:22:35", "violation": "17-4-204.112/.115", "viollevel": "*", "violdesc": "Equipment Thermometers", "violdttm": "2015-03-12T14:22:35", "violstatus": "Fail", "statusdate": null, "comments": "No thermometer in refrig.", "address": "231   Harrison AVE", "city": "Boston", "zip": 2111, "property_id": 157644, "latitude_Y": 42.347471, "longitude_X": -71.063018, "year": 2015 }, "geometry": { "type": "Point", "coordinates": [ -71.063018, 42.347471 ] } },
{ "type": "Feature", "properties": { "businessname": "City Sports", "dbaname": null, "legalowner": null, "namelast": "CITY SPORTS: JIM MALARKEY", "namefirst": " ", "licenseno": 20377, "issdttm": "2012-01-18T18:10:17", "expdttm": "2015-12-31T23:59:00", "licstatus": "Inactive", "licensecat": "RF", "descript": "Retail Food", "result": "HE_Fail", "resultdttm": "2015-11-03T11:22:06", "violation": "27-5-103.11-.12", "viollevel": "***", "violdesc": "Hot and Cold Water", "violdttm": "2015-11-03T11:22:06", "violstatus": "Fail", "statusdate": null, "comments": "restroom/repair hot water faucet/to provide hot running water", "address": "480   Boylston ST", "city": "Boston", "zip": 2115, "property_id": 157318, "latitude_Y": 42.350722, "longitude_X": -71.073709, "year": 2015 }, "geometry": { "type": "Point", "coordinates": [ -71.073709, 42.350722 ] } },
{ "type": "Feature", "properties": { "businessname": "City Tap House", "dbaname": null, "legalowner": "CFS SEAPORT LLC", "namelast": "CTH Holdings", "namefirst": " ", "licenseno": 163109, "issdttm": "2017-01-09T16:47:50", "expdttm": "2020-12-31T23:59:00", "licstatus": "Active", "licensecat": "FS", "descript": "Eating & Drinking", "result": "HE_Fail", "resultdttm": "2018-07-16T13:03:40", "violation": "08-3-302.11/3-304.11", "viollevel": "***", "violdesc": "Separation  Segregation Cross Contamination", "violdttm": "2018-07-16T13:03:40", "violstatus": "Fail", "statusdate": null, "comments": "Observed raw chicken being stored above ready to eat deserts in walkin cooler. Discontinue. Retrain staff. PIC took corrective action. Store raw PHF foods in a manner that prevents potential cross contamination.", "address": "374  Congress ST", "city": "Boston", "zip": 2210, "property_id": 42114, "latitude_Y": 42.34993, "longitude_X": -71.04741, "year": 2018 }, "geometry": { "type": "Point", "coordinates": [ -71.04741, 42.34993 ] } },
{ "type": "Feature", "properties": { "businessname": "Clarendon Wine Co.", "dbaname": null, "legalowner": "FIVE 57-561 BOYLSTON ST LLC", "namelast": "Kentucky Beverage Inc.", "namefirst": " ", "licenseno": 78381, "issdttm": "2012-03-21T12:53:32", "expdttm": "2018-12-31T23:59:00", "licstatus": "Inactive", "licensecat": "RF", "descript": "Retail Food", "result": "HE_Fail", "resultdttm": "2017-04-19T09:48:34", "violation": "23-4-602.13", "viollevel": "*", "violdesc": "Non-Food Contact Surfaces Clean", "violdttm": "2017-04-19T09:48:34", "violstatus": "Fail", "statusdate": null, "comments": "Dusty throughout retail on shelving", "address": "561   Boylston ST", "city": "Boston", "zip": 2116, "property_id": 18348, "latitude_Y": 42.350679, "longitude_X": -71.076273, "year": 2017 }, "geometry": { "type": "Point", "coordinates": [ -71.076273, 42.350679 ] } },
{ "type": "Feature", "properties": { "businessname": "CLARKE'S", "dbaname": null, "legalowner": "21 MERCHANTS ROW CORP.", "namelast": "21 MERCHANTS ROW CORP.", "namefirst": " ", "licenseno": 18796, "issdttm": "2012-01-05T10:18:52", "expdttm": "2020-12-31T23:59:00", "licstatus": "Active", "licensecat": "FS", "descript": "Eating & Drinking", "result": "HE_Fail", "resultdttm": "2016-02-24T10:45:14", "violation": "29-5-201/02.11", "viollevel": "*", "violdesc": "Installed and Maintained", "violdttm": "2016-02-24T10:45:14", "violstatus": "Fail", "statusdate": null, "comments": "Toilet in ladies room toilet flush valve in disrepair per PIC . Repair. Faucet in mens room leaking. Repair.", "address": "21   Merchants ROW", "city": "Boston", "zip": 2109, "property_id": 156457, "latitude_Y": 42.359461, "longitude_X": -71.05548, "year": 2016 }, "geometry": { "type": "Point", "coordinates": [ -71.05548, 42.359461 ] } },
{ "type": "Feature", "properties": { "businessname": "Clay Pot Cafe", "dbaname": null, "legalowner": "WONG JANEY", "namelast": "Yip Shing Corp.", "namefirst": " ", "licenseno": 91913, "issdttm": "2013-07-10T08:31:11", "expdttm": "2020-12-31T23:59:00", "licstatus": "Active", "licensecat": "FS", "descript": "Eating & Drinking", "result": "HE_Fail", "resultdttm": "2015-11-20T12:47:23", "violation": "01-3-201.11", "viollevel": "***", "violdesc": "Approved Source", "violdttm": "2015-11-20T12:47:23", "violstatus": "Fail", "statusdate": null, "comments": "2 Turtles in establishment without invoices to verify species  embargo palced on Turtles until invoices presented to health department for verification", "address": "74  Kneeland St", "city": "Boston", "zip": 2111, "property_id": 82319, "latitude_Y": 42.350475, "longitude_X": -71.060383, "year": 2015 }, "geometry": { "type": "Point", "coordinates": [ -71.060383, 42.350475 ] } },
{ "type": "Feature", "properties": { "businessname": "CLERY'S", "dbaname": null, "legalowner": "ATG  INC.", "namelast": "ATG INC.", "namefirst": " ", "licenseno": 20702, "issdttm": "2011-12-19T12:27:12", "expdttm": "2020-12-31T23:59:00", "licstatus": "Active", "licensecat": "FS", "descript": "Eating & Drinking", "result": "HE_Fail", "resultdttm": "2015-01-02T10:19:51", "violation": "15-4-202.16", "viollevel": "*", "violdesc": "Non-Food Contact Surfaces", "violdttm": "2015-01-02T10:19:51", "violstatus": "Fail", "statusdate": null, "comments": "walk in freezer/replace worn door gasket", "address": "331   Columbus AVE", "city": "Boston", "zip": 2116, "property_id": 157607, "latitude_Y": 42.346117, "longitude_X": -71.075191, "year": 2015 }, "geometry": { "type": "Point", "coordinates": [ -71.075191, 42.346117 ] } },
{ "type": "Feature", "properties": { "businessname": "Clover", "dbaname": null, "legalowner": "STARBUCKS COFFEE #7535", "namelast": "Muir", "namefirst": "Ayr", "licenseno": 156345, "issdttm": "2016-02-01T08:32:11", "expdttm": "2020-12-31T23:59:00", "licstatus": "Active", "licensecat": "FS", "descript": "Eating & Drinking", "result": "HE_Fail", "resultdttm": "2016-08-11T10:34:37", "violation": "17-4-302.14", "viollevel": "*", "violdesc": "Test Kit Provided", "violdttm": "2016-08-11T10:34:37", "violstatus": "Fail", "statusdate": null, "comments": "No test strips available for the sanitizer in the 3 bay sink and buckets. Provide.", "address": "27   School ST", "city": "Boston", "zip": 2108, "property_id": 156054, "latitude_Y": 42.357719, "longitude_X": -71.05907, "year": 2016 }, "geometry": { "type": "Point", "coordinates": [ -71.05907, 42.357719 ] } },
{ "type": "Feature", "properties": { "businessname": "Clover", "dbaname": null, "legalowner": "THE LANDMARK CONDO ASSN", "namelast": "Muir", "namefirst": "Ayr", "licenseno": 158462, "issdttm": "2016-08-24T13:40:25", "expdttm": "2020-12-31T23:59:00", "licstatus": "Active", "licensecat": "FS", "descript": "Eating & Drinking", "result": "HE_Fail", "resultdttm": "2019-03-14T11:05:28", "violation": "08-3-305-307.11", "viollevel": "*", "violdesc": "Food Protection", "violdttm": "2019-03-14T11:05:28", "violstatus": "Fail", "statusdate": null, "comments": "Two 2 burner ranges in use on top of the ice storage container in the service area. Remove both 2 burner ranges from use on top of the ice storage container and store only ice related materials on top of the ice storage container.", "address": "160   Federal ST", "city": "Boston", "zip": 2110, "property_id": 57187, "latitude_Y": 42.354049, "longitude_X": -71.055925, "year": 2019 }, "geometry": { "type": "Point", "coordinates": [ -71.055925, 42.354049 ] } },
{ "type": "Feature", "properties": { "businessname": "Clover Food Lab", "dbaname": null, "legalowner": "COMMUNITY CHURCH OF BOSTON", "namelast": "Clover Fast Food Inc.", "namefirst": "Att: Accounts Payable", "licenseno": 405568, "issdttm": "2019-12-11T09:03:26", "expdttm": "2020-12-31T23:59:00", "licstatus": "Active", "licensecat": "FT", "descript": "Eating & Drinking w/ Take Out", "result": "HE_Fail", "resultdttm": "2020-10-26T10:44:08", "violation": "590.002/2-501.11-PF", "viollevel": "**", "violdesc": "Clean-up of Vomiting and Diarrheal Events (Pf)", "violdttm": "2020-10-26T10:44:08", "violstatus": "Fail", "statusdate": null, "comments": "No written procedures and kit is not complete I provided the operator the written procedures via email", "address": "565   Boylston ST", "city": "Boston", "zip": 2116, "property_id": 18349, "latitude_Y": 42.350654, "longitude_X": -71.076368, "year": 2020 }, "geometry": { "type": "Point", "coordinates": [ -71.076368, 42.350654 ] } },
{ "type": "Feature", "properties": { "businessname": "Club Cafe", "dbaname": null, "legalowner": "FRANCO CAMPANELLO/", "namelast": "RIBAUD", "namefirst": "FRANK", "licenseno": 18340, "issdttm": "2011-12-14T11:20:25", "expdttm": "2020-12-31T23:59:00", "licstatus": "Active", "licensecat": "FS", "descript": "Eating & Drinking", "result": "HE_Fail", "resultdttm": "2015-06-01T12:29:41", "violation": "10-3-304.12", "viollevel": "*", "violdesc": "Food Utensil Storage", "violdttm": "2015-06-01T12:29:41", "violstatus": "Fail", "statusdate": null, "comments": "bars/provide drain hoses to sosa guns", "address": "209   Columbus AVE", "city": "Boston", "zip": 2116, "property_id": 156406, "latitude_Y": 42.348549, "longitude_X": -71.07237, "year": 2015 }, "geometry": { "type": "Point", "coordinates": [ -71.07237, 42.348549 ] } },
{ "type": "Feature", "properties": { "businessname": "Cobblestones", "dbaname": null, "legalowner": null, "namelast": "Gomes", "namefirst": "Carla", "licenseno": 86647, "issdttm": "2013-05-02T09:12:56", "expdttm": "2020-12-31T23:59:00", "licstatus": "Active", "licensecat": "FT", "descript": "Eating & Drinking w/ Take Out", "result": "HE_Fail", "resultdttm": "2015-03-31T11:13:52", "violation": "10-4.302.11", "viollevel": "*", "violdesc": "Food Utensil Storage", "violdttm": "2015-03-31T11:13:52", "violstatus": "Fail", "statusdate": null, "comments": "One scoop being used to dispense eight different flavors of ice cream - was not being stored in a sanitizer - provide seperate scoops for each flavor to minimize potential allergy contamination -", "address": "227   Hanover ST", "city": "Boston", "zip": 2113, "property_id": 156371, "latitude_Y": 42.362972, "longitude_X": -71.055089, "year": 2015 }, "geometry": { "type": "Point", "coordinates": [ -71.055089, 42.362972 ] } },
{ "type": "Feature", "properties": { "businessname": "Coco Leaf", "dbaname": null, "legalowner": "CHATAL ASSOCS LPS", "namelast": "Om", "namefirst": "Somath", "licenseno": 395469, "issdttm": "2019-07-03T11:26:46", "expdttm": "2020-12-31T23:59:00", "licstatus": "Active", "licensecat": "FS", "descript": "Eating & Drinking", "result": "HE_Fail", "resultdttm": "2019-06-03T14:58:18", "violation": "05-4-302.12", "viollevel": "*", "violdesc": "Food Thermometers Provided", "violdttm": "2019-06-03T14:58:18", "violstatus": "Fail", "statusdate": null, "comments": "Provide thin probe thermometer", "address": "303   Newbury ST", "city": "Boston", "zip": 2115, "property_id": 101539, "latitude_Y": 42.34898, "longitude_X": -71.08552, "year": 2019 }, "geometry": { "type": "Point", "coordinates": [ -71.08552, 42.34898 ] } },
{ "type": "Feature", "properties": { "businessname": "College Club", "dbaname": null, "legalowner": null, "namelast": "EDITH TOTH GEN. MGR.", "namefirst": " ", "licenseno": 18350, "issdttm": "2011-12-07T15:04:43", "expdttm": "2020-12-31T23:59:00", "licstatus": "Active", "licensecat": "FS", "descript": "Eating & Drinking", "result": "HE_Fail", "resultdttm": "2015-04-02T11:45:26", "violation": "14-4-202.11", "viollevel": "*", "violdesc": "Food Contact Surfaces Design", "violdttm": "2015-04-02T11:45:26", "violstatus": "Fail", "statusdate": null, "comments": "Some cutting boards heavily scored. Resurface or replace.", "address": "44   Commonwealth AVE", "city": "Boston", "zip": 2116, "property_id": 40827, "latitude_Y": 42.35273, "longitude_X": -71.07335, "year": 2015 }, "geometry": { "type": "Point", "coordinates": [ -71.07335, 42.35273 ] } },
{ "type": "Feature", "properties": { "businessname": "COLLEGE PIZZA", "dbaname": null, "legalowner": null, "namelast": "Beyaztas", "namefirst": "Ali", "licenseno": 93571, "issdttm": "2013-07-30T09:42:36", "expdttm": "2020-12-31T23:59:00", "licstatus": "Active", "licensecat": "FS", "descript": "Eating & Drinking", "result": "HE_Fail", "resultdttm": "2017-04-03T14:04:04", "violation": "17-4-302.14", "viollevel": "*", "violdesc": "Test Kit Provided", "violdttm": "2017-04-03T14:04:04", "violstatus": "Fail", "statusdate": null, "comments": "Test kit for sanitizer unavailable at time of inspection- Provide", "address": "50   Queensberry ST", "city": "Boston", "zip": 2215, "property_id": 156080, "latitude_Y": 42.342574, "longitude_X": -71.097279, "year": 2017 }, "geometry": { "type": "Point", "coordinates": [ -71.097279, 42.342574 ] } },
{ "type": "Feature", "properties": { "businessname": "Colonnade Hotel", "dbaname": null, "legalowner": "DRUKER", "namelast": "DRUKER", "namefirst": "RONALD", "licenseno": 18614, "issdttm": "2012-02-06T13:15:05", "expdttm": "2020-12-31T23:59:00", "licstatus": "Active", "licensecat": "FS", "descript": "Eating & Drinking", "result": "HE_Fail", "resultdttm": "2015-02-24T10:09:44", "violation": "08-3-305-307.11", "viollevel": "*", "violdesc": "Food Protection", "violdttm": "2015-02-24T10:09:44", "violstatus": "Fail", "statusdate": null, "comments": "provide covers to all employee drinks all walk in freezers/properly store all foods 6 inches off floor meat room/remove all employee foods employee cafe/provide dispensing utensil for bread", "address": "120   Huntington AVE", "city": "Boston", "zip": 2116, "property_id": 76242, "latitude_Y": 42.34551, "longitude_X": -71.08107, "year": 2015 }, "geometry": { "type": "Point", "coordinates": [ -71.08107, 42.34551 ] } },
{ "type": "Feature", "properties": { "businessname": "Comedy Connection @ The Wilbur Theater", "dbaname": "Re: 3 Bars", "legalowner": "TREMONT ENTERTAINMENT ENTERP", "namelast": "Bill Blumenreich", "namefirst": " ", "licenseno": 30417, "issdttm": "2011-12-19T11:05:07", "expdttm": "2020-12-31T23:59:00", "licstatus": "Active", "licensecat": "FS", "descript": "Eating & Drinking", "result": "HE_Fail", "resultdttm": "2016-09-28T18:31:47", "violation": "29-5-201/02.11", "viollevel": "*", "violdesc": "Installed and Maintained", "violdttm": "2016-09-28T18:31:47", "violstatus": "Fail", "statusdate": null, "comments": "Hand sink leaking  repair", "address": "244   Tremont ST", "city": "Boston", "zip": 2116, "property_id": 137463, "latitude_Y": 42.3507, "longitude_X": -71.06467, "year": 2016 }, "geometry": { "type": "Point", "coordinates": [ -71.06467, 42.3507 ] } },
{ "type": "Feature", "properties": { "businessname": "Community Workshop Inc.", "dbaname": null, "legalowner": null, "namelast": "Community Workshop Inc.", "namefirst": "Att: Manager Food Safety", "licenseno": 18746, "issdttm": "2012-02-13T10:53:14", "expdttm": "2020-12-31T23:59:00", "licstatus": "Active", "licensecat": "FS", "descript": "Eating & Drinking", "result": "HE_Fail", "resultdttm": "2015-06-29T13:39:14", "violation": "37-6-501.11-.12", "viollevel": "*", "violdesc": "Improper Maintenance of Walls/Ceilings", "violdttm": "2015-06-29T13:39:14", "violstatus": "Fail", "statusdate": null, "comments": "1. Hood sticker on fryer hood expired january 2015 2. hood sticker above 10 burner stove expired April 2015. Ensure hoods cleaned by licensed hood cleaning company registered with city of boston fire department.", "address": "174   Portland ST", "city": "Boston", "zip": 2114, "property_id": 155739, "latitude_Y": 42.364123, "longitude_X": -71.061819, "year": 2015 }, "geometry": { "type": "Point", "coordinates": [ -71.061819, 42.364123 ] } },
{ "type": "Feature", "properties": { "businessname": "Concession Stand North East", "dbaname": null, "legalowner": "MASS CONVENTION CENTER AUTH", "namelast": "Levy Premium Foodservice Ltd.", "namefirst": "Att: Accounts Payable", "licenseno": 68089, "issdttm": "2011-12-13T16:12:34", "expdttm": "2020-12-31T23:59:00", "licstatus": "Active", "licensecat": "FT", "descript": "Eating & Drinking w/ Take Out", "result": "HE_Filed", "resultdttm": "2015-05-27T12:53:46", "violation": "15-4-202.16", "viollevel": "*", "violdesc": "Non-Food Contact Surfaces", "violdttm": "2015-05-27T12:53:46", "violstatus": "Fail", "statusdate": null, "comments": "repair surface of the display case. Material is pulling away from unit.", "address": "415  Summer ST", "city": "Boston", "zip": 2210, "property_id": 132014, "latitude_Y": 42.344449, "longitude_X": -71.044821, "year": 2015 }, "geometry": { "type": "Point", "coordinates": [ -71.044821, 42.344449 ] } },
{ "type": "Feature", "properties": { "businessname": "Converse", "dbaname": null, "legalowner": "  ", "namelast": "Restaurant Associates", "namefirst": "Attn: Accounts Payable", "licenseno": 141623, "issdttm": "2015-08-13T11:40:15", "expdttm": "2018-12-31T23:59:00", "licstatus": "Inactive", "licensecat": "FT", "descript": "Eating & Drinking w/ Take Out", "result": "HE_Fail", "resultdttm": "2018-02-27T14:08:29", "violation": "03-3-501.16(A)", "viollevel": "***", "violdesc": "Cold Holding", "violdttm": "2018-02-27T14:08:29", "violstatus": "Fail", "statusdate": null, "comments": "The refrigerator in the market is not working correctly; yogurt 51F.  Provide proper cold holding of 41F or below.  (Items discarded by manager)", "address": "160 N Washington ST", "city": "Boston", "zip": 2114, "property_id": 332878, "latitude_Y": 42.36725, "longitude_X": -71.05941, "year": 2018 }, "geometry": { "type": "Point", "coordinates": [ -71.05941, 42.36725 ] } },
{ "type": "Feature", "properties": { "businessname": "COOGAN'S BLUFF", "dbaname": null, "legalowner": "ONE-71-173 MILK STREET L P", "namelast": "GLYNN", "namefirst": "NEIL G.", "licenseno": 20700, "issdttm": "2011-12-30T10:00:47", "expdttm": "2020-12-31T23:59:00", "licstatus": "Active", "licensecat": "FS", "descript": "Eating & Drinking", "result": "HE_Fail", "resultdttm": "2015-04-15T13:13:45", "violation": "10-3-304.12", "viollevel": "*", "violdesc": "Food Utensil Storage", "violdttm": "2015-04-15T13:13:45", "violstatus": "Fail", "statusdate": null, "comments": "Utensils stored in stagnant water / Discontinue and properly store.", "address": "171   Milk ST", "city": "Boston", "zip": 2109, "property_id": 95436, "latitude_Y": 42.35827, "longitude_X": -71.0533, "year": 2015 }, "geometry": { "type": "Point", "coordinates": [ -71.0533, 42.35827 ] } },
{ "type": "Feature", "properties": { "businessname": "Cookin Cafe", "dbaname": null, "legalowner": "OMER KARA PRESIDENT", "namelast": "Zadeh", "namefirst": "Aslan", "licenseno": 166973, "issdttm": "2016-06-30T08:58:20", "expdttm": "2017-12-31T23:59:00", "licstatus": "Inactive", "licensecat": "FT", "descript": "Eating & Drinking w/ Take Out", "result": "HE_Fail", "resultdttm": "2016-06-15T12:19:13", "violation": "08-3-305-307.11", "viollevel": "*", "violdesc": "Food Protection", "violdttm": "2016-06-15T12:19:13", "violstatus": "Fail", "statusdate": null, "comments": "Clean exterior of the sugar container in the basement and all other bulk storage containers. Remove heavy buildup of food encrustments and soils.", "address": "1096  Commonwealth AVE", "city": "Boston", "zip": 2215, "property_id": 156174, "latitude_Y": 42.351776, "longitude_X": -71.12426, "year": 2016 }, "geometry": { "type": "Point", "coordinates": [ -71.12426, 42.351776 ] } },
{ "type": "Feature", "properties": { "businessname": "Copley Square Hotel", "dbaname": null, "legalowner": "COPLEY OPERATING INC", "namelast": "47 Huntington Manager LLC", "namefirst": "Att: Acccounts Payable", "licenseno": 416024, "issdttm": "2019-11-26T09:21:39", "expdttm": "2020-12-31T23:59:00", "licstatus": "Active", "licensecat": "FS", "descript": "Eating & Drinking", "result": "HE_Filed", "resultdttm": "2020-03-11T12:07:58", "violation": "590.006/6-501.114-C", "viollevel": "*", "violdesc": "Maintaining Premises  Unnecessary Items and Litter (C)", "violdttm": "2020-03-11T12:07:58", "violstatus": "Fail", "statusdate": null, "comments": "Remove all unused equipment from kitchen location.", "address": "47   Huntington AVE", "city": "Boston", "zip": 2116, "property_id": 158345, "latitude_Y": 42.348407, "longitude_X": -71.078649, "year": 2020 }, "geometry": { "type": "Point", "coordinates": [ -71.078649, 42.348407 ] } },
{ "type": "Feature", "properties": { "businessname": "Corner Cafe", "dbaname": null, "legalowner": "LONGO MARYANN", "namelast": "LONGO", "namefirst": "MARYANN", "licenseno": 18748, "issdttm": "2011-12-30T10:39:54", "expdttm": "2020-12-31T23:59:00", "licstatus": "Active", "licensecat": "FS", "descript": "Eating & Drinking", "result": "HE_Fail", "resultdttm": "2015-03-27T10:18:09", "violation": "17-4-204.112/.115", "viollevel": "*", "violdesc": "Equipment Thermometers", "violdttm": "2015-03-27T10:18:09", "violstatus": "Fail", "statusdate": null, "comments": "Provide equipment thermometers for all refrigeration units", "address": "87   Prince ST", "city": "Boston", "zip": 2113, "property_id": 155740, "latitude_Y": 42.36561, "longitude_X": -71.05597, "year": 2015 }, "geometry": { "type": "Point", "coordinates": [ -71.05597, 42.36561 ] } },
{ "type": "Feature", "properties": { "businessname": "Corner Store", "dbaname": null, "legalowner": "PALUMBO SUSAN ETAL", "namelast": "MARK PETRIGNO", "namefirst": " ", "licenseno": 19462, "issdttm": "2012-01-31T16:41:40", "expdttm": "2020-12-31T23:59:00", "licstatus": "Active", "licensecat": "RF", "descript": "Retail Food", "result": "HE_Fail", "resultdttm": "2015-05-13T13:28:31", "violation": "23-4-602.13", "viollevel": "*", "violdesc": "Non-Food Contact Surfaces Clean", "violdttm": "2015-05-13T13:28:31", "violstatus": "Fail", "statusdate": null, "comments": "Clean inside all refrigeration units from all visible soils", "address": "270   Hanover ST", "city": "Boston", "zip": 2113, "property_id": 69076, "latitude_Y": 42.36382, "longitude_X": -71.05468, "year": 2015 }, "geometry": { "type": "Point", "coordinates": [ -71.05468, 42.36382 ] } },
{ "type": "Feature", "properties": { "businessname": "CORNWALL'S RESTAURANT", "dbaname": null, "legalowner": null, "namelast": "PAM & JOHN BEALE", "namefirst": "THE BRAEMORE LOUNGE  INC.", "licenseno": 26002, "issdttm": "2012-01-05T14:18:31", "expdttm": "2019-12-31T23:59:00", "licstatus": "Inactive", "licensecat": "FS", "descript": "Eating & Drinking", "result": "HE_Fail", "resultdttm": "2015-03-05T12:27:49", "violation": "08-3-305-307.11", "viollevel": "*", "violdesc": "Food Protection", "violdttm": "2015-03-05T12:27:49", "violstatus": "Fail", "statusdate": null, "comments": "Hand wash sink at the cooking line  next to re-heating area without barriers. Provide proper barriers. Some food containers inside the walk-in unit stored on the floor. Elevate 6 inches or above.", "address": "654  Beacon St", "city": "Boston", "zip": 2215, "property_id": 157694, "latitude_Y": 42.349375, "longitude_X": -71.095889, "year": 2015 }, "geometry": { "type": "Point", "coordinates": [ -71.095889, 42.349375 ] } },
{ "type": "Feature", "properties": { "businessname": "Corporate Chefs @ Tufts Food 4 Thot", "dbaname": null, "legalowner": null, "namelast": "Corporate Chefs Inc.", "namefirst": " ", "licenseno": 37177, "issdttm": "2012-01-11T14:39:07", "expdttm": "2019-12-31T23:59:00", "licstatus": "Inactive", "licensecat": "FS", "descript": "Eating & Drinking", "result": "HE_Fail", "resultdttm": "2015-02-27T11:22:43", "violation": "08-3-305-307.11", "viollevel": "*", "violdesc": "Food Protection", "violdttm": "2015-02-27T11:22:43", "violstatus": "Fail", "statusdate": null, "comments": "No \"Use Utensil Sign\" at customer self service.", "address": "141   Harrison AVE", "city": "Boston", "zip": 2111, "property_id": 69804, "latitude_Y": 42.350063, "longitude_X": -71.062279, "year": 2015 }, "geometry": { "type": "Point", "coordinates": [ -71.062279, 42.350063 ] } },
{ "type": "Feature", "properties": { "businessname": "Corporate Chefs @ Plaza Cafe (Tufts)", "dbaname": null, "legalowner": "TUFTS N E MED CNTR INC", "namelast": "Corporate Chefs Inc.", "namefirst": " ", "licenseno": 37179, "issdttm": "2012-01-11T14:47:24", "expdttm": "2019-12-31T23:59:00", "licstatus": "Inactive", "licensecat": "FT", "descript": "Eating & Drinking w/ Take Out", "result": "HE_Fail", "resultdttm": "2015-02-27T10:36:11", "violation": "01-3-602.11 B2", "viollevel": "***", "violdesc": "Labeling of Ingredients", "violdttm": "2015-02-27T10:36:11", "violstatus": "Fail", "statusdate": null, "comments": "Individually packaged dressings/ condiments not labeled", "address": "274   Tremont ST", "city": "Boston", "zip": 2116, "property_id": 137470, "latitude_Y": 42.34992, "longitude_X": -71.06497, "year": 2015 }, "geometry": { "type": "Point", "coordinates": [ -71.06497, 42.34992 ] } },
{ "type": "Feature", "properties": { "businessname": "Corporate Chefs @ Soups On", "dbaname": null, "legalowner": "  ", "namelast": "Corporate Chefs Inc.", "namefirst": " ", "licenseno": 37181, "issdttm": "2012-01-11T14:50:54", "expdttm": "2018-12-31T23:59:00", "licstatus": "Inactive", "licensecat": "FT", "descript": "Eating & Drinking w/ Take Out", "result": "HE_Filed", "resultdttm": "2015-02-27T11:54:03", "violation": "15-4-202.16", "viollevel": "*", "violdesc": "Non-Food Contact Surfaces", "violdttm": "2015-02-27T11:54:03", "violstatus": "Fail", "statusdate": null, "comments": "Peeling paint on shelving of refrigeration unit.", "address": "1   Kneeland ST", "city": "Boston", "zip": 2111, "property_id": 261924, "latitude_Y": 42.35072, "longitude_X": -71.06272, "year": 2015 }, "geometry": { "type": "Point", "coordinates": [ -71.06272, 42.35072 ] } },
{ "type": "Feature", "properties": { "businessname": "Cosi", "dbaname": null, "legalowner": "TST 125 HIGH STREET L L C", "namelast": "Hearthstone Partners", "namefirst": "ATTN: Licenses & Permits", "licenseno": 29858, "issdttm": "2012-01-11T09:25:22", "expdttm": "2020-12-31T23:59:00", "licstatus": "Inactive", "licensecat": "FT", "descript": "Eating & Drinking w/ Take Out", "result": "HE_Filed", "resultdttm": "2015-02-05T11:49:48", "violation": "29-5-201/02.11", "viollevel": "*", "violdesc": "Installed and Maintained", "violdttm": "2015-02-05T11:49:48", "violstatus": "Fail", "statusdate": null, "comments": "Cold water faucet broken / Repair.", "address": "125  High ST", "city": "Boston", "zip": 2110, "property_id": 73281, "latitude_Y": 42.355179, "longitude_X": -71.053595, "year": 2015 }, "geometry": { "type": "Point", "coordinates": [ -71.053595, 42.355179 ] } },
{ "type": "Feature", "properties": { "businessname": "Cosi No.  214", "dbaname": null, "legalowner": "MASS PORT AUTHORITY", "namelast": "Cosi", "namefirst": "ATTN: Licenses & Permits", "licenseno": 126317, "issdttm": "2014-06-30T12:48:33", "expdttm": "2020-12-31T23:59:00", "licstatus": "Inactive", "licensecat": "FT", "descript": "Eating & Drinking w/ Take Out", "result": "HE_Fail", "resultdttm": "2015-06-19T10:52:26", "violation": "08-3-305-307.11", "viollevel": "*", "violdesc": "Food Protection", "violdttm": "2015-06-19T10:52:26", "violstatus": "Fail", "statusdate": null, "comments": "provide cover for sampling tray at cold line. Remove all non ice related materials from top of ice machine.", "address": "2   Seaport LN", "city": "Boston", "zip": 2210, "property_id": 124059, "latitude_Y": 42.348928, "longitude_X": -71.040843, "year": 2015 }, "geometry": { "type": "Point", "coordinates": [ -71.040843, 42.348928 ] } },
{ "type": "Feature", "properties": { "businessname": "Cosi No. 204", "dbaname": null, "legalowner": null, "namelast": "Cosi", "namefirst": "ATTN: Licenses & Permits", "licenseno": 24336, "issdttm": "2012-01-11T09:16:14", "expdttm": "2020-12-31T23:59:00", "licstatus": "Inactive", "licensecat": "FS", "descript": "Eating & Drinking", "result": "HE_Fail", "resultdttm": "2015-11-19T13:30:11", "violation": "01-3-602.11 B2", "viollevel": "***", "violdesc": "Labeling of Ingredients", "violdttm": "2015-11-19T13:30:11", "violstatus": "Fail", "statusdate": null, "comments": "Yogurt and quinoa cups without labels / Provide.", "address": "14   Milk ST", "city": "Boston", "zip": 2110, "property_id": 157542, "latitude_Y": 42.356863, "longitude_X": -71.057859, "year": 2015 }, "geometry": { "type": "Point", "coordinates": [ -71.057859, 42.356863 ] } },
{ "type": "Feature", "properties": { "businessname": "Cosi No. 305", "dbaname": null, "legalowner": "GREEN", "namelast": "Hearthstone Partners L L C", "namefirst": "ATTN: Licenses & Permits", "licenseno": 335074, "issdttm": "2017-07-14T08:30:21", "expdttm": "2020-12-31T23:59:00", "licstatus": "Active", "licensecat": "FT", "descript": "Eating & Drinking w/ Take Out", "result": "HE_Fail", "resultdttm": "2017-11-21T15:25:43", "violation": "03-3-501.16(A)", "viollevel": "***", "violdesc": "Cold Holding", "violdttm": "2017-11-21T15:25:43", "violstatus": "Fail", "statusdate": null, "comments": "Pre-cooked chicken @ 50f  ensure proper cold hold of 41f or below", "address": "640  Atlantic AVE", "city": "Boston", "zip": 2111, "property_id": 156817, "latitude_Y": 42.36293, "longitude_X": -71.05126, "year": 2017 }, "geometry": { "type": "Point", "coordinates": [ -71.05126, 42.36293 ] } },
{ "type": "Feature", "properties": { "businessname": "Courtyard Boston Downtown", "dbaname": null, "legalowner": null, "namelast": "MARRIOTT HOTEL CORP.", "namefirst": " ", "licenseno": 20194, "issdttm": "2012-02-07T12:51:14", "expdttm": "2020-12-31T23:59:00", "licstatus": "Active", "licensecat": "FS", "descript": "Eating & Drinking", "result": "HE_Fail", "resultdttm": "2015-04-07T14:20:01", "violation": "03-3-501.14", "viollevel": "***", "violdesc": "Cooling", "violdttm": "2015-04-07T14:20:01", "violstatus": "Fail", "statusdate": null, "comments": "Fifth floor-Several food left for cooling in room temperature-Chicken 82F  Tortellini 93F  Chicken breast 67F. PIC states they have been out for cooling for 45 mins.PIC removed foods inside a refrigerating unit. Fourth floor- Walk-In unit -Tomato soup 92F. No charts to indicate the cooling time. Cool all foods properly with one of acceptable cooling methods  within required time and temperatures limits. Ensure that charts are used when large amounts of foods are cooled at the same time.", "address": "275   Tremont ST", "city": "Boston", "zip": 2116, "property_id": 158150, "latitude_Y": 42.350032, "longitude_X": -71.065531, "year": 2015 }, "geometry": { "type": "Point", "coordinates": [ -71.065531, 42.350032 ] } },
{ "type": "Feature", "properties": { "businessname": "COURTYARD CAFE", "dbaname": null, "legalowner": null, "namelast": "RESTAURANT ASSOCIATES", "namefirst": " ", "licenseno": 23923, "issdttm": "2012-01-09T14:38:14", "expdttm": "2020-12-31T23:59:00", "licstatus": "Active", "licensecat": "FS", "descript": "Eating & Drinking", "result": "HE_Fail", "resultdttm": "2018-02-12T14:53:58", "violation": "15-4-202.16", "viollevel": "*", "violdesc": "Non-Food Contact Surfaces", "violdttm": "2018-02-12T14:53:58", "violstatus": "Fail", "statusdate": null, "comments": "Refrigeration unit (open air) at self service area at 50F. Unit temperature lowered down to 41F/42F after defrost cycle. Ensure unit runs at 41F or below to properly cold hold foods. All refrigerated foods removed at time of inspection", "address": "200  Longwood AVE", "city": "Boston", "zip": 2115, "property_id": 156320, "latitude_Y": 42.33616, "longitude_X": -71.10267, "year": 2018 }, "geometry": { "type": "Point", "coordinates": [ -71.10267, 42.33616 ] } },
{ "type": "Feature", "properties": { "businessname": "COURTYARD MARRIOTT COPLEY", "dbaname": null, "legalowner": null, "namelast": "MJ BACK BAY LLC", "namefirst": " ", "licenseno": 23142, "issdttm": "2012-05-11T13:50:16", "expdttm": "2020-12-31T23:59:00", "licstatus": "Active", "licensecat": "FS", "descript": "Eating & Drinking", "result": "HE_Fail", "resultdttm": "2015-03-24T12:50:33", "violation": "02-3-602.11-.12/3-302.12", "viollevel": "*", "violdesc": "Food Container Labels", "violdttm": "2015-03-24T12:50:33", "violstatus": "Fail", "statusdate": null, "comments": "properly label all pre-packaged sandwiches and salads", "address": "88   Exeter ST", "city": "Boston", "zip": 2116, "property_id": 157810, "latitude_Y": 42.3486, "longitude_X": -71.078818, "year": 2015 }, "geometry": { "type": "Point", "coordinates": [ -71.078818, 42.3486 ] } },
{ "type": "Feature", "properties": { "businessname": "Crabby Jack's General Store", "dbaname": null, "legalowner": "CITY OF BOSTON", "namelast": "Color Inc.", "namefirst": "Tom Emmons", "licenseno": 79645, "issdttm": "2012-06-19T08:38:33", "expdttm": "2018-12-31T23:59:00", "licstatus": "Inactive", "licensecat": "RF", "descript": "Retail Food", "result": "HE_Fail", "resultdttm": "2015-09-23T12:04:58", "violation": "23-4-602.13", "viollevel": "*", "violdesc": "Non-Food Contact Surfaces Clean", "violdttm": "2015-09-23T12:04:58", "violstatus": "Fail", "statusdate": null, "comments": "dusts and debris on shelving and baskets  clean to remove", "address": "1  Faneuil Hall SQ", "city": "Boston", "zip": 2109, "property_id": 154256, "latitude_Y": 42.360028, "longitude_X": -71.056245, "year": 2015 }, "geometry": { "type": "Point", "coordinates": [ -71.056245, 42.360028 ] } },
{ "type": "Feature", "properties": { "businessname": "Crave Mad For Chicken", "dbaname": null, "legalowner": null, "namelast": "Cheng", "namefirst": "Susan", "licenseno": 126044, "issdttm": "2014-07-10T14:19:40", "expdttm": "2020-12-31T23:59:00", "licstatus": "Active", "licensecat": "FS", "descript": "Eating & Drinking", "result": "HE_Fail", "resultdttm": "2015-07-13T14:04:49", "violation": "03-3-501.16(A)", "viollevel": "***", "violdesc": "Cold Holding", "violdttm": "2015-07-13T14:04:49", "violstatus": "Fail", "statusdate": null, "comments": "Shrimp 60F / Provide proper cold holding temperatures.", "address": "75   Kneeland ST", "city": "Boston", "zip": 2111, "property_id": 157505, "latitude_Y": 42.350178, "longitude_X": -71.06061, "year": 2015 }, "geometry": { "type": "Point", "coordinates": [ -71.06061, 42.350178 ] } },
{ "type": "Feature", "properties": { "businessname": "CRAZY DOUGH'S PIZZA COMPANY", "dbaname": null, "legalowner": "FERRIMAN DOUG", "namelast": "FERRIMAN", "namefirst": "DOUG", "licenseno": 21157, "issdttm": "2012-01-13T11:34:55", "expdttm": "2017-12-31T23:59:00", "licstatus": "Inactive", "licensecat": "FS", "descript": "Eating & Drinking", "result": "HE_Fail", "resultdttm": "2015-05-12T13:29:48", "violation": "03-3-501.16(A)", "viollevel": "***", "violdesc": "Cold Holding", "violdttm": "2015-05-12T13:29:48", "violstatus": "Fail", "statusdate": null, "comments": "Tightly wrapped individual bags of precooked chicken stacked in drawer refrigeration unit 68F for less than 2 hours. Ensure foods are cooled and cold held at 41F or below. Removed by PIC  Placed on sheet pan and placed in walkin.", "address": "1124   Boylston ST", "city": "Boston", "zip": 2215, "property_id": 158229, "latitude_Y": 42.346743, "longitude_X": -71.088918, "year": 2015 }, "geometry": { "type": "Point", "coordinates": [ -71.088918, 42.346743 ] } },
{ "type": "Feature", "properties": { "businessname": "CRISPY CREPES CAFE", "dbaname": null, "legalowner": "KWET FONG TJONG  PRES.", "namelast": "BENDOK", "namefirst": "BRAHIM", "licenseno": 161656, "issdttm": "2016-04-04T09:20:21", "expdttm": "2020-12-31T23:59:00", "licstatus": "Active", "licensecat": "FT", "descript": "Eating & Drinking w/ Take Out", "result": "HE_Fail", "resultdttm": "2018-05-17T11:21:02", "violation": "02-3-602.11-.12/3-302.12", "viollevel": "*", "violdesc": "Food Container Labels", "violdttm": "2018-05-17T11:21:02", "violstatus": "Fail", "statusdate": null, "comments": "Bulk food containers without proper labeling. Provide.", "address": "714   Commonwealth AVE", "city": "Boston", "zip": 2215, "property_id": 157171, "latitude_Y": 42.349573, "longitude_X": -71.105658, "year": 2018 }, "geometry": { "type": "Point", "coordinates": [ -71.105658, 42.349573 ] } },
{ "type": "Feature", "properties": { "businessname": "Crudo", "dbaname": null, "legalowner": "  ", "namelast": "Sushi Rock LLC", "namefirst": "Nicholas Leo", "licenseno": 137653, "issdttm": "2015-06-26T09:32:55", "expdttm": "2020-12-31T23:59:00", "licstatus": "Active", "licensecat": "FS", "descript": "Eating & Drinking", "result": "HE_Fail", "resultdttm": "2016-08-11T08:49:23", "violation": "03-3-501.16(A)", "viollevel": "***", "violdesc": "Cold Holding", "violdttm": "2016-08-11T08:49:23", "violstatus": "Fail", "statusdate": null, "comments": "Raw shell eggs sitting out at 54F / Provide proper cold holding temperatures.", "address": "78   Salem ST", "city": "Boston", "zip": 2113, "property_id": 169396, "latitude_Y": 42.363692, "longitude_X": -71.05591, "year": 2016 }, "geometry": { "type": "Point", "coordinates": [ -71.05591, 42.363692 ] } },
{ "type": "Feature", "properties": { "businessname": "Crush Pizza", "dbaname": null, "legalowner": "BBS REAL ESTATE GROUP LLC", "namelast": "Fire It Up State St. L L C", "namefirst": " ", "licenseno": 92316, "issdttm": "2013-11-13T10:36:36", "expdttm": "2020-12-31T23:59:00", "licstatus": "Active", "licensecat": "FT", "descript": "Eating & Drinking w/ Take Out", "result": "HE_Fail", "resultdttm": "2015-04-23T11:46:14", "violation": "02-3-602.11-.12/3-302.12", "viollevel": "*", "violdesc": "Food Container Labels", "violdttm": "2015-04-23T11:46:14", "violstatus": "Fail", "statusdate": null, "comments": "Provide labels for bulk food bins.", "address": "107   State ST", "city": "Boston", "zip": 2109, "property_id": 130368, "latitude_Y": 42.35902, "longitude_X": -71.054927, "year": 2015 }, "geometry": { "type": "Point", "coordinates": [ -71.054927, 42.35902 ] } },
{ "type": "Feature", "properties": { "businessname": "Cure Lounge (basement at Wilbur Theatre)", "dbaname": null, "legalowner": "WILBUR THEATRE VENDORS IN C.", "namelast": "Paige Hospitality", "namefirst": "Felix Paige", "licenseno": 74267, "issdttm": "2011-12-07T09:40:25", "expdttm": "2020-12-31T23:59:00", "licstatus": "Active", "licensecat": "FS", "descript": "Eating & Drinking", "result": "HE_Fail", "resultdttm": "2016-10-07T23:48:30", "violation": "16-4-501.11/.15", "viollevel": "*", "violdesc": "Dishwashng Facilities", "violdttm": "2016-10-07T23:48:30", "violstatus": "Fail", "statusdate": null, "comments": "Gage not operating properly - repair", "address": "246   Tremont ST", "city": "Boston", "zip": 2116, "property_id": 157495, "latitude_Y": 42.350688, "longitude_X": -71.064668, "year": 2016 }, "geometry": { "type": "Point", "coordinates": [ -71.064668, 42.350688 ] } },
{ "type": "Feature", "properties": { "businessname": "CVS No.  1217", "dbaname": null, "legalowner": "FIVE 85 KOSTIGEN LLC", "namelast": "CVS PHARMACY INC.", "namefirst": "Lic. Dept. Mail Code 1160", "licenseno": 25112, "issdttm": "2011-12-28T11:53:09", "expdttm": "2020-12-31T23:59:00", "licstatus": "Active", "licensecat": "RF", "descript": "Retail Food", "result": "HE_Fail", "resultdttm": "2015-04-30T13:33:20", "violation": "08-3-305-307.11", "viollevel": "*", "violdesc": "Food Protection", "violdttm": "2015-04-30T13:33:20", "violstatus": "Fail", "statusdate": null, "comments": "Food/beverage containers stored on the floor at the basement level and Walk in unit at the first level. Elevate all food/beverage products 6 inches or above.", "address": "585   Boylston ST", "city": "Boston", "zip": 2116, "property_id": 18354, "latitude_Y": 42.35053, "longitude_X": -71.07686, "year": 2015 }, "geometry": { "type": "Point", "coordinates": [ -71.07686, 42.35053 ] } },
{ "type": "Feature", "properties": { "businessname": "CVS No.  260", "dbaname": null, "legalowner": "ONE FIFTY ONE-153 CHARLES", "namelast": "CVS PHARMACY INC.", "namefirst": "Lic. Dept. Mail Code 1160", "licenseno": 25110, "issdttm": "2011-12-28T11:18:11", "expdttm": "2020-12-31T23:59:00", "licstatus": "Active", "licensecat": "RF", "descript": "Retail Food", "result": "HE_Fail", "resultdttm": "2015-09-24T13:59:46", "violation": "03-3-501.16(A)", "viollevel": "***", "violdesc": "Cold Holding", "violdttm": "2015-09-24T13:59:46", "violstatus": "Fail", "statusdate": null, "comments": "Lower Level -Chobani Greek yogurt registering 47F  refrigerating unit 49F. PIC states yogurt had just been placed inside that unit and removed it to the other refrigerating unit. Maintain all PHFs at 41F or below.", "address": "155   Charles ST", "city": "Boston", "zip": 2114, "property_id": 29135, "latitude_Y": 42.36065, "longitude_X": -71.07057, "year": 2015 }, "geometry": { "type": "Point", "coordinates": [ -71.07057, 42.36065 ] } },
{ "type": "Feature", "properties": { "businessname": "CVS No. 226", "dbaname": null, "legalowner": "CVS  LIC. DEPT. ANABELA", "namelast": "CVS PHARMACY INC.", "namefirst": "Lic. Dept. Mail Code 1160", "licenseno": 19156, "issdttm": "2011-12-28T11:17:36", "expdttm": "2020-12-31T23:59:00", "licstatus": "Active", "licensecat": "RF", "descript": "Retail Food", "result": "HE_Filed", "resultdttm": "2017-02-17T14:20:15", "violation": "36-6-501.11-.12", "viollevel": "*", "violdesc": "Improper Maintenance of Floors", "violdttm": "2017-02-17T14:20:15", "violstatus": "Fail", "statusdate": null, "comments": "Floor of the walk-in cooler visibly soiled and with excess card board and debris. Clean to remove.", "address": "3  Post Office SQ", "city": "Boston", "zip": 2110, "property_id": 156487, "latitude_Y": 42.356639, "longitude_X": -71.05651, "year": 2017 }, "geometry": { "type": "Point", "coordinates": [ -71.05651, 42.356639 ] } },
{ "type": "Feature", "properties": { "businessname": "CVS No. 5874", "dbaname": null, "legalowner": "CVS LIC.DEPT. ANABELA SA", "namelast": "CVS PHARMACY INC.", "namefirst": "Lic. Dept. Mail Code 1160", "licenseno": 22854, "issdttm": "2011-12-28T12:21:14", "expdttm": "2020-12-31T23:59:00", "licstatus": "Active", "licensecat": "RF", "descript": "Retail Food", "result": "HE_Fail", "resultdttm": "2017-05-18T10:43:38", "violation": "15-4-202.16", "viollevel": "*", "violdesc": "Non-Food Contact Surfaces", "violdttm": "2017-05-18T10:43:38", "violstatus": "Fail", "statusdate": null, "comments": "Cold unit for salads  sandwiches and drinks was shut down by manager at time of inspection  repair to ensure proper cold hold temperatures of 41f or below ( manager has work order in for unit to be repaired)", "address": "631   Washington ST", "city": "Boston", "zip": 2116, "property_id": 156220, "latitude_Y": 42.352613, "longitude_X": -71.06275, "year": 2017 }, "geometry": { "type": "Point", "coordinates": [ -71.06275, 42.352613 ] } },
{ "type": "Feature", "properties": { "businessname": "CVS Pharmacy No. 1206", "dbaname": null, "legalowner": "STRATFORD TITLE HOLDING CO", "namelast": "CVS PHARMACY INC.", "namefirst": "Lic. Dept. Mail Code 1160", "licenseno": 19299, "issdttm": "2011-12-28T11:51:27", "expdttm": "2020-12-31T23:59:00", "licstatus": "Active", "licensecat": "RF", "descript": "Retail Food", "result": "HE_Fail", "resultdttm": "2015-06-05T11:34:40", "violation": "04-3-501.15/4-301.11", "viollevel": "*", "violdesc": "Inadequate Facilities/Cooling Methods", "violdttm": "2015-06-05T11:34:40", "violstatus": "Fail", "statusdate": null, "comments": "Open air sandwich unit 44F Turkey roll up 44F.PIC will call for repair and remove sandwiches to other refrigeration to maintain product 41F or below.Repair unit to maintain product 41F or below.", "address": "240   Newbury ST", "city": "Boston", "zip": 2116, "property_id": 101453, "latitude_Y": 42.3495, "longitude_X": -71.08184, "year": 2015 }, "geometry": { "type": "Point", "coordinates": [ -71.08184, 42.3495 ] } },
{ "type": "Feature", "properties": { "businessname": "CVS Procare Pharmacy No. 2516", "dbaname": null, "legalowner": "NEMC REAL ESTATE CO INC", "namelast": "CVS", "namefirst": "Licensing Dept.", "licenseno": 20974, "issdttm": "2011-12-28T12:16:35", "expdttm": "2017-12-31T23:59:00", "licstatus": "Inactive", "licensecat": "RF", "descript": "Retail Food", "result": "HE_Fail", "resultdttm": "2015-02-18T14:30:32", "violation": "33-5-501.116", "viollevel": "*", "violdesc": "Improper Cleaning of Receptacles", "violdttm": "2015-02-18T14:30:32", "violstatus": "Fail", "statusdate": null, "comments": "No cover on waste receptacle", "address": "35   Kneeland ST", "city": "Boston", "zip": 2111, "property_id": 82313, "latitude_Y": 42.35052, "longitude_X": -71.06198, "year": 2015 }, "geometry": { "type": "Point", "coordinates": [ -71.06198, 42.35052 ] } },
{ "type": "Feature", "properties": { "businessname": "CVS/Pharmacy No.  7530", "dbaname": null, "legalowner": "SWAN JOSEPH E", "namelast": "CVS PHARMACY INC.", "namefirst": "Lic. Dept. Mail Code 1160", "licenseno": 28079, "issdttm": "2011-12-28T12:22:18", "expdttm": "2020-12-31T23:59:00", "licstatus": "Active", "licensecat": "RF", "descript": "Retail Food", "result": "HE_Fail", "resultdttm": "2015-06-23T13:17:06", "violation": "08-3-305-307.11", "viollevel": "*", "violdesc": "Food Protection", "violdttm": "2015-06-23T13:17:06", "violstatus": "Fail", "statusdate": null, "comments": "Beverage containers stored on the floor at the retail area and storage area. Elevate 6 inches or above.", "address": "1249   Boylston ST", "city": "Boston", "zip": 2215, "property_id": 18071, "latitude_Y": 42.34543, "longitude_X": -71.09577, "year": 2015 }, "geometry": { "type": "Point", "coordinates": [ -71.09577, 42.34543 ] } },
{ "type": "Feature", "properties": { "businessname": "CVS/Pharmacy No.  8972", "dbaname": null, "legalowner": null, "namelast": "CVS PHARMACY INC.", "namefirst": "Lic. Dept. Mail Code 1160", "licenseno": 33075, "issdttm": "2011-12-28T12:23:41", "expdttm": "2020-12-31T23:59:00", "licstatus": "Active", "licensecat": "RF", "descript": "Retail Food", "result": "HE_Fail", "resultdttm": "2015-06-05T10:41:54", "violation": "08-3-305-307.11", "viollevel": "*", "violdesc": "Food Protection", "violdttm": "2015-06-05T10:41:54", "violstatus": "Fail", "statusdate": null, "comments": "retail/clean dust from all soup cans", "address": "285   Columbus AVE", "city": "Boston", "zip": 2116, "property_id": 35578, "latitude_Y": 42.34724, "longitude_X": -71.0739, "year": 2015 }, "geometry": { "type": "Point", "coordinates": [ -71.0739, 42.34724 ] } },
{ "type": "Feature", "properties": { "businessname": "CVS/PHARMACY No. 0361", "dbaname": null, "legalowner": "CVS  LIC. DEPT. ANABELA SA", "namelast": "CVS PHARMACY INC.", "namefirst": "Lic. Dept. Mail Code 1160", "licenseno": 21773, "issdttm": "2011-12-28T11:23:03", "expdttm": "2020-12-31T23:59:00", "licstatus": "Active", "licensecat": "RF", "descript": "Retail Food", "result": "HE_Fail", "resultdttm": "2015-01-15T14:50:00", "violation": "23-4-602.13", "viollevel": "*", "violdesc": "Non-Food Contact Surfaces Clean", "violdttm": "2015-01-15T14:50:00", "violstatus": "Fail", "statusdate": null, "comments": "Clean all refrigeration and freezer units Clean all shelving", "address": "55  Summer ST", "city": "Boston", "zip": 2111, "property_id": 157467, "latitude_Y": 42.354262, "longitude_X": -71.059279, "year": 2015 }, "geometry": { "type": "Point", "coordinates": [ -71.059279, 42.354262 ] } },
{ "type": "Feature", "properties": { "businessname": "CVS/PHARMACY No. 1258", "dbaname": null, "legalowner": "CVS  LIC. DEPT. DIANNE DU RAND", "namelast": "CVS PHARMACY INC.", "namefirst": "Lic. Dept. Mail Code 1160", "licenseno": 25116, "issdttm": "2011-12-28T11:55:35", "expdttm": "2020-12-31T23:59:00", "licstatus": "Active", "licensecat": "RF", "descript": "Retail Food", "result": "HE_Fail", "resultdttm": "2016-05-04T12:54:02", "violation": "08-3-305-307.11", "viollevel": "*", "violdesc": "Food Protection", "violdttm": "2016-05-04T12:54:02", "violstatus": "Fail", "statusdate": null, "comments": "Boxes of chips being store directly on floor in back room. Elevate all foods atleast 6\" off the floor. Cases of beverages and boxes of food being stored directly on floor in dry storage room. Elevate all foods atleast 6\" off the floor.", "address": "191   Cambridge ST", "city": "Boston", "zip": 2114, "property_id": 158059, "latitude_Y": 42.362109, "longitude_X": -71.066151, "year": 2016 }, "geometry": { "type": "Point", "coordinates": [ -71.066151, 42.362109 ] } },
{ "type": "Feature", "properties": { "businessname": "CVS/Pharmacy No. 1900", "dbaname": null, "legalowner": "CVS  LIC. DEPT. ANABELA SA", "namelast": "CVS PHARMACY INC.", "namefirst": "Lic. Dept. Mail Code 1160", "licenseno": 19949, "issdttm": "2011-12-28T12:03:01", "expdttm": "2020-12-31T23:59:00", "licstatus": "Active", "licensecat": "RF", "descript": "Retail Food", "result": "HE_Fail", "resultdttm": "2015-04-17T10:31:06", "violation": "08-3-305-307.11", "viollevel": "*", "violdesc": "Food Protection", "violdttm": "2015-04-17T10:31:06", "violstatus": "Fail", "statusdate": null, "comments": "Beef hot dogs are out of code - experation was 4-15-15 [ 4 packages ] - removed from the shelf by PIC", "address": "218   Hanover ST", "city": "Boston", "zip": 2113, "property_id": 155886, "latitude_Y": 42.363056, "longitude_X": -71.055488, "year": 2015 }, "geometry": { "type": "Point", "coordinates": [ -71.055488, 42.363056 ] } },
{ "type": "Feature", "properties": { "businessname": "CVS/Pharmacy No. 2256", "dbaname": null, "legalowner": null, "namelast": "CVS PHARMACY INC.", "namefirst": "Lic. Dept. Mail Code 1160", "licenseno": 20670, "issdttm": "2011-12-28T12:10:59", "expdttm": "2020-12-31T23:59:00", "licstatus": "Active", "licensecat": "RF", "descript": "Retail Food", "result": "HE_Fail", "resultdttm": "2016-02-23T12:52:20", "violation": "01-3-101/701.11", "viollevel": "***", "violdesc": "Spoilage Unsafe Food", "violdttm": "2016-02-23T12:52:20", "violstatus": "Fail", "statusdate": null, "comments": "Product being sold as bagged ice partially melted. Remove from sale. Provide goods honestly presented for retail sale.", "address": "2   Center PLZ", "city": "Boston", "zip": 2108, "property_id": 154960, "latitude_Y": 42.359826, "longitude_X": -71.060233, "year": 2016 }, "geometry": { "type": "Point", "coordinates": [ -71.060233, 42.359826 ] } },
{ "type": "Feature", "properties": { "businessname": "Dara's Wine & Spirit", "dbaname": null, "legalowner": null, "namelast": "Full of Spirits Inc.", "namefirst": " ", "licenseno": 33023, "issdttm": "2011-12-12T11:12:17", "expdttm": "2015-12-31T23:59:00", "licstatus": "Inactive", "licensecat": "RF", "descript": "Retail Food", "result": "HE_OutBus", "resultdttm": "2015-01-14T11:32:29", "violation": "23-4-602.13", "viollevel": "*", "violdesc": "Non-Food Contact Surfaces Clean", "violdttm": "2015-01-14T11:32:29", "violstatus": "Fail", "statusdate": null, "comments": "clean all shelves through-out counter area retail area and loft area", "address": "750   Huntington AVE", "city": "Boston", "zip": 2115, "property_id": 76416, "latitude_Y": 42.33355, "longitude_X": -71.10562, "year": 2015 }, "geometry": { "type": "Point", "coordinates": [ -71.10562, 42.33355 ] } },
{ "type": "Feature", "properties": { "businessname": "DAVIO'S", "dbaname": null, "legalowner": "DIFILLIPO STEVE PRESIDENT", "namelast": "DIFILLIPO STEVE", "namefirst": "PRESIDENT", "licenseno": 22316, "issdttm": "2012-01-04T19:16:36", "expdttm": "2020-12-31T23:59:00", "licstatus": "Active", "licensecat": "FS", "descript": "Eating & Drinking", "result": "HE_Fail", "resultdttm": "2015-04-29T13:49:22", "violation": "20-4-703.11", "viollevel": "***", "violdesc": "Food Contact Surfaces Clean", "violdttm": "2015-04-29T13:49:22", "violstatus": "Fail", "statusdate": null, "comments": "Dish machine at bar registering 196F for sanitizing.Maintain hot water sanitizing between 180F-194F", "address": "75   Arlington ST", "city": "Boston", "zip": 2117, "property_id": 156164, "latitude_Y": 42.350682, "longitude_X": -71.070358, "year": 2015 }, "geometry": { "type": "Point", "coordinates": [ -71.070358, 42.350682 ] } },
{ "type": "Feature", "properties": { "businessname": "DELI OF COURSE", "dbaname": null, "legalowner": "GIANNARIS", "namelast": "GIANNARIS", "namefirst": "GEORGE", "licenseno": 21685, "issdttm": "2012-03-12T12:49:49", "expdttm": "2020-12-31T23:59:00", "licstatus": "Active", "licensecat": "FT", "descript": "Eating & Drinking w/ Take Out", "result": "HE_Fail", "resultdttm": "2016-03-28T12:07:18", "violation": "M-2-102.11", "viollevel": "***", "violdesc": "PIC Knowledge", "violdttm": "2016-03-28T12:07:18", "violstatus": "Fail", "statusdate": null, "comments": "No current fod safety on site-provide", "address": "451   D ST", "city": "Boston", "zip": 2127, "property_id": 157722, "latitude_Y": 42.345194, "longitude_X": -71.041978, "year": 2016 }, "geometry": { "type": "Point", "coordinates": [ -71.041978, 42.345194 ] } },
{ "type": "Feature", "properties": { "businessname": "Delight Corner", "dbaname": null, "legalowner": "YEE JUNG T ETAL", "namelast": "Hi-Color Corp.", "namefirst": " ", "licenseno": 92793, "issdttm": "2014-03-12T10:13:03", "expdttm": "2020-12-31T23:59:00", "licstatus": "Active", "licensecat": "RF", "descript": "Retail Food", "result": "HE_Fail", "resultdttm": "2015-02-18T12:09:08", "violation": "41-7-201/04.11", "viollevel": "***", "violdesc": "Separation/Sanitizer Criteria", "violdttm": "2015-02-18T12:09:08", "violstatus": "Fail", "statusdate": null, "comments": "No cover for toxic chemical", "address": "32   Oxford ST", "city": "Boston", "zip": 2111, "property_id": 106212, "latitude_Y": 42.35152, "longitude_X": -71.06023, "year": 2015 }, "geometry": { "type": "Point", "coordinates": [ -71.06023, 42.35152 ] } },
{ "type": "Feature", "properties": { "businessname": "Derne Street Deli", "dbaname": null, "legalowner": "MIRABELLA SALVATORE P TS", "namelast": "Steadfast Inc.", "namefirst": " ", "licenseno": 81264, "issdttm": "2013-01-07T09:41:28", "expdttm": "2015-12-31T23:59:00", "licstatus": "Inactive", "licensecat": "FT", "descript": "Eating & Drinking w/ Take Out", "result": "HE_Fail", "resultdttm": "2015-09-21T10:41:47", "violation": "37-6-201.11", "viollevel": "*", "violdesc": "Walls/Ceilings Designed Constructed Installed", "violdttm": "2015-09-21T10:41:47", "violstatus": "Fail", "statusdate": null, "comments": "Hood sticker expired in January of 2015  have cleaned by a licensed hood cleaning compnay", "address": "14   Derne ST", "city": "Boston", "zip": 2114, "property_id": 47444, "latitude_Y": 42.35953, "longitude_X": -71.06344, "year": 2015 }, "geometry": { "type": "Point", "coordinates": [ -71.06344, 42.35953 ] } },
{ "type": "Feature", "properties": { "businessname": "Deuxave", "dbaname": null, "legalowner": "  ", "namelast": "Two Avenues Inc.", "namefirst": " ", "licenseno": 67822, "issdttm": "2012-01-05T15:33:44", "expdttm": "2020-12-31T23:59:00", "licstatus": "Active", "licensecat": "FS", "descript": "Eating & Drinking", "result": "HE_Fail", "resultdttm": "2015-10-14T20:32:26", "violation": "08-3-305-307.11", "viollevel": "*", "violdesc": "Food Protection", "violdttm": "2015-10-14T20:32:26", "violstatus": "Fail", "statusdate": null, "comments": "Observed wine being stored in ice used for dispensing.PIC removed immediately", "address": "371   Commonwealth AVE", "city": "Boston", "zip": 2116, "property_id": 163721, "latitude_Y": 42.349468, "longitude_X": -71.089075, "year": 2015 }, "geometry": { "type": "Point", "coordinates": [ -71.089075, 42.349468 ] } },
{ "type": "Feature", "properties": { "businessname": "Dig Inn", "dbaname": null, "legalowner": "FIVE 57-561 BOYLSTON ST LLC", "namelast": "Eskin", "namefirst": "Adam", "licenseno": 161722, "issdttm": "2016-07-08T15:25:45", "expdttm": "2020-12-31T23:59:00", "licstatus": "Active", "licensecat": "FS", "descript": "Eating & Drinking", "result": "HE_Fail", "resultdttm": "2016-07-06T13:51:02", "violation": "08-3-305-307.11", "viollevel": "*", "violdesc": "Food Protection", "violdttm": "2016-07-06T13:51:02", "violstatus": "Fail", "statusdate": null, "comments": "Paper towel dispenser stored above prep table - Main prep", "address": "557   Boylston ST", "city": "Boston", "zip": 2116, "property_id": 18347, "latitude_Y": 42.350703, "longitude_X": -71.076174, "year": 2016 }, "geometry": { "type": "Point", "coordinates": [ -71.076174, 42.350703 ] } },
{ "type": "Feature", "properties": { "businessname": "Dig Inn", "dbaname": null, "legalowner": "HISTORIC BOSTON INC", "namelast": "Eskin", "namefirst": "Adam", "licenseno": 301858, "issdttm": "2017-05-31T08:42:44", "expdttm": "2020-12-31T23:59:00", "licstatus": "Active", "licensecat": "FS", "descript": "Eating & Drinking", "result": "HE_Fail", "resultdttm": "2017-06-14T10:41:20", "violation": "04-3-501.15/4-301.11", "viollevel": "*", "violdesc": "Inadequate Facilities/Cooling Methods", "violdttm": "2017-06-14T10:41:20", "violstatus": "Fail", "statusdate": null, "comments": "Cooked potatoes on the cold holding table at 51F. PIC stated that they had been cooked from earlier that morning. Potatoes were removed from the cold holding unit and placed into the blast chiller to bring down the temperature to below 41F. Ensure all potentially hazardous foods are being maintained at below 41F before being placed out for service.", "address": "277   Washington ST", "city": "Boston", "zip": 2108, "property_id": 144543, "latitude_Y": 42.357616, "longitude_X": -71.058386, "year": 2017 }, "geometry": { "type": "Point", "coordinates": [ -71.058386, 42.357616 ] } },
{ "type": "Feature", "properties": { "businessname": "DING HO FAST FOOD", "dbaname": null, "legalowner": "TINH ON", "namelast": "TINH ON", "namefirst": "DING HO FAST FOOD", "licenseno": 22819, "issdttm": "2012-05-29T10:32:31", "expdttm": "2020-12-31T23:59:00", "licstatus": "Active", "licensecat": "FT", "descript": "Eating & Drinking w/ Take Out", "result": "HE_Fail", "resultdttm": "2017-08-15T11:16:09", "violation": "35-6-501.111/.115", "viollevel": "**", "violdesc": "Insects  Rodents  Animals", "violdttm": "2017-08-15T11:16:09", "violstatus": "Fail", "statusdate": null, "comments": "1) Roaches seen behind 1 door cold unit and soda machine  clean to remove  2) roaches seen in trash room  clean to remove", "address": "88  Harrison Av", "city": "Boston", "zip": 2111, "property_id": 156805, "latitude_Y": 42.35073, "longitude_X": -71.061239, "year": 2017 }, "geometry": { "type": "Point", "coordinates": [ -71.061239, 42.35073 ] } },
{ "type": "Feature", "properties": { "businessname": "DINO'S CAFE", "dbaname": null, "legalowner": null, "namelast": "MOHAJ SHABAN PRES.", "namefirst": " ", "licenseno": 21241, "issdttm": "2012-01-05T10:45:28", "expdttm": "2020-12-31T23:59:00", "licstatus": "Active", "licensecat": "FS", "descript": "Eating & Drinking", "result": "HE_Fail", "resultdttm": "2016-07-14T13:34:43", "violation": "03-3-501.16(A)", "viollevel": "***", "violdesc": "Cold Holding", "violdttm": "2016-07-14T13:34:43", "violstatus": "Fail", "statusdate": null, "comments": "Spaghetti in top reach in 52F   Calamari in bottom reach in 53F / Provide proper cold holding temperatures.", "address": "141   Salem ST", "city": "Boston", "zip": 2113, "property_id": 158091, "latitude_Y": 42.365059, "longitude_X": -71.055378, "year": 2016 }, "geometry": { "type": "Point", "coordinates": [ -71.055378, 42.365059 ] } },
{ "type": "Feature", "properties": { "businessname": "Dip It Sweet", "dbaname": null, "legalowner": "ROBERTO FRANK TS", "namelast": "Salvatore W. Onessimo Jr.", "namefirst": " ", "licenseno": 79069, "issdttm": "2012-04-26T12:43:23", "expdttm": "2016-12-31T23:59:00", "licstatus": "Inactive", "licensecat": "FT", "descript": "Eating & Drinking w/ Take Out", "result": "HE_Fail", "resultdttm": "2015-05-20T12:10:26", "violation": "16-4-301.12", "viollevel": "*", "violdesc": "Three Compartment Sink", "violdttm": "2015-05-20T12:10:26", "violstatus": "Fail", "statusdate": null, "comments": "Replace missing plugs where needed", "address": "94   Endicott ST", "city": "Boston", "zip": 2113, "property_id": 53893, "latitude_Y": 42.364175, "longitude_X": -71.057435, "year": 2015 }, "geometry": { "type": "Point", "coordinates": [ -71.057435, 42.364175 ] } },
{ "type": "Feature", "properties": { "businessname": "Discovery Cafe", "dbaname": null, "legalowner": null, "namelast": "Gerald Walba", "namefirst": " ", "licenseno": 92415, "issdttm": "2013-10-24T08:45:58", "expdttm": "2020-12-31T23:59:00", "licstatus": "Active", "licensecat": "FT", "descript": "Eating & Drinking w/ Take Out", "result": "HE_Fail", "resultdttm": "2016-01-21T13:35:08", "violation": "03-3-501.16(A)", "viollevel": "***", "violdesc": "Cold Holding", "violdttm": "2016-01-21T13:35:08", "violstatus": "Fail", "statusdate": null, "comments": "The chicken in the cold holding unit 59F.  The prepared food is coming from the main location in Cambridge and is delivered daily in cambros.  Verify that the food is received either at 41F or below or 140F or above.", "address": "3   Blackfan CIR", "city": "Boston", "zip": 2115, "property_id": 15784, "latitude_Y": 42.33901, "longitude_X": -71.104249, "year": 2016 }, "geometry": { "type": "Point", "coordinates": [ -71.104249, 42.33901 ] } },
{ "type": "Feature", "properties": { "businessname": "DOLCE VITA", "dbaname": null, "legalowner": "GRACEFFA FRANCESCO", "namelast": "GRACEFFA", "namefirst": "FRANCESCO", "licenseno": 21662, "issdttm": "2011-12-29T10:51:01", "expdttm": "2020-12-31T23:59:00", "licstatus": "Active", "licensecat": "FS", "descript": "Eating & Drinking", "result": "HE_Fail", "resultdttm": "2015-05-06T12:49:40", "violation": "01-3-203.12", "viollevel": "**", "violdesc": "Tags & Records", "violdttm": "2015-05-06T12:49:40", "violstatus": "Fail", "statusdate": null, "comments": "Keep all shellstock tags in chronological order as discussed", "address": "215   Hanover ST", "city": "Boston", "zip": 2113, "property_id": 157465, "latitude_Y": 42.362753, "longitude_X": -71.05525, "year": 2015 }, "geometry": { "type": "Point", "coordinates": [ -71.05525, 42.362753 ] } },
{ "type": "Feature", "properties": { "businessname": "Dollar Tree No. 07716", "dbaname": null, "legalowner": null, "namelast": "DOLLAR TREE STORES INC", "namefirst": " ", "licenseno": 381582, "issdttm": "2019-03-29T12:28:14", "expdttm": "2020-12-31T23:59:00", "licstatus": "Active", "licensecat": "RF", "descript": "Retail Food", "result": "HE_Fail", "resultdttm": "2020-09-10T12:27:30", "violation": "590.005/5-501.113-C", "viollevel": "*", "violdesc": "Covering Receptacles (C)", "violdttm": "2020-09-10T12:27:30", "violstatus": "Fail", "statusdate": null, "comments": "Dumpster is open and overflowing with trash. Keep dumpster closed at all times.", "address": "1041   Commonwealth AVE", "city": "Boston", "zip": 2215, "property_id": 156053, "latitude_Y": 42.352345, "longitude_X": -71.122211, "year": 2020 }, "geometry": { "type": "Point", "coordinates": [ -71.122211, 42.352345 ] } },
{ "type": "Feature", "properties": { "businessname": "Domenics", "dbaname": null, "legalowner": null, "namelast": "Big Bad Dog L L C", "namefirst": " ", "licenseno": 75858, "issdttm": "2012-02-14T14:47:55", "expdttm": "2020-12-31T23:59:00", "licstatus": "Active", "licensecat": "FS", "descript": "Eating & Drinking", "result": "HE_Fail", "resultdttm": "2015-09-29T12:17:53", "violation": "17-4-302.14", "viollevel": "*", "violdesc": "Test Kit Provided", "violdttm": "2015-09-29T12:17:53", "violstatus": "Fail", "statusdate": null, "comments": "Replace missing chlorine test strips", "address": "54   Salem ST", "city": "Boston", "zip": 2113, "property_id": 156348, "latitude_Y": 42.363196, "longitude_X": -71.056279, "year": 2015 }, "geometry": { "type": "Point", "coordinates": [ -71.056279, 42.363196 ] } },
{ "type": "Feature", "properties": { "businessname": "Domino's", "dbaname": null, "legalowner": "  ", "namelast": "Boston Pie Inc.", "namefirst": "David Jenks  Pres.", "licenseno": 352849, "issdttm": "2017-12-13T15:47:50", "expdttm": "2020-12-31T23:59:00", "licstatus": "Active", "licensecat": "FT", "descript": "Eating & Drinking w/ Take Out", "result": "HE_Fail", "resultdttm": "2018-02-23T10:56:52", "violation": "23-4-602.13", "viollevel": "*", "violdesc": "Non-Food Contact Surfaces Clean", "violdttm": "2018-02-23T10:56:52", "violstatus": "Fail", "statusdate": null, "comments": "Soils and food debris on exterior of refrigeration unit door and handle . Clean to remove", "address": "25   Staniford ST", "city": "Boston", "zip": 2114, "property_id": 169966, "latitude_Y": 42.362711, "longitude_X": -71.062704, "year": 2018 }, "geometry": { "type": "Point", "coordinates": [ -71.062704, 42.362711 ] } },
{ "type": "Feature", "properties": { "businessname": "Domino's Pizza", "dbaname": null, "legalowner": "ABEBE", "namelast": "Jenks", "namefirst": "David", "licenseno": 411782, "issdttm": "2020-08-21T11:06:18", "expdttm": "2020-12-31T23:59:00", "licstatus": "Active", "licensecat": "FT", "descript": "Eating & Drinking w/ Take Out", "result": "HE_Filed", "resultdttm": "2020-08-20T10:50:13", "violation": "590.003/3-304.14-C", "viollevel": "*", "violdesc": "Wiping Cloths  Use Limitation (C)", "violdttm": "2020-08-20T10:50:13", "violstatus": "Fail", "statusdate": null, "comments": "keep wiping cloths in asanitizing solution when not in use.", "address": "508   Park DR", "city": "Boston", "zip": 2111, "property_id": 157620, "latitude_Y": 42.347708, "longitude_X": -71.105821, "year": 2020 }, "geometry": { "type": "Point", "coordinates": [ -71.105821, 42.347708 ] } },
{ "type": "Feature", "properties": { "businessname": "Doretta Taverna & Rawbar", "dbaname": null, "legalowner": "HERITAGE ON GARDEN CONDO TR", "namelast": "Taverna79 LLC", "namefirst": "Michael Schlow", "licenseno": 22194, "issdttm": "2012-01-03T13:10:03", "expdttm": "2018-12-31T23:59:00", "licstatus": "Inactive", "licensecat": "FS", "descript": "Eating & Drinking", "result": "HE_Fail", "resultdttm": "2015-09-21T14:27:47", "violation": "02-3-602.11-.12/3-302.12", "viollevel": "*", "violdesc": "Food Container Labels", "violdttm": "2015-09-21T14:27:47", "violstatus": "Fail", "statusdate": null, "comments": "Provide proper labels for all bulk storage containers.", "address": "300   Boylston ST", "city": "Boston", "zip": 2116, "property_id": 18216, "latitude_Y": 42.351826, "longitude_X": -71.0699, "year": 2015 }, "geometry": { "type": "Point", "coordinates": [ -71.0699, 42.351826 ] } },
{ "type": "Feature", "properties": { "businessname": "Dosa Factory", "dbaname": null, "legalowner": "  ", "namelast": "Pabla", "namefirst": "Jaswiner", "licenseno": 138037, "issdttm": "2015-01-21T11:05:29", "expdttm": "2018-12-31T23:59:00", "licstatus": "Inactive", "licensecat": "FS", "descript": "Eating & Drinking", "result": "HE_Fail", "resultdttm": "2015-07-02T12:45:39", "violation": "02-3-602.11-.12/3-302.12", "viollevel": "*", "violdesc": "Food Container Labels", "violdttm": "2015-07-02T12:45:39", "violstatus": "Fail", "statusdate": null, "comments": "Bulk food containers missing labels.Provide", "address": "316   Newbury ST", "city": "Boston", "zip": 2115, "property_id": 168065, "latitude_Y": 42.34862, "longitude_X": -71.085413, "year": 2015 }, "geometry": { "type": "Point", "coordinates": [ -71.085413, 42.34862 ] } },
{ "type": "Feature", "properties": { "businessname": "Double Chin", "dbaname": null, "legalowner": "ON TINH", "namelast": "Chin", "namefirst": "Gloria", "licenseno": 127722, "issdttm": "2016-01-28T08:20:05", "expdttm": "2020-12-31T23:59:00", "licstatus": "Active", "licensecat": "FS", "descript": "Eating & Drinking", "result": "HE_Fail", "resultdttm": "2020-01-13T11:44:38", "violation": "590.004/4-601.11-C", "viollevel": "*", "violdesc": "(B) and (C) Equipment  Food-Contact Surfaces  Nonfood-Contact Surfaces  and Utensils (C)", "violdttm": "2020-01-13T11:44:38", "violstatus": "Fail", "statusdate": null, "comments": "Exterior of ice cream freezer with soils  clean to remove and defrost interior of unit", "address": "86  Harrison Av", "city": "Boston", "zip": 2111, "property_id": 70070, "latitude_Y": 42.35073, "longitude_X": -71.06124, "year": 2020 }, "geometry": { "type": "Point", "coordinates": [ -71.06124, 42.35073 ] } },
{ "type": "Feature", "properties": { "businessname": "Dragon Bowl", "dbaname": null, "legalowner": "NEWTON PLACE ASSOCIATES I", "namelast": "Chang", "namefirst": "John", "licenseno": 28818, "issdttm": "2012-02-22T11:01:15", "expdttm": "2020-12-31T23:59:00", "licstatus": "Active", "licensecat": "FT", "descript": "Eating & Drinking w/ Take Out", "result": "HE_Fail", "resultdttm": "2015-03-18T11:06:25", "violation": "08-3-302.11/3-304.11", "viollevel": "***", "violdesc": "Separation  Segregation Cross Contamination", "violdttm": "2015-03-18T11:06:25", "violstatus": "Fail", "statusdate": null, "comments": "Raw whole eggs store on seperation area between pans in cold holding sandwich line. One of the eggs cracked and was dripping on to cooked noodles. Discontinue and properly store raw foods seperated from RTE foods. Removed by PIC and equipment sanitized at time of inspection.", "address": "396   Brookline AVE", "city": "Boston", "zip": 2115, "property_id": 22101, "latitude_Y": 42.33829, "longitude_X": -71.10695, "year": 2015 }, "geometry": { "type": "Point", "coordinates": [ -71.10695, 42.33829 ] } },
{ "type": "Feature", "properties": { "businessname": "Drink", "dbaname": null, "legalowner": "CFS SEAPORT LLC", "namelast": "Bar 348 Congress  L L C", "namefirst": " ", "licenseno": 27324, "issdttm": "2012-02-13T13:45:54", "expdttm": "2020-12-31T23:59:00", "licstatus": "Active", "licensecat": "FS", "descript": "Eating & Drinking", "result": "HE_Fail", "resultdttm": "2015-07-10T11:40:45", "violation": "15-4-202.16", "viollevel": "*", "violdesc": "Non-Food Contact Surfaces", "violdttm": "2015-07-10T11:40:45", "violstatus": "Fail", "statusdate": null, "comments": "Replace missing face plate to ice machine.", "address": "348   Congress ST", "city": "Boston", "zip": 2210, "property_id": 42106, "latitude_Y": 42.35071, "longitude_X": -71.04854, "year": 2015 }, "geometry": { "type": "Point", "coordinates": [ -71.04854, 42.35071 ] } },
{ "type": "Feature", "properties": { "businessname": "DRY DOCK CAFE", "dbaname": null, "legalowner": "GEORGE SPIROPOULOS", "namelast": "GEORGE SPIROPOULOS", "namefirst": " ", "licenseno": 21751, "issdttm": "2012-02-15T13:48:51", "expdttm": "2020-12-31T23:59:00", "licstatus": "Active", "licensecat": "FS", "descript": "Eating & Drinking", "result": "HE_Fail", "resultdttm": "2016-08-18T14:52:19", "violation": "17-4-302.14", "viollevel": "*", "violdesc": "Test Kit Provided", "violdttm": "2016-08-18T14:52:19", "violstatus": "Fail", "statusdate": null, "comments": "Replace missing test strips", "address": "7  Dry Dock AVE", "city": "Boston", "zip": 2210, "property_id": 157724, "latitude_Y": 42.344287, "longitude_X": -71.036123, "year": 2016 }, "geometry": { "type": "Point", "coordinates": [ -71.036123, 42.344287 ] } },
{ "type": "Feature", "properties": { "businessname": "Dumpling Gourmet", "dbaname": null, "legalowner": "YI RAMON ETAL", "namelast": "Dumpling Gourmet", "namefirst": "Inc.", "licenseno": 28173, "issdttm": "2012-05-30T15:24:00", "expdttm": "2020-12-31T23:59:00", "licstatus": "Active", "licensecat": "FS", "descript": "Eating & Drinking", "result": "HE_Fail", "resultdttm": "2015-03-03T10:31:54", "violation": "15-4-202.16", "viollevel": "*", "violdesc": "Non-Food Contact Surfaces", "violdttm": "2015-03-03T10:31:54", "violstatus": "Fail", "statusdate": null, "comments": "Rust on shelving", "address": "52   Beach ST", "city": "Boston", "zip": 2111, "property_id": 9393, "latitude_Y": 42.35152, "longitude_X": -71.06065, "year": 2015 }, "geometry": { "type": "Point", "coordinates": [ -71.06065, 42.35152 ] } },
{ "type": "Feature", "properties": { "businessname": "Dumpling Cafe Inc.", "dbaname": null, "legalowner": null, "namelast": "Chow", "namefirst": "Yan Long", "licenseno": 67798, "issdttm": "2012-02-13T12:10:38", "expdttm": "2020-12-31T23:59:00", "licstatus": "Active", "licensecat": "FS", "descript": "Eating & Drinking", "result": "HE_Fail", "resultdttm": "2015-11-04T11:58:19", "violation": "32-6-301.11-02.11", "viollevel": "*", "violdesc": "Hand Cleaner  Drying  Tissue Signage", "violdttm": "2015-11-04T11:58:19", "violstatus": "Fail", "statusdate": null, "comments": "no soap or towels at hand sink  supply", "address": "693   Washington ST", "city": "Boston", "zip": 2111, "property_id": 157022, "latitude_Y": 42.351285, "longitude_X": -71.063099, "year": 2015 }, "geometry": { "type": "Point", "coordinates": [ -71.063099, 42.351285 ] } },
{ "type": "Feature", "properties": { "businessname": "Dumpling Palace", "dbaname": null, "legalowner": "EMPIRE CONDOMINIUM TRUST", "namelast": "Dumpling Palace Inc.", "namefirst": " ", "licenseno": 129716, "issdttm": "2015-05-15T08:07:36", "expdttm": "2020-12-31T23:59:00", "licstatus": "Active", "licensecat": "FS", "descript": "Eating & Drinking", "result": "HE_Fail", "resultdttm": "2015-05-04T10:42:04", "violation": "15-4-202.16", "viollevel": "*", "violdesc": "Non-Food Contact Surfaces", "violdttm": "2015-05-04T10:42:04", "violstatus": "Fail", "statusdate": null, "comments": "Mop sink located in basement prep area not properly enclosed.  Mop sink must be located in enclosed closet as approved in plan review.", "address": "179   Massachusetts AVE", "city": "Boston", "zip": 2115, "property_id": 91981, "latitude_Y": 42.345715, "longitude_X": -71.08731, "year": 2015 }, "geometry": { "type": "Point", "coordinates": [ -71.08731, 42.345715 ] } },
{ "type": "Feature", "properties": { "businessname": "Dunkin", "dbaname": null, "legalowner": "ONE HUNDRED CAMBRIDGE STREET", "namelast": "DN Donuts Inc.", "namefirst": "Danny Haddad", "licenseno": 26507, "issdttm": "2012-01-11T11:22:31", "expdttm": "2020-12-31T23:59:00", "licstatus": "Active", "licensecat": "FT", "descript": "Eating & Drinking w/ Take Out", "result": "HE_Fail", "resultdttm": "2016-01-21T10:34:34", "violation": "36-6-201.11", "viollevel": "*", "violdesc": "Floors Designed Constructed Installed", "violdttm": "2016-01-21T10:34:34", "violstatus": "Fail", "statusdate": null, "comments": "Floor soiled behind ice machine and next to service line reach in refrigerator. Clean to remove.", "address": "100   Cambridge ST", "city": "Boston", "zip": 2114, "property_id": 25222, "latitude_Y": 42.360584, "longitude_X": -71.062109, "year": 2016 }, "geometry": { "type": "Point", "coordinates": [ -71.062109, 42.360584 ] } },
{ "type": "Feature", "properties": { "businessname": "DUNKIN'", "dbaname": null, "legalowner": "SEVEN FIFTEEN BOYLSTON LLC", "namelast": "ALEPEDIS", "namefirst": "GEORGE", "licenseno": 18174, "issdttm": "2012-02-09T10:46:51", "expdttm": "2020-12-31T23:59:00", "licstatus": "Active", "licensecat": "FT", "descript": "Eating & Drinking w/ Take Out", "result": "HE_TSOP", "resultdttm": "2015-05-31T11:40:03", "violation": "36-6-501.11-.12", "viollevel": "*", "violdesc": "Improper Maintenance of Floors", "violdttm": "2015-05-31T11:40:03", "violstatus": "Fail", "statusdate": null, "comments": "Clean and sanitize all floor areas.", "address": "715   Boylston ST", "city": "Boston", "zip": 2116, "property_id": 18382, "latitude_Y": 42.34965, "longitude_X": -71.08001, "year": 2015 }, "geometry": { "type": "Point", "coordinates": [ -71.08001, 42.34965 ] } },
{ "type": "Feature", "properties": { "businessname": "DUNKIN DONUT", "dbaname": null, "legalowner": "NEW CONGRESS ASSOCIATES LLC", "namelast": "WATERMARK DONUT CO.", "namefirst": " ", "licenseno": 20349, "issdttm": "2012-02-13T09:47:37", "expdttm": "2020-12-31T23:59:00", "licstatus": "Active", "licensecat": "FT", "descript": "Eating & Drinking w/ Take Out", "result": "HE_Fail", "resultdttm": "2016-02-08T10:48:14", "violation": "08-3-305-307.11", "viollevel": "*", "violdesc": "Food Protection", "violdttm": "2016-02-08T10:48:14", "violstatus": "Fail", "statusdate": null, "comments": "Remove open bag of smoked sausages stored inside a milk crate and relocate as discussed", "address": "326   Congress ST", "city": "Boston", "zip": 2210, "property_id": 42100, "latitude_Y": 42.35118, "longitude_X": -71.04926, "year": 2016 }, "geometry": { "type": "Point", "coordinates": [ -71.04926, 42.35118 ] } },
{ "type": "Feature", "properties": { "businessname": "Dunkin Donuts", "dbaname": null, "legalowner": null, "namelast": "THE WALDWIN GROUP INC.", "namefirst": "CLAYTON TURNBULL", "licenseno": 383538, "issdttm": "2019-01-16T15:38:28", "expdttm": "2020-12-31T23:59:00", "licstatus": "Active", "licensecat": "FT", "descript": "Eating & Drinking w/ Take Out", "result": "HE_Fail", "resultdttm": "2019-08-15T11:07:58", "violation": "590.005/5-205.15-C", "viollevel": "*", "violdesc": "System Maintained in Good Repair (C)", "violdttm": "2019-08-15T11:07:58", "violstatus": "Fail", "statusdate": null, "comments": "Multiple pipes within and on outside of walkin freezer with leaks causing heavy ice buildup within unit", "address": "283   Huntington AVE", "city": "Boston", "zip": 2115, "property_id": 155856, "latitude_Y": 42.341932, "longitude_X": -71.0865, "year": 2019 }, "geometry": { "type": "Point", "coordinates": [ -71.0865, 42.341932 ] } },
{ "type": "Feature", "properties": { "businessname": "Dunkin Donuts", "dbaname": null, "legalowner": null, "namelast": "WATERMARK DONUT CO.", "namefirst": " ", "licenseno": 19456, "issdttm": "2012-02-10T13:11:58", "expdttm": "2020-12-31T23:59:00", "licstatus": "Active", "licensecat": "FT", "descript": "Eating & Drinking w/ Take Out", "result": "HE_Fail", "resultdttm": "2015-02-27T12:50:34", "violation": "08-3-305-307.11", "viollevel": "*", "violdesc": "Food Protection", "violdttm": "2015-02-27T12:50:34", "violstatus": "Fail", "statusdate": null, "comments": "Remove all items from above ice bins.", "address": "750   Washington ST", "city": "Boston", "zip": 2111, "property_id": 158017, "latitude_Y": 42.350078, "longitude_X": -71.063059, "year": 2015 }, "geometry": { "type": "Point", "coordinates": [ -71.063059, 42.350078 ] } },
{ "type": "Feature", "properties": { "businessname": "Dunkin Donuts", "dbaname": null, "legalowner": "  ", "namelast": "@ NORTHEASTERN UNIV.", "namefirst": "The Waldwin Group", "licenseno": 22500, "issdttm": "2012-02-10T13:38:40", "expdttm": "2020-12-31T23:59:00", "licstatus": "Active", "licensecat": "FT", "descript": "Eating & Drinking w/ Take Out", "result": "HE_Fail", "resultdttm": "2015-03-23T12:17:06", "violation": "12-2-301.12-.15", "viollevel": "***", "violdesc": "Adequate Handwashing/Where/When/How", "violdttm": "2015-03-23T12:17:06", "violstatus": "Fail", "statusdate": null, "comments": "Both handwash sinks in back area not easily accessible for employees to properly wash hands- Ensure handsinks remain free accessible", "address": "115   Forsyth ST", "city": "Boston", "zip": 2115, "property_id": 165379, "latitude_Y": 42.339113, "longitude_X": -71.088226, "year": 2015 }, "geometry": { "type": "Point", "coordinates": [ -71.088226, 42.339113 ] } },
{ "type": "Feature", "properties": { "businessname": "Dunkin Donuts", "dbaname": null, "legalowner": "  ", "namelast": "WATERMARK DONUT CO", "namefirst": "Accounts Payable", "licenseno": 333360, "issdttm": "2017-12-12T08:22:00", "expdttm": "2020-12-31T23:59:00", "licstatus": "Active", "licensecat": "FT", "descript": "Eating & Drinking w/ Take Out", "result": "HE_Fail", "resultdttm": "2018-04-11T08:54:58", "violation": "29-5-201/02.11", "viollevel": "*", "violdesc": "Installed and Maintained", "violdttm": "2018-04-11T08:54:58", "violstatus": "Fail", "statusdate": null, "comments": "Condensor in freezer leaking  repair", "address": "147   Tremont ST", "city": "Boston", "zip": 2111, "property_id": 170411, "latitude_Y": 42.35511, "longitude_X": -71.063003, "year": 2018 }, "geometry": { "type": "Point", "coordinates": [ -71.063003, 42.35511 ] } },
{ "type": "Feature", "properties": { "businessname": "Dunkin Donuts", "dbaname": null, "legalowner": "  ", "namelast": "WATERMARK DONUT COMPANY", "namefirst": "Accounts Payable", "licenseno": 136891, "issdttm": "2015-08-13T11:38:28", "expdttm": "2020-12-31T23:59:00", "licstatus": "Active", "licensecat": "FT", "descript": "Eating & Drinking w/ Take Out", "result": "HE_Fail", "resultdttm": "2019-12-24T11:40:13", "violation": "590.004/4-601.11-PF", "viollevel": "**", "violdesc": "(A) Equipment  Food-Contact Surfaces  Nonfood-Contact Surfaces  and Utensils (Pf)", "violdttm": "2019-12-24T11:40:13", "violstatus": "Fail", "statusdate": null, "comments": "There is pink moldlike buildup on the inside of the ice machine.  Clean to remove.", "address": "330   Washington ST", "city": "Boston", "zip": 2108, "property_id": 171039, "latitude_Y": 42.356688, "longitude_X": -71.05869, "year": 2019 }, "geometry": { "type": "Point", "coordinates": [ -71.05869, 42.356688 ] } },
{ "type": "Feature", "properties": { "businessname": "Dunkin Donuts", "dbaname": null, "legalowner": "BERKLEY ENT. INC.", "namelast": "BERKLEY ENT.", "namefirst": "INC.", "licenseno": 18763, "issdttm": "2012-01-11T13:37:59", "expdttm": "2019-12-31T23:59:00", "licstatus": "Inactive", "licensecat": "FT", "descript": "Eating & Drinking w/ Take Out", "result": "HE_Fail", "resultdttm": "2015-04-10T09:05:43", "violation": "21-3-304.14", "viollevel": "*", "violdesc": "Wiping Cloths  Clean  Sanitize", "violdttm": "2015-04-10T09:05:43", "violstatus": "Fail", "statusdate": null, "comments": "Sanitizer solution for wiping cloths heavily soiled- Change with proper frequency Changed at time of inspection", "address": "153   Massachusetts AVE", "city": "Boston", "zip": 2115, "property_id": 156453, "latitude_Y": 42.346437, "longitude_X": -71.087599, "year": 2015 }, "geometry": { "type": "Point", "coordinates": [ -71.087599, 42.346437 ] } },
{ "type": "Feature", "properties": { "businessname": "Dunkin Donuts", "dbaname": null, "legalowner": "COULOPOULOS CONSTANCE TRST", "namelast": "WATERMARK DONUT COMPANY", "namefirst": "WILLIAM GALATIS  PRES.", "licenseno": 20848, "issdttm": "2012-02-13T09:15:25", "expdttm": "2018-12-31T23:59:00", "licstatus": "Inactive", "licensecat": "FT", "descript": "Eating & Drinking w/ Take Out", "result": "HE_Fail", "resultdttm": "2015-05-18T14:17:50", "violation": "17-4-302.14", "viollevel": "*", "violdesc": "Test Kit Provided", "violdttm": "2015-05-18T14:17:50", "violstatus": "Fail", "statusdate": null, "comments": "Test kits with water damage  no back up kits available / Replace.", "address": "127  Tremont ST", "city": "Boston", "zip": 2108, "property_id": 136811, "latitude_Y": 42.356395, "longitude_X": -71.061879, "year": 2015 }, "geometry": { "type": "Point", "coordinates": [ -71.061879, 42.356395 ] } },
{ "type": "Feature", "properties": { "businessname": "Dunkin Donuts", "dbaname": null, "legalowner": "HOUMAN BAIANY", "namelast": "Moller", "namefirst": "Jessica", "licenseno": 165590, "issdttm": "2016-02-23T09:30:40", "expdttm": "2020-12-31T23:59:00", "licstatus": "Active", "licensecat": "FT", "descript": "Eating & Drinking w/ Take Out", "result": "HE_Fail", "resultdttm": "2017-01-31T15:09:00", "violation": "03-3-501.16", "viollevel": "***", "violdesc": "Hot Holding", "violdttm": "2017-01-31T15:09:00", "violstatus": "Fail", "statusdate": null, "comments": "Eggs in hot holding at 132F. Containers not fully pushed into hot holding unit. Ensure products are hot held at 140F or above. Discarded at time of inspection", "address": "530   Commonwealth AVE", "city": "Boston", "zip": 2215, "property_id": 157953, "latitude_Y": 42.348498, "longitude_X": -71.09629, "year": 2017 }, "geometry": { "type": "Point", "coordinates": [ -71.09629, 42.348498 ] } },
{ "type": "Feature", "properties": { "businessname": "Dunkin Donuts", "dbaname": null, "legalowner": "KAPLAN ALLAN A TRSTS", "namelast": "REM Central LLC", "namefirst": "Constantine G. Scrivanos  Pres.", "licenseno": 166686, "issdttm": "2016-08-15T09:19:59", "expdttm": "2020-12-31T23:59:00", "licstatus": "Active", "licensecat": "FT", "descript": "Eating & Drinking w/ Take Out", "result": "HE_Fail", "resultdttm": "2018-01-22T08:24:10", "violation": "08-3-305-307.11", "viollevel": "*", "violdesc": "Food Protection", "violdttm": "2018-01-22T08:24:10", "violstatus": "Fail", "statusdate": null, "comments": "Items stored on ice machine Mop sink not enclosed (food storage/ware washing)", "address": "270   Newbury ST", "city": "Boston", "zip": 2116, "property_id": 101483, "latitude_Y": 42.34914, "longitude_X": -71.08335, "year": 2018 }, "geometry": { "type": "Point", "coordinates": [ -71.08335, 42.34914 ] } },
{ "type": "Feature", "properties": { "businessname": "Dunkin Donuts", "dbaname": null, "legalowner": "LEXHAM ATLANTIC LLC", "namelast": "WATERMARK DONUT COMPANY", "namefirst": "WATERMARK FIN. CORP.", "licenseno": 67481, "issdttm": "2012-02-10T13:45:49", "expdttm": "2020-12-31T23:59:00", "licstatus": "Active", "licensecat": "FT", "descript": "Eating & Drinking w/ Take Out", "result": "HE_Fail", "resultdttm": "2016-04-25T12:21:11", "violation": "36-6-501.11-.12", "viollevel": "*", "violdesc": "Improper Maintenance of Floors", "violdttm": "2016-04-25T12:21:11", "violstatus": "Fail", "statusdate": null, "comments": "floors of stock room with debris and unused articles un shelving  clean to remove", "address": "711   Atlantic AVE", "city": "Boston", "zip": 2111, "property_id": 6320, "latitude_Y": 42.35116, "longitude_X": -71.05667, "year": 2016 }, "geometry": { "type": "Point", "coordinates": [ -71.05667, 42.35116 ] } },
{ "type": "Feature", "properties": { "businessname": "Dunkin Donuts", "dbaname": null, "legalowner": "WXIII/CGS REAL ESTATE LP", "namelast": "Watermark Donut Company", "namefirst": "Dunkin Donuts", "licenseno": 27861, "issdttm": "2012-02-10T13:28:15", "expdttm": "2020-12-31T23:59:00", "licstatus": "Active", "licensecat": "FT", "descript": "Eating & Drinking w/ Take Out", "result": "HE_Fail", "resultdttm": "2018-01-16T12:08:54", "violation": "08-3-305-307.11", "viollevel": "*", "violdesc": "Food Protection", "violdttm": "2018-01-16T12:08:54", "violstatus": "Fail", "statusdate": null, "comments": "Non ice related materials stored on top of ice machine. Remove items from storage on top of the ice machine.", "address": "218   Congress ST", "city": "Boston", "zip": 2110, "property_id": 42092, "latitude_Y": 42.35449, "longitude_X": -71.05422, "year": 2018 }, "geometry": { "type": "Point", "coordinates": [ -71.05422, 42.35449 ] } },
{ "type": "Feature", "properties": { "businessname": "Dunkin' Donuts", "dbaname": null, "legalowner": null, "namelast": "CLAYTON TURNBULL", "namefirst": " ", "licenseno": 19970, "issdttm": "2012-02-10T13:36:47", "expdttm": "2020-12-31T23:59:00", "licstatus": "Active", "licensecat": "FT", "descript": "Eating & Drinking w/ Take Out", "result": "HE_Fail", "resultdttm": "2015-09-25T11:47:18", "violation": "15-4-202.16", "viollevel": "*", "violdesc": "Non-Food Contact Surfaces", "violdttm": "2015-09-25T11:47:18", "violstatus": "Fail", "statusdate": null, "comments": "adjust door at 2 dr. salad unit...", "address": "1131   Tremont ST", "city": "Boston", "zip": 2120, "property_id": 158048, "latitude_Y": 42.335545, "longitude_X": -71.088188, "year": 2015 }, "geometry": { "type": "Point", "coordinates": [ -71.088188, 42.335545 ] } },
{ "type": "Feature", "properties": { "businessname": "Dunkin' Donuts", "dbaname": null, "legalowner": null, "namelast": "WATERMARK DONUT CO.", "namefirst": " ", "licenseno": 19154, "issdttm": "2012-02-10T13:15:44", "expdttm": "2020-12-31T23:59:00", "licstatus": "Active", "licensecat": "FT", "descript": "Eating & Drinking w/ Take Out", "result": "HE_Fail", "resultdttm": "2016-01-20T14:25:11", "violation": "14-4-202.11", "viollevel": "*", "violdesc": "Food Contact Surfaces Design", "violdttm": "2016-01-20T14:25:11", "violstatus": "Fail", "statusdate": null, "comments": "No protective barrier located between the wash bay and the hand sink. Provide som type of protective barrier change the dorection of the wash rinse and sanitize bays.", "address": "235   Washington ST", "city": "Boston", "zip": 2108, "property_id": 158162, "latitude_Y": 42.358127, "longitude_X": -71.058161, "year": 2016 }, "geometry": { "type": "Point", "coordinates": [ -71.058161, 42.358127 ] } },
{ "type": "Feature", "properties": { "businessname": "Dunkin' Donuts", "dbaname": null, "legalowner": "JOHN HANCOCK MUTUAL LIFE INS", "namelast": "WATERMARK DONUT CO. INC.", "namefirst": " ", "licenseno": 23237, "issdttm": "2012-02-10T13:22:00", "expdttm": "2019-12-31T23:59:00", "licstatus": "Inactive", "licensecat": "FT", "descript": "Eating & Drinking w/ Take Out", "result": "HE_Fail", "resultdttm": "2015-03-09T12:29:00", "violation": "16-4-501.11/.15", "viollevel": "*", "violdesc": "Dishwashng Facilities", "violdttm": "2015-03-09T12:29:00", "violstatus": "Fail", "statusdate": null, "comments": "3 bay sink/provide 3rd drain plug", "address": "430  Stuart ST", "city": "Boston", "zip": 2116, "property_id": 131662, "latitude_Y": 42.34841, "longitude_X": -71.07503, "year": 2015 }, "geometry": { "type": "Point", "coordinates": [ -71.07503, 42.34841 ] } },
{ "type": "Feature", "properties": { "businessname": "Dunkin' Donuts", "dbaname": null, "legalowner": "WATERMARK DONUT COMPANY  INC.", "namelast": "WATERMARK DONUT COMPANY", "namefirst": "INC.", "licenseno": 23730, "issdttm": "2012-02-10T12:22:36", "expdttm": "2020-12-31T23:59:00", "licstatus": "Active", "licensecat": "FT", "descript": "Eating & Drinking w/ Take Out", "result": "HE_Fail", "resultdttm": "2016-02-25T10:17:04", "violation": "23-4-602.13", "viollevel": "*", "violdesc": "Non-Food Contact Surfaces Clean", "violdttm": "2016-02-25T10:17:04", "violstatus": "Fail", "statusdate": null, "comments": "Dairy dispeser with builup around where dairy product is dispensed. Clean to remove. Clean with proper frequency.", "address": "22   Beacon ST", "city": "Boston", "zip": 2108, "property_id": 157525, "latitude_Y": 42.357706, "longitude_X": -71.062899, "year": 2016 }, "geometry": { "type": "Point", "coordinates": [ -71.062899, 42.357706 ] } },
{ "type": "Feature", "properties": { "businessname": "Dunkin' Donuts", "dbaname": null, "legalowner": "WHVPW REAL ESTATE L P", "namelast": "WATERMARK DONUT CO.", "namefirst": " ", "licenseno": 19839, "issdttm": "2012-02-10T13:19:51", "expdttm": "2018-12-31T23:59:00", "licstatus": "Inactive", "licensecat": "FT", "descript": "Eating & Drinking w/ Take Out", "result": "HE_Fail", "resultdttm": "2015-01-15T11:09:08", "violation": "16-4-501.11/.15", "viollevel": "*", "violdesc": "Dishwashng Facilities", "violdttm": "2015-01-15T11:09:08", "violstatus": "Fail", "statusdate": null, "comments": "Do not use milk crates to store clean equipment at the 3 compartment sink. Use the existing drain boards at the 3 compartment sinkl or provide additional drain boards.", "address": "268   Summer ST", "city": "Boston", "zip": 2210, "property_id": 131990, "latitude_Y": 42.350514, "longitude_X": -71.050275, "year": 2015 }, "geometry": { "type": "Point", "coordinates": [ -71.050275, 42.350514 ] } },
{ "type": "Feature", "properties": { "businessname": "DUNKIN DONUTS'", "dbaname": null, "legalowner": "BOSTONIAN HOTEL ASSOCS LPS", "namelast": "NGP Management LLC Attn:Sandy", "namefirst": " ", "licenseno": 22781, "issdttm": "2012-01-11T11:07:58", "expdttm": "2020-12-31T23:59:00", "licstatus": "Active", "licensecat": "FT", "descript": "Eating & Drinking w/ Take Out", "result": "HE_Fail", "resultdttm": "2016-08-29T08:46:26", "violation": "03-3-501.16(A)", "viollevel": "***", "violdesc": "Cold Holding", "violdttm": "2016-08-29T08:46:26", "violstatus": "Fail", "statusdate": null, "comments": "Chicken 48F  Eggs 50F / Provide proper cold holding temperatures.", "address": "20   North ST", "city": "Boston", "zip": 2109, "property_id": 103543, "latitude_Y": 42.360691, "longitude_X": -71.056346, "year": 2016 }, "geometry": { "type": "Point", "coordinates": [ -71.056346, 42.360691 ] } },
{ "type": "Feature", "properties": { "businessname": "DUNKIN DONUTS'", "dbaname": null, "legalowner": "NEW BOS LLC DUNKIN DONUTS", "namelast": "N G P MANAGEMENT L L C", "namefirst": "ATTN: SANDY", "licenseno": 23148, "issdttm": "2012-01-11T10:29:57", "expdttm": "2015-12-31T23:59:00", "licstatus": "Inactive", "licensecat": "FT", "descript": "Eating & Drinking w/ Take Out", "result": "HE_Filed", "resultdttm": "2015-01-09T14:12:54", "violation": "23-4-602.13", "viollevel": "*", "violdesc": "Non-Food Contact Surfaces Clean", "violdttm": "2015-01-09T14:12:54", "violstatus": "Fail", "statusdate": null, "comments": "Interior of upright freezer with thick layer of ice at the bottom and soiled. Clean and remove ice.", "address": "333   Newbury ST", "city": "Boston", "zip": 2115, "property_id": 156255, "latitude_Y": 42.348738, "longitude_X": -71.086508, "year": 2015 }, "geometry": { "type": "Point", "coordinates": [ -71.086508, 42.348738 ] } },
{ "type": "Feature", "properties": { "businessname": "Dunkin Donuts (Canal St.)", "dbaname": null, "legalowner": "CAUSCAN LIMITED PARTNERSHIP", "namelast": "Alhaddad", "namefirst": "Adel", "licenseno": 24637, "issdttm": "2012-03-01T12:43:02", "expdttm": "2020-12-31T23:59:00", "licstatus": "Active", "licensecat": "FT", "descript": "Eating & Drinking w/ Take Out", "result": "HE_Fail", "resultdttm": "2016-05-16T13:15:40", "violation": "02-3-602.11-.12/3-302.12", "viollevel": "*", "violdesc": "Food Container Labels", "violdttm": "2016-05-16T13:15:40", "violstatus": "Fail", "statusdate": null, "comments": "Bulk food container with sugar not labeled. Provide label.", "address": "168   Canal ST", "city": "Boston", "zip": 2114, "property_id": 25420, "latitude_Y": 42.365016, "longitude_X": -71.061179, "year": 2016 }, "geometry": { "type": "Point", "coordinates": [ -71.061179, 42.365016 ] } },
{ "type": "Feature", "properties": { "businessname": "Dunkin Donuts (Causeway St.)", "dbaname": null, "legalowner": "ALHADDAD ADEL TS", "namelast": "Djevalikian", "namefirst": "Bernard", "licenseno": 25697, "issdttm": "2012-03-01T12:41:05", "expdttm": "2020-12-31T23:59:00", "licstatus": "Active", "licensecat": "FT", "descript": "Eating & Drinking w/ Take Out", "result": "HE_Fail", "resultdttm": "2017-02-23T11:06:12", "violation": "25-4-904.11", "viollevel": "*", "violdesc": "Single Service Articles Stored Dispensed", "violdttm": "2017-02-23T11:06:12", "violstatus": "Fail", "statusdate": null, "comments": "Plastic cups observed being stored on floor in basement. Organinze basement and properly store single use articles in protected areas 6\" off the floor.", "address": "55   Causeway ST", "city": "Boston", "zip": 2114, "property_id": 26612, "latitude_Y": 42.36431, "longitude_X": -71.06294, "year": 2017 }, "geometry": { "type": "Point", "coordinates": [ -71.06294, 42.36431 ] } },
{ "type": "Feature", "properties": { "businessname": "Dunkin Donuts @ MBTA Station", "dbaname": null, "legalowner": "MASSACHUSETTS BAY", "namelast": "Alepedis", "namefirst": "Efharis", "licenseno": 29485, "issdttm": "2012-01-05T14:58:13", "expdttm": "2020-12-31T23:59:00", "licstatus": "Active", "licensecat": "FT", "descript": "Eating & Drinking w/ Take Out", "result": "HE_Fail", "resultdttm": "2016-01-15T10:48:03", "violation": "23-4-602.13", "viollevel": "*", "violdesc": "Non-Food Contact Surfaces Clean", "violdttm": "2016-01-15T10:48:03", "violstatus": "Fail", "statusdate": null, "comments": "Counters soiled with spills.Clean with more frquency. Exteriors of 2 portable ice bins soiled.Maintain clean.", "address": "145  Dartmouth St", "city": "Boston", "zip": 2116, "property_id": 46313, "latitude_Y": 42.34738, "longitude_X": -71.07484, "year": 2016 }, "geometry": { "type": "Point", "coordinates": [ -71.07484, 42.34738 ] } },
{ "type": "Feature", "properties": { "businessname": "DUNKIN DONUTS(FRANKLIN)", "dbaname": null, "legalowner": "BP/CRF 265 FRANKLIN ST LLC", "namelast": "WATERMARK DONUT COMPANY", "namefirst": " ", "licenseno": 21067, "issdttm": "2012-02-13T09:25:07", "expdttm": "2020-12-31T23:59:00", "licstatus": "Active", "licensecat": "FT", "descript": "Eating & Drinking w/ Take Out", "result": "HE_Fail", "resultdttm": "2017-05-11T14:21:25", "violation": "08-3-305-307.11", "viollevel": "*", "violdesc": "Food Protection", "violdttm": "2017-05-11T14:21:25", "violstatus": "Fail", "statusdate": null, "comments": "Bags of frozen strawberries observed being stored in the walk -in freezer where the condensor is leaking. Address and ensure that the area where the moisture is coming from is kept clear. All foods were frozen at the time of the inspection.", "address": "265   Franklin ST", "city": "Boston", "zip": 2110, "property_id": 60665, "latitude_Y": 42.35651, "longitude_X": -71.05332, "year": 2017 }, "geometry": { "type": "Point", "coordinates": [ -71.05332, 42.35651 ] } },
{ "type": "Feature", "properties": { "businessname": "DUNKIN' DONUTS/BASKIN ROBINS", "dbaname": null, "legalowner": null, "namelast": "WATERMARK DONUT CO.", "namefirst": " ", "licenseno": 19722, "issdttm": "2012-02-13T09:21:58", "expdttm": "2017-12-31T23:59:00", "licstatus": "Inactive", "licensecat": "FT", "descript": "Eating & Drinking w/ Take Out", "result": "HE_Filed", "resultdttm": "2016-09-19T12:05:54", "violation": "14-4-202.11", "viollevel": "*", "violdesc": "Food Contact Surfaces Design", "violdttm": "2016-09-19T12:05:54", "violstatus": "Fail", "statusdate": null, "comments": "Cover cracked on sugar container", "address": "80   Boylston ST", "city": "Boston", "zip": 2116, "property_id": 155859, "latitude_Y": 42.352225, "longitude_X": -71.064909, "year": 2016 }, "geometry": { "type": "Point", "coordinates": [ -71.064909, 42.352225 ] } },
{ "type": "Feature", "properties": { "businessname": "DUNKIN' DONUTS/WATERMARK", "dbaname": null, "legalowner": "MSP ONE SUMMER STREET LLP", "namelast": "WATERMARK DONUT CO.INC.", "namefirst": " ", "licenseno": 24363, "issdttm": "2012-02-13T09:17:44", "expdttm": "2020-12-31T23:59:00", "licstatus": "Active", "licensecat": "FT", "descript": "Eating & Drinking w/ Take Out", "result": "HE_Fail", "resultdttm": "2016-04-12T13:11:30", "violation": "27-5-103.11-.12", "viollevel": "***", "violdesc": "Hot and Cold Water", "violdttm": "2016-04-12T13:11:30", "violstatus": "Fail", "statusdate": null, "comments": "Unable to verify hot water  all faucets are coming out cold / Provide hot running water.", "address": "1   Summer ST", "city": "Boston", "zip": 2111, "property_id": 131977, "latitude_Y": 42.3547, "longitude_X": -71.06024, "year": 2016 }, "geometry": { "type": "Point", "coordinates": [ -71.06024, 42.3547 ] } },
{ "type": "Feature", "properties": { "businessname": "DUNKIN' DONUTS-WATERMARK", "dbaname": null, "legalowner": "CONNIFF JAMES D", "namelast": "GODDESS", "namefirst": "STEVEN", "licenseno": 21291, "issdttm": "2012-02-09T14:13:34", "expdttm": "2020-12-31T23:59:00", "licstatus": "Active", "licensecat": "FT", "descript": "Eating & Drinking w/ Take Out", "result": "HE_Fail", "resultdttm": "2018-02-16T11:56:34", "violation": "37-6-201.11", "viollevel": "*", "violdesc": "Walls/Ceilings Designed Constructed Installed", "violdttm": "2018-02-16T11:56:34", "violstatus": "Fail", "statusdate": null, "comments": "missing ceiling tile on kitchen ceiling. Replace tile. Kitchen ceiling above mop sink area is missing frame. Repair ceiling area. Ceiing tiles on kitchen ceiling are soiled with spills and debris buildup. Clean the ceiling tiles as needed.", "address": "111   State ST", "city": "Boston", "zip": 2109, "property_id": 130369, "latitude_Y": 42.359035, "longitude_X": -71.054823, "year": 2018 }, "geometry": { "type": "Point", "coordinates": [ -71.054823, 42.359035 ] } },
{ "type": "Feature", "properties": { "businessname": "DUNKIN/DONUT/WATERMARK", "dbaname": null, "legalowner": null, "namelast": "WATERMARK DONUT LD.", "namefirst": " ", "licenseno": 21213, "issdttm": "2012-02-10T11:47:43", "expdttm": "2020-12-31T23:59:00", "licstatus": "Active", "licensecat": "FT", "descript": "Eating & Drinking w/ Take Out", "result": "HE_Fail", "resultdttm": "2018-11-25T17:39:16", "violation": "23-4-602.13", "viollevel": "*", "violdesc": "Non-Food Contact Surfaces Clean", "violdttm": "2018-11-25T17:39:16", "violstatus": "Fail", "statusdate": null, "comments": "Ensure area in dining room where event occured had been thoroughly sanitized per requirements. Area appears clean at the time of inspection. District manager on phone with staff instructing staff in proper procedures to sanitize the area.", "address": "630   Washington ST", "city": "Boston", "zip": 2111, "property_id": 158089, "latitude_Y": 42.352216, "longitude_X": -71.062379, "year": 2018 }, "geometry": { "type": "Point", "coordinates": [ -71.062379, 42.352216 ] } },
{ "type": "Feature", "properties": { "businessname": "Durgin Park Restaurant", "dbaname": null, "legalowner": "  ", "namelast": "Weinstein", "namefirst": "Michael", "licenseno": 24748, "issdttm": "2012-02-13T11:17:17", "expdttm": "2019-12-31T23:59:00", "licstatus": "Inactive", "licensecat": "FS", "descript": "Eating & Drinking", "result": "HE_Fail", "resultdttm": "2015-04-24T09:18:52", "violation": "03-3-501.16", "viollevel": "***", "violdesc": "Hot Holding", "violdttm": "2015-04-24T09:18:52", "violstatus": "Fail", "statusdate": null, "comments": "Shepherds Pie @ 92f  ensure proper hot hold of 140f or above  Manager needs to ensure all foods are reheated rapidly for hot holding.", "address": "300  Faneuil Hall Marketplace ", "city": "Boston", "zip": 2109, "property_id": 341035, "latitude_Y": 42.360036, "longitude_X": -71.056253, "year": 2015 }, "geometry": { "type": "Point", "coordinates": [ -71.056253, 42.360036 ] } },
{ "type": "Feature", "properties": { "businessname": "Durty Nellie's", "dbaname": null, "legalowner": "BOURQUE LUCILLE R", "namelast": "SOMERS FIVE", "namefirst": "Att: Accounts Payable", "licenseno": 26080, "issdttm": "2012-01-19T17:10:51", "expdttm": "2020-12-31T23:59:00", "licstatus": "Active", "licensecat": "FS", "descript": "Eating & Drinking", "result": "HE_Fail", "resultdttm": "2015-02-24T12:59:20", "violation": "14-4-202.11", "viollevel": "*", "violdesc": "Food Contact Surfaces Design", "violdttm": "2015-02-24T12:59:20", "violstatus": "Fail", "statusdate": null, "comments": "Provide a food grade scoop with a handle for dispensing ice", "address": "108   Blackstone ST", "city": "Boston", "zip": 2109, "property_id": 15794, "latitude_Y": 42.361696, "longitude_X": -71.056576, "year": 2015 }, "geometry": { "type": "Point", "coordinates": [ -71.056576, 42.361696 ] } },
{ "type": "Feature", "properties": { "businessname": "Earl of Sandwich", "dbaname": null, "legalowner": null, "namelast": "Earl of Sandwich (Boston) L L C", "namefirst": " ", "licenseno": 77992, "issdttm": "2013-01-07T09:08:03", "expdttm": "2020-12-31T23:59:00", "licstatus": "Active", "licensecat": "FT", "descript": "Eating & Drinking w/ Take Out", "result": "HE_Fail", "resultdttm": "2015-06-16T13:16:43", "violation": "12-2-301.12-.15", "viollevel": "***", "violdesc": "Adequate Handwashing/Where/When/How", "violdttm": "2015-06-16T13:16:43", "violstatus": "Fail", "statusdate": null, "comments": "Observed no handwashing during inspection.PIC must monitor and train staff on proper handwashing between tasks.", "address": "1   Charles ST", "city": "Boston", "zip": 2116, "property_id": 29470, "latitude_Y": 42.351541, "longitude_X": -71.067431, "year": 2015 }, "geometry": { "type": "Point", "coordinates": [ -71.067431, 42.351541 ] } },
{ "type": "Feature", "properties": { "businessname": "EAST OCEAN CITY", "dbaname": null, "legalowner": "EAST OCEAN REALTY LLC", "namelast": "EDWARD LEUNG", "namefirst": " ", "licenseno": 19444, "issdttm": "2012-01-09T11:24:59", "expdttm": "2017-12-31T23:59:00", "licstatus": "Inactive", "licensecat": "FS", "descript": "Eating & Drinking", "result": "HE_Fail", "resultdttm": "2015-12-01T14:19:21", "violation": "03-3-501.16(A)", "viollevel": "***", "violdesc": "Cold Holding", "violdttm": "2015-12-01T14:19:21", "violstatus": "Fail", "statusdate": null, "comments": "Bean sprouts sitting on counter 55F / Provide proper cold holding temperatures.  Manager moved to refrigeration", "address": "25   Beach ST", "city": "Boston", "zip": 2111, "property_id": 9388, "latitude_Y": 42.351311, "longitude_X": -71.06182, "year": 2015 }, "geometry": { "type": "Point", "coordinates": [ -71.06182, 42.351311 ] } },
{ "type": "Feature", "properties": { "businessname": "EASTERN STANDARD", "dbaname": null, "legalowner": null, "namelast": "HARKER", "namefirst": "GARRETT", "licenseno": 23802, "issdttm": "2012-02-13T11:15:55", "expdttm": "2020-12-31T23:59:00", "licstatus": "Active", "licensecat": "FS", "descript": "Eating & Drinking", "result": "HE_Fail", "resultdttm": "2015-04-16T14:44:27", "violation": "03-3-501.14", "viollevel": "***", "violdesc": "Cooling", "violdttm": "2015-04-16T14:44:27", "violstatus": "Fail", "statusdate": null, "comments": "Chicken pot pie cooling at room temperature 82F. PIC states it has been out of temperature for about 30 minutes. PIC removed the food to the walk in unit. Unclear how long it is left in room temperature. No loggs for the time or temperatures taken. Cool properly.", "address": "528   Commonwealth AVE", "city": "Boston", "zip": 2115, "property_id": 156311, "latitude_Y": 42.348498, "longitude_X": -71.09622, "year": 2015 }, "geometry": { "type": "Point", "coordinates": [ -71.09622, 42.348498 ] } },
{ "type": "Feature", "properties": { "businessname": "EgaliTea Organic Cafe", "dbaname": null, "legalowner": "FRANKLYN G BILL TRSTS", "namelast": "EgaliTea LLC", "namefirst": "Att: Accounts Payable", "licenseno": 385463, "issdttm": "2019-07-29T08:05:17", "expdttm": "2020-12-31T23:59:00", "licstatus": "Inactive", "licensecat": "FS", "descript": "Eating & Drinking", "result": "HE_Fail", "resultdttm": "2019-07-25T11:18:47", "violation": "590.002(D)/2-103.11-PF", "viollevel": "**", "violdesc": "(A)-(P) Person-In-Charge-Duties (Pf)", "violdttm": "2019-07-25T11:18:47", "violstatus": "Fail", "statusdate": null, "comments": "Provide proper 2019 health permit payment for Milk Frozen desserts & ice cream manufacturing. PIC also instructed to submit ice cream machine SOP's & ice cream recipes for Health department review. Provide monthly ice cream lab testing reports.", "address": "248   Newbury ST", "city": "Boston", "zip": 2116, "property_id": 101460, "latitude_Y": 42.34936, "longitude_X": -71.08253, "year": 2019 }, "geometry": { "type": "Point", "coordinates": [ -71.08253, 42.34936 ] } },
{ "type": "Feature", "properties": { "businessname": "El Molino", "dbaname": null, "legalowner": "DERMARDEROSIAN ANTRANIG TRST", "namelast": "MORENO", "namefirst": "CHRISTIAN", "licenseno": 138280, "issdttm": "2014-12-30T08:33:47", "expdttm": "2015-12-31T23:59:00", "licstatus": "Inactive", "licensecat": "FS", "descript": "Eating & Drinking", "result": "HE_Fail", "resultdttm": "2015-02-24T11:54:46", "violation": "33-5-501.13-.17", "viollevel": "*", "violdesc": "Adequate Number  Frequency Vermin Proof", "violdttm": "2015-02-24T11:54:46", "violstatus": "Fail", "statusdate": null, "comments": "Provide a covered trash receptacle for restrooms.", "address": "71   Broad ST", "city": "Boston", "zip": 2109, "property_id": 20483, "latitude_Y": 42.35768, "longitude_X": -71.05376, "year": 2015 }, "geometry": { "type": "Point", "coordinates": [ -71.05376, 42.35768 ] } },
{ "type": "Feature", "properties": { "businessname": "El Pelon Taqueria", "dbaname": null, "legalowner": "  ", "namelast": "El Pelon Taqueria Inc.", "namefirst": " ", "licenseno": 74953, "issdttm": "2011-12-14T11:16:26", "expdttm": "2020-12-31T23:59:00", "licstatus": "Active", "licensecat": "FT", "descript": "Eating & Drinking w/ Take Out", "result": "HE_Fail", "resultdttm": "2015-04-28T14:41:16", "violation": "08-3-302.11/3-304.11", "viollevel": "***", "violdesc": "Separation  Segregation Cross Contamination", "violdttm": "2015-04-28T14:41:16", "violstatus": "Fail", "statusdate": null, "comments": "Under grill reach in unit  observed raw chicken stored over raw beef.Discontinue and store properly", "address": "84   Peterborough ST", "city": "Boston", "zip": 2115, "property_id": 168718, "latitude_Y": 42.343077, "longitude_X": -71.09911, "year": 2015 }, "geometry": { "type": "Point", "coordinates": [ -71.09911, 42.343077 ] } },
{ "type": "Feature", "properties": { "businessname": "ELEMENT SEAPORT HOTEL BOSTON", "dbaname": null, "legalowner": "INTERCONTINENTAL FUND IV", "namelast": "DINATALE", "namefirst": "ANTHONY", "licenseno": 161318, "issdttm": "2016-01-20T11:46:05", "expdttm": "2020-12-31T23:59:00", "licstatus": "Active", "licensecat": "FS", "descript": "Eating & Drinking", "result": "HE_Filed", "resultdttm": "2017-03-31T11:54:00", "violation": "42-5-203.13", "viollevel": "*", "violdesc": "Mop Sink not Provided", "violdttm": "2017-03-31T11:54:00", "violstatus": "Fail", "statusdate": null, "comments": "Keep soiled mop and bucket stored in the slÃ³p sink area when not on use or in between usage", "address": "391   D ST", "city": "Boston", "zip": 2210, "property_id": 45500, "latitude_Y": 42.342989, "longitude_X": -71.045087, "year": 2017 }, "geometry": { "type": "Point", "coordinates": [ -71.045087, 42.342989 ] } },
{ "type": "Feature", "properties": { "businessname": "Elenas Cafe", "dbaname": null, "legalowner": "NEW ENGLAND COLLEGE", "namelast": "Myshqeri", "namefirst": "Elena", "licenseno": 200107, "issdttm": "2016-10-18T08:28:38", "expdttm": "2020-12-31T23:59:00", "licstatus": "Active", "licensecat": "FS", "descript": "Eating & Drinking", "result": "HE_Fail", "resultdttm": "2016-09-01T10:43:14", "violation": "08-3-305-307.11", "viollevel": "*", "violdesc": "Food Protection", "violdttm": "2016-09-01T10:43:14", "violstatus": "Fail", "statusdate": null, "comments": "Panini press stored above ice machine - itmes cannot be stored above the ice machine", "address": "424   Beacon ST", "city": "Boston", "zip": 2115, "property_id": 11446, "latitude_Y": 42.35185, "longitude_X": -71.08681, "year": 2016 }, "geometry": { "type": "Point", "coordinates": [ -71.08681, 42.35185 ] } },
{ "type": "Feature", "properties": { "businessname": "Elephant & Castle Pub and Restaurant", "dbaname": null, "legalowner": null, "namelast": "EC RESTAURANTS (BOSTON) CORP.", "namefirst": " ", "licenseno": 87091, "issdttm": "2013-03-06T13:04:07", "expdttm": "2020-12-31T23:59:00", "licstatus": "Active", "licensecat": "FS", "descript": "Eating & Drinking", "result": "HE_Fail", "resultdttm": "2017-01-05T13:04:51", "violation": "15-4-202.16", "viollevel": "*", "violdesc": "Non-Food Contact Surfaces", "violdttm": "2017-01-05T13:04:51", "violstatus": "Fail", "statusdate": null, "comments": "Mop sink in the rear preparation room not fully enclosed. Provide enlcosure to ensure no contamination to any food products or dry storage.", "address": "161   Devonshire ST", "city": "Boston", "zip": 2110, "property_id": 155974, "latitude_Y": 42.356286, "longitude_X": -71.0575, "year": 2017 }, "geometry": { "type": "Point", "coordinates": [ -71.0575, 42.356286 ] } },
{ "type": "Feature", "properties": { "businessname": "Ellis Memorial Adult Day Health", "dbaname": null, "legalowner": "DELANEY LEO", "namelast": "Ellis Memorial", "namefirst": " ", "licenseno": 25471, "issdttm": "2011-12-19T15:17:22", "expdttm": "2017-12-31T23:59:00", "licstatus": "Inactive", "licensecat": "FS", "descript": "Eating & Drinking", "result": "HE_Fail", "resultdttm": "2016-05-11T12:25:43", "violation": "20-4-703.11", "viollevel": "***", "violdesc": "Food Contact Surfaces Clean", "violdttm": "2016-05-11T12:25:43", "violstatus": "Fail", "statusdate": null, "comments": "Provide proper method of sanitization - Using non commercial grade dishwasher", "address": "95   Berkeley ST", "city": "Boston", "zip": 2116, "property_id": 158197, "latitude_Y": 42.347281, "longitude_X": -71.070818, "year": 2016 }, "geometry": { "type": "Point", "coordinates": [ -71.070818, 42.347281 ] } },
{ "type": "Feature", "properties": { "businessname": "Emack & Bolio's", "dbaname": null, "legalowner": "ANDERSON LINDSEY", "namelast": "Garuda IC L L C", "namefirst": " ", "licenseno": 25678, "issdttm": "2012-02-24T10:29:20", "expdttm": "2020-12-31T23:59:00", "licstatus": "Active", "licensecat": "FT", "descript": "Eating & Drinking w/ Take Out", "result": "HE_Fail", "resultdttm": "2017-02-21T10:46:39", "violation": "22-4-601/602.11", "viollevel": "**", "violdesc": "Food Contact Surfaces Clean", "violdttm": "2017-02-21T10:46:39", "violstatus": "Fail", "statusdate": null, "comments": "Per PIC metal containers used for chocolate sauces left on counter overnight and reheated in morning. Per PIC containers washed weekly. Wash at end of each day", "address": "290   Newbury ST", "city": "Boston", "zip": 2115, "property_id": 101525, "latitude_Y": 42.34882, "longitude_X": -71.08456, "year": 2017 }, "geometry": { "type": "Point", "coordinates": [ -71.08456, 42.34882 ] } },
{ "type": "Feature", "properties": { "businessname": "Emerson Cafe", "dbaname": null, "legalowner": "WARNICK STEVEN M TS", "namelast": "Canario", "namefirst": "Steve", "licenseno": 139997, "issdttm": "2017-10-04T15:50:12", "expdttm": "2018-12-31T23:59:00", "licstatus": "Inactive", "licensecat": "FT", "descript": "Eating & Drinking w/ Take Out", "result": "HE_Fail", "resultdttm": "2017-08-22T14:01:37", "violation": "15-4-202.16", "viollevel": "*", "violdesc": "Non-Food Contact Surfaces", "violdttm": "2017-08-22T14:01:37", "violstatus": "Fail", "statusdate": null, "comments": "Provide barriers at front handwash sink.", "address": "2  Boylston PL", "city": "Boston", "zip": 2116, "property_id": 18639, "latitude_Y": 42.352045, "longitude_X": -71.066135, "year": 2017 }, "geometry": { "type": "Point", "coordinates": [ -71.066135, 42.352045 ] } },
{ "type": "Feature", "properties": { "businessname": "Emerson E-Kitchen Dining", "dbaname": null, "legalowner": "  ", "namelast": "Sodexo Operations LLC", "namefirst": "Att: Patrick Griffin", "licenseno": 175786, "issdttm": "2017-06-29T07:47:55", "expdttm": "2018-12-31T23:59:00", "licstatus": "Inactive", "licensecat": "FS", "descript": "Eating & Drinking", "result": "HE_Fail", "resultdttm": "2017-06-22T10:38:00", "violation": "37-6-501.11-.12", "viollevel": "*", "violdesc": "Improper Maintenance of Walls/Ceilings", "violdttm": "2017-06-22T10:38:00", "violstatus": "Fail", "statusdate": null, "comments": "Ceiling in dry goods storage not smooth  durable  easily cleanable - Chipping and peeling paint on ceiling. Basement", "address": "110   Boylston ST", "city": "Boston", "zip": 2116, "property_id": 340862, "latitude_Y": 42.352254, "longitude_X": -71.065663, "year": 2017 }, "geometry": { "type": "Point", "coordinates": [ -71.065663, 42.352254 ] } },
{ "type": "Feature", "properties": { "businessname": "Emmanuel College Bookstore No.  43", "dbaname": null, "legalowner": "  ", "namelast": "Follett Higher Education GroupInc.", "namefirst": " ", "licenseno": 75432, "issdttm": "2012-01-31T14:34:46", "expdttm": "2018-12-31T23:59:00", "licstatus": "Inactive", "licensecat": "RF", "descript": "Retail Food", "result": "HE_Fail", "resultdttm": "2016-02-25T14:36:39", "violation": "M-2-103.11", "viollevel": "***", "violdesc": "PIC Performing Duties", "violdttm": "2016-02-25T14:36:39", "violstatus": "Fail", "statusdate": null, "comments": "8-303.20 The establishment has not paid for their 2016 permit.  Fulfillconditions for permit.", "address": "400   Fenway  ", "city": "Boston", "zip": 2115, "property_id": 165238, "latitude_Y": 42.340926, "longitude_X": -71.102711, "year": 2016 }, "geometry": { "type": "Point", "coordinates": [ -71.102711, 42.340926 ] } },
{ "type": "Feature", "properties": { "businessname": "EMMETS/ROXANNE'S", "dbaname": null, "legalowner": "MILLER NATHAN R TS", "namelast": "THOMAS CARLYLE", "namefirst": " ", "licenseno": 25516, "issdttm": "2011-12-19T13:09:05", "expdttm": "2020-12-31T23:59:00", "licstatus": "Active", "licensecat": "FS", "descript": "Eating & Drinking", "result": "HE_Fail", "resultdttm": "2016-01-06T13:45:08", "violation": "05-4-302.12", "viollevel": "*", "violdesc": "Food Thermometers Provided", "violdttm": "2016-01-06T13:45:08", "violstatus": "Fail", "statusdate": null, "comments": "No food thermometer. Provide.", "address": "6   Beacon ST", "city": "Boston", "zip": 2108, "property_id": 12020, "latitude_Y": 42.35799, "longitude_X": -71.06161, "year": 2016 }, "geometry": { "type": "Point", "coordinates": [ -71.06161, 42.35799 ] } },
{ "type": "Feature", "properties": { "businessname": "EMPIRE GARDEN", "dbaname": null, "legalowner": null, "namelast": "Jia Ho Restaurant Inc.", "namefirst": "Qian Wang", "licenseno": 345375, "issdttm": "2017-09-28T08:43:18", "expdttm": "2020-12-31T23:59:00", "licstatus": "Active", "licensecat": "FS", "descript": "Eating & Drinking", "result": "HE_Fail", "resultdttm": "2017-09-19T11:11:23", "violation": "02-3-602.11-.12/3-302.12", "viollevel": "*", "violdesc": "Food Container Labels", "violdttm": "2017-09-19T11:11:23", "violstatus": "Fail", "statusdate": null, "comments": "Bulk food containers without english  label with english", "address": "686  Washington ST", "city": "Boston", "zip": 2111, "property_id": 155995, "latitude_Y": 42.351311, "longitude_X": -71.06264, "year": 2017 }, "geometry": { "type": "Point", "coordinates": [ -71.06264, 42.351311 ] } },
{ "type": "Feature", "properties": { "businessname": "Equal Exchange", "dbaname": null, "legalowner": "CAUSEWAY PRIMARY CONDO TRST", "namelast": "Equal Exchange Cafe", "namefirst": "Adena Killian", "licenseno": 30672, "issdttm": "2012-01-06T13:52:31", "expdttm": "2019-12-31T23:59:00", "licstatus": "Inactive", "licensecat": "FT", "descript": "Eating & Drinking w/ Take Out", "result": "HE_Fail", "resultdttm": "2016-08-18T13:17:58", "violation": "M-2-102.11", "viollevel": "***", "violdesc": "PIC Knowledge", "violdttm": "2016-08-18T13:17:58", "violstatus": "Fail", "statusdate": null, "comments": "Allergen awareness certificate posted is from former employer. Provide current allergen awareness certifcate.", "address": "226   Causeway ST", "city": "Boston", "zip": 2114, "property_id": 26499, "latitude_Y": 42.36664, "longitude_X": -71.05943, "year": 2016 }, "geometry": { "type": "Point", "coordinates": [ -71.05943, 42.36664 ] } },
{ "type": "Feature", "properties": { "businessname": "Erbaluce", "dbaname": null, "legalowner": "FIFTY-7 CHURCH ST LLC", "namelast": "Draghi", "namefirst": "Charles", "licenseno": 31230, "issdttm": "2012-02-13T11:09:57", "expdttm": "2018-12-31T23:59:00", "licstatus": "Inactive", "licensecat": "FS", "descript": "Eating & Drinking", "result": "HE_Fail", "resultdttm": "2016-10-04T17:22:48", "violation": "08-3-305-307.11", "viollevel": "*", "violdesc": "Food Protection", "violdttm": "2016-10-04T17:22:48", "violstatus": "Fail", "statusdate": null, "comments": "properly store all cut fruits/sauces on ice during service provide covers to all employee drinks", "address": "69   Church ST", "city": "Boston", "zip": 2116, "property_id": 32658, "latitude_Y": 42.35015, "longitude_X": -71.06839, "year": 2016 }, "geometry": { "type": "Point", "coordinates": [ -71.06839, 42.35015 ] } },
{ "type": "Feature", "properties": { "businessname": "ERIC LINDEMAN", "dbaname": null, "legalowner": "NORTH SUFFOLK MENTAL HLTH ASSOC./DMH", "namelast": "FAME FOOD MANAGEMENT INC.", "namefirst": "Attn Tax & License", "licenseno": 22204, "issdttm": "2012-01-12T13:42:53", "expdttm": "2020-12-31T23:59:00", "licstatus": "Active", "licensecat": "FS", "descript": "Eating & Drinking", "result": "HE_Fail", "resultdttm": "2016-05-04T11:22:15", "violation": "12-3--301.11", "viollevel": "***", "violdesc": "Prevention of Contamination from Hands", "violdttm": "2016-05-04T11:22:15", "violstatus": "Fail", "statusdate": null, "comments": "Observed food worker crumbling cooked ground beef with bare hands. Avoid bare hand contact with ready to eat foods. Wash hands with proper frequecny and wear clean gloves.", "address": "25  Staniford ST", "city": "Boston", "zip": 2114, "property_id": 157403, "latitude_Y": 42.362154, "longitude_X": -71.063531, "year": 2016 }, "geometry": { "type": "Point", "coordinates": [ -71.063531, 42.362154 ] } },
{ "type": "Feature", "properties": { "businessname": "Ernestos Pizza", "dbaname": null, "legalowner": "GIORGIO LILLIAN", "namelast": "Radzikawski", "namefirst": "Anthony", "licenseno": 90022, "issdttm": "2013-03-25T14:30:32", "expdttm": "2020-12-31T23:59:00", "licstatus": "Active", "licensecat": "FS", "descript": "Eating & Drinking", "result": "HE_Fail", "resultdttm": "2015-03-23T14:02:27", "violation": "36-6-501.11-.12", "viollevel": "*", "violdesc": "Improper Maintenance of Floors", "violdttm": "2015-03-23T14:02:27", "violstatus": "Fail", "statusdate": null, "comments": "Clean all visible soils - especially under the pizza oven", "address": "69   Salem ST", "city": "Boston", "zip": 2113, "property_id": 121923, "latitude_Y": 42.36335, "longitude_X": -71.05584, "year": 2015 }, "geometry": { "type": "Point", "coordinates": [ -71.05584, 42.36335 ] } },
{ "type": "Feature", "properties": { "businessname": "Espresso Love Cafe", "dbaname": null, "legalowner": "TERRA FIRMA-33 BROAD LLC", "namelast": "Thomas J. McManus", "namefirst": " ", "licenseno": 74492, "issdttm": "2012-01-31T16:25:38", "expdttm": "2020-12-31T23:59:00", "licstatus": "Active", "licensecat": "FS", "descript": "Eating & Drinking", "result": "HE_Fail", "resultdttm": "2015-11-19T14:15:29", "violation": "03-3-501.16(A)", "viollevel": "***", "violdesc": "Cold Holding", "violdttm": "2015-11-19T14:15:29", "violstatus": "Fail", "statusdate": null, "comments": "Pre-cooked chicken breasts 48F-50F  Roast beef 48F  Egg patties 48F  ham 48F / Items have been on line for 1 hour  as they were re-stocked during the lunch rush.  Items were returned to bottom reach in refrigeration units to cool down.  As discussed  containers on top reach in will be stocked to half - full to reduce risk of being in danger zone.  / Provide proper cold holding temperatures", "address": "33   Broad ST", "city": "Boston", "zip": 2109, "property_id": 20466, "latitude_Y": 42.35843, "longitude_X": -71.0545, "year": 2015 }, "geometry": { "type": "Point", "coordinates": [ -71.0545, 42.35843 ] } },
{ "type": "Feature", "properties": { "businessname": "FAJITAS & RITAS INC.", "dbaname": null, "legalowner": "CHENG HUNG TS", "namelast": "FREDERICKS", "namefirst": "BRADLEY K", "licenseno": 18841, "issdttm": "2011-12-12T14:53:20", "expdttm": "2020-12-31T23:59:00", "licstatus": "Active", "licensecat": "FS", "descript": "Eating & Drinking", "result": "HE_Fail", "resultdttm": "2016-03-15T11:47:31", "violation": "35-6-501.111/.115", "viollevel": "**", "violdesc": "Insects  Rodents  Animals", "violdttm": "2016-03-15T11:47:31", "violstatus": "Fail", "statusdate": null, "comments": "1) droppings found at front window  clean to remove 2) Dropping found in basement employee clothing area  clean to remove 3) droppings found in dry storage area  clean to remove", "address": "25   West ST", "city": "Boston", "zip": 2111, "property_id": 148012, "latitude_Y": 42.35485, "longitude_X": -71.06237, "year": 2016 }, "geometry": { "type": "Point", "coordinates": [ -71.06237, 42.35485 ] } },
{ "type": "Feature", "properties": { "businessname": "Falafel King", "dbaname": null, "legalowner": "  ", "namelast": "Alzubaidy", "namefirst": "Kadhim", "licenseno": 80809, "issdttm": "2012-09-07T10:20:43", "expdttm": "2020-12-31T23:59:00", "licstatus": "Active", "licensecat": "FT", "descript": "Eating & Drinking w/ Take Out", "result": "HE_Fail", "resultdttm": "2016-02-04T12:57:34", "violation": "02-3-602.11-.12/3-302.12", "viollevel": "*", "violdesc": "Food Container Labels", "violdttm": "2016-02-04T12:57:34", "violstatus": "Fail", "statusdate": null, "comments": "Suace containers with no lables. Provide.", "address": "262   Washington ST", "city": "Boston", "zip": 2108, "property_id": 330779, "latitude_Y": 42.35774, "longitude_X": -71.05784, "year": 2016 }, "geometry": { "type": "Point", "coordinates": [ -71.05784, 42.35774 ] } },
{ "type": "Feature", "properties": { "businessname": "Falafel King I I I", "dbaname": null, "legalowner": null, "namelast": "Falafel King I I I Inc.", "namefirst": " ", "licenseno": 123545, "issdttm": "2014-01-28T10:41:53", "expdttm": "2020-12-31T23:59:00", "licstatus": "Active", "licensecat": "FS", "descript": "Eating & Drinking", "result": "HE_Fail", "resultdttm": "2017-01-09T10:45:35", "violation": "03-3-501.16(A)", "viollevel": "***", "violdesc": "Cold Holding", "violdttm": "2017-01-09T10:45:35", "violstatus": "Fail", "statusdate": null, "comments": "Sliced tomatoes and hummus inside of the second 2 door cooler had elevated temperatures of 54F. Address and ensure all potentially hazardous foods are being maintianed at below 41F.", "address": "62   Summer ST", "city": "Boston", "zip": 2110, "property_id": 132031, "latitude_Y": 42.35432, "longitude_X": -71.058621, "year": 2017 }, "geometry": { "type": "Point", "coordinates": [ -71.058621, 42.35432 ] } },
{ "type": "Feature", "properties": { "businessname": "Fastachi Ltd.", "dbaname": null, "legalowner": "  ", "namelast": "Etyemezian", "namefirst": "Souren", "licenseno": 98570, "issdttm": "2014-02-25T12:42:59", "expdttm": "2020-12-31T23:59:00", "licstatus": "Active", "licensecat": "RF", "descript": "Retail Food", "result": "HE_Fail", "resultdttm": "2018-07-18T13:47:24", "violation": "17-4-302.14", "viollevel": "*", "violdesc": "Test Kit Provided", "violdttm": "2018-07-18T13:47:24", "violstatus": "Fail", "statusdate": null, "comments": "Provide Quats test kit", "address": "83   Charles ST", "city": "Boston", "zip": 2114, "property_id": 204901, "latitude_Y": 42.35847, "longitude_X": -71.07047, "year": 2018 }, "geometry": { "type": "Point", "coordinates": [ -71.07047, 42.35847 ] } },
{ "type": "Feature", "properties": { "businessname": "Felcaro Pizzeria", "dbaname": null, "legalowner": "TWO76-280 CAMBRIDGE ST LLC", "namelast": "Sabeur Eleuchi", "namefirst": " ", "licenseno": 29507, "issdttm": "2011-12-12T14:53:48", "expdttm": "2020-12-31T23:59:00", "licstatus": "Active", "licensecat": "FS", "descript": "Eating & Drinking", "result": "HE_Fail", "resultdttm": "2015-05-28T14:45:44", "violation": "03-3-501.14", "viollevel": "***", "violdesc": "Cooling", "violdttm": "2015-05-28T14:45:44", "violstatus": "Fail", "statusdate": null, "comments": "Chicken 85F at the pizza station refrigerating unit.Unit 61F. PIC states that had been cooling for less than 2 hours. PIC removed it to the main walk-in unit. Cool properly.", "address": "276   Cambridge ST", "city": "Boston", "zip": 2114, "property_id": 25264, "latitude_Y": 42.360949, "longitude_X": -71.068013, "year": 2015 }, "geometry": { "type": "Point", "coordinates": [ -71.068013, 42.360949 ] } },
{ "type": "Feature", "properties": { "businessname": "Fenmore American Bistro", "dbaname": null, "legalowner": "  ", "namelast": "Buckminster Restaurant Group L L C", "namefirst": " ", "licenseno": 86937, "issdttm": "2013-07-29T08:50:28", "expdttm": "2020-12-31T23:59:00", "licstatus": "Inactive", "licensecat": "FS", "descript": "Eating & Drinking", "result": "HE_Fail", "resultdttm": "2015-06-02T13:29:49", "violation": "02-3-602.11-.12/3-302.12", "viollevel": "*", "violdesc": "Food Container Labels", "violdttm": "2015-06-02T13:29:49", "violstatus": "Fail", "statusdate": null, "comments": "Bulk food bins without labeling. Provide proper labeling.", "address": "645  Beacon ST", "city": "Boston", "zip": 2215, "property_id": 161922, "latitude_Y": 42.348363, "longitude_X": -71.097697, "year": 2015 }, "geometry": { "type": "Point", "coordinates": [ -71.097697, 42.348363 ] } },
{ "type": "Feature", "properties": { "businessname": "Fenway Market", "dbaname": null, "legalowner": "TUTUNJIAN NANCY", "namelast": "Samir Shaikh", "namefirst": " ", "licenseno": 76109, "issdttm": "2012-07-19T12:58:49", "expdttm": "2020-12-31T23:59:00", "licstatus": "Inactive", "licensecat": "RF", "descript": "Retail Food", "result": "HE_Fail", "resultdttm": "2016-08-04T11:21:59", "violation": "32-6-301.11-02.11", "viollevel": "*", "violdesc": "Hand Cleaner  Drying  Tissue Signage", "violdttm": "2016-08-04T11:21:59", "violstatus": "Fail", "statusdate": null, "comments": "No hand soap at warewashing area handsink. Provide.", "address": "70  Kilmarnock St", "city": "Boston", "zip": 2215, "property_id": 81582, "latitude_Y": 42.342431, "longitude_X": -71.099082, "year": 2016 }, "geometry": { "type": "Point", "coordinates": [ -71.099082, 42.342431 ] } },
{ "type": "Feature", "properties": { "businessname": "Fidelity 245 Cafe", "dbaname": null, "legalowner": "BDC SUMMER ST 121A LP", "namelast": "Flik International Corp.", "namefirst": "Attn: Licensing", "licenseno": 398723, "issdttm": "2019-09-23T13:25:15", "expdttm": "2020-12-31T23:59:00", "licstatus": "Active", "licensecat": "FS", "descript": "Eating & Drinking", "result": "HE_Fail", "resultdttm": "2019-07-29T11:02:55", "violation": "590.002(A)/2-101.11-PF", "viollevel": "**", "violdesc": "Assignment (Pf)", "violdttm": "2019-07-29T11:02:55", "violstatus": "Fail", "statusdate": null, "comments": "PIC not monitoring hot and cold holding temperatures  ensure monitoring and proper training", "address": "245   Summer ST", "city": "Boston", "zip": 2210, "property_id": 131985, "latitude_Y": 42.351395, "longitude_X": -71.053852, "year": 2019 }, "geometry": { "type": "Point", "coordinates": [ -71.053852, 42.351395 ] } },
{ "type": "Feature", "properties": { "businessname": "FIGARO'S BOSTON DELICATESSEN", "dbaname": null, "legalowner": "ONE 05 BEACH STREET INC", "namelast": "GIAVANNI MARTONE", "namefirst": " ", "licenseno": 22401, "issdttm": "2012-02-14T12:45:38", "expdttm": "2020-12-31T23:59:00", "licstatus": "Active", "licensecat": "FT", "descript": "Eating & Drinking w/ Take Out", "result": "HE_Fail", "resultdttm": "2017-02-08T11:35:45", "violation": "29-5-201/02.11", "viollevel": "*", "violdesc": "Installed and Maintained", "violdttm": "2017-02-08T11:35:45", "violstatus": "Fail", "statusdate": null, "comments": "Hot water faucet not working properly  repair or replace", "address": "105   Beach ST", "city": "Boston", "zip": 2111, "property_id": 9279, "latitude_Y": 42.35071, "longitude_X": -71.05826, "year": 2017 }, "geometry": { "type": "Point", "coordinates": [ -71.05826, 42.35071 ] } },
{ "type": "Feature", "properties": { "businessname": "FIG'S", "dbaname": null, "legalowner": "ZUROMSKIS J MICHAEL TRSTS", "namelast": "Figs", "namefirst": "Todd English", "licenseno": 20018, "issdttm": "2012-02-15T10:40:25", "expdttm": "2020-12-31T23:59:00", "licstatus": "Active", "licensecat": "FS", "descript": "Eating & Drinking", "result": "HE_Fail", "resultdttm": "2016-04-14T08:37:14", "violation": "15-4-202.16", "viollevel": "*", "violdesc": "Non-Food Contact Surfaces", "violdttm": "2016-04-14T08:37:14", "violstatus": "Fail", "statusdate": null, "comments": "Rust on exterior of grease trap", "address": "42   Charles ST", "city": "Boston", "zip": 2108, "property_id": 29159, "latitude_Y": 42.357234, "longitude_X": -71.070195, "year": 2016 }, "geometry": { "type": "Point", "coordinates": [ -71.070195, 42.357234 ] } },
{ "type": "Feature", "properties": { "businessname": "FILIPPO'S", "dbaname": null, "legalowner": null, "namelast": "FILIPPO FRATTAROLI", "namefirst": " ", "licenseno": 20139, "issdttm": "2012-01-10T11:39:22", "expdttm": "2020-12-31T23:59:00", "licstatus": "Active", "licensecat": "FS", "descript": "Eating & Drinking", "result": "HE_Fail", "resultdttm": "2015-10-28T13:38:12", "violation": "05-4-302.12", "viollevel": "*", "violdesc": "Food Thermometers Provided", "violdttm": "2015-10-28T13:38:12", "violstatus": "Fail", "statusdate": null, "comments": "Provide a working food therometer", "address": "283   Causeway ST", "city": "Boston", "zip": 2114, "property_id": 155911, "latitude_Y": 42.366963, "longitude_X": -71.05818, "year": 2015 }, "geometry": { "type": "Point", "coordinates": [ -71.05818, 42.366963 ] } },
{ "type": "Feature", "properties": { "businessname": "FILL A BUSTER", "dbaname": null, "legalowner": "BOSTON VIEW CORP", "namelast": "VAIOS GRIGAS", "namefirst": " ", "licenseno": 18112, "issdttm": "2012-02-09T08:42:40", "expdttm": "2020-12-31T23:59:00", "licstatus": "Active", "licensecat": "FT", "descript": "Eating & Drinking w/ Take Out", "result": "HE_Fail", "resultdttm": "2015-05-07T10:40:04", "violation": "37-6-501.11-.12", "viollevel": "*", "violdesc": "Improper Maintenance of Walls/Ceilings", "violdttm": "2015-05-07T10:40:04", "violstatus": "Fail", "statusdate": null, "comments": "hood sticker expired in march  have cleaned by licensed hood cleaning company", "address": "130   Bowdoin ST", "city": "Boston", "zip": 2108, "property_id": 17550, "latitude_Y": 42.35857, "longitude_X": -71.06258, "year": 2015 }, "geometry": { "type": "Point", "coordinates": [ -71.06258, 42.35857 ] } },
{ "type": "Feature", "properties": { "businessname": "Finagle A Bagel", "dbaname": null, "legalowner": null, "namelast": "FINALGE A BAGEL", "namefirst": "ATTN: Human Resources", "licenseno": 20653, "issdttm": "2011-12-15T10:47:55", "expdttm": "2020-12-31T23:59:00", "licstatus": "Active", "licensecat": "FT", "descript": "Eating & Drinking w/ Take Out", "result": "HE_Fail", "resultdttm": "2015-03-23T10:42:25", "violation": "35-6-501.111/.115", "viollevel": "**", "violdesc": "Insects  Rodents  Animals", "violdttm": "2015-03-23T10:42:25", "violstatus": "Fail", "statusdate": null, "comments": "fruit flies found in food prep and on top shelving area", "address": "275  Cambridge St", "city": "Boston", "zip": 2114, "property_id": 155973, "latitude_Y": 42.361357, "longitude_X": -71.068227, "year": 2015 }, "geometry": { "type": "Point", "coordinates": [ -71.068227, 42.361357 ] } },
{ "type": "Feature", "properties": { "businessname": "FINAGLE-A-BAGEL", "dbaname": null, "legalowner": "HERITAGE COMMONWEALTH CORP", "namelast": "Finagle A Bagel", "namefirst": "c/o Human Resources", "licenseno": 19886, "issdttm": "2011-12-15T10:39:40", "expdttm": "2020-12-31T23:59:00", "licstatus": "Active", "licensecat": "FT", "descript": "Eating & Drinking w/ Take Out", "result": "HE_Fail", "resultdttm": "2015-02-06T12:42:53", "violation": "03-3-501.16(A)", "viollevel": "***", "violdesc": "Cold Holding", "violdttm": "2015-02-06T12:42:53", "violstatus": "Fail", "statusdate": null, "comments": "Cooked Bufalo Chicken 47F. Unit 39F. PIC voluntarily discarded.", "address": "535  Boylston ST", "city": "Boston", "zip": 2116, "property_id": 18338, "latitude_Y": 42.35087, "longitude_X": -71.07558, "year": 2015 }, "geometry": { "type": "Point", "coordinates": [ -71.07558, 42.35087 ] } },
{ "type": "Feature", "properties": { "businessname": "Finn McCool's Bistro & Bar", "dbaname": null, "legalowner": null, "namelast": "Finn Investments", "namefirst": "Att: Accounts Payable", "licenseno": 316506, "issdttm": "2017-05-30T09:12:35", "expdttm": "2020-12-31T23:59:00", "licstatus": "Active", "licensecat": "FS", "descript": "Eating & Drinking", "result": "HE_Fail", "resultdttm": "2018-05-31T11:07:24", "violation": "17-4-302.14", "viollevel": "*", "violdesc": "Test Kit Provided", "violdttm": "2018-05-31T11:07:24", "violstatus": "Fail", "statusdate": null, "comments": "Provide test kit for monitoring the sanitizer strength at the 2 low temp dish machines at the main bar and the main dish machine in the kitchen.", "address": "200  High ST", "city": "Boston", "zip": 2110, "property_id": 155937, "latitude_Y": 42.356773, "longitude_X": -71.051968, "year": 2018 }, "geometry": { "type": "Point", "coordinates": [ -71.051968, 42.356773 ] } },
{ "type": "Feature", "properties": { "businessname": "FIN'S SUSHI & GRILL", "dbaname": null, "legalowner": null, "namelast": "OMEGA SUSHI INC.", "namefirst": " ", "licenseno": 76210, "issdttm": "2012-03-06T15:30:34", "expdttm": "2020-12-31T23:59:00", "licstatus": "Active", "licensecat": "FS", "descript": "Eating & Drinking", "result": "HE_Fail", "resultdttm": "2015-05-13T14:52:30", "violation": "02-3-602.11-.12/3-302.12", "viollevel": "*", "violdesc": "Food Container Labels", "violdttm": "2015-05-13T14:52:30", "violstatus": "Fail", "statusdate": null, "comments": "Some bulk food containers not labeled. Label properly.", "address": "240   Cambridge ST", "city": "Boston", "zip": 2114, "property_id": 155887, "latitude_Y": 42.360986, "longitude_X": -71.066858, "year": 2015 }, "geometry": { "type": "Point", "coordinates": [ -71.066858, 42.360986 ] } },
{ "type": "Feature", "properties": { "businessname": "FIN'S SUSHI & GRILL", "dbaname": null, "legalowner": "  ", "namelast": "Bento Express Inc.", "namefirst": " ", "licenseno": 77863, "issdttm": "2012-08-01T09:29:07", "expdttm": "2020-12-31T23:59:00", "licstatus": "Active", "licensecat": "FS", "descript": "Eating & Drinking", "result": "HE_Fail", "resultdttm": "2015-08-03T13:51:41", "violation": "03-3-501.16(A)", "viollevel": "***", "violdesc": "Cold Holding", "violdttm": "2015-08-03T13:51:41", "violstatus": "Fail", "statusdate": null, "comments": "Shrimp tempura sitting out at 105F /    Provide proper cold holding temperatures.", "address": "62   Boylston ST", "city": "Boston", "zip": 2116, "property_id": 193139, "latitude_Y": 42.35199, "longitude_X": -71.06439, "year": 2015 }, "geometry": { "type": "Point", "coordinates": [ -71.06439, 42.35199 ] } },
{ "type": "Feature", "properties": { "businessname": "Fins Sushi & Grill 2", "dbaname": null, "legalowner": "BELVOIR CONDO TRUST", "namelast": "Zheng", "namefirst": "Sam", "licenseno": 29357, "issdttm": "2012-02-13T08:47:50", "expdttm": "2020-12-31T23:59:00", "licstatus": "Active", "licensecat": "FS", "descript": "Eating & Drinking", "result": "HE_Fail", "resultdttm": "2015-03-03T13:58:23", "violation": "06-3-501.13", "viollevel": "*", "violdesc": "PHF's Properly Thawed", "violdttm": "2015-03-03T13:58:23", "violstatus": "Fail", "statusdate": null, "comments": "Raw shrimp being thawn in room temperature. Thaw properly.", "address": "636   Beacon ST", "city": "Boston", "zip": 2215, "property_id": 12031, "latitude_Y": 42.349571, "longitude_X": -71.095239, "year": 2015 }, "geometry": { "type": "Point", "coordinates": [ -71.095239, 42.349571 ] } },
{ "type": "Feature", "properties": { "businessname": "Fiouna's", "dbaname": null, "legalowner": null, "namelast": "Persian Fusion Cuisine LLC", "namefirst": "Mehrdad Jalilan", "licenseno": 83431, "issdttm": "2013-05-09T09:18:46", "expdttm": "2020-12-31T23:59:00", "licstatus": "Active", "licensecat": "FT", "descript": "Eating & Drinking w/ Take Out", "result": "HE_Fail", "resultdttm": "2015-04-28T12:59:24", "violation": "13-2-304/402.11", "viollevel": "*", "violdesc": "Clean Cloths  Hair Restraint", "violdttm": "2015-04-28T12:59:24", "violstatus": "Fail", "statusdate": null, "comments": "Observed staff without Hair restraints.PIC stated she will provide", "address": "90   Peterborough ST", "city": "Boston", "zip": 2215, "property_id": 156232, "latitude_Y": 42.343074, "longitude_X": -71.099029, "year": 2015 }, "geometry": { "type": "Point", "coordinates": [ -71.099029, 42.343074 ] } },
{ "type": "Feature", "properties": { "businessname": "Firehouse Subs", "dbaname": null, "legalowner": "HERITAGE COMMONWEALTH CORP", "namelast": "Boston Franchise Group 545 L L C", "namefirst": " ", "licenseno": 79730, "issdttm": "2012-09-20T13:52:32", "expdttm": "2015-12-31T23:59:00", "licstatus": "Inactive", "licensecat": "FT", "descript": "Eating & Drinking w/ Take Out", "result": "HE_Fail", "resultdttm": "2015-01-23T15:06:10", "violation": "03-3-501.16(A)", "viollevel": "***", "violdesc": "Cold Holding", "violdttm": "2015-01-23T15:06:10", "violstatus": "Fail", "statusdate": null, "comments": "Ham 46F  Roast Beef 47F   Turkey 47F. Unit 48. Turned higher the cooling switch inside unit and temperature lowered below 41F.Maintain at 41F or below.", "address": "543  Boylston ST", "city": "Boston", "zip": 2116, "property_id": 18339, "latitude_Y": 42.35078, "longitude_X": -71.07581, "year": 2015 }, "geometry": { "type": "Point", "coordinates": [ -71.07581, 42.35078 ] } },
{ "type": "Feature", "properties": { "businessname": "FISHER COLLEGE", "dbaname": null, "legalowner": "FISHER SCHOOL", "namelast": "ARAMARK EDUCATIONAL SERVICES L L C", "namefirst": " ", "licenseno": 20692, "issdttm": "2012-01-24T10:19:20", "expdttm": "2020-12-31T23:59:00", "licstatus": "Active", "licensecat": "FS", "descript": "Eating & Drinking", "result": "HE_Fail", "resultdttm": "2015-03-26T14:13:36", "violation": "03-3-501.16(A)", "viollevel": "***", "violdesc": "Cold Holding", "violdttm": "2015-03-26T14:13:36", "violstatus": "Fail", "statusdate": null, "comments": "Salad Bar- Tabuli 45F  Egg 44F  Tofu 45F. Maintain all PHFs at 41F or below.", "address": "118  Beacon ST", "city": "Boston", "zip": 2116, "property_id": 9518, "latitude_Y": 42.35525, "longitude_X": -71.07414, "year": 2015 }, "geometry": { "type": "Point", "coordinates": [ -71.07414, 42.35525 ] } },
{ "type": "Feature", "properties": { "businessname": "Five Guys", "dbaname": null, "legalowner": "MCDONALDS CORP", "namelast": "Hyde Park Burgers LLC", "namefirst": "Att: Accounts Payable", "licenseno": 386187, "issdttm": "2019-10-01T09:00:29", "expdttm": "2020-12-31T23:59:00", "licstatus": "Active", "licensecat": "FS", "descript": "Eating & Drinking", "result": "HE_Filed", "resultdttm": "2019-07-17T10:59:36", "violation": "590.006/6-201.11-C", "viollevel": "*", "violdesc": "Floors  Walls and Ceilings-Cleanability (C)", "violdttm": "2019-07-17T10:59:36", "violstatus": "Fail", "statusdate": null, "comments": "Clean floor area of large basement room past the 3 bay sink room. Clean floor area of the grease trap room. Remove buildup of soils.", "address": "58   Summer ST", "city": "Boston", "zip": 2110, "property_id": 132027, "latitude_Y": 42.35439, "longitude_X": -71.05871, "year": 2019 }, "geometry": { "type": "Point", "coordinates": [ -71.05871, 42.35439 ] } },
{ "type": "Feature", "properties": { "businessname": "Five Guys Burgers & Fries", "dbaname": null, "legalowner": "  ", "namelast": "Bean Town Five I I I", "namefirst": " ", "licenseno": 80896, "issdttm": "2013-04-05T12:55:07", "expdttm": "2018-12-31T23:59:00", "licstatus": "Inactive", "licensecat": "FT", "descript": "Eating & Drinking w/ Take Out", "result": "HE_Fail", "resultdttm": "2015-01-20T11:47:16", "violation": "03-3-501.16", "viollevel": "***", "violdesc": "Hot Holding", "violdttm": "2015-01-20T11:47:16", "violstatus": "Fail", "statusdate": null, "comments": "Cooked onions in oil at 107F for less than 2 hours- Ensure hot holding at 140F or above. Reheated on grill by PIC to 165F", "address": "261   Huntington AVE", "city": "Boston", "zip": 2115, "property_id": 341004, "latitude_Y": 42.342036, "longitude_X": -71.086429, "year": 2015 }, "geometry": { "type": "Point", "coordinates": [ -71.086429, 42.342036 ] } },
{ "type": "Feature", "properties": { "businessname": "Five Spices House", "dbaname": null, "legalowner": "  ", "namelast": "Liu Owner", "namefirst": "Chang", "licenseno": 141870, "issdttm": "2015-08-21T10:16:01", "expdttm": "2020-12-31T23:59:00", "licstatus": "Active", "licensecat": "FS", "descript": "Eating & Drinking", "result": "HE_Fail", "resultdttm": "2015-07-06T10:20:54", "violation": "16-4-301.12", "viollevel": "*", "violdesc": "Three Compartment Sink", "violdttm": "2015-07-06T10:20:54", "violstatus": "Fail", "statusdate": null, "comments": "Provide warewashing instructions for the 3 compartemnt sink.", "address": "58   Beach ST", "city": "Boston", "zip": 2111, "property_id": 340069, "latitude_Y": 42.35148, "longitude_X": -71.06045, "year": 2015 }, "geometry": { "type": "Point", "coordinates": [ -71.06045, 42.35148 ] } },
{ "type": "Feature", "properties": { "businessname": "Flame Cafe", "dbaname": null, "legalowner": null, "namelast": "Aleksanyan", "namefirst": "David", "licenseno": 113689, "issdttm": "2013-09-26T12:44:30", "expdttm": "2020-12-31T23:59:00", "licstatus": "Active", "licensecat": "FT", "descript": "Eating & Drinking w/ Take Out", "result": "HE_Fail", "resultdttm": "2015-05-07T13:17:14", "violation": "37-6-501.11-.12", "viollevel": "*", "violdesc": "Improper Maintenance of Walls/Ceilings", "violdttm": "2015-05-07T13:17:14", "violstatus": "Fail", "statusdate": null, "comments": "Both hood tags are expired / Contact hood cleaning services immediately.", "address": "2   Oliver ST", "city": "Boston", "zip": 2109, "property_id": 157798, "latitude_Y": 42.357262, "longitude_X": -71.054578, "year": 2015 }, "geometry": { "type": "Point", "coordinates": [ -71.054578, 42.357262 ] } },
{ "type": "Feature", "properties": { "businessname": "Flat Black Coffee", "dbaname": null, "legalowner": "LEGAL SEA FOODS  INC.RISK /BENEFITS", "namelast": "Flat Black Coffee Co.", "namefirst": "David House", "licenseno": 143891, "issdttm": "2016-01-06T08:20:15", "expdttm": "2019-12-31T23:59:00", "licstatus": "Inactive", "licensecat": "FT", "descript": "Eating & Drinking w/ Take Out", "result": "HE_Fail", "resultdttm": "2015-12-15T12:49:00", "violation": "23-4-602.13", "viollevel": "*", "violdesc": "Non-Food Contact Surfaces Clean", "violdttm": "2015-12-15T12:49:00", "violstatus": "Fail", "statusdate": null, "comments": "3 bay sink and countertops with dust build up from construction / Clean to remove.", "address": "255   State ST", "city": "Boston", "zip": 2109, "property_id": 158086, "latitude_Y": 42.359417, "longitude_X": -71.051129, "year": 2015 }, "geometry": { "type": "Point", "coordinates": [ -71.051129, 42.359417 ] } },
{ "type": "Feature", "properties": { "businessname": "Flat Black Coffee", "dbaname": null, "legalowner": "TWO SIXTY FRANKLIN INC", "namelast": "House", "namefirst": "Jennifer", "licenseno": 78516, "issdttm": "2012-10-02T09:13:40", "expdttm": "2020-12-31T23:59:00", "licstatus": "Active", "licensecat": "FS", "descript": "Eating & Drinking", "result": "HE_Filed", "resultdttm": "2015-06-24T14:25:22", "violation": "32-6-301.11-02.11", "viollevel": "*", "violdesc": "Hand Cleaner  Drying  Tissue Signage", "violdttm": "2015-06-24T14:25:22", "violstatus": "Fail", "statusdate": null, "comments": "2 hand sinks are missing liquid soap / Provide", "address": "260   Franklin ST", "city": "Boston", "zip": 2109, "property_id": 60664, "latitude_Y": 42.35693, "longitude_X": -71.05399, "year": 2015 }, "geometry": { "type": "Point", "coordinates": [ -71.05399, 42.35693 ] } },
{ "type": "Feature", "properties": { "businessname": "Flat Black Coffee Co.  Ltd.", "dbaname": null, "legalowner": "BOSTON SOCIETY OF ARCHITECTS", "namelast": "House", "namefirst": "Jennifer", "licenseno": 24378, "issdttm": "2012-02-14T12:38:22", "expdttm": "2019-12-31T23:59:00", "licstatus": "Inactive", "licensecat": "FT", "descript": "Eating & Drinking w/ Take Out", "result": "HE_Fail", "resultdttm": "2015-06-11T14:18:57", "violation": "20-4-703.11", "viollevel": "***", "violdesc": "Food Contact Surfaces Clean", "violdttm": "2015-06-11T14:18:57", "violstatus": "Fail", "statusdate": null, "comments": "Dish machine is broken  a makeshift 3 bay sink made from a prep sink and 2 food grade containers is being used / Discontinue use of makeshift 3 bay sink and repair dish machine to provide proper sanitizing procedures.", "address": "50   Broad ST", "city": "Boston", "zip": 2109, "property_id": 20471, "latitude_Y": 42.358, "longitude_X": -71.05376, "year": 2015 }, "geometry": { "type": "Point", "coordinates": [ -71.05376, 42.358 ] } },
{ "type": "Feature", "properties": { "businessname": "FLEMING'S PRIME STEAKHOUSE", "dbaname": null, "legalowner": null, "namelast": "Flemings Prime Steakhouse", "namefirst": "Attn: Joe Kadow", "licenseno": 21407, "issdttm": "2012-01-11T14:15:06", "expdttm": "2020-12-31T23:59:00", "licstatus": "Inactive", "licensecat": "FS", "descript": "Eating & Drinking", "result": "HE_Fail", "resultdttm": "2016-10-04T19:04:01", "violation": "03-3-501.16(A)", "viollevel": "***", "violdesc": "Cold Holding", "violdttm": "2016-10-04T19:04:01", "violstatus": "Fail", "statusdate": null, "comments": "Interior product of the 6 drawer unit reading 48-54F for 90 minutes per PIC.Provide all cold holding 41F or below. PIC has instructed staff to remove products to alternate refrigeration.", "address": "217   Stuart ST", "city": "Boston", "zip": 2116, "property_id": 156056, "latitude_Y": 42.350893, "longitude_X": -71.068129, "year": 2016 }, "geometry": { "type": "Point", "coordinates": [ -71.068129, 42.350893 ] } },
{ "type": "Feature", "properties": { "businessname": "Flik @ Re:Sources Cafe", "dbaname": null, "legalowner": "FIDELITY NON-PROFIT MGT", "namelast": "Flik Hospitality", "namefirst": "Att: Accounts Payable", "licenseno": 373563, "issdttm": "2019-05-23T09:10:22", "expdttm": "2020-12-31T23:59:00", "licstatus": "Active", "licensecat": "FT", "descript": "Eating & Drinking w/ Take Out", "result": "HE_Fail", "resultdttm": "2019-04-05T11:37:46", "violation": "32-6-301.11-02.11", "viollevel": "*", "violdesc": "Hand Cleaner  Drying  Tissue Signage", "violdttm": "2019-04-05T11:37:46", "violstatus": "Fail", "statusdate": null, "comments": "Proivde hand soap  paper towels  and dispensers for both at the hand sink in the Catering room.", "address": "33   Congress ST", "city": "Boston", "zip": 2109, "property_id": 42101, "latitude_Y": 42.35785, "longitude_X": -71.056905, "year": 2019 }, "geometry": { "type": "Point", "coordinates": [ -71.056905, 42.35785 ] } },
{ "type": "Feature", "properties": { "businessname": "Flik @ Skadden  Arps  Slate", "dbaname": null, "legalowner": "FIVE HUNDRED BOYLSTON WEST", "namelast": "Flik International Corp.", "namefirst": "Attn: Licensing", "licenseno": 126243, "issdttm": "2014-03-03T08:19:11", "expdttm": "2020-12-31T23:59:00", "licstatus": "Active", "licensecat": "FS", "descript": "Eating & Drinking", "result": "HE_Fail", "resultdttm": "2016-02-02T11:30:10", "violation": "M-2-103.11", "viollevel": "***", "violdesc": "PIC Performing Duties", "violdttm": "2016-02-02T11:30:10", "violstatus": "Fail", "statusdate": null, "comments": "8-303-2  -- 2016 Permit fee unpaid.Provide payment to health Department.  Provide proper Allergy warning on menu board.PIC corrected during inspection.", "address": "500   Boylston ST", "city": "Boston", "zip": 2116, "property_id": 18333, "latitude_Y": 42.35053, "longitude_X": -71.0739, "year": 2016 }, "geometry": { "type": "Point", "coordinates": [ -71.0739, 42.35053 ] } },
{ "type": "Feature", "properties": { "businessname": "FLIK INTERNATIONAL", "dbaname": null, "legalowner": "ACME-PREMIER REALTY CORP", "namelast": "FLIK INTERNATIONAL", "namefirst": "Attn: Licensing", "licenseno": 19471, "issdttm": "2012-02-09T10:06:04", "expdttm": "2020-12-31T23:59:00", "licstatus": "Active", "licensecat": "FT", "descript": "Eating & Drinking w/ Take Out", "result": "HE_Fail", "resultdttm": "2015-01-21T11:51:44", "violation": "M-2-103.11", "viollevel": "***", "violdesc": "PIC Performing Duties", "violdttm": "2015-01-21T11:51:44", "violstatus": "Fail", "statusdate": null, "comments": "8-303.20. Non-payment of permit. ensure proper payment of 2015 Health permit", "address": "60   State ST", "city": "Boston", "zip": 2109, "property_id": 130427, "latitude_Y": 42.35927, "longitude_X": -71.05643, "year": 2015 }, "geometry": { "type": "Point", "coordinates": [ -71.05643, 42.35927 ] } },
{ "type": "Feature", "properties": { "businessname": "Flik International @ Merck & Co.", "dbaname": null, "legalowner": null, "namelast": "Flik International Corp.", "namefirst": " ", "licenseno": 78382, "issdttm": "2012-03-20T10:07:00", "expdttm": "2020-12-31T23:59:00", "licstatus": "Active", "licensecat": "FT", "descript": "Eating & Drinking w/ Take Out", "result": "HE_Fail", "resultdttm": "2015-08-05T11:55:46", "violation": "03-3-501.16", "viollevel": "***", "violdesc": "Hot Holding", "violdttm": "2015-08-05T11:55:46", "violstatus": "Fail", "statusdate": null, "comments": "Fish filet at hot hold service line 125F. Ensure hot holding at 140F or above. Removed by PIC and reheated to 165F", "address": "33   Avenue Louis Pasteur  ", "city": "Boston", "zip": 2115, "property_id": 6851, "latitude_Y": 42.339769, "longitude_X": -71.103259, "year": 2015 }, "geometry": { "type": "Point", "coordinates": [ -71.103259, 42.339769 ] } },
{ "type": "Feature", "properties": { "businessname": "FLORENTINE CAFFE", "dbaname": null, "legalowner": "RICCIO GERALD", "namelast": "RICCIO", "namefirst": "GERALD", "licenseno": 20087, "issdttm": "2011-12-30T12:54:51", "expdttm": "2020-12-31T23:59:00", "licstatus": "Active", "licensecat": "FS", "descript": "Eating & Drinking", "result": "HE_Fail", "resultdttm": "2015-05-19T12:27:52", "violation": "05-4-302.12", "viollevel": "*", "violdesc": "Food Thermometers Provided", "violdttm": "2015-05-19T12:27:52", "violstatus": "Fail", "statusdate": null, "comments": "Provide", "address": "333   Hanover ST", "city": "Boston", "zip": 2113, "property_id": 157419, "latitude_Y": 42.364326, "longitude_X": -71.053705, "year": 2015 }, "geometry": { "type": "Point", "coordinates": [ -71.053705, 42.364326 ] } },
{ "type": "Feature", "properties": { "businessname": "Florina Restaurant", "dbaname": null, "legalowner": "PAPADOPOILOS ELIAS", "namelast": "Cucinatti", "namefirst": "John", "licenseno": 171041, "issdttm": "2016-08-22T14:35:06", "expdttm": "2020-12-31T23:59:00", "licstatus": "Active", "licensecat": "FT", "descript": "Eating & Drinking w/ Take Out", "result": "HE_Fail", "resultdttm": "2016-08-19T11:29:07", "violation": "19-4-501.18-.110", "viollevel": "*", "violdesc": "Wash Rinse Water Clean Proper Temperature.", "violdttm": "2016-08-19T11:29:07", "violstatus": "Fail", "statusdate": null, "comments": "Sanitizer water at 75F. Maintain water temperature for chlorine sanitizing at 120F.", "address": "16   Derne ST", "city": "Boston", "zip": 2114, "property_id": 157366, "latitude_Y": 42.359519, "longitude_X": -71.063449, "year": 2016 }, "geometry": { "type": "Point", "coordinates": [ -71.063449, 42.359519 ] } },
{ "type": "Feature", "properties": { "businessname": "FLOUR BAKERY & CAFE", "dbaname": null, "legalowner": "  ", "namelast": "Cakewalk Bakers L L C", "namefirst": " ", "licenseno": 81210, "issdttm": "2013-01-24T10:45:47", "expdttm": "2020-12-31T23:59:00", "licstatus": "Active", "licensecat": "FS", "descript": "Eating & Drinking", "result": "HE_Fail", "resultdttm": "2015-02-05T11:16:07", "violation": "03-3-501.16(A)", "viollevel": "***", "violdesc": "Cold Holding", "violdttm": "2015-02-05T11:16:07", "violstatus": "Fail", "statusdate": null, "comments": "muffalleta sandwich/displayed at 60 degrees/provide prooer temperature of 41 degrees or below", "address": "131   Clarendon ST", "city": "Boston", "zip": 2116, "property_id": 208100, "latitude_Y": 42.34839, "longitude_X": -71.07384, "year": 2015 }, "geometry": { "type": "Point", "coordinates": [ -71.07384, 42.34839 ] } },
{ "type": "Feature", "properties": { "businessname": "Fomu Ice Cream", "dbaname": null, "legalowner": null, "namelast": "Fomu Tremont Street", "namefirst": "Att: Accounts Payable", "licenseno": 388817, "issdttm": "2019-03-22T09:00:12", "expdttm": "2020-12-31T23:59:00", "licstatus": "Active", "licensecat": "FT", "descript": "Eating & Drinking w/ Take Out", "result": "HE_Fail", "resultdttm": "2020-02-25T15:08:54", "violation": "590.002/2-501.11-PF", "viollevel": "**", "violdesc": "Clean-up of Vomiting and Diarrheal Events (Pf)", "violdttm": "2020-02-25T15:08:54", "violstatus": "Fail", "statusdate": null, "comments": "No writen procedures  and clean-up kit for vomiting and diarrheal events. Provide.", "address": "140  Brookline Av", "city": "Boston", "zip": 2215, "property_id": 22085, "latitude_Y": 42.34489, "longitude_X": -71.1007, "year": 2020 }, "geometry": { "type": "Point", "coordinates": [ -71.1007, 42.34489 ] } },
{ "type": "Feature", "properties": { "businessname": "Fomu Ice Cream", "dbaname": null, "legalowner": "QUERZOLI LYNNE M", "namelast": "Fomu Tremont Corp.", "namefirst": "Deena Jalal", "licenseno": 363803, "issdttm": "2018-06-11T09:32:32", "expdttm": "2018-12-31T23:59:00", "licstatus": "Inactive", "licensecat": "FT", "descript": "Eating & Drinking w/ Take Out", "result": "HE_Fail", "resultdttm": "2018-06-07T09:18:01", "violation": "25-4-904.11", "viollevel": "*", "violdesc": "Single Service Articles Stored Dispensed", "violdttm": "2018-06-07T09:18:01", "violstatus": "Fail", "statusdate": null, "comments": "Storing disposable food containers in bathroom - Remove and properly store", "address": "227   Newbury ST", "city": "Boston", "zip": 2116, "property_id": 101444, "latitude_Y": 42.35001, "longitude_X": -71.08177, "year": 2018 }, "geometry": { "type": "Point", "coordinates": [ -71.08177, 42.35001 ] } },
{ "type": "Feature", "properties": { "businessname": "Food 4 Thought Cafe", "dbaname": null, "legalowner": "ANDREW KORN  PRES.", "namelast": "Poreci", "namefirst": "Jorid", "licenseno": 411019, "issdttm": "2019-10-15T10:58:05", "expdttm": "2020-12-31T23:59:00", "licstatus": "Active", "licensecat": "FS", "descript": "Eating & Drinking", "result": "HE_Fail", "resultdttm": "2020-02-14T12:36:09", "violation": "590.002(D)/2-103.11-PF", "viollevel": "**", "violdesc": "(A)-(P) Person-In-Charge-Duties (Pf)", "violdttm": "2020-02-14T12:36:09", "violstatus": "Fail", "statusdate": null, "comments": "Manager/owner not ensuring proper cold and hot holding temperatures  ensure proper cold hold of 41f or below and hot hold of 135f or above", "address": "145   Harrison AVE", "city": "Boston", "zip": 2118, "property_id": 157119, "latitude_Y": 42.349909, "longitude_X": -71.061999, "year": 2020 }, "geometry": { "type": "Point", "coordinates": [ -71.061999, 42.349909 ] } },
{ "type": "Feature", "properties": { "businessname": "Fort Point Market", "dbaname": null, "legalowner": "BECK ISAAC TRST", "namelast": "Dasang Enterprises Inc.", "namefirst": "Dawa Lama", "licenseno": 28590, "issdttm": "2012-03-20T10:16:09", "expdttm": "2020-12-31T23:59:00", "licstatus": "Active", "licensecat": "RF", "descript": "Retail Food", "result": "HE_Fail", "resultdttm": "2017-01-26T14:15:15", "violation": "08-3-305-307.11", "viollevel": "*", "violdesc": "Food Protection", "violdttm": "2017-01-26T14:15:15", "violstatus": "Fail", "statusdate": null, "comments": "Keep all foods elevated off the ground during storage a minimum od six inches", "address": "369   Congress ST", "city": "Boston", "zip": 2127, "property_id": 42113, "latitude_Y": 42.34982, "longitude_X": -71.04804, "year": 2017 }, "geometry": { "type": "Point", "coordinates": [ -71.04804, 42.34982 ] } },
{ "type": "Feature", "properties": { "businessname": "Found Hotel", "dbaname": null, "legalowner": "PORTER J BROOKS", "namelast": "78 Charles Str. Propco LLC.", "namefirst": "Att: Acc. Pay.", "licenseno": 310633, "issdttm": "2016-12-12T12:59:53", "expdttm": "2020-12-31T23:59:00", "licstatus": "Active", "licensecat": "FS", "descript": "Eating & Drinking", "result": "HE_Fail", "resultdttm": "2017-07-18T12:21:10", "violation": "17-4-302.14", "viollevel": "*", "violdesc": "Test Kit Provided", "violdttm": "2017-07-18T12:21:10", "violstatus": "Fail", "statusdate": null, "comments": "No test kit", "address": "78   Charles ST", "city": "Boston", "zip": 2114, "property_id": 29191, "latitude_Y": 42.3581, "longitude_X": -71.07068, "year": 2017 }, "geometry": { "type": "Point", "coordinates": [ -71.07068, 42.3581 ] } },
{ "type": "Feature", "properties": { "businessname": "Four Seasons Hotel Boston", "dbaname": null, "legalowner": "FSH BOYLSTON INC", "namelast": "FOUR SEASONS HOTEL", "namefirst": "BOSTON", "licenseno": 18140, "issdttm": "2012-02-21T12:16:45", "expdttm": "2020-12-31T23:59:00", "licstatus": "Active", "licensecat": "FS", "descript": "Eating & Drinking", "result": "HE_Fail", "resultdttm": "2016-12-14T12:46:33", "violation": "15-4-202.16", "viollevel": "*", "violdesc": "Non-Food Contact Surfaces", "violdttm": "2016-12-14T12:46:33", "violstatus": "Fail", "statusdate": null, "comments": "Rust on shelving on cooking line", "address": "200   Boylston ST", "city": "Boston", "zip": 2116, "property_id": 18111, "latitude_Y": 42.35221, "longitude_X": -71.06809, "year": 2016 }, "geometry": { "type": "Point", "coordinates": [ -71.06809, 42.35221 ] } },
{ "type": "Feature", "properties": { "businessname": "Four Winds", "dbaname": null, "legalowner": "GIOIA THOMAS A", "namelast": "GIOIA", "namefirst": "Thomas", "licenseno": 18347, "issdttm": "2012-02-15T14:10:30", "expdttm": "2019-12-31T23:59:00", "licstatus": "Active", "licensecat": "FS", "descript": "Eating & Drinking", "result": "HE_Fail", "resultdttm": "2015-10-08T08:00:44", "violation": "17-4-302.14", "viollevel": "*", "violdesc": "Test Kit Provided", "violdttm": "2015-10-08T08:00:44", "violstatus": "Fail", "statusdate": null, "comments": "Replace missing test kits", "address": "266   Commercial ST", "city": "Boston", "zip": 2109, "property_id": 36258, "latitude_Y": 42.36432, "longitude_X": -71.05135, "year": 2015 }, "geometry": { "type": "Point", "coordinates": [ -71.05135, 42.36432 ] } },
{ "type": "Feature", "properties": { "businessname": "FOUR'S BOSTON", "dbaname": null, "legalowner": "CANAL ST REALTY LLC", "namelast": "COLTON", "namefirst": "TIMOTHY", "licenseno": 18990, "issdttm": "2011-12-17T20:53:49", "expdttm": "2020-12-31T23:59:00", "licstatus": "Inactive", "licensecat": "FS", "descript": "Eating & Drinking", "result": "HE_Fail", "resultdttm": "2015-09-28T12:07:55", "violation": "08-3-302.11/3-304.11", "viollevel": "***", "violdesc": "Separation  Segregation Cross Contamination", "violdttm": "2015-09-28T12:07:55", "violstatus": "Fail", "statusdate": null, "comments": "drinking glasses stored in drinking ice  store seperate to avoid contamination", "address": "162   Canal ST", "city": "Boston", "zip": 2114, "property_id": 25419, "latitude_Y": 42.36502, "longitude_X": -71.06097, "year": 2015 }, "geometry": { "type": "Point", "coordinates": [ -71.06097, 42.36502 ] } },
{ "type": "Feature", "properties": { "businessname": "Fresh Fuel at Granby Commons", "dbaname": null, "legalowner": "ARAMARK DINING SERVICES", "namelast": "Trustees of Boston University", "namefirst": "Director of Safety & Sanitation", "licenseno": 23756, "issdttm": "2012-02-15T13:55:25", "expdttm": "2020-12-31T23:59:00", "licstatus": "Active", "licensecat": "FS", "descript": "Eating & Drinking", "result": "HE_Fail", "resultdttm": "2015-04-03T13:59:24", "violation": "06-3-501.13", "viollevel": "*", "violdesc": "PHF's Properly Thawed", "violdttm": "2015-04-03T13:59:24", "violstatus": "Fail", "statusdate": null, "comments": "Meat packages thawing inside the prep sink in water (not runing). Thaw properly.", "address": "213   Bay State RD", "city": "Boston", "zip": 2215, "property_id": 157671, "latitude_Y": 42.350771, "longitude_X": -71.102931, "year": 2015 }, "geometry": { "type": "Point", "coordinates": [ -71.102931, 42.350771 ] } },
{ "type": "Feature", "properties": { "businessname": "Freshii", "dbaname": null, "legalowner": null, "namelast": "Red Cape Ventures L L C", "namefirst": " ", "licenseno": 75872, "issdttm": "2012-02-14T14:29:41", "expdttm": "2018-12-31T23:59:00", "licstatus": "Inactive", "licensecat": "FS", "descript": "Eating & Drinking", "result": "HE_Fail", "resultdttm": "2015-12-02T14:27:45", "violation": "20-4-703.11", "viollevel": "***", "violdesc": "Food Contact Surfaces Clean", "violdttm": "2015-12-02T14:27:45", "violstatus": "Fail", "statusdate": null, "comments": "Sanitizer at dish machine 10ppm / Repair to provide 50ppm", "address": "100  High ST", "city": "Boston", "zip": 2110, "property_id": 342934, "latitude_Y": 42.354448, "longitude_X": -71.05536, "year": 2015 }, "geometry": { "type": "Point", "coordinates": [ -71.05536, 42.354448 ] } },
{ "type": "Feature", "properties": { "businessname": "Friend Street Cafe", "dbaname": null, "legalowner": "MCGANN THOMAS G", "namelast": "Friend Street Cafe L L C", "namefirst": " ", "licenseno": 79345, "issdttm": "2012-05-18T11:04:41", "expdttm": "2014-12-31T23:59:00", "licstatus": "Inactive", "licensecat": "FS", "descript": "Eating & Drinking", "result": "HE_OutBus", "resultdttm": "2015-10-23T09:32:03", "violation": "36-6-501.11-.12", "viollevel": "*", "violdesc": "Improper Maintenance of Floors", "violdttm": "2015-10-23T09:32:03", "violstatus": "Fail", "statusdate": null, "comments": "Floor with heavy water build up from sprinkler break  clean to remove", "address": "232  Friend ST", "city": "Boston", "zip": 2114, "property_id": 60992, "latitude_Y": 42.36432, "longitude_X": -71.06115, "year": 2015 }, "geometry": { "type": "Point", "coordinates": [ -71.06115, 42.36432 ] } },
{ "type": "Feature", "properties": { "businessname": "Frost Ice Bar", "dbaname": null, "legalowner": "TWO-HUNDRED STATE ST CONDO", "namelast": "Frost Group L L C", "namefirst": " ", "licenseno": 90142, "issdttm": "2013-09-05T11:18:30", "expdttm": "2016-12-31T23:59:00", "licstatus": "Inactive", "licensecat": "FS", "descript": "Eating & Drinking", "result": "HE_Fail", "resultdttm": "2016-09-20T12:52:38", "violation": "17-4-302.14", "viollevel": "*", "violdesc": "Test Kit Provided", "violdttm": "2016-09-20T12:52:38", "violstatus": "Fail", "statusdate": null, "comments": "No test kit found for quats sanitizer at time of inspection. Provide.", "address": "200   State ST", "city": "Boston", "zip": 2109, "property_id": 130418, "latitude_Y": 42.36003, "longitude_X": -71.05319, "year": 2016 }, "geometry": { "type": "Point", "coordinates": [ -71.05319, 42.36003 ] } },
{ "type": "Feature", "properties": { "businessname": "Futago Udon", "dbaname": null, "legalowner": "BRAHIM BENDOK CRISPY CREPES CAFE", "namelast": "Futago Ya Inc.", "namefirst": "Minh Bui", "licenseno": 367167, "issdttm": "2019-02-19T08:08:10", "expdttm": "2020-12-31T23:59:00", "licstatus": "Active", "licensecat": "FS", "descript": "Eating & Drinking", "result": "HE_Fail", "resultdttm": "2019-10-25T11:43:47", "violation": "590.003/3-302.12-C", "viollevel": "*", "violdesc": "Food Storage Containers Identified with Common Name of Food (C)", "violdttm": "2019-10-25T11:43:47", "violstatus": "Fail", "statusdate": null, "comments": "Some bulk food items in containers without labels. Provide.", "address": "512   Park DR", "city": "Boston", "zip": 2215, "property_id": 156154, "latitude_Y": 42.34779, "longitude_X": -71.105861, "year": 2019 }, "geometry": { "type": "Point", "coordinates": [ -71.105861, 42.34779 ] } },
{ "type": "Feature", "properties": { "businessname": "Ga Ga Seafood Restaurant", "dbaname": null, "legalowner": "  ", "namelast": "EFTSROT L L C", "namefirst": " ", "licenseno": 76200, "issdttm": "2012-01-18T12:27:33", "expdttm": "2020-12-31T23:59:00", "licstatus": "Active", "licensecat": "FS", "descript": "Eating & Drinking", "result": "HE_Fail", "resultdttm": "2016-07-07T11:26:10", "violation": "01-3-203.12", "viollevel": "**", "violdesc": "Tags & Records", "violdttm": "2016-07-07T11:26:10", "violstatus": "Fail", "statusdate": null, "comments": "No Shell stock tags for oysters on site  supply and ensure tags are maintained for 90 days", "address": "23   Tyler ST", "city": "Boston", "zip": 2111, "property_id": 170647, "latitude_Y": 42.350724, "longitude_X": -71.060979, "year": 2016 }, "geometry": { "type": "Point", "coordinates": [ -71.060979, 42.350724 ] } },
{ "type": "Feature", "properties": { "businessname": "GALLERIA UMBERTO", "dbaname": null, "legalowner": "EATON ELIZABETH", "namelast": "DEUTERIO'S INC.", "namefirst": " ", "licenseno": 18571, "issdttm": "2012-02-23T09:38:22", "expdttm": "2020-12-31T23:59:00", "licstatus": "Active", "licensecat": "FT", "descript": "Eating & Drinking w/ Take Out", "result": "HE_Fail", "resultdttm": "2015-04-29T10:44:42", "violation": "08-3-305-307.11", "viollevel": "*", "violdesc": "Food Protection", "violdttm": "2015-04-29T10:44:42", "violstatus": "Fail", "statusdate": null, "comments": "Pizza on top of the front counter has no barrier to protect against the customer's potential contamination - provide a barrier as discussed or relocate pizza when dispensing", "address": "287   Hanover ST", "city": "Boston", "zip": 2113, "property_id": 69100, "latitude_Y": 42.36372, "longitude_X": -71.05425, "year": 2015 }, "geometry": { "type": "Point", "coordinates": [ -71.05425, 42.36372 ] } },
{ "type": "Feature", "properties": { "businessname": "GARDEN HALAL MEAT MARKET INC.", "dbaname": null, "legalowner": "CONCORD ASSOCIATES LP", "namelast": "CHITAOUI MOHAMED", "namefirst": " ", "licenseno": 25919, "issdttm": "2012-03-07T11:28:22", "expdttm": "2020-12-31T23:59:00", "licstatus": "Active", "licensecat": "RF", "descript": "Retail Food", "result": "HE_Fail", "resultdttm": "2015-04-28T11:42:09", "violation": "01-3-101/701.11", "viollevel": "***", "violdesc": "Spoilage Unsafe Food", "violdttm": "2015-04-28T11:42:09", "violstatus": "Fail", "statusdate": null, "comments": "Yogurt in the dairy case has an expiration of 4-1-15 - visibly spoiled inside PIC took it off the shelf", "address": "88   Blackstone ST", "city": "Boston", "zip": 2109, "property_id": 15798, "latitude_Y": 42.36142, "longitude_X": -71.05631, "year": 2015 }, "geometry": { "type": "Point", "coordinates": [ -71.05631, 42.36142 ] } },
{ "type": "Feature", "properties": { "businessname": "Garden Halal Restaurant", "dbaname": null, "legalowner": null, "namelast": "Chitaoui", "namefirst": "Mohamed", "licenseno": 28813, "issdttm": "2012-02-07T13:14:23", "expdttm": "2020-12-31T23:59:00", "licstatus": "Active", "licensecat": "FS", "descript": "Eating & Drinking", "result": "HE_Fail", "resultdttm": "2015-04-28T12:16:31", "violation": "01-3-602.11 B2", "viollevel": "***", "violdesc": "Labeling of Ingredients", "violdttm": "2015-04-28T12:16:31", "violstatus": "Fail", "statusdate": null, "comments": "Packaged breads out for retail sale are without proper labels - provide as discussed", "address": "96   Blackstone ST", "city": "Boston", "zip": 2109, "property_id": 158261, "latitude_Y": 42.361495, "longitude_X": -71.056409, "year": 2015 }, "geometry": { "type": "Point", "coordinates": [ -71.056409, 42.361495 ] } },
{ "type": "Feature", "properties": { "businessname": "Gardner Museum Cafe", "dbaname": null, "legalowner": null, "namelast": "Peter Crowley Pres.", "namefirst": " ", "licenseno": 74435, "issdttm": "2012-01-10T09:22:53", "expdttm": "2020-12-31T23:59:00", "licstatus": "Active", "licensecat": "FS", "descript": "Eating & Drinking", "result": "HE_Fail", "resultdttm": "2017-01-11T11:01:25", "violation": "37-6-501.11-.12", "viollevel": "*", "violdesc": "Improper Maintenance of Walls/Ceilings", "violdttm": "2017-01-11T11:01:25", "violstatus": "Fail", "statusdate": null, "comments": "The hood vent in the downstairs kitchen is due for a cleaning.  Have the hood vent cleaned by a licensed company.", "address": "2  Palace RD", "city": "Boston", "zip": 2115, "property_id": 344007, "latitude_Y": 42.338318, "longitude_X": -71.100359, "year": 2017 }, "geometry": { "type": "Point", "coordinates": [ -71.100359, 42.338318 ] } },
{ "type": "Feature", "properties": { "businessname": "GENERAL NUTRITION CENTER No. 3096", "dbaname": null, "legalowner": "THREE 33 WASHINGTON ST", "namelast": "GENERAL NUTRITION CORP.", "namefirst": " ", "licenseno": 20190, "issdttm": "2012-01-09T13:51:24", "expdttm": "2018-12-31T23:59:00", "licstatus": "Inactive", "licensecat": "RF", "descript": "Retail Food", "result": "HE_Fail", "resultdttm": "2018-03-20T12:56:23", "violation": "15-4-202.16", "viollevel": "*", "violdesc": "Non-Food Contact Surfaces", "violdttm": "2018-03-20T12:56:23", "violstatus": "Fail", "statusdate": null, "comments": "remove pipe covering hanging off of pipes in basement area.", "address": "343   Washington ST", "city": "Boston", "zip": 2108, "property_id": 144926, "latitude_Y": 42.35679, "longitude_X": -71.05921, "year": 2018 }, "geometry": { "type": "Point", "coordinates": [ -71.05921, 42.35679 ] } },
{ "type": "Feature", "properties": { "businessname": "Genji", "dbaname": null, "legalowner": "WHOLE FOODS MARKET GROUP  INC.", "namelast": "Hana Group North America", "namefirst": "Att: Accounts Payable", "licenseno": 24004, "issdttm": "2012-01-03T14:17:21", "expdttm": "2020-12-31T23:59:00", "licstatus": "Active", "licensecat": "RF", "descript": "Retail Food", "result": "HE_Fail", "resultdttm": "2016-01-11T10:42:19", "violation": "08-3-305-307.11", "viollevel": "*", "violdesc": "Food Protection", "violdttm": "2016-01-11T10:42:19", "violstatus": "Fail", "statusdate": null, "comments": "Shelving inside walkin cooler storing pickled ginger collapsed. Repair to maintain food storage atleast 6\" off the floor.", "address": "181   Cambridge ST", "city": "Boston", "zip": 2114, "property_id": 156327, "latitude_Y": 42.362108, "longitude_X": -71.065981, "year": 2016 }, "geometry": { "type": "Point", "coordinates": [ -71.065981, 42.362108 ] } },
{ "type": "Feature", "properties": { "businessname": "Genji", "dbaname": null, "legalowner": "YUKO OMORI", "namelast": "Hana Group North America", "namefirst": "Att: Susani Yoon", "licenseno": 22350, "issdttm": "2012-01-03T14:18:06", "expdttm": "2020-12-31T23:59:00", "licstatus": "Active", "licensecat": "RF", "descript": "Retail Food", "result": "HE_Fail", "resultdttm": "2017-04-21T11:51:02", "violation": "M-8-103.12", "viollevel": "***", "violdesc": "Conformance w/ Approved Procedures", "violdttm": "2017-04-21T11:51:02", "violstatus": "Fail", "statusdate": null, "comments": "The quinoa-brown rice has a pH of 4.35 and the brown rice has a pH of 4.30  both rices are 60F so require acidification.  The HACCP plans own critical limit is below 4.2 as it's critical limit in reserve to satisfy pH 4.6.  (The manager was able to discard the rice and make a new batch)", "address": "15  Westland Av", "city": "Boston", "zip": 2115, "property_id": 157193, "latitude_Y": 42.343689, "longitude_X": -71.086548, "year": 2017 }, "geometry": { "type": "Point", "coordinates": [ -71.086548, 42.343689 ] } },
{ "type": "Feature", "properties": { "businessname": "Genki Ya of Boston", "dbaname": null, "legalowner": null, "namelast": "JACK CHEUNG", "namefirst": " ", "licenseno": 22574, "issdttm": "2012-03-02T15:39:06", "expdttm": "2020-12-31T23:59:00", "licstatus": "Active", "licensecat": "FT", "descript": "Eating & Drinking w/ Take Out", "result": "HE_Fail", "resultdttm": "2015-06-01T14:14:38", "violation": "03-3-501.16(A)", "viollevel": "***", "violdesc": "Cold Holding", "violdttm": "2015-06-01T14:14:38", "violstatus": "Fail", "statusdate": null, "comments": "Crab stick sitting out at 65F / Provide proper cold holding temperatures.", "address": "232  Tremont ST", "city": "Boston", "zip": 2116, "property_id": 158131, "latitude_Y": 42.351219, "longitude_X": -71.064646, "year": 2015 }, "geometry": { "type": "Point", "coordinates": [ -71.064646, 42.351219 ] } },
{ "type": "Feature", "properties": { "businessname": "Gennaro 5 North Square", "dbaname": null, "legalowner": "D'AMELIO GEORGE K", "namelast": "Riccio", "namefirst": "Gerald", "licenseno": 33305, "issdttm": "2012-02-15T13:12:07", "expdttm": "2017-12-31T23:59:00", "licstatus": "Inactive", "licensecat": "FS", "descript": "Eating & Drinking", "result": "HE_Fail", "resultdttm": "2016-11-16T09:03:46", "violation": "37-6-501.11-.12", "viollevel": "*", "violdesc": "Improper Maintenance of Walls/Ceilings", "violdttm": "2016-11-16T09:03:46", "violstatus": "Fail", "statusdate": null, "comments": "Hood tag expired in October 2016 / Hood cleaning scheduled for 11/26/16.", "address": "5   North SQ", "city": "Boston", "zip": 2113, "property_id": 103520, "latitude_Y": 42.36399, "longitude_X": -71.05357, "year": 2016 }, "geometry": { "type": "Point", "coordinates": [ -71.05357, 42.36399 ] } },
{ "type": "Feature", "properties": { "businessname": "Giacomo's", "dbaname": null, "legalowner": "TAGLIERI JOHN", "namelast": "TAGLIERI", "namefirst": "JOHN", "licenseno": 18579, "issdttm": "2012-01-19T16:49:36", "expdttm": "2019-12-31T23:59:00", "licstatus": "Inactive", "licensecat": "FS", "descript": "Eating & Drinking", "result": "HE_Fail", "resultdttm": "2016-06-15T14:02:37", "violation": "03-3-501.16(A)", "viollevel": "***", "violdesc": "Cold Holding", "violdttm": "2016-06-15T14:02:37", "violstatus": "Fail", "statusdate": null, "comments": "Raw shell eggs sitting out at room temperature / Provide proper cold holding temperatures of 41F or below at all times.", "address": "353   Hanover ST", "city": "Boston", "zip": 2113, "property_id": 155725, "latitude_Y": 42.364557, "longitude_X": -71.053439, "year": 2016 }, "geometry": { "type": "Point", "coordinates": [ -71.053439, 42.364557 ] } },
{ "type": "Feature", "properties": { "businessname": "Giacomo's Restaurant", "dbaname": null, "legalowner": "FOUR 31 COLUMBUS AV CONDO TR", "namelast": "Columbus Corporation", "namefirst": " ", "licenseno": 29950, "issdttm": "2012-02-15T10:52:25", "expdttm": "2020-12-31T23:59:00", "licstatus": "Active", "licensecat": "FS", "descript": "Eating & Drinking", "result": "HE_Fail", "resultdttm": "2015-09-30T17:55:20", "violation": "15-4-202.16", "viollevel": "*", "violdesc": "Non-Food Contact Surfaces", "violdttm": "2015-09-30T17:55:20", "violstatus": "Fail", "statusdate": null, "comments": "wait station/defrost 2 door reach in wait station/resurface worn white shelving", "address": "431   Columbus AVE", "city": "Boston", "zip": 2116, "property_id": 35703, "latitude_Y": 42.344074, "longitude_X": -71.077812, "year": 2015 }, "geometry": { "type": "Point", "coordinates": [ -71.077812, 42.344074 ] } },
{ "type": "Feature", "properties": { "businessname": "Gigi Gelateria", "dbaname": null, "legalowner": "MARTIGNETTI CARL", "namelast": "DePasquale", "namefirst": "Frank", "licenseno": 32971, "issdttm": "2012-04-26T11:55:57", "expdttm": "2017-12-31T23:59:00", "licstatus": "Inactive", "licensecat": "FT", "descript": "Eating & Drinking w/ Take Out", "result": "HE_Filed", "resultdttm": "2017-05-17T13:41:15", "violation": "29-5-201/02.11", "viollevel": "*", "violdesc": "Installed and Maintained", "violdttm": "2017-05-17T13:41:15", "violstatus": "Fail", "statusdate": null, "comments": "Hand sink faucet leaking / Repair", "address": "64  Cross St", "city": "Boston", "zip": 2113, "property_id": 155710, "latitude_Y": 42.362948, "longitude_X": -71.055959, "year": 2017 }, "geometry": { "type": "Point", "coordinates": [ -71.055959, 42.362948 ] } },
{ "type": "Feature", "properties": { "businessname": "Ginger Exchange", "dbaname": null, "legalowner": "KAREN ALBREKTSEN", "namelast": "Symphony Exchange Inc.", "namefirst": " ", "licenseno": 86534, "issdttm": "2013-06-19T08:44:05", "expdttm": "2020-12-31T23:59:00", "licstatus": "Active", "licensecat": "FS", "descript": "Eating & Drinking", "result": "HE_Fail", "resultdttm": "2015-01-09T11:37:08", "violation": "08-3-302.11/3-304.11", "viollevel": "***", "violdesc": "Separation  Segregation Cross Contamination", "violdttm": "2015-01-09T11:37:08", "violstatus": "Fail", "statusdate": null, "comments": "Large container of raw chicken stored above raw pork in walkin- Discontinue and store foods properly- Reviewed with PIC (Handout Given)", "address": "250   Huntington AVE", "city": "Boston", "zip": 2115, "property_id": 157713, "latitude_Y": 42.342201, "longitude_X": -71.08503, "year": 2015 }, "geometry": { "type": "Point", "coordinates": [ -71.08503, 42.342201 ] } },
{ "type": "Feature", "properties": { "businessname": "GLOBE BAR & CAFE", "dbaname": null, "legalowner": "FIENBERG ANDREW  TS.", "namelast": "Cantona Inc", "namefirst": "Globe Bar & Cafe", "licenseno": 353804, "issdttm": "2018-01-18T08:09:09", "expdttm": "2019-12-31T23:59:00", "licstatus": "Inactive", "licensecat": "FS", "descript": "Eating & Drinking", "result": "HE_Closure", "resultdttm": "2019-02-02T09:32:22", "violation": "29-5-201/02.11", "viollevel": "*", "violdesc": "Installed and Maintained", "violdttm": "2019-02-02T09:32:22", "violstatus": "Fail", "statusdate": null, "comments": "repair sprinlker malfunction", "address": "384   Boylston ST", "city": "Boston", "zip": 2116, "property_id": 18315, "latitude_Y": 42.35135, "longitude_X": -71.07187, "year": 2019 }, "geometry": { "type": "Point", "coordinates": [ -71.07187, 42.35135 ] } },
{ "type": "Feature", "properties": { "businessname": "G-Mart Supermarket", "dbaname": null, "legalowner": "ONE25 LINCOLN ST LIABILITY", "namelast": "G-Mart Inc.", "namefirst": " ", "licenseno": 93466, "issdttm": "2013-07-19T10:17:54", "expdttm": "2020-12-31T23:59:00", "licstatus": "Active", "licensecat": "RF", "descript": "Retail Food", "result": "HE_Fail", "resultdttm": "2015-08-26T11:31:23", "violation": "01-3-203.12", "viollevel": "**", "violdesc": "Tags & Records", "violdttm": "2015-08-26T11:31:23", "violstatus": "Fail", "statusdate": null, "comments": "Shellstock tags are not kept on file for at least 90 days. Manager stated that tags are disposed of when the shellfish batch is gone / Ensure tags are maintained on file for at least 90 days.", "address": "109   Lincoln ST", "city": "Boston", "zip": 2111, "property_id": 86024, "latitude_Y": 42.35154, "longitude_X": -71.05857, "year": 2015 }, "geometry": { "type": "Point", "coordinates": [ -71.05857, 42.35154 ] } },
{ "type": "Feature", "properties": { "businessname": "GNC", "dbaname": null, "legalowner": "  ", "namelast": "General Nutrition Corporation", "namefirst": "Att: Accounts Payable", "licenseno": 158037, "issdttm": "2015-11-06T09:12:24", "expdttm": "2018-12-31T23:59:00", "licstatus": "Inactive", "licensecat": "RF", "descript": "Retail Food", "result": "HE_Fail", "resultdttm": "2016-12-14T10:41:30", "violation": "08-3-305-307.11", "viollevel": "*", "violdesc": "Food Protection", "violdttm": "2016-12-14T10:41:30", "violstatus": "Fail", "statusdate": null, "comments": "products in basement not stored 6\" off the floor  store 6\" off floor", "address": "52   Winter ST", "city": "Boston", "zip": 2111, "property_id": 171883, "latitude_Y": 42.35609, "longitude_X": -71.062113, "year": 2016 }, "geometry": { "type": "Point", "coordinates": [ -71.062113, 42.35609 ] } },
{ "type": "Feature", "properties": { "businessname": "GNC", "dbaname": null, "legalowner": "CAPITAL VIDEO CORP. ATTN EXEC OFF.", "namelast": "GENERAL NUTRITION CORP.", "namefirst": " ", "licenseno": 304463, "issdttm": "2016-11-07T10:03:02", "expdttm": "2018-12-31T23:59:00", "licstatus": "Inactive", "licensecat": "RF", "descript": "Retail Food", "result": "HE_Fail", "resultdttm": "2017-05-05T08:43:10", "violation": "29-5-201/02.11", "viollevel": "*", "violdesc": "Installed and Maintained", "violdttm": "2017-05-05T08:43:10", "violstatus": "Fail", "statusdate": null, "comments": "Hot water temperatures at hand sinks 90 F (men's and ladies room) Hot water must maintain 110 F and meet peak demands", "address": "1258   Boylston ST", "city": "Boston", "zip": 2215, "property_id": 156341, "latitude_Y": 42.344764, "longitude_X": -71.09583, "year": 2017 }, "geometry": { "type": "Point", "coordinates": [ -71.09583, 42.344764 ] } },
{ "type": "Feature", "properties": { "businessname": "GNC", "dbaname": null, "legalowner": "THREE 49 NEWBURY STREET LLC", "namelast": "GNC Corporation", "namefirst": "Retail Ops", "licenseno": 333731, "issdttm": "2017-11-06T07:59:31", "expdttm": "2018-12-31T23:59:00", "licstatus": "Inactive", "licensecat": "RF", "descript": "Retail Food", "result": "HE_Filed", "resultdttm": "2018-07-24T15:21:46", "violation": "33-5-501.13-.17", "viollevel": "*", "violdesc": "Adequate Number  Frequency Vermin Proof", "violdttm": "2018-07-24T15:21:46", "violstatus": "Fail", "statusdate": null, "comments": "No cover for waste receptacle in unisex bathroom", "address": "349   Newbury ST", "city": "Boston", "zip": 2115, "property_id": 101569, "latitude_Y": 42.34855, "longitude_X": -71.08726, "year": 2018 }, "geometry": { "type": "Point", "coordinates": [ -71.08726, 42.34855 ] } },
{ "type": "Feature", "properties": { "businessname": "Golden Goose Cafe", "dbaname": null, "legalowner": "  ", "namelast": "Dell Russo Companies LLC", "namefirst": "Stephen T. DeAngelis  Pres.", "licenseno": 318663, "issdttm": "2017-10-31T08:59:08", "expdttm": "2019-12-31T23:59:00", "licstatus": "Inactive", "licensecat": "FT", "descript": "Eating & Drinking w/ Take Out", "result": "HE_Fail", "resultdttm": "2017-10-19T08:38:51", "violation": "12-2-301.12-.15", "viollevel": "***", "violdesc": "Adequate Handwashing/Where/When/How", "violdttm": "2017-10-19T08:38:51", "violstatus": "Fail", "statusdate": null, "comments": "Dishwasher unable to properly wash hands when going back and forth between handling dirty and clean dishes because hand sink is not properly set up.", "address": "65   Atlantic AVE", "city": "Boston", "zip": 2110, "property_id": 180615, "latitude_Y": 42.36292, "longitude_X": -71.05126, "year": 2017 }, "geometry": { "type": "Point", "coordinates": [ -71.05126, 42.36292 ] } },
{ "type": "Feature", "properties": { "businessname": "GOLDEN LEAF RESTAURANT", "dbaname": null, "legalowner": "CHINESE MERCHANTS ASSOC", "namelast": "Triple Eight Mgmt. Corp.", "namefirst": " ", "licenseno": 129486, "issdttm": "2014-12-23T12:17:19", "expdttm": "2020-12-31T23:59:00", "licstatus": "Active", "licensecat": "FS", "descript": "Eating & Drinking", "result": "HE_Fail", "resultdttm": "2015-10-22T17:29:04", "violation": "15-4-202.16", "viollevel": "*", "violdesc": "Non-Food Contact Surfaces", "violdttm": "2015-10-22T17:29:04", "violstatus": "Fail", "statusdate": null, "comments": "remove/repair all non working equipment at upper bar ladies restroom/repair handsink counter ice machine/repair loose interior white panel", "address": "20  Hudson ST", "city": "Boston", "zip": 2111, "property_id": 75859, "latitude_Y": 42.350406, "longitude_X": -71.059976, "year": 2015 }, "geometry": { "type": "Point", "coordinates": [ -71.059976, 42.350406 ] } },
{ "type": "Feature", "properties": { "businessname": "Good Bite", "dbaname": null, "legalowner": null, "namelast": "Noufal Inc.", "namefirst": "Ayman M. Noufal", "licenseno": 401926, "issdttm": "2019-07-16T10:29:40", "expdttm": "2020-12-31T23:59:00", "licstatus": "Active", "licensecat": "FT", "descript": "Eating & Drinking w/ Take Out", "result": "HE_Fail", "resultdttm": "2020-02-25T10:53:14", "violation": "590.003/3-305.11-C", "viollevel": "*", "violdesc": "Food Storage-Preventing Contamination from the Premises (C)", "violdttm": "2020-02-25T10:53:14", "violstatus": "Fail", "statusdate": null, "comments": "Salad sitting in sanitizer bay of 3 bay sink  ensure salads prepared @ prep sink.", "address": "2   Avenue De Lafayette ", "city": "Boston", "zip": 2111, "property_id": 6847, "latitude_Y": 42.35404, "longitude_X": -71.0611, "year": 2020 }, "geometry": { "type": "Point", "coordinates": [ -71.0611, 42.35404 ] } },
{ "type": "Feature", "properties": { "businessname": "Gourmet China House", "dbaname": null, "legalowner": "CHIN MICHAEL", "namelast": "Authentic China House", "namefirst": "Chin Chen Chang", "licenseno": 367154, "issdttm": "2018-12-28T10:45:41", "expdttm": "2020-12-31T23:59:00", "licstatus": "Active", "licensecat": "FS", "descript": "Eating & Drinking", "result": "HE_Fail", "resultdttm": "2019-08-30T11:46:04", "violation": "590.003/3-305.11-C", "viollevel": "*", "violdesc": "Food Storage-Preventing Contamination from the Premises (C)", "violdttm": "2019-08-30T11:46:04", "violstatus": "Fail", "statusdate": null, "comments": "Multiple bowls of vegetables and tofu stored on floor under and around 3 bay sink  store under refrigeration and protected from contamination", "address": "55   Beach ST", "city": "Boston", "zip": 2111, "property_id": 158134, "latitude_Y": 42.351249, "longitude_X": -71.06068, "year": 2019 }, "geometry": { "type": "Point", "coordinates": [ -71.06068, 42.351249 ] } },
{ "type": "Feature", "properties": { "businessname": "Grain Exchange", "dbaname": null, "legalowner": "CARRIGAN CAROL A", "namelast": "170 L L C", "namefirst": " ", "licenseno": 79140, "issdttm": "2012-10-18T09:11:47", "expdttm": "2020-12-31T23:59:00", "licstatus": "Active", "licensecat": "FS", "descript": "Eating & Drinking", "result": "HE_Fail", "resultdttm": "2016-09-21T13:49:43", "violation": "02-3-602.11-.12/3-302.12", "viollevel": "*", "violdesc": "Food Container Labels", "violdttm": "2016-09-21T13:49:43", "violstatus": "Fail", "statusdate": null, "comments": "Sauce container in the main kitchen area observed with no labels.Provide.", "address": "168   Milk ST", "city": "Boston", "zip": 2109, "property_id": 95435, "latitude_Y": 42.358727, "longitude_X": -71.052604, "year": 2016 }, "geometry": { "type": "Point", "coordinates": [ -71.052604, 42.358727 ] } },
{ "type": "Feature", "properties": { "businessname": "Grass Roots Cafe", "dbaname": null, "legalowner": "  ", "namelast": "Min Kyu Pak", "namefirst": " ", "licenseno": 93145, "issdttm": "2013-07-17T09:08:51", "expdttm": "2020-12-31T23:59:00", "licstatus": "Active", "licensecat": "FT", "descript": "Eating & Drinking w/ Take Out", "result": "HE_Fail", "resultdttm": "2015-01-06T14:29:34", "violation": "10-3-304.12", "viollevel": "*", "violdesc": "Food Utensil Storage", "violdttm": "2015-01-06T14:29:34", "violstatus": "Fail", "statusdate": null, "comments": "Rice scoop and spoons stored in stagnant water / Discontinue and properly store.", "address": "101  Arch ST", "city": "Boston", "zip": 2110, "property_id": 179021, "latitude_Y": 42.355, "longitude_X": -71.0587, "year": 2015 }, "geometry": { "type": "Point", "coordinates": [ -71.0587, 42.355 ] } },
{ "type": "Feature", "properties": { "businessname": "Gre.Co", "dbaname": null, "legalowner": "QUERZOLI LYNNE M", "namelast": "Tsolakis", "namefirst": "Demetri", "licenseno": 304015, "issdttm": "2017-02-08T11:01:26", "expdttm": "2020-12-31T23:59:00", "licstatus": "Active", "licensecat": "FT", "descript": "Eating & Drinking w/ Take Out", "result": "HE_Fail", "resultdttm": "2017-06-21T12:06:55", "violation": "02-3-602.11-.12/3-302.12", "viollevel": "*", "violdesc": "Food Container Labels", "violdttm": "2017-06-21T12:06:55", "violstatus": "Fail", "statusdate": null, "comments": "Bulk food containers with no labels - Provide", "address": "225   Newbury ST", "city": "Boston", "zip": 2116, "property_id": 101442, "latitude_Y": 42.35003, "longitude_X": -71.08169, "year": 2017 }, "geometry": { "type": "Point", "coordinates": [ -71.08169, 42.35003 ] } },
{ "type": "Feature", "properties": { "businessname": "GREAT BARBECU INC.", "dbaname": null, "legalowner": "WONG BILLY Y ETAL", "namelast": "CHEN", "namefirst": "WEN DONG", "licenseno": 26477, "issdttm": "2012-04-26T09:15:07", "expdttm": "2020-12-31T23:59:00", "licstatus": "Active", "licensecat": "FT", "descript": "Eating & Drinking w/ Take Out", "result": "HE_Fail", "resultdttm": "2015-06-17T14:25:26", "violation": "03-3-501.16(A)", "viollevel": "***", "violdesc": "Cold Holding", "violdttm": "2015-06-17T14:25:26", "violstatus": "Fail", "statusdate": null, "comments": "Raw pork parts sitting out at room temperature / Manager moved to walk in / Provde proper cold holding.", "address": "15   Hudson ST", "city": "Boston", "zip": 2111, "property_id": 75854, "latitude_Y": 42.35074, "longitude_X": -71.06023, "year": 2015 }, "geometry": { "type": "Point", "coordinates": [ -71.06023, 42.35074 ] } },
{ "type": "Feature", "properties": { "businessname": "Great Neck Health Food Inc.", "dbaname": null, "legalowner": "URBAN GROWTH PROPERTY LP", "namelast": "Lau", "namefirst": "Siu Mai", "licenseno": 137724, "issdttm": "2014-12-11T09:31:37", "expdttm": "2018-12-31T23:59:00", "licstatus": "Inactive", "licensecat": "RF", "descript": "Retail Food", "result": "HE_Fail", "resultdttm": "2018-02-23T14:59:04", "violation": "M-2-103.11", "viollevel": "***", "violdesc": "PIC Performing Duties", "violdttm": "2018-02-23T14:59:04", "violstatus": "Fail", "statusdate": null, "comments": "8-301.11 2108 Health Permit not paid  remit payment", "address": "14   Beach ST", "city": "Boston", "zip": 2111, "property_id": 9385, "latitude_Y": 42.35164, "longitude_X": -71.06159, "year": 2018 }, "geometry": { "type": "Point", "coordinates": [ -71.06159, 42.35164 ] } },
{ "type": "Feature", "properties": { "businessname": "Great Taste Bakery and Restaurant", "dbaname": null, "legalowner": "CHINESE MERCHANTS ASSOC", "namelast": "Great Taste Corp", "namefirst": " ", "licenseno": 30637, "issdttm": "2012-04-26T08:59:32", "expdttm": "2020-12-31T23:59:00", "licstatus": "Active", "licensecat": "FS", "descript": "Eating & Drinking", "result": "HE_Fail", "resultdttm": "2015-09-17T13:45:09", "violation": "03-3-501.16(A)", "viollevel": "***", "violdesc": "Cold Holding", "violdttm": "2015-09-17T13:45:09", "violstatus": "Fail", "statusdate": null, "comments": "Bean sprouts sitting out at 80F / Provide proper cold holding temperatures.", "address": "61   Beach ST", "city": "Boston", "zip": 2111, "property_id": 9397, "latitude_Y": 42.35115, "longitude_X": -71.06025, "year": 2015 }, "geometry": { "type": "Point", "coordinates": [ -71.06025, 42.35115 ] } },
{ "type": "Feature", "properties": { "businessname": "Great Taste Italian & Mexican", "dbaname": null, "legalowner": "ONE HUNDRED CITY HALL PZ LP", "namelast": "Baraka", "namefirst": "Mohamed", "licenseno": 74748, "issdttm": "2012-02-13T10:12:52", "expdttm": "2019-12-31T23:59:00", "licstatus": "Inactive", "licensecat": "FT", "descript": "Eating & Drinking w/ Take Out", "result": "HE_Fail", "resultdttm": "2018-03-20T12:46:52", "violation": "21-3-304.14", "viollevel": "*", "violdesc": "Wiping Cloths  Clean  Sanitize", "violdttm": "2018-03-20T12:46:52", "violstatus": "Fail", "statusdate": null, "comments": "Wet wiping cloths leftout of sanitizer. Remove store properly in sanitizer.", "address": "38   Cornhill  ", "city": "Boston", "zip": 2108, "property_id": 154049, "latitude_Y": 42.35952, "longitude_X": -71.05866, "year": 2018 }, "geometry": { "type": "Point", "coordinates": [ -71.05866, 42.35952 ] } },
{ "type": "Feature", "properties": { "businessname": "Greek Street", "dbaname": null, "legalowner": "OMNI ORTIZ", "namelast": "Mendez", "namefirst": "Jon", "licenseno": 411454, "issdttm": "2019-10-04T15:36:38", "expdttm": "2019-12-31T23:59:00", "licstatus": "Active", "licensecat": "FT", "descript": "Eating & Drinking w/ Take Out", "result": "HE_Filed", "resultdttm": "2020-01-07T13:12:29", "violation": "590.003/3-304.14-C", "viollevel": "*", "violdesc": "Wiping Cloths  Use Limitation (C)", "violdttm": "2020-01-07T13:12:29", "violstatus": "Fail", "statusdate": null, "comments": "Wiping cloths stored wet on counters. Store properly in sanitizer solution.", "address": "401   Park DR", "city": "Boston", "zip": 2115, "property_id": 156914, "latitude_Y": 42.344534, "longitude_X": -71.102755, "year": 2020 }, "geometry": { "type": "Point", "coordinates": [ -71.102755, 42.344534 ] } },
{ "type": "Feature", "properties": { "businessname": "GREEN DRAGON TAVERN", "dbaname": null, "legalowner": null, "namelast": "JOHN J. SOMERS", "namefirst": " ", "licenseno": 19694, "issdttm": "2012-01-19T17:26:42", "expdttm": "2020-12-31T23:59:00", "licstatus": "Active", "licensecat": "FS", "descript": "Eating & Drinking", "result": "HE_Fail", "resultdttm": "2015-04-10T12:00:04", "violation": "02-3-602.11-.12/3-302.12", "viollevel": "*", "violdesc": "Food Container Labels", "violdttm": "2015-04-10T12:00:04", "violstatus": "Fail", "statusdate": null, "comments": "Label all bulk food containers where needed [ sugar - flour - salt ]", "address": "11   Marshall ST", "city": "Boston", "zip": 2108, "property_id": 158038, "latitude_Y": 42.361469, "longitude_X": -71.056839, "year": 2015 }, "geometry": { "type": "Point", "coordinates": [ -71.056839, 42.361469 ] } },
{ "type": "Feature", "properties": { "businessname": "GRIDDLER'S BURGERS & DOGS", "dbaname": null, "legalowner": "ATRIA SALVATORE", "namelast": "BNV II Inc.", "namefirst": " ", "licenseno": 32186, "issdttm": "2011-12-30T15:12:46", "expdttm": "2016-12-31T23:59:00", "licstatus": "Inactive", "licensecat": "FT", "descript": "Eating & Drinking w/ Take Out", "result": "HE_Fail", "resultdttm": "2016-01-14T12:57:38", "violation": "37-6-501.11-.12", "viollevel": "*", "violdesc": "Improper Maintenance of Walls/Ceilings", "violdttm": "2016-01-14T12:57:38", "violstatus": "Fail", "statusdate": null, "comments": "Hood sticker at cookline expired. Provide updated properly hole punched hood sticker reflecting current service from BFD licensed hood maintenance company.", "address": "204   Cambridge ST", "city": "Boston", "zip": 2114, "property_id": 25253, "latitude_Y": 42.36096, "longitude_X": -71.06586, "year": 2016 }, "geometry": { "type": "Point", "coordinates": [ -71.06586, 42.36096 ] } },
{ "type": "Feature", "properties": { "businessname": "GRILL 23 AND BAR", "dbaname": null, "legalowner": null, "namelast": "SBH CORP.", "namefirst": " ", "licenseno": 19805, "issdttm": "2011-12-29T12:43:20", "expdttm": "2020-12-31T23:59:00", "licstatus": "Active", "licensecat": "FS", "descript": "Eating & Drinking", "result": "HE_Fail", "resultdttm": "2015-10-06T18:30:52", "violation": "02-3-602.11-.12/3-302.12", "viollevel": "*", "violdesc": "Food Container Labels", "violdttm": "2015-10-06T18:30:52", "violstatus": "Fail", "statusdate": null, "comments": "Provide proper labels on all bulk storage containers throughout all kitchens", "address": "161  Berkeley St", "city": "Boston", "zip": 2116, "property_id": 158191, "latitude_Y": 42.349397, "longitude_X": -71.071858, "year": 2015 }, "geometry": { "type": "Point", "coordinates": [ -71.071858, 42.349397 ] } },
{ "type": "Feature", "properties": { "businessname": "GROTTO", "dbaname": null, "legalowner": "COMMONWEALTH LAND TRUST INC", "namelast": "HERRITT", "namefirst": "SCOTT", "licenseno": 22698, "issdttm": "2012-01-03T13:47:26", "expdttm": "2020-12-31T23:59:00", "licstatus": "Active", "licensecat": "FS", "descript": "Eating & Drinking", "result": "HE_Fail", "resultdttm": "2016-05-26T13:02:33", "violation": "02-3-602.11-.12/3-302.12", "viollevel": "*", "violdesc": "Food Container Labels", "violdttm": "2016-05-26T13:02:33", "violstatus": "Fail", "statusdate": null, "comments": "Several squeeze bottles at cookline without labels. Provide labels.", "address": "37   Bowdoin ST", "city": "Boston", "zip": 2114, "property_id": 17611, "latitude_Y": 42.35991, "longitude_X": -71.063085, "year": 2016 }, "geometry": { "type": "Point", "coordinates": [ -71.063085, 42.35991 ] } },
{ "type": "Feature", "properties": { "businessname": "Guru The Caterer", "dbaname": null, "legalowner": null, "namelast": "Guru The Caterer Inc.", "namefirst": " ", "licenseno": 37251, "issdttm": "2012-04-02T12:48:26", "expdttm": "2015-12-31T23:59:00", "licstatus": "Inactive", "licensecat": "FT", "descript": "Eating & Drinking w/ Take Out", "result": "HE_Fail", "resultdttm": "2015-09-09T11:05:00", "violation": "35-6-501.111/.115", "viollevel": "**", "violdesc": "Insects  Rodents  Animals", "violdttm": "2015-09-09T11:05:00", "violstatus": "Fail", "statusdate": null, "comments": "Fruit flies noted in back area / Contact pest control.", "address": "185   Devonshire ST", "city": "Boston", "zip": 2110, "property_id": 158856, "latitude_Y": 42.355943, "longitude_X": -71.057564, "year": 2015 }, "geometry": { "type": "Point", "coordinates": [ -71.057564, 42.355943 ] } },
{ "type": "Feature", "properties": { "businessname": "Guy Fieri's Tequilla Cocina", "dbaname": null, "legalowner": "  ", "namelast": "Big Causeway LLC", "namefirst": "Randy Greenstein", "licenseno": 377683, "issdttm": "2019-10-30T09:38:07", "expdttm": "2020-12-31T23:59:00", "licstatus": "Active", "licensecat": "FS", "descript": "Eating & Drinking", "result": "HE_Fail", "resultdttm": "2019-12-03T12:23:35", "violation": "590.006/6-201.11-C", "viollevel": "*", "violdesc": "Floors  Walls and Ceilings-Cleanability (C)", "violdttm": "2019-12-03T12:23:35", "violstatus": "Fail", "statusdate": null, "comments": "Exposed piping and duckwork over bar section. Ceiling over food service area must be Smooth and easily cleanable.", "address": "100  Causeway St", "city": "Boston", "zip": 2114, "property_id": 162913, "latitude_Y": 42.365215, "longitude_X": -71.061165, "year": 2019 }, "geometry": { "type": "Point", "coordinates": [ -71.061165, 42.365215 ] } },
{ "type": "Feature", "properties": { "businessname": "Haju Kitchen", "dbaname": null, "legalowner": "DAVOS X YIANNIS TS", "namelast": "Jung", "namefirst": "Ji Sook", "licenseno": 348049, "issdttm": "2018-03-14T15:27:22", "expdttm": "2020-12-31T23:59:00", "licstatus": "Active", "licensecat": "FS", "descript": "Eating & Drinking", "result": "HE_Fail", "resultdttm": "2018-03-08T09:03:26", "violation": "08-3-302.11/3-304.11", "viollevel": "***", "violdesc": "Separation  Segregation Cross Contamination", "violdttm": "2018-03-08T09:03:26", "violstatus": "Fail", "statusdate": null, "comments": "Raw chicken stored above raw beef and vegetables in refrigeration- Store foods properly. Reviewed with PIC", "address": "175   Massachusetts AVE", "city": "Boston", "zip": 2115, "property_id": 91979, "latitude_Y": 42.34583, "longitude_X": -71.08737, "year": 2018 }, "geometry": { "type": "Point", "coordinates": [ -71.08737, 42.34583 ] } },
{ "type": "Feature", "properties": { "businessname": "Halal Indian Cuisine", "dbaname": null, "legalowner": "BOESEN DONALD TRSTS", "namelast": "Khan", "namefirst": "Iqbal", "licenseno": 29881, "issdttm": "2012-03-01T10:05:31", "expdttm": "2017-12-31T23:59:00", "licstatus": "Inactive", "licensecat": "FT", "descript": "Eating & Drinking w/ Take Out", "result": "HE_Fail", "resultdttm": "2015-02-23T11:29:53", "violation": "22-4-601/602.11", "viollevel": "**", "violdesc": "Food Contact Surfaces Clean", "violdttm": "2015-02-23T11:29:53", "violstatus": "Pass", "statusdate": "2015-02-24T07:29:23", "comments": "clean can opener and blade", "address": "724   Huntington AVE", "city": "Boston", "zip": 2115, "property_id": 76411, "latitude_Y": 42.333841, "longitude_X": -71.105038, "year": 2015 }, "geometry": { "type": "Point", "coordinates": [ -71.105038, 42.333841 ] } },
{ "type": "Feature", "properties": { "businessname": "HALF TIME", "dbaname": null, "legalowner": "PASQUALE DORA", "namelast": "PASQUALE", "namefirst": "DORA", "licenseno": 18260, "issdttm": "2012-02-08T16:36:03", "expdttm": "2020-12-31T23:59:00", "licstatus": "Active", "licensecat": "FT", "descript": "Eating & Drinking w/ Take Out", "result": "HE_Fail", "resultdttm": "2016-02-02T13:13:44", "violation": "12-2-401.11-.12", "viollevel": "***", "violdesc": "Good Hygienic Practices", "violdttm": "2016-02-02T13:13:44", "violstatus": "Fail", "statusdate": null, "comments": "Observed employee at cookline eating french fries with gloved hand and resume work. Avoid hand to mouth contact with gloves. Wash hands and change gloves with proper frequency.", "address": "113   Causeway ST", "city": "Boston", "zip": 2114, "property_id": 155699, "latitude_Y": 42.365054, "longitude_X": -71.061409, "year": 2016 }, "geometry": { "type": "Point", "coordinates": [ -71.061409, 42.365054 ] } },
{ "type": "Feature", "properties": { "businessname": "Hall", "dbaname": null, "legalowner": "GRIESINGER PAUL E TS", "namelast": "Hall Environments Inc.", "namefirst": "Att: Albert Nichols", "licenseno": 331354, "issdttm": "2017-08-23T10:02:07", "expdttm": "2019-12-31T23:59:00", "licstatus": "Inactive", "licensecat": "FS", "descript": "Eating & Drinking", "result": "HE_Fail", "resultdttm": "2018-06-12T11:46:23", "violation": "20-4-703.11", "viollevel": "***", "violdesc": "Food Contact Surfaces Clean", "violdttm": "2018-06-12T11:46:23", "violstatus": "Fail", "statusdate": null, "comments": "High temp dishmachine 0 PPM Only paper/disposables/non reusables are permitted. All food is prepared off site at a commissary kitchen. Only reheating on premises. PIC call dish washing company during inspection.", "address": "284  Newbury ST", "city": "Boston", "zip": 2115, "property_id": 101518, "latitude_Y": 42.34894, "longitude_X": -71.08424, "year": 2018 }, "geometry": { "type": "Point", "coordinates": [ -71.08424, 42.34894 ] } },
{ "type": "Feature", "properties": { "businessname": "Hampshire House Butcher Block", "dbaname": null, "legalowner": "KERSHAW THOMAS A", "namelast": "KERSHAW", "namefirst": "THOMAS A", "licenseno": 18057, "issdttm": "2012-01-24T12:49:30", "expdttm": "2020-12-31T23:59:00", "licstatus": "Active", "licensecat": "FS", "descript": "Eating & Drinking", "result": "HE_Fail", "resultdttm": "2015-05-19T15:01:58", "violation": "03-3-501.16(A)", "viollevel": "***", "violdesc": "Cold Holding", "violdttm": "2015-05-19T15:01:58", "violstatus": "Fail", "statusdate": null, "comments": "Raw burger registered 50F. PIC removed it to the walk in cooler. Maintain at 41F or below.", "address": "84   Beacon ST", "city": "Boston", "zip": 2108, "property_id": 155676, "latitude_Y": 42.355981, "longitude_X": -71.071299, "year": 2015 }, "geometry": { "type": "Point", "coordinates": [ -71.071299, 42.355981 ] } },
{ "type": "Feature", "properties": { "businessname": "Happy Pills", "dbaname": null, "legalowner": "RECUPERO VITTORIO ETAL", "namelast": "Pajolek", "namefirst": "Michael", "licenseno": 414490, "issdttm": "2019-12-06T10:00:32", "expdttm": "2020-12-31T23:59:00", "licstatus": "Active", "licensecat": "RF", "descript": "Retail Food", "result": "HE_FailExt", "resultdttm": "2019-11-27T11:54:52", "violation": "590.004/4-302.14-PF", "viollevel": "**", "violdesc": "Sanitizing Solutions  Testing Devices (Pf)", "violdttm": "2019-11-27T11:54:52", "violstatus": "Fail", "statusdate": null, "comments": "There are no test strips.  Provide.", "address": "121   Salem ST", "city": "Boston", "zip": 2113, "property_id": 121723, "latitude_Y": 42.36456, "longitude_X": -71.05537, "year": 2019 }, "geometry": { "type": "Point", "coordinates": [ -71.05537, 42.36456 ] } },
{ "type": "Feature", "properties": { "businessname": "HARBORSIDE INN OF BOSTON", "dbaname": null, "legalowner": "  ", "namelast": "H & H L L C", "namefirst": " ", "licenseno": 79028, "issdttm": "2013-06-27T08:49:47", "expdttm": "2020-12-31T23:59:00", "licstatus": "Active", "licensecat": "FS", "descript": "Eating & Drinking", "result": "HE_Fail", "resultdttm": "2020-01-13T13:48:38", "violation": "590.002(C)/2-102.12-C", "viollevel": "*", "violdesc": "(A) Certified Food Protection Manager (C)", "violdttm": "2020-01-13T13:48:38", "violstatus": "Fail", "statusdate": null, "comments": "Post copy of at least 1 Cerified Food Manager's certificate.", "address": "185   State ST", "city": "Boston", "zip": 2109, "property_id": 340810, "latitude_Y": 42.359265, "longitude_X": -71.052854, "year": 2020 }, "geometry": { "type": "Point", "coordinates": [ -71.052854, 42.359265 ] } },
{ "type": "Feature", "properties": { "businessname": "Harborview Cafe", "dbaname": null, "legalowner": "NEW ENGLAND AQUARIUM", "namelast": "Patina Marine Life LLC", "namefirst": "Att: Accounts Payable", "licenseno": 381913, "issdttm": "2019-01-15T08:04:33", "expdttm": "2020-12-31T23:59:00", "licstatus": "Active", "licensecat": "FS", "descript": "Eating & Drinking", "result": "HE_Fail", "resultdttm": "2019-01-01T10:17:56", "violation": "23-4-602.13", "viollevel": "*", "violdesc": "Non-Food Contact Surfaces Clean", "violdttm": "2019-01-01T10:17:56", "violstatus": "Fail", "statusdate": null, "comments": "Light bulb covers observed soiled above cook line.Clean to remove soils.", "address": "250  Atlantic AVE", "city": "Boston", "zip": 2110, "property_id": 158389, "latitude_Y": 42.356944, "longitude_X": -71.050388, "year": 2019 }, "geometry": { "type": "Point", "coordinates": [ -71.050388, 42.356944 ] } },
{ "type": "Feature", "properties": { "businessname": "Hard Rock Cafe", "dbaname": null, "legalowner": "SULLIVAN JAMES F TRST", "namelast": "Hard Rock Cafe International", "namefirst": "(STP)  Inc.", "licenseno": 27086, "issdttm": "2012-01-12T11:53:45", "expdttm": "2020-12-31T23:59:00", "licstatus": "Active", "licensecat": "FS", "descript": "Eating & Drinking", "result": "HE_Fail", "resultdttm": "2016-05-16T10:54:15", "violation": "14-4-202.11", "viollevel": "*", "violdesc": "Food Contact Surfaces Design", "violdttm": "2016-05-16T10:54:15", "violstatus": "Fail", "statusdate": null, "comments": "Cutting boards at char broiler heavily scored. Resurface or replace.", "address": "20   Clinton ST", "city": "Boston", "zip": 2109, "property_id": 34045, "latitude_Y": 42.36088, "longitude_X": -71.05498, "year": 2016 }, "geometry": { "type": "Point", "coordinates": [ -71.05498, 42.36088 ] } },
{ "type": "Feature", "properties": { "businessname": "Harpoon Brewery Beer Hall", "dbaname": null, "legalowner": "ZANTI", "namelast": "MBBC INC.", "namefirst": "Att: Felicia Ruano", "licenseno": 79244, "issdttm": "2013-02-01T08:49:49", "expdttm": "2020-12-31T23:59:00", "licstatus": "Active", "licensecat": "FS", "descript": "Eating & Drinking", "result": "HE_Filed", "resultdttm": "2019-05-02T12:49:18", "violation": "590.009(E)", "viollevel": "*", "violdesc": "Anti-Choking", "violdttm": "2019-05-02T12:49:18", "violstatus": "Fail", "statusdate": null, "comments": "No choke save certificate on site. Provide.", "address": "306   Northern AVE", "city": "Boston", "zip": 2210, "property_id": 156978, "latitude_Y": 42.346919, "longitude_X": -71.034157, "year": 2019 }, "geometry": { "type": "Point", "coordinates": [ -71.034157, 42.346919 ] } },
{ "type": "Feature", "properties": { "businessname": "HARRY'S COLD CUT CENTER", "dbaname": null, "legalowner": null, "namelast": "ROY FOURNIER", "namefirst": " ", "licenseno": 22372, "issdttm": "2012-01-13T11:49:43", "expdttm": "2020-12-31T23:59:00", "licstatus": "Active", "licensecat": "RF", "descript": "Retail Food", "result": "HE_Fail", "resultdttm": "2015-03-24T10:55:48", "violation": "02-3-602.11-.12/3-302.12", "viollevel": "*", "violdesc": "Food Container Labels", "violdttm": "2015-03-24T10:55:48", "violstatus": "Fail", "statusdate": null, "comments": "Label all clear plastic spray bottles - label all bulk food containers to properly identify the product", "address": "98   Blackstone ST", "city": "Boston", "zip": 2109, "property_id": 156171, "latitude_Y": 42.361523, "longitude_X": -71.056428, "year": 2015 }, "geometry": { "type": "Point", "coordinates": [ -71.056428, 42.361523 ] } },
{ "type": "Feature", "properties": { "businessname": "HARVARD BUS./ALDRICH HALL", "dbaname": null, "legalowner": "RESTAURANT ASSOCIATES", "namelast": "RESTAURANT ASSOCIATES", "namefirst": " ", "licenseno": 24027, "issdttm": "2012-02-15T13:57:39", "expdttm": "2020-12-31T23:59:00", "licstatus": "Active", "licensecat": "FS", "descript": "Eating & Drinking", "result": "HE_Fail", "resultdttm": "2018-10-24T13:02:46", "violation": "01-3-602.11 B2", "viollevel": "***", "violdesc": "Labeling of Ingredients", "violdttm": "2018-10-24T13:02:46", "violstatus": "Fail", "statusdate": null, "comments": "Provide Proper labels on packaged items listing all ingredients.", "address": "35   Harvard WAY", "city": "Boston", "zip": 2163, "property_id": 156898, "latitude_Y": 42.365895, "longitude_X": -71.12208, "year": 2018 }, "geometry": { "type": "Point", "coordinates": [ -71.12208, 42.365895 ] } },
{ "type": "Feature", "properties": { "businessname": "HARVARD BUS./BAKER FACULTY", "dbaname": null, "legalowner": "RESTAURANT ASSOCIATES", "namelast": "RESTAURANT ASSOCIATES", "namefirst": " ", "licenseno": 24025, "issdttm": "2012-02-15T13:57:12", "expdttm": "2020-12-31T23:59:00", "licstatus": "Active", "licensecat": "FS", "descript": "Eating & Drinking", "result": "HE_Fail", "resultdttm": "2018-10-24T12:50:43", "violation": "29-5-201/02.11", "viollevel": "*", "violdesc": "Installed and Maintained", "violdttm": "2018-10-24T12:50:43", "violstatus": "Fail", "statusdate": null, "comments": "Hot water fixture at dish room hand sink not operating properly.Repair", "address": "25  Harvard WAY", "city": "Boston", "zip": 2163, "property_id": 157094, "latitude_Y": 42.366436, "longitude_X": -71.122758, "year": 2018 }, "geometry": { "type": "Point", "coordinates": [ -71.122758, 42.366436 ] } },
{ "type": "Feature", "properties": { "businessname": "HARVARD CLUB OF BOSTON", "dbaname": null, "legalowner": "GILLBERG", "namelast": "GEORGE", "namefirst": "LAHAM", "licenseno": 18356, "issdttm": "2012-02-15T13:40:29", "expdttm": "2020-12-31T23:59:00", "licstatus": "Active", "licensecat": "FS", "descript": "Eating & Drinking", "result": "HE_Fail", "resultdttm": "2016-03-09T08:50:17", "violation": "15-4-202.16", "viollevel": "*", "violdesc": "Non-Food Contact Surfaces", "violdttm": "2016-03-09T08:50:17", "violstatus": "Fail", "statusdate": null, "comments": "No divider/splash guards between hand sink and clean equipment storage.", "address": "374  Commonwealth AVE", "city": "Boston", "zip": 2215, "property_id": 157068, "latitude_Y": 42.349462, "longitude_X": -71.089418, "year": 2016 }, "geometry": { "type": "Point", "coordinates": [ -71.089418, 42.349462 ] } },
{ "type": "Feature", "properties": { "businessname": "HARVARD CLUB OF BOSTON", "dbaname": null, "legalowner": "JAMESTOWN ONE FEDERAL LP", "namelast": "GEORGE", "namefirst": "LAHAM", "licenseno": 18521, "issdttm": "2012-02-14T09:01:30", "expdttm": "2020-12-31T23:59:00", "licstatus": "Active", "licensecat": "FS", "descript": "Eating & Drinking", "result": "HE_Filed", "resultdttm": "2018-09-17T10:57:17", "violation": "15-4-202.16", "viollevel": "*", "violdesc": "Non-Food Contact Surfaces", "violdttm": "2018-09-17T10:57:17", "violstatus": "Fail", "statusdate": null, "comments": "remove rust buildup on top of the grease trap.", "address": "1   Federal ST", "city": "Boston", "zip": 2110, "property_id": 57149, "latitude_Y": 42.3561, "longitude_X": -71.05695, "year": 2018 }, "geometry": { "type": "Point", "coordinates": [ -71.05695, 42.3561 ] } },
{ "type": "Feature", "properties": { "businessname": "Harvard Gardens", "dbaname": null, "legalowner": "COULOURAS LOUIS", "namelast": "c/o Lyons Group", "namefirst": " ", "licenseno": 30610, "issdttm": "2011-12-13T10:13:13", "expdttm": "2020-12-31T23:59:00", "licstatus": "Active", "licensecat": "FS", "descript": "Eating & Drinking", "result": "HE_Fail", "resultdttm": "2015-06-19T12:26:17", "violation": "17-4-204.112/.115", "viollevel": "*", "violdesc": "Equipment Thermometers", "violdttm": "2015-06-19T12:26:17", "violstatus": "Fail", "statusdate": null, "comments": "Provide working internal thermometers for all refrigeration", "address": "310   Cambridge ST", "city": "Boston", "zip": 2114, "property_id": 25286, "latitude_Y": 42.36093, "longitude_X": -71.06901, "year": 2015 }, "geometry": { "type": "Point", "coordinates": [ -71.06901, 42.36093 ] } },
{ "type": "Feature", "properties": { "businessname": "Healthy Blends", "dbaname": null, "legalowner": "BOSTON UNIVERSITY TRSTS", "namelast": "Trustees of Boston University", "namefirst": "Director of Safety & Sanitation", "licenseno": 83792, "issdttm": "2013-03-25T14:39:48", "expdttm": "2020-12-31T23:59:00", "licstatus": "Active", "licensecat": "FT", "descript": "Eating & Drinking w/ Take Out", "result": "HE_Fail", "resultdttm": "2016-10-24T11:46:38", "violation": "15-4-202.16", "viollevel": "*", "violdesc": "Non-Food Contact Surfaces", "violdttm": "2016-10-24T11:46:38", "violstatus": "Fail", "statusdate": null, "comments": "Provide splash gaured for hand sink at the service area. Splash Gaurd will seperate hand washing area from food prep area.", "address": "700   Commonwealth AVE", "city": "Boston", "zip": 2115, "property_id": 41232, "latitude_Y": 42.34936, "longitude_X": -71.10402, "year": 2016 }, "geometry": { "type": "Point", "coordinates": [ -71.10402, 42.34936 ] } },
{ "type": "Feature", "properties": { "businessname": "HENNESSY'S OF BOSTON", "dbaname": null, "legalowner": "DENORMANDIE PHILIP Y", "namelast": "SOMERS", "namefirst": "JOHN", "licenseno": 21261, "issdttm": "2012-01-11T15:16:24", "expdttm": "2020-12-31T23:59:00", "licstatus": "Active", "licensecat": "FS", "descript": "Eating & Drinking", "result": "HE_Fail", "resultdttm": "2015-04-28T13:56:59", "violation": "16-4-301.12", "viollevel": "*", "violdesc": "Three Compartment Sink", "violdttm": "2015-04-28T13:56:59", "violstatus": "Fail", "statusdate": null, "comments": "Replace missing plugs where needed", "address": "25   Union ST", "city": "Boston", "zip": 2108, "property_id": 139290, "latitude_Y": 42.361014, "longitude_X": -71.056731, "year": 2015 }, "geometry": { "type": "Point", "coordinates": [ -71.056731, 42.361014 ] } },
{ "type": "Feature", "properties": { "businessname": "Hei La Moon Restaurant", "dbaname": null, "legalowner": "CHIN LAURA J.", "namelast": "88 Beach L L C", "namefirst": " ", "licenseno": 129343, "issdttm": "2014-07-16T08:26:27", "expdttm": "2020-12-31T23:59:00", "licstatus": "Active", "licensecat": "FS", "descript": "Eating & Drinking", "result": "HE_Fail", "resultdttm": "2015-03-20T11:52:11", "violation": "02-3-602.11-.12/3-302.12", "viollevel": "*", "violdesc": "Food Container Labels", "violdttm": "2015-03-20T11:52:11", "violstatus": "Fail", "statusdate": null, "comments": "Bulk food containers not labeled.", "address": "88  Beach ST", "city": "Boston", "zip": 2111, "property_id": 156305, "latitude_Y": 42.351328, "longitude_X": -71.059821, "year": 2015 }, "geometry": { "type": "Point", "coordinates": [ -71.059821, 42.351328 ] } },
{ "type": "Feature", "properties": { "businessname": "Heng Fat", "dbaname": null, "legalowner": "  ", "namelast": "Lun Fat Produce Inc.", "namefirst": "Att: Accounts Payable", "licenseno": 384033, "issdttm": "2019-01-25T08:04:25", "expdttm": "2019-12-31T23:59:00", "licstatus": "Inactive", "licensecat": "RF", "descript": "Retail Food", "result": "HE_Fail", "resultdttm": "2019-01-18T11:11:44", "violation": "37-6-501.11-.12", "viollevel": "*", "violdesc": "Improper Maintenance of Walls/Ceilings", "violdttm": "2019-01-18T11:11:44", "violstatus": "Fail", "statusdate": null, "comments": "Walls and ceiling of wlak-in cooler with dusts and mold like build up  clean to remove", "address": "231   Harrison AVE", "city": "Boston", "zip": 2111, "property_id": 247843, "latitude_Y": 42.34747, "longitude_X": -71.06302, "year": 2019 }, "geometry": { "type": "Point", "coordinates": [ -71.06302, 42.34747 ] } },
{ "type": "Feature", "properties": { "businessname": "HERRERA'S MEXICAN GRILL  INC.", "dbaname": null, "legalowner": "HENRY HERRERA", "namelast": "HENRY HERRERA", "namefirst": " ", "licenseno": 21294, "issdttm": "2012-02-16T12:53:44", "expdttm": "2020-12-31T23:59:00", "licstatus": "Active", "licensecat": "FT", "descript": "Eating & Drinking w/ Take Out", "result": "HE_Fail", "resultdttm": "2016-05-31T12:01:34", "violation": "37-6-501.11-.12", "viollevel": "*", "violdesc": "Improper Maintenance of Walls/Ceilings", "violdttm": "2016-05-31T12:01:34", "violstatus": "Fail", "statusdate": null, "comments": "Hood sticker expired in April of 2016  Have cleaned by licensed hood cleaning company with BFD.", "address": "11  Temple Pl", "city": "Boston", "zip": 2111, "property_id": 157714, "latitude_Y": 42.355262, "longitude_X": -71.062458, "year": 2016 }, "geometry": { "type": "Point", "coordinates": [ -71.062458, 42.355262 ] } },
{ "type": "Feature", "properties": { "businessname": "HIGH SPOT DELI", "dbaname": null, "legalowner": null, "namelast": "FRED MESGARZADEH", "namefirst": " ", "licenseno": 20492, "issdttm": "2012-01-31T16:27:35", "expdttm": "2016-12-31T23:59:00", "licstatus": "Inactive", "licensecat": "FS", "descript": "Eating & Drinking", "result": "HE_Fail", "resultdttm": "2016-05-20T11:31:55", "violation": "13-2-304/402.11", "viollevel": "*", "violdesc": "Clean Cloths  Hair Restraint", "violdttm": "2016-05-20T11:31:55", "violstatus": "Fail", "statusdate": null, "comments": "Cookline employees observed without hair restraints. Provide.", "address": "8   Beacon ST", "city": "Boston", "zip": 2108, "property_id": 155953, "latitude_Y": 42.358141, "longitude_X": -71.06179, "year": 2016 }, "geometry": { "type": "Point", "coordinates": [ -71.06179, 42.358141 ] } },
{ "type": "Feature", "properties": { "businessname": "HIGH SPOT DELI", "dbaname": null, "legalowner": "OLLIVIERRE HERBERT TRSTS", "namelast": "Beddiar", "namefirst": "Nathalie", "licenseno": 302286, "issdttm": "2017-01-04T14:49:36", "expdttm": "2020-12-31T23:59:00", "licstatus": "Active", "licensecat": "FS", "descript": "Eating & Drinking", "result": "HE_Fail", "resultdttm": "2017-06-28T11:10:27", "violation": "01-3-602.11 B2", "viollevel": "***", "violdesc": "Labeling of Ingredients", "violdttm": "2017-06-28T11:10:27", "violstatus": "Fail", "statusdate": null, "comments": "Grab and go lentil salad without label or ingredients or allergens and origin. Provide proper lable with ingredients and address of the business.", "address": "10   Beacon ST", "city": "Boston", "zip": 2108, "property_id": 9476, "latitude_Y": 42.3581, "longitude_X": -71.06184, "year": 2017 }, "geometry": { "type": "Point", "coordinates": [ -71.06184, 42.3581 ] } },
{ "type": "Feature", "properties": { "businessname": "Hing Sing Pastry", "dbaname": null, "legalowner": "LEE SHUE PON TRSTS", "namelast": "LEUNG", "namefirst": "HUNG PONG", "licenseno": 18075, "issdttm": "2011-12-28T14:36:55", "expdttm": "2020-12-31T23:59:00", "licstatus": "Active", "licensecat": "RF", "descript": "Retail Food", "result": "HE_Fail", "resultdttm": "2015-06-22T11:31:40", "violation": "15-4-202.16", "viollevel": "*", "violdesc": "Non-Food Contact Surfaces", "violdttm": "2015-06-22T11:31:40", "violstatus": "Fail", "statusdate": null, "comments": "Front doors open  allowing for fly entry / Provide a screen door for front entrance or keep door closed.", "address": "67   Beach ST", "city": "Boston", "zip": 2111, "property_id": 9401, "latitude_Y": 42.3511, "longitude_X": -71.06004, "year": 2015 }, "geometry": { "type": "Point", "coordinates": [ -71.06004, 42.3511 ] } },
{ "type": "Feature", "properties": { "businessname": "Hissho Sushi @ Suffolk Univ.", "dbaname": null, "legalowner": "COMMWLTH OF MASS", "namelast": "Maung Pres.", "namefirst": "Phone Lwin", "licenseno": 148222, "issdttm": "2015-09-14T14:48:48", "expdttm": "2020-12-31T23:59:00", "licstatus": "Active", "licensecat": "FS", "descript": "Eating & Drinking", "result": "HE_Fail", "resultdttm": "2016-09-08T13:01:52", "violation": "M-2-103.11", "viollevel": "***", "violdesc": "PIC Performing Duties", "violdttm": "2016-09-08T13:01:52", "violstatus": "Fail", "statusdate": null, "comments": "Sushi bar permited for sushi only and serving rice bowls and additional menu items. Verify proper permits for additional menu items offered at health division.", "address": "20  Somerset ST", "city": "Boston", "zip": 2108, "property_id": 128378, "latitude_Y": 42.35969, "longitude_X": -71.06179, "year": 2016 }, "geometry": { "type": "Point", "coordinates": [ -71.06179, 42.35969 ] } },
{ "type": "Feature", "properties": { "businessname": "Hojoko", "dbaname": null, "legalowner": "PURO MICHAEL TS", "namelast": "Hojoko LLC", "namefirst": "Nancy Cushman c/o Oya", "licenseno": 135902, "issdttm": "2015-08-07T14:34:43", "expdttm": "2020-12-31T23:59:00", "licstatus": "Active", "licensecat": "FS", "descript": "Eating & Drinking", "result": "HE_Fail", "resultdttm": "2015-08-03T10:57:48", "violation": "03-3-501.14", "viollevel": "***", "violdesc": "Cooling", "violdttm": "2015-08-03T10:57:48", "violstatus": "Fail", "statusdate": null, "comments": "Chicken and shrimp at in undercounter unit at the sushi bar registered 62F. PIC voluntatily discarded them. Maintain at 41F or below.", "address": "1271  Boylston ST", "city": "Boston", "zip": 2215, "property_id": 18077, "latitude_Y": 42.3452, "longitude_X": -71.09676, "year": 2015 }, "geometry": { "type": "Point", "coordinates": [ -71.09676, 42.3452 ] } },
{ "type": "Feature", "properties": { "businessname": "Honest Market", "dbaname": null, "legalowner": "NIKOLAS PSEUDOIKONOMOU", "namelast": "Losoon Water Park LLC", "namefirst": "Att: Manager", "licenseno": 434134, "issdttm": "2020-09-18T13:15:06", "expdttm": "2020-12-31T23:59:00", "licstatus": "Inactive", "licensecat": "RF", "descript": "Retail Food", "result": "HE_Fail", "resultdttm": "2020-09-09T14:06:54", "violation": "590.002(D)/2-103.11-PF", "viollevel": "**", "violdesc": "(A)-(P) Person-In-Charge-Duties (Pf)", "violdttm": "2020-09-09T14:06:54", "violstatus": "Fail", "statusdate": null, "comments": "Change of ownership--PIC instructed to post proper signage of the new Business name at the entrance to the establishment. Business DBA--Honest market", "address": "90   Westland AVE", "city": "Boston", "zip": 2115, "property_id": 156827, "latitude_Y": 42.343755, "longitude_X": -71.089729, "year": 2020 }, "geometry": { "type": "Point", "coordinates": [ -71.089729, 42.343755 ] } },
{ "type": "Feature", "properties": { "businessname": "Honeygrow", "dbaname": null, "legalowner": null, "namelast": "Honeygrow", "namefirst": "Att: Facilities", "licenseno": 333091, "issdttm": "2017-10-11T09:37:43", "expdttm": "2020-12-31T23:59:00", "licstatus": "Active", "licensecat": "FS", "descript": "Eating & Drinking", "result": "HE_Fail", "resultdttm": "2018-03-16T10:59:33", "violation": "03-3-501.16(A)", "viollevel": "***", "violdesc": "Cold Holding", "violdttm": "2018-03-16T10:59:33", "violstatus": "Fail", "statusdate": null, "comments": "Chopped garlic at cookline 50F  Red coconut curry sauce 48F. Maintain cold holding temperature at 41F or below. PIC placed product out of temperature for one hour  on ice to maintain at 41F or below.  Roasted tofu sitting out at room temperature 64F. Maintain cold holding temperatures at 41F or below.", "address": "100  Northern AVE", "city": "Boston", "zip": 2210, "property_id": 172336, "latitude_Y": 42.352856, "longitude_X": -71.043074, "year": 2018 }, "geometry": { "type": "Point", "coordinates": [ -71.043074, 42.352856 ] } },
{ "type": "Feature", "properties": { "businessname": "Hong Kong Eatery", "dbaname": null, "legalowner": null, "namelast": "Kuang", "namefirst": "Benny", "licenseno": 139599, "issdttm": "2015-10-23T13:02:09", "expdttm": "2020-12-31T23:59:00", "licstatus": "Active", "licensecat": "FS", "descript": "Eating & Drinking", "result": "HE_Filed", "resultdttm": "2017-09-22T10:30:04", "violation": "36-6-501.11-.12", "viollevel": "*", "violdesc": "Improper Maintenance of Floors", "violdttm": "2017-09-22T10:30:04", "violstatus": "Fail", "statusdate": null, "comments": "Remove cardboard from floors.", "address": "79   Harrison AVE", "city": "Boston", "zip": 2111, "property_id": 70061, "latitude_Y": 42.35101, "longitude_X": -71.06162, "year": 2017 }, "geometry": { "type": "Point", "coordinates": [ -71.06162, 42.35101 ] } },
{ "type": "Feature", "properties": { "businessname": "Hopsters", "dbaname": null, "legalowner": "SLEEPER STREET BOSTON LLC", "namelast": "Hopsters LLC", "namefirst": "Karen Cooper", "licenseno": 336327, "issdttm": "2017-12-29T11:41:07", "expdttm": "2020-12-31T23:59:00", "licstatus": "Active", "licensecat": "FS", "descript": "Eating & Drinking", "result": "HE_Fail", "resultdttm": "2020-01-28T13:57:16", "violation": "590.003/3-501.16-P", "viollevel": "***", "violdesc": "(A)(2) and (B) Time/Temperature Control for Safety Food  Hot and Cold Holding (P)", "violdttm": "2020-01-28T13:57:16", "violstatus": "Fail", "statusdate": null, "comments": "Dressing at cookline flip top unit 50F.", "address": "51  Sleeper ST", "city": "Boston", "zip": 2210, "property_id": 128151, "latitude_Y": 42.35245, "longitude_X": -71.04855, "year": 2020 }, "geometry": { "type": "Point", "coordinates": [ -71.04855, 42.35245 ] } },
{ "type": "Feature", "properties": { "businessname": "Hot Pot Buffet", "dbaname": null, "legalowner": "WONG KONG HAR ASSOCIATION", "namelast": "Hot Pot Buffet Inc.", "namefirst": " ", "licenseno": 67628, "issdttm": "2011-12-07T14:10:14", "expdttm": "2020-12-31T23:59:00", "licstatus": "Active", "licensecat": "FS", "descript": "Eating & Drinking", "result": "HE_Fail", "resultdttm": "2016-01-13T12:06:50", "violation": "06-3-501.13", "viollevel": "*", "violdesc": "PHF's Properly Thawed", "violdttm": "2016-01-13T12:06:50", "violstatus": "Fail", "statusdate": null, "comments": "Beef and Fish thawing in stagnant water  thaw under refrigeration or cold running water", "address": "70   Beach ST", "city": "Boston", "zip": 2111, "property_id": 9403, "latitude_Y": 42.351353, "longitude_X": -71.059891, "year": 2016 }, "geometry": { "type": "Point", "coordinates": [ -71.059891, 42.351353 ] } },
{ "type": "Feature", "properties": { "businessname": "House of Blues", "dbaname": null, "legalowner": "LANSDOWNE  35-41 LLC", "namelast": "Lyons Group", "namefirst": " ", "licenseno": 30509, "issdttm": "2012-01-09T15:00:29", "expdttm": "2020-12-31T23:59:00", "licstatus": "Active", "licensecat": "FS", "descript": "Eating & Drinking", "result": "HE_Fail", "resultdttm": "2015-10-23T19:24:09", "violation": "02-3-602.11-.12/3-302.12", "viollevel": "*", "violdesc": "Food Container Labels", "violdttm": "2015-10-23T19:24:09", "violstatus": "Fail", "statusdate": null, "comments": "Provide proper labels on all bulk storage containers throughout kitchen and storage areas.", "address": "35   Lansdowne ST", "city": "Boston", "zip": 2215, "property_id": 84007, "latitude_Y": 42.347388, "longitude_X": -71.09615, "year": 2015 }, "geometry": { "type": "Point", "coordinates": [ -71.09615, 42.347388 ] } },
{ "type": "Feature", "properties": { "businessname": "Howl at the Moon", "dbaname": null, "legalowner": "  ", "namelast": "High Street Restaurant Group LLC", "namefirst": " ", "licenseno": 73439, "issdttm": "2011-12-30T11:46:55", "expdttm": "2020-12-31T23:59:00", "licstatus": "Active", "licensecat": "FS", "descript": "Eating & Drinking", "result": "HE_Fail", "resultdttm": "2016-10-05T18:10:42", "violation": "15-4-202.16", "viollevel": "*", "violdesc": "Non-Food Contact Surfaces", "violdttm": "2016-10-05T18:10:42", "violstatus": "Fail", "statusdate": null, "comments": "Dump sink next to ice machine without splash guard. Provide smooth  durable  cleanable  non porous splash guard to prevent potential contamination of ice.", "address": "184   High ST", "city": "Boston", "zip": 2110, "property_id": 251577, "latitude_Y": 42.35668, "longitude_X": -71.05257, "year": 2016 }, "geometry": { "type": "Point", "coordinates": [ -71.05257, 42.35668 ] } },
{ "type": "Feature", "properties": { "businessname": "Hsin Hsin", "dbaname": null, "legalowner": "TUEN-NG AU", "namelast": "TUEN-NG AU", "namefirst": " ", "licenseno": 20345, "issdttm": "2012-01-18T16:19:03", "expdttm": "2018-12-31T23:59:00", "licstatus": "Inactive", "licensecat": "FS", "descript": "Eating & Drinking", "result": "HE_Fail", "resultdttm": "2015-01-13T12:40:30", "violation": "08-3-305-307.11", "viollevel": "*", "violdesc": "Food Protection", "violdttm": "2015-01-13T12:40:30", "violstatus": "Fail", "statusdate": null, "comments": "Raw meats stored behind and between the vegetables in the cold holding unit at the cooking line. Store separated or in front.", "address": "25   Massachusetts AVE", "city": "Boston", "zip": 2115, "property_id": 158381, "latitude_Y": 42.350505, "longitude_X": -71.089578, "year": 2015 }, "geometry": { "type": "Point", "coordinates": [ -71.089578, 42.350505 ] } },
{ "type": "Feature", "properties": { "businessname": "Hulun Beir", "dbaname": null, "legalowner": "GENBRIDGE LLC", "namelast": "Inner Mongolia Xiao Wei Yang USA Inc.", "namefirst": " ", "licenseno": 80678, "issdttm": "2013-05-03T09:34:56", "expdttm": "2019-12-31T23:59:00", "licstatus": "Inactive", "licensecat": "FS", "descript": "Eating & Drinking", "result": "HE_Fail", "resultdttm": "2015-05-06T14:58:04", "violation": "06-3-501.13", "viollevel": "*", "violdesc": "PHF's Properly Thawed", "violdttm": "2015-05-06T14:58:04", "violstatus": "Fail", "statusdate": null, "comments": "Fish being thawed in stagnant water. Thaw properly in runing water or under temperature control.", "address": "326   Cambridge ST", "city": "Boston", "zip": 2114, "property_id": 25290, "latitude_Y": 42.360929, "longitude_X": -71.069218, "year": 2015 }, "geometry": { "type": "Point", "coordinates": [ -71.069218, 42.360929 ] } },
{ "type": "Feature", "properties": { "businessname": "Hungry I", "dbaname": null, "legalowner": "BALLARIN PETER J JR", "namelast": "BOLLARIN JR", "namefirst": "PETER", "licenseno": 18306, "issdttm": "2012-02-21T10:57:51", "expdttm": "2019-12-31T23:59:00", "licstatus": "Inactive", "licensecat": "FS", "descript": "Eating & Drinking", "result": "HE_Fail", "resultdttm": "2015-08-06T14:15:32", "violation": "01-3-101/701.11", "viollevel": "***", "violdesc": "Spoilage Unsafe Food", "violdttm": "2015-08-06T14:15:32", "violstatus": "Fail", "statusdate": null, "comments": "Stuffed onions with mold on them. PIC  voluntarily discarded them. Ensure that all food is unadulterated and wholesome.", "address": "71  Charles ST", "city": "Boston", "zip": 2114, "property_id": 29174, "latitude_Y": 42.35819, "longitude_X": -71.07029, "year": 2015 }, "geometry": { "type": "Point", "coordinates": [ -71.07029, 42.35819 ] } },
{ "type": "Feature", "properties": { "businessname": "HURRICANE O'REILLY'S", "dbaname": null, "legalowner": "LOMBARD BARBARA A", "namelast": "150 Canal St. Inc.", "namefirst": "Austin O'Connor  CEO", "licenseno": 348914, "issdttm": "2017-10-19T10:12:02", "expdttm": "2020-12-31T23:59:00", "licstatus": "Active", "licensecat": "FS", "descript": "Eating & Drinking", "result": "HE_Fail", "resultdttm": "2018-10-18T16:42:45", "violation": "02-3-602.11-.12/3-302.12", "viollevel": "*", "violdesc": "Food Container Labels", "violdttm": "2018-10-18T16:42:45", "violstatus": "Fail", "statusdate": null, "comments": "Provide labels on all bulk storage bins.", "address": "150   Canal ST", "city": "Boston", "zip": 2114, "property_id": 25417, "latitude_Y": 42.3648, "longitude_X": -71.0608, "year": 2018 }, "geometry": { "type": "Point", "coordinates": [ -71.0608, 42.3648 ] } },
{ "type": "Feature", "properties": { "businessname": "HURRICANE O'REILLY'S", "dbaname": null, "legalowner": "LOMBARD BARBARA A", "namelast": "PHIL SWEENEY - OPERATIONS", "namefirst": "MANAGER", "licenseno": 22043, "issdttm": "2011-12-30T10:33:58", "expdttm": "2017-12-31T23:59:00", "licstatus": "Inactive", "licensecat": "FS", "descript": "Eating & Drinking", "result": "HE_Fail", "resultdttm": "2016-01-29T13:00:10", "violation": "08-3-305-307.11", "viollevel": "*", "violdesc": "Food Protection", "violdttm": "2016-01-29T13:00:10", "violstatus": "Fail", "statusdate": null, "comments": "Bags of ice being stored directly on floor in walkin freezer. Store elevated 6\" off the floor.", "address": "144   Canal ST", "city": "Boston", "zip": 2114, "property_id": 25416, "latitude_Y": 42.36476, "longitude_X": -71.060746, "year": 2016 }, "geometry": { "type": "Point", "coordinates": [ -71.060746, 42.36476 ] } },
{ "type": "Feature", "properties": { "businessname": "Hyatt Regency Boston", "dbaname": null, "legalowner": null, "namelast": "HYATT REGENCY BOSTON", "namefirst": " ", "licenseno": 23618, "issdttm": "2011-12-20T11:02:52", "expdttm": "2020-12-31T23:59:00", "licstatus": "Active", "licensecat": "FS", "descript": "Eating & Drinking", "result": "HE_Fail", "resultdttm": "2015-12-29T14:51:15", "violation": "15-4-202.16", "viollevel": "*", "violdesc": "Non-Food Contact Surfaces", "violdttm": "2015-12-29T14:51:15", "violstatus": "Fail", "statusdate": null, "comments": "Shelving in walkin located at banquet area soiled and worn- Repair or replace Blast chiller with water buildup at bottom- Make proper repairs", "address": "1  Avenue De Lafayette ", "city": "Boston", "zip": 2111, "property_id": 156352, "latitude_Y": 42.353254, "longitude_X": -71.061258, "year": 2015 }, "geometry": { "type": "Point", "coordinates": [ -71.061258, 42.353254 ] } },
{ "type": "Feature", "properties": { "businessname": "I-CE-NY", "dbaname": null, "legalowner": "GREENHOOD ERNEST J TRSTS", "namelast": "Corp.", "namefirst": "L&G Group", "licenseno": 348095, "issdttm": "2018-08-10T15:32:47", "expdttm": "2020-12-31T23:59:00", "licstatus": "Active", "licensecat": "FT", "descript": "Eating & Drinking w/ Take Out", "result": "HE_Fail", "resultdttm": "2018-07-24T15:30:32", "violation": "05-4-302.12", "viollevel": "*", "violdesc": "Food Thermometers Provided", "violdttm": "2018-07-24T15:30:32", "violstatus": "Fail", "statusdate": null, "comments": "No food thermometer", "address": "217   Newbury ST", "city": "Boston", "zip": 2116, "property_id": 101434, "latitude_Y": 42.35013, "longitude_X": -71.08137, "year": 2018 }, "geometry": { "type": "Point", "coordinates": [ -71.08137, 42.35013 ] } },
{ "type": "Feature", "properties": { "businessname": "Ichiban Yakitori Sushi House", "dbaname": null, "legalowner": null, "namelast": "D & G Brothers L L C", "namefirst": " ", "licenseno": 90209, "issdttm": "2013-11-13T08:12:20", "expdttm": "2020-12-31T23:59:00", "licstatus": "Active", "licensecat": "FS", "descript": "Eating & Drinking", "result": "HE_Fail", "resultdttm": "2015-03-02T11:43:12", "violation": "03-3-501.16(A)", "viollevel": "***", "violdesc": "Cold Holding", "violdttm": "2015-03-02T11:43:12", "violstatus": "Fail", "statusdate": null, "comments": "Fried sweet potatoes on back of flip top unit at 52F- Ensure cold holding at 41F or below. Discarded by PIC", "address": "14   Westland AVE", "city": "Boston", "zip": 2115, "property_id": 148476, "latitude_Y": 42.343206, "longitude_X": -71.086749, "year": 2015 }, "geometry": { "type": "Point", "coordinates": [ -71.086749, 42.343206 ] } },
{ "type": "Feature", "properties": { "businessname": "Icon", "dbaname": "Paga Inc.", "legalowner": null, "namelast": "Paige", "namefirst": "Felix", "licenseno": 20680, "issdttm": "2011-12-07T09:39:08", "expdttm": "2020-12-31T23:59:00", "licstatus": "Active", "licensecat": "FS", "descript": "Eating & Drinking", "result": "HE_TSOP", "resultdttm": "2016-10-07T23:41:40", "violation": "10-4.302.11", "viollevel": "*", "violdesc": "Food Utensil Storage", "violdttm": "2016-10-07T23:41:40", "violstatus": "Fail", "statusdate": null, "comments": "ice machines/provide scoop with handle and ics scoop holder", "address": "100   Warrenton ST", "city": "Boston", "zip": 2116, "property_id": 155721, "latitude_Y": 42.350776, "longitude_X": -71.066229, "year": 2016 }, "geometry": { "type": "Point", "coordinates": [ -71.066229, 42.350776 ] } },
{ "type": "Feature", "properties": { "businessname": "IL MONDO", "dbaname": null, "legalowner": "ELIAS PAPADOPOULOS  PRES.", "namelast": "Othman", "namefirst": "Naser", "licenseno": 33361, "issdttm": "2012-02-22T11:14:03", "expdttm": "2017-12-31T23:59:00", "licstatus": "Inactive", "licensecat": "FT", "descript": "Eating & Drinking w/ Take Out", "result": "HE_Fail", "resultdttm": "2015-02-17T12:09:27", "violation": "21-3-304.14", "viollevel": "*", "violdesc": "Wiping Cloths  Clean  Sanitize", "violdttm": "2015-02-17T12:09:27", "violstatus": "Fail", "statusdate": null, "comments": "keep all wiping cloths in sanitizer at all times", "address": "682   Huntington AVE", "city": "Boston", "zip": 2120, "property_id": 156833, "latitude_Y": 42.334854, "longitude_X": -71.102439, "year": 2015 }, "geometry": { "type": "Point", "coordinates": [ -71.102439, 42.334854 ] } },
{ "type": "Feature", "properties": { "businessname": "Il Mondo Pizza", "dbaname": null, "legalowner": "MANSOUR MOUSSAVI  PRES.", "namelast": "Naser Othman", "namefirst": " ", "licenseno": 80044, "issdttm": "2013-01-04T15:20:37", "expdttm": "2018-12-31T23:59:00", "licstatus": "Inactive", "licensecat": "FS", "descript": "Eating & Drinking", "result": "HE_Fail", "resultdttm": "2015-04-01T09:56:05", "violation": "03-3-501.16(A)", "viollevel": "***", "violdesc": "Cold Holding", "violdttm": "2015-04-01T09:56:05", "violstatus": "Fail", "statusdate": null, "comments": "Cooke chicken tenders cooked within 2 hours on counter next to cookline at 78F. Ensure cold holding at 41F or below. Placed in walkin by PIC", "address": "182   Massachusetts AVE", "city": "Boston", "zip": 2115, "property_id": 156751, "latitude_Y": 42.345747, "longitude_X": -71.086679, "year": 2015 }, "geometry": { "type": "Point", "coordinates": [ -71.086679, 42.345747 ] } },
{ "type": "Feature", "properties": { "businessname": "IL NIDO", "dbaname": null, "legalowner": null, "namelast": "ANTHONY OLIVIERO", "namefirst": " ", "licenseno": 19672, "issdttm": "2011-12-12T10:46:24", "expdttm": "2020-12-31T23:59:00", "licstatus": "Active", "licensecat": "FS", "descript": "Eating & Drinking", "result": "HE_Filed", "resultdttm": "2016-09-29T18:46:18", "violation": "02-3-602.11-.12/3-302.12", "viollevel": "*", "violdesc": "Food Container Labels", "violdttm": "2016-09-29T18:46:18", "violstatus": "Fail", "statusdate": null, "comments": "Label all bulk food containers to properly identify the contents", "address": "257   North ST", "city": "Boston", "zip": 2113, "property_id": 157407, "latitude_Y": 42.363673, "longitude_X": -71.051898, "year": 2016 }, "geometry": { "type": "Point", "coordinates": [ -71.051898, 42.363673 ] } },
{ "type": "Feature", "properties": { "businessname": "Il Panino Restaurant", "dbaname": null, "legalowner": "PASQUALE FRANK", "namelast": "PASQUALE", "namefirst": "FRANK", "licenseno": 18730, "issdttm": "2012-01-05T14:47:45", "expdttm": "2020-12-31T23:59:00", "licstatus": "Active", "licensecat": "FS", "descript": "Eating & Drinking", "result": "HE_Fail", "resultdttm": "2015-06-18T12:59:06", "violation": "05-4-302.12", "viollevel": "*", "violdesc": "Food Thermometers Provided", "violdttm": "2015-06-18T12:59:06", "violstatus": "Fail", "statusdate": null, "comments": "Provide", "address": "7   Parmenter ST", "city": "Boston", "zip": 2113, "property_id": 155738, "latitude_Y": 42.363904, "longitude_X": -71.054768, "year": 2015 }, "geometry": { "type": "Point", "coordinates": [ -71.054768, 42.363904 ] } },
{ "type": "Feature", "properties": { "businessname": "India Quality", "dbaname": null, "legalowner": null, "namelast": "INDIA QUALITY RESTAURANT", "namefirst": " ", "licenseno": 21037, "issdttm": "2012-01-31T15:21:04", "expdttm": "2020-12-31T23:59:00", "licstatus": "Active", "licensecat": "FT", "descript": "Eating & Drinking w/ Take Out", "result": "HE_Pass", "resultdttm": "2016-04-01T07:56:08", "violation": "14-4-202.11", "viollevel": "*", "violdesc": "Food Contact Surfaces Design", "violdttm": "2016-04-01T07:56:08", "violstatus": "Pass", "statusdate": "2016-04-15T08:06:47", "comments": "Using bowl to scoop condiments", "address": "484   Commonwealth AVE", "city": "Boston", "zip": 2215, "property_id": 40997, "latitude_Y": 42.34854, "longitude_X": -71.09422, "year": 2016 }, "geometry": { "type": "Point", "coordinates": [ -71.09422, 42.34854 ] } },
{ "type": "Feature", "properties": { "businessname": "Insomnia Cookies", "dbaname": null, "legalowner": "BOSTON UNIVERSITY TRSTS OF", "namelast": "Berkowitz", "namefirst": "Seth", "licenseno": 90212, "issdttm": "2013-09-06T11:04:52", "expdttm": "2020-12-31T23:59:00", "licstatus": "Active", "licensecat": "FT", "descript": "Eating & Drinking w/ Take Out", "result": "HE_Fail", "resultdttm": "2015-06-24T14:09:06", "violation": "17-4-302.14", "viollevel": "*", "violdesc": "Test Kit Provided", "violdttm": "2015-06-24T14:09:06", "violstatus": "Fail", "statusdate": null, "comments": "There is no test kit available for quats sanitizer.  Provide a quats test kit and review with employees instructions for properly cleaning and sanitizing equipment.  (left handouts with employee)", "address": "708   Commonwealth AVE", "city": "Boston", "zip": 2215, "property_id": 41235, "latitude_Y": 42.34954, "longitude_X": -71.1054, "year": 2015 }, "geometry": { "type": "Point", "coordinates": [ -71.1054, 42.34954 ] } },
{ "type": "Feature", "properties": { "businessname": "Intercontinental Boston - Clipper Room", "dbaname": null, "legalowner": null, "namelast": "Helen Douglas", "namefirst": "Dir. of Food & Bev.", "licenseno": 26243, "issdttm": "2011-12-20T14:13:42", "expdttm": "2020-12-31T23:59:00", "licstatus": "Active", "licensecat": "FS", "descript": "Eating & Drinking", "result": "HE_TSOP", "resultdttm": "2017-06-28T08:30:47", "violation": "29-5-201/02.11", "viollevel": "*", "violdesc": "Installed and Maintained", "violdttm": "2017-06-28T08:30:47", "violstatus": "Fail", "statusdate": null, "comments": "repair/replace damaged sprinkler head", "address": "500   Atlantic AVE", "city": "Boston", "zip": 2210, "property_id": 6181, "latitude_Y": 42.3541, "longitude_X": -71.05228, "year": 2017 }, "geometry": { "type": "Point", "coordinates": [ -71.05228, 42.3541 ] } },
{ "type": "Feature", "properties": { "businessname": "Institute Of Contemporary Art/Water Cafe", "dbaname": null, "legalowner": null, "namelast": "Compass Group", "namefirst": " ", "licenseno": 17610, "issdttm": "2012-01-09T13:11:58", "expdttm": "2017-12-31T23:59:00", "licstatus": "Inactive", "licensecat": "FS", "descript": "Eating & Drinking", "result": "HE_Fail", "resultdttm": "2015-05-21T12:40:40", "violation": "08-3-305-307.11", "viollevel": "*", "violdesc": "Food Protection", "violdttm": "2015-05-21T12:40:40", "violstatus": "Fail", "statusdate": null, "comments": "remove non related ice materials from the top of the ice machine.", "address": "70   Northern AV", "city": "Boston", "zip": 2210, "property_id": 103901, "latitude_Y": 42.352885, "longitude_X": -71.043012, "year": 2015 }, "geometry": { "type": "Point", "coordinates": [ -71.043012, 42.352885 ] } },
{ "type": "Feature", "properties": { "businessname": "Intelligentsia Coffee", "dbaname": null, "legalowner": "SODEXHO OPERATIONS LLC LICENSING", "namelast": "Coffee LLC", "namefirst": "Intelligentsia", "licenseno": 358048, "issdttm": "2018-08-13T09:24:27", "expdttm": "2020-12-31T23:59:00", "licstatus": "Active", "licensecat": "FS", "descript": "Eating & Drinking", "result": "HE_Fail", "resultdttm": "2019-05-15T12:36:12", "violation": "08-3-305-307.11", "viollevel": "*", "violdesc": "Food Protection", "violdttm": "2019-05-15T12:36:12", "violstatus": "Fail", "statusdate": null, "comments": "In the basement  remove all non ice related materials form storage on top of the ice machine.", "address": "225   Franklin ST", "city": "Boston", "zip": 2110, "property_id": 158047, "latitude_Y": 42.356135, "longitude_X": -71.054068, "year": 2019 }, "geometry": { "type": "Point", "coordinates": [ -71.054068, 42.356135 ] } },
{ "type": "Feature", "properties": { "businessname": "INTERMISSION TAVERN", "dbaname": null, "legalowner": "PRESET LLC", "namelast": "MICHAEL CONNORS", "namefirst": "INTERMISSION TAVERN", "licenseno": 23823, "issdttm": "2011-12-29T12:51:58", "expdttm": "2018-12-31T23:59:00", "licstatus": "Inactive", "licensecat": "FS", "descript": "Eating & Drinking", "result": "HE_Fail", "resultdttm": "2015-08-11T13:17:00", "violation": "03-3-501.16", "viollevel": "***", "violdesc": "Hot Holding", "violdttm": "2015-08-11T13:17:00", "violstatus": "Fail", "statusdate": null, "comments": "Chili 122F  Chowder 120F in hot holding / Provide proper hot holding temperatures", "address": "228   Tremont ST", "city": "Boston", "zip": 2116, "property_id": 137460, "latitude_Y": 42.351346, "longitude_X": -71.064584, "year": 2015 }, "geometry": { "type": "Point", "coordinates": [ -71.064584, 42.351346 ] } },
{ "type": "Feature", "properties": { "businessname": "Internal Matter", "dbaname": null, "legalowner": "THIRTY-5 CHANNEL CTR CONDO", "namelast": "Brian Bresnahan", "namefirst": " ", "licenseno": 78424, "issdttm": "2015-02-23T09:06:37", "expdttm": "2016-12-31T23:59:00", "licstatus": "Inactive", "licensecat": "FS", "descript": "Eating & Drinking", "result": "HE_Fail", "resultdttm": "2016-02-25T10:55:57", "violation": "01-3-602.11 B2", "viollevel": "***", "violdesc": "Labeling of Ingredients", "violdttm": "2016-02-25T10:55:57", "violstatus": "Fail", "statusdate": null, "comments": "Providse a complete list of ingredients for pastry items sold prepackaged by the front counter", "address": "35   Channel Center ST", "city": "Boston", "zip": 2210, "property_id": 28931, "latitude_Y": 42.346397, "longitude_X": -71.050561, "year": 2016 }, "geometry": { "type": "Point", "coordinates": [ -71.050561, 42.346397 ] } },
{ "type": "Feature", "properties": { "businessname": "Irashai Sushi and Teriyaki", "dbaname": null, "legalowner": null, "namelast": "Chang Liu & Shu J. Chen", "namefirst": " ", "licenseno": 75249, "issdttm": "2012-02-14T14:48:34", "expdttm": "2020-12-31T23:59:00", "licstatus": "Active", "licensecat": "FS", "descript": "Eating & Drinking", "result": "HE_Fail", "resultdttm": "2015-05-28T14:22:11", "violation": "03-3-501.16(A)", "viollevel": "***", "violdesc": "Cold Holding", "violdttm": "2015-05-28T14:22:11", "violstatus": "Fail", "statusdate": null, "comments": "Cooked shrimp tempura sitting out at 70F  Crab stick sitting out at 70F / Provide proper cold holding temperatures.", "address": "8  Kneeland ST", "city": "Boston", "zip": 2111, "property_id": 156344, "latitude_Y": 42.351008, "longitude_X": -71.062428, "year": 2015 }, "geometry": { "type": "Point", "coordinates": [ -71.062428, 42.351008 ] } },
{ "type": "Feature", "properties": { "businessname": "Island Creek Oyster Bar", "dbaname": null, "legalowner": "THE TRUSTEES OF BOSTON/LU", "namelast": "Jeremy Sewall", "namefirst": " ", "licenseno": 68416, "issdttm": "2012-02-06T10:11:59", "expdttm": "2020-12-31T23:59:00", "licstatus": "Active", "licensecat": "FS", "descript": "Eating & Drinking", "result": "HE_Fail", "resultdttm": "2015-09-30T19:25:44", "violation": "01-3-203.12", "viollevel": "**", "violdesc": "Tags & Records", "violdttm": "2015-09-30T19:25:44", "violstatus": "Fail", "statusdate": null, "comments": "Tags not  maintained in chronological order. Maintain properly.", "address": "500   Commonwealth AVE", "city": "Boston", "zip": 2215, "property_id": 157943, "latitude_Y": 42.348521, "longitude_X": -71.095099, "year": 2015 }, "geometry": { "type": "Point", "coordinates": [ -71.095099, 42.348521 ] } },
{ "type": "Feature", "properties": { "businessname": "Island Creek Oysters", "dbaname": null, "legalowner": "HOMAN TRACIE L", "namelast": "Bennett", "namefirst": "William", "licenseno": 416232, "issdttm": "2019-11-29T15:48:20", "expdttm": "2020-12-31T23:59:00", "licstatus": "Inactive", "licensecat": "RF", "descript": "Retail Food", "result": "HE_Fail", "resultdttm": "2019-11-29T10:03:44", "violation": "590.005/5-203.13-C", "viollevel": "*", "violdesc": "Service Sink (C)", "violdttm": "2019-11-29T10:03:44", "violstatus": "Fail", "statusdate": null, "comments": "No service sink - Install or request a variance", "address": "299   Newbury ST", "city": "Boston", "zip": 2115, "property_id": 101534, "latitude_Y": 42.349057, "longitude_X": -71.085305, "year": 2019 }, "geometry": { "type": "Point", "coordinates": [ -71.085305, 42.349057 ] } },
{ "type": "Feature", "properties": { "businessname": "Itadaki", "dbaname": null, "legalowner": "PETRUZIELLO FELICIANO TRST", "namelast": "Itadaki L L C", "namefirst": " ", "licenseno": 75738, "issdttm": "2011-12-19T15:32:17", "expdttm": "2020-12-31T23:59:00", "licstatus": "Active", "licensecat": "FS", "descript": "Eating & Drinking", "result": "HE_Fail", "resultdttm": "2015-01-22T12:29:54", "violation": "06-3-501.13", "viollevel": "*", "violdesc": "PHF's Properly Thawed", "violdttm": "2015-01-22T12:29:54", "violstatus": "Fail", "statusdate": null, "comments": "Raw Salmon being thawed in room temperature.PIC placed it under refrigeration. Thaw properly.", "address": "269   Newbury ST", "city": "Boston", "zip": 2116, "property_id": 101482, "latitude_Y": 42.349544, "longitude_X": -71.083565, "year": 2015 }, "geometry": { "type": "Point", "coordinates": [ -71.083565, 42.349544 ] } },
{ "type": "Feature", "properties": { "businessname": "J M Curley", "dbaname": null, "legalowner": "THE TEXTILE BLDG TRUST 2005", "namelast": "D A Crossing L L C", "namefirst": "Babak Bina", "licenseno": 76198, "issdttm": "2012-03-21T08:43:04", "expdttm": "2020-12-31T23:59:00", "licstatus": "Active", "licensecat": "FS", "descript": "Eating & Drinking", "result": "HE_Fail", "resultdttm": "2015-11-30T11:34:17", "violation": "17-4-302.14", "viollevel": "*", "violdesc": "Test Kit Provided", "violdttm": "2015-11-30T11:34:17", "violstatus": "Fail", "statusdate": null, "comments": "Provide proper test kits for bar glass machine / Unable to test chlorine at time of inspection.  All glasware will be brought to main dish machine until test kits arrive and machine is verified for proper chlorine levels.", "address": "21  Temple Pl", "city": "Boston", "zip": 2111, "property_id": 134061, "latitude_Y": 42.3552, "longitude_X": -71.06239, "year": 2015 }, "geometry": { "type": "Point", "coordinates": [ -71.06239, 42.3552 ] } },
{ "type": "Feature", "properties": { "businessname": "J P Licks @ Charles Street", "dbaname": null, "legalowner": "CIRCLE COMPANY INC MASS CORP", "namelast": "J P Licks at Charles Street Inc.", "namefirst": " ", "licenseno": 78337, "issdttm": "2012-05-08T10:09:24", "expdttm": "2020-12-31T23:59:00", "licstatus": "Active", "licensecat": "FT", "descript": "Eating & Drinking w/ Take Out", "result": "HE_Fail", "resultdttm": "2015-06-01T10:45:44", "violation": "10-3-304.12", "viollevel": "*", "violdesc": "Food Utensil Storage", "violdttm": "2015-06-01T10:45:44", "violstatus": "Fail", "statusdate": null, "comments": "Utensil used to dispense ice cream stored in warm water (90F). Store properly under running water (71F or below) or at 140F or above.", "address": "144   Charles ST", "city": "Boston", "zip": 2114, "property_id": 29126, "latitude_Y": 42.35998, "longitude_X": -71.071, "year": 2015 }, "geometry": { "type": "Point", "coordinates": [ -71.071, 42.35998 ] } },
{ "type": "Feature", "properties": { "businessname": "J P Licks@Boylston St.", "dbaname": null, "legalowner": "WK MILLENNIUM BOYLSTON LLC", "namelast": "J P Licks@Boylston St. Inc.", "namefirst": " ", "licenseno": 81090, "issdttm": "2013-02-27T09:29:35", "expdttm": "2020-12-31T23:59:00", "licstatus": "Active", "licensecat": "FT", "descript": "Eating & Drinking w/ Take Out", "result": "HE_Fail", "resultdttm": "2015-10-26T11:46:52", "violation": "23-4-602.13", "viollevel": "*", "violdesc": "Non-Food Contact Surfaces Clean", "violdttm": "2015-10-26T11:46:52", "violstatus": "Fail", "statusdate": null, "comments": "Shelving below counters with food spills and debris Front panels of soft serve machines with food splashes and spills Clean", "address": "1106   Boylston ST", "city": "Boston", "zip": 2215, "property_id": 17997, "latitude_Y": 42.346828, "longitude_X": -71.08857, "year": 2015 }, "geometry": { "type": "Point", "coordinates": [ -71.08857, 42.346828 ] } },
{ "type": "Feature", "properties": { "businessname": "J. Pace & Son Uptown", "dbaname": null, "legalowner": null, "namelast": "J. Pace & Son Uptown Inc.", "namefirst": " ", "licenseno": 32435, "issdttm": "2012-01-11T13:15:33", "expdttm": "2020-12-31T23:59:00", "licstatus": "Active", "licensecat": "FT", "descript": "Eating & Drinking w/ Take Out", "result": "HE_Fail", "resultdttm": "2016-05-02T11:36:10", "violation": "01-3-602.11 B2", "viollevel": "***", "violdesc": "Labeling of Ingredients", "violdttm": "2016-05-02T11:36:10", "violstatus": "Fail", "statusdate": null, "comments": "Label packaged cookies being sold at the front counter - [ peanut butter - chocolate chip - sugar ] with ingredients as discussed", "address": "225  Northern AVE", "city": "Boston", "zip": 2210, "property_id": 103889, "latitude_Y": 42.348075, "longitude_X": -71.039263, "year": 2016 }, "geometry": { "type": "Point", "coordinates": [ -71.039263, 42.348075 ] } },
{ "type": "Feature", "properties": { "businessname": "Jacob Wirth Restaurant", "dbaname": null, "legalowner": "FITZGERALD WILLIAM J TRSTS", "namelast": "FITZGERALD", "namefirst": "W. KEVIN", "licenseno": 18694, "issdttm": "2012-05-22T11:28:33", "expdttm": "2019-12-31T23:59:00", "licstatus": "Inactive", "licensecat": "FS", "descript": "Eating & Drinking", "result": "HE_Fail", "resultdttm": "2016-04-07T11:14:10", "violation": "05-4-302.12", "viollevel": "*", "violdesc": "Food Thermometers Provided", "violdttm": "2016-04-07T11:14:10", "violstatus": "Fail", "statusdate": null, "comments": " ", "address": "31   Stuart ST", "city": "Boston", "zip": 2116, "property_id": 131648, "latitude_Y": 42.35126, "longitude_X": -71.06375, "year": 2016 }, "geometry": { "type": "Point", "coordinates": [ -71.06375, 42.35126 ] } },
{ "type": "Feature", "properties": { "businessname": "Jacques", "dbaname": null, "legalowner": null, "namelast": "ESTATE OF ANGELINA", "namefirst": "VERA", "licenseno": 18200, "issdttm": "2011-12-29T13:53:25", "expdttm": "2020-12-31T23:59:00", "licstatus": "Active", "licensecat": "FS", "descript": "Eating & Drinking", "result": "HE_Filed", "resultdttm": "2015-06-18T11:01:23", "violation": "32-6-301.11-02.11", "viollevel": "*", "violdesc": "Hand Cleaner  Drying  Tissue Signage", "violdttm": "2015-06-18T11:01:23", "violstatus": "Fail", "statusdate": null, "comments": "Provide Hand Wash only signs at all Bar handsinks.", "address": "77   Broadway ", "city": "Boston", "zip": 2215, "property_id": 157703, "latitude_Y": 42.349957, "longitude_X": -71.06744, "year": 2015 }, "geometry": { "type": "Point", "coordinates": [ -71.06744, 42.349957 ] } },
{ "type": "Feature", "properties": { "businessname": "Jade Garden Restaurant", "dbaname": "LCY  Inc.", "legalowner": "YEE KENNETH M TRST", "namelast": "LCY Inc.", "namefirst": "Cao Yu   Pres.", "licenseno": 33233, "issdttm": "2011-12-17T21:15:48", "expdttm": "2020-12-31T23:59:00", "licstatus": "Active", "licensecat": "FS", "descript": "Eating & Drinking", "result": "HE_Fail", "resultdttm": "2015-01-22T14:00:35", "violation": "02-3-602.11-.12/3-302.12", "viollevel": "*", "violdesc": "Food Container Labels", "violdttm": "2015-01-22T14:00:35", "violstatus": "Fail", "statusdate": null, "comments": "Food containers not labeled", "address": "20   Tyler ST", "city": "Boston", "zip": 2111, "property_id": 138814, "latitude_Y": 42.35069, "longitude_X": -71.06057, "year": 2015 }, "geometry": { "type": "Point", "coordinates": [ -71.06057, 42.35069 ] } },
{ "type": "Feature", "properties": { "businessname": "Jaho Coffee Roaster & Wine Bar", "dbaname": null, "legalowner": "HUNTINGTON AVENUE LPS", "namelast": "Weiss", "namefirst": "Michael", "licenseno": 346564, "issdttm": "2018-11-05T08:38:14", "expdttm": "2020-12-31T23:59:00", "licstatus": "Active", "licensecat": "FS", "descript": "Eating & Drinking", "result": "HE_Fail", "resultdttm": "2018-09-14T12:19:30", "violation": "05-4-302.12", "viollevel": "*", "violdesc": "Food Thermometers Provided", "violdttm": "2018-09-14T12:19:30", "violstatus": "Fail", "statusdate": null, "comments": "provide metal stem cooks thermometer", "address": "116   Huntington AVE", "city": "Boston", "zip": 2116, "property_id": 76240, "latitude_Y": 42.34651, "longitude_X": -71.07976, "year": 2018 }, "geometry": { "type": "Point", "coordinates": [ -71.07976, 42.34651 ] } },
{ "type": "Feature", "properties": { "businessname": "Jaho Coffee Roaster & Wine Bar", "dbaname": null, "legalowner": "SIX65 WASHINGTON ST LP", "namelast": "Weiss", "namefirst": "Michael", "licenseno": 138262, "issdttm": "2016-12-21T14:26:51", "expdttm": "2020-12-31T23:59:00", "licstatus": "Active", "licensecat": "FT", "descript": "Eating & Drinking w/ Take Out", "result": "HE_Fail", "resultdttm": "2015-08-17T11:42:54", "violation": "37-6-201.11", "viollevel": "*", "violdesc": "Walls/Ceilings Designed Constructed Installed", "violdttm": "2015-08-17T11:42:54", "violstatus": "Fail", "statusdate": null, "comments": "Provide ceiling above the coffee service station and the coffee bar. Ceiling surface should be smooth  durable  non porus and easy to clean to provide minimum protection of the food service at the service station and coffee bar.", "address": "659  Washington ST", "city": "Boston", "zip": 2116, "property_id": 155660, "latitude_Y": 42.35183, "longitude_X": -71.06321, "year": 2015 }, "geometry": { "type": "Point", "coordinates": [ -71.06321, 42.35183 ] } },
{ "type": "Feature", "properties": { "businessname": "Jia Ho Supermarket", "dbaname": null, "legalowner": "  ", "namelast": "Wang", "namefirst": "Qian", "licenseno": 98329, "issdttm": "2013-10-24T08:29:58", "expdttm": "2020-12-31T23:59:00", "licstatus": "Active", "licensecat": "RF", "descript": "Retail Food", "result": "HE_Fail", "resultdttm": "2016-05-18T12:22:15", "violation": "08-3-305-307.11", "viollevel": "*", "violdesc": "Food Protection", "violdttm": "2016-05-18T12:22:15", "violstatus": "Fail", "statusdate": null, "comments": "food products stored on floor  elevate 6\" off floor", "address": "692   Washington ST", "city": "Boston", "zip": 2111, "property_id": 332074, "latitude_Y": 42.35122, "longitude_X": -71.06266, "year": 2016 }, "geometry": { "type": "Point", "coordinates": [ -71.06266, 42.35122 ] } },
{ "type": "Feature", "properties": { "businessname": "Jillian's Billiard Club", "dbaname": null, "legalowner": "TROY KEVIN", "namelast": "TROY", "namefirst": "KEVIN", "licenseno": 18674, "issdttm": "2012-02-15T09:32:59", "expdttm": "2020-12-31T23:59:00", "licstatus": "Active", "licensecat": "FS", "descript": "Eating & Drinking", "result": "HE_Fail", "resultdttm": "2015-01-26T11:19:23", "violation": "15-4-202.16", "viollevel": "*", "violdesc": "Non-Food Contact Surfaces", "violdttm": "2015-01-26T11:19:23", "violstatus": "Fail", "statusdate": null, "comments": "Freezer at the top level kitchen with a broken lid. Repair or replace.", "address": "145   Ipswich ST", "city": "Boston", "zip": 2215, "property_id": 157262, "latitude_Y": 42.347411, "longitude_X": -71.094422, "year": 2015 }, "geometry": { "type": "Point", "coordinates": [ -71.094422, 42.347411 ] } },
{ "type": "Feature", "properties": { "businessname": "JIMMY JOHN'S", "dbaname": null, "legalowner": "BOWNE OF BOSTON INC", "namelast": "Spin The Planet Enterprises", "namefirst": " ", "licenseno": 128325, "issdttm": "2014-09-04T11:54:34", "expdttm": "2019-12-31T23:59:00", "licstatus": "Inactive", "licensecat": "FT", "descript": "Eating & Drinking w/ Take Out", "result": "HE_Fail", "resultdttm": "2015-05-14T10:39:51", "violation": "08-3-305-307.11", "viollevel": "*", "violdesc": "Food Protection", "violdttm": "2015-05-14T10:39:51", "violstatus": "Fail", "statusdate": null, "comments": "remove all non ice related materials from the top of the ice machine. Keep only ice related materials on top of the ice machine.", "address": "409   D ST", "city": "Boston", "zip": 2210, "property_id": 45501, "latitude_Y": 42.344756, "longitude_X": -71.043343, "year": 2015 }, "geometry": { "type": "Point", "coordinates": [ -71.043343, 42.344756 ] } },
{ "type": "Feature", "properties": { "businessname": "JOE'S AMERICAN BAR & GRILL", "dbaname": null, "legalowner": null, "namelast": "BBRG WATERFRONT TR L L C", "namefirst": "C/O LICENSING SOLUTIONS", "licenseno": 75246, "issdttm": "2012-01-10T13:15:15", "expdttm": "2020-12-31T23:59:00", "licstatus": "Active", "licensecat": "FS", "descript": "Eating & Drinking", "result": "HE_Fail", "resultdttm": "2015-06-01T11:52:17", "violation": "02-3-602.11-.12/3-302.12", "viollevel": "*", "violdesc": "Food Container Labels", "violdttm": "2015-06-01T11:52:17", "violstatus": "Fail", "statusdate": null, "comments": "Label all bulk food containers as well as clear plastic spray bottes on the cooking line to properly identify product", "address": "100   Atlantic AVE", "city": "Boston", "zip": 2111, "property_id": 155959, "latitude_Y": 42.361967, "longitude_X": -71.050671, "year": 2015 }, "geometry": { "type": "Point", "coordinates": [ -71.050671, 42.361967 ] } },
{ "type": "Feature", "properties": { "businessname": "JOE'S AMERICAN BAR & GRILL", "dbaname": null, "legalowner": "EXETER THEATRE CORPORATION", "namelast": "BBRG NEWBURY TR LLC", "namefirst": "c/o licensing Solutions", "licenseno": 75244, "issdttm": "2012-01-10T13:19:41", "expdttm": "2020-12-31T23:59:00", "licstatus": "Active", "licensecat": "FS", "descript": "Eating & Drinking", "result": "HE_Fail", "resultdttm": "2015-06-01T12:22:45", "violation": "02-3-602.11-.12/3-302.12", "viollevel": "*", "violdesc": "Food Container Labels", "violdttm": "2015-06-01T12:22:45", "violstatus": "Fail", "statusdate": null, "comments": "Several bulk storage bins missing labels.Provide", "address": "26   Exeter ST", "city": "Boston", "zip": 2116, "property_id": 55335, "latitude_Y": 42.35061, "longitude_X": -71.07967, "year": 2015 }, "geometry": { "type": "Point", "coordinates": [ -71.07967, 42.35061 ] } },
{ "type": "Feature", "properties": { "businessname": "John Jeffries House", "dbaname": null, "legalowner": "  ", "namelast": "1700 Charles LLC", "namefirst": " ", "licenseno": 311854, "issdttm": "2017-03-10T13:50:53", "expdttm": "2017-12-31T23:59:00", "licstatus": "Inactive", "licensecat": "FS", "descript": "Eating & Drinking", "result": "HE_Fail", "resultdttm": "2016-12-30T10:58:24", "violation": "15-4-202.16", "viollevel": "*", "violdesc": "Non-Food Contact Surfaces", "violdttm": "2016-12-30T10:58:24", "violstatus": "Fail", "statusdate": null, "comments": "Carpeting on shelving", "address": "14  David G Mugar WAY", "city": "Boston", "zip": 2114, "property_id": 172253, "latitude_Y": 42.36058, "longitude_X": -71.071306, "year": 2016 }, "geometry": { "type": "Point", "coordinates": [ -71.071306, 42.36058 ] } },
{ "type": "Feature", "properties": { "businessname": "Jonquils Cafe", "dbaname": null, "legalowner": "NINE COMMONWEALTH CORP", "namelast": "Alshihabi", "namefirst": "Ehab", "licenseno": 378553, "issdttm": "2019-06-17T13:44:30", "expdttm": "2020-12-31T23:59:00", "licstatus": "Active", "licensecat": "FT", "descript": "Eating & Drinking w/ Take Out", "result": "HE_Fail", "resultdttm": "2019-06-03T14:50:20", "violation": "37-6-501.11-.12", "viollevel": "*", "violdesc": "Improper Maintenance of Walls/Ceilings", "violdttm": "2019-06-03T14:50:20", "violstatus": "Fail", "statusdate": null, "comments": "Exposed pipes/etc above ice machine and food storage - Basement", "address": "125   Newbury ST", "city": "Boston", "zip": 2116, "property_id": 101336, "latitude_Y": 42.35141, "longitude_X": -71.07664, "year": 2019 }, "geometry": { "type": "Point", "coordinates": [ -71.07664, 42.35141 ] } },
{ "type": "Feature", "properties": { "businessname": "Jook Sing Cafe", "dbaname": null, "legalowner": "HING SOO HOO", "namelast": "HING SOO HOO", "namefirst": " ", "licenseno": 21797, "issdttm": "2012-05-03T08:31:22", "expdttm": "2020-12-31T23:59:00", "licstatus": "Active", "licensecat": "FT", "descript": "Eating & Drinking w/ Take Out", "result": "HE_Fail", "resultdttm": "2016-04-11T12:42:14", "violation": "08-3-305-307.11", "viollevel": "*", "violdesc": "Food Protection", "violdttm": "2016-04-11T12:42:14", "violstatus": "Fail", "statusdate": null, "comments": "Open bags of rice and flour  once opened store in closed covered labelled containers", "address": "177   Harrison AVE", "city": "Boston", "zip": 2111, "property_id": 156715, "latitude_Y": 42.349154, "longitude_X": -71.062307, "year": 2016 }, "geometry": { "type": "Point", "coordinates": [ -71.062307, 42.349154 ] } },
{ "type": "Feature", "properties": { "businessname": "Josephine", "dbaname": null, "legalowner": "FOUR 68 COMMONWEALTH AV LLC", "namelast": "Gosselin Owner", "namefirst": "Samuel", "licenseno": 141852, "issdttm": "2015-06-17T11:01:09", "expdttm": "2016-12-31T23:59:00", "licstatus": "Inactive", "licensecat": "FS", "descript": "Eating & Drinking", "result": "HE_Fail", "resultdttm": "2015-06-15T11:02:24", "violation": "08-3-305-307.11", "viollevel": "*", "violdesc": "Food Protection", "violdttm": "2015-06-15T11:02:24", "violstatus": "Fail", "statusdate": null, "comments": "Dry food containers stored on shelves next to the mop sink. Remove. Store at the approved area.", "address": "468   Commonwealth AVE", "city": "Boston", "zip": 2215, "property_id": 40980, "latitude_Y": 42.34855, "longitude_X": -71.09348, "year": 2015 }, "geometry": { "type": "Point", "coordinates": [ -71.09348, 42.34855 ] } },
{ "type": "Feature", "properties": { "businessname": "Joshua's Deli", "dbaname": null, "legalowner": "BAYLE SHIRLEY D", "namelast": "Pluhm", "namefirst": "Joshua", "licenseno": 90916, "issdttm": "2013-06-07T14:53:33", "expdttm": "2020-12-31T23:59:00", "licstatus": "Active", "licensecat": "FS", "descript": "Eating & Drinking", "result": "HE_Fail", "resultdttm": "2015-03-27T08:31:08", "violation": "28-5-402.13", "viollevel": "**", "violdesc": "Sewage and Waste Water", "violdttm": "2015-03-27T08:31:08", "violstatus": "Fail", "statusdate": null, "comments": "Sewage back up coming from the Restrooms and flooding the basement level. Repair to provide proper sewage disposal.", "address": "42   Batterymarch ST", "city": "Boston", "zip": 2110, "property_id": 8804, "latitude_Y": 42.35757, "longitude_X": -71.05385, "year": 2015 }, "geometry": { "type": "Point", "coordinates": [ -71.05385, 42.35757 ] } },
{ "type": "Feature", "properties": { "businessname": "Joy Luck Restaurant", "dbaname": null, "legalowner": null, "namelast": "Lian Lin", "namefirst": "Chun", "licenseno": 158699, "issdttm": "2016-04-27T09:32:17", "expdttm": "2018-12-31T23:59:00", "licstatus": "Inactive", "licensecat": "FS", "descript": "Eating & Drinking", "result": "HE_Fail", "resultdttm": "2017-05-04T11:50:58", "violation": "37-6-501.11-.12", "viollevel": "*", "violdesc": "Improper Maintenance of Walls/Ceilings", "violdttm": "2017-05-04T11:50:58", "violstatus": "Fail", "statusdate": null, "comments": "1) hood vents with grease build up  clean to remove   2) hood sticker expired in January of 2017  ensure hood cleaned by licensed hood cleaning company with BFD.", "address": "680  Washington ST", "city": "Boston", "zip": 2111, "property_id": 158290, "latitude_Y": 42.351393, "longitude_X": -71.062629, "year": 2017 }, "geometry": { "type": "Point", "coordinates": [ -71.062629, 42.351393 ] } },
{ "type": "Feature", "properties": { "businessname": "JP LICKS", "dbaname": null, "legalowner": "K&G PROPERTIES INC", "namelast": "Petreyk", "namefirst": "Vincent", "licenseno": 358739, "issdttm": "2018-10-22T08:04:57", "expdttm": "2020-12-31T23:59:00", "licstatus": "Active", "licensecat": "FT", "descript": "Eating & Drinking w/ Take Out", "result": "HE_Fail", "resultdttm": "2019-03-28T11:05:41", "violation": "M-2-103.11", "viollevel": "***", "violdesc": "PIC Performing Duties", "violdttm": "2019-03-28T11:05:41", "violstatus": "Fail", "statusdate": null, "comments": "No allergen warning posted No allergen poster posted in employee work area", "address": "173   Newbury ST", "city": "Boston", "zip": 2116, "property_id": 101379, "latitude_Y": 42.35072, "longitude_X": -71.07921, "year": 2019 }, "geometry": { "type": "Point", "coordinates": [ -71.07921, 42.35072 ] } },
{ "type": "Feature", "properties": { "businessname": "Jugos", "dbaname": null, "legalowner": "MASS. GENERAL HOSPITAL  (SS/INDOOR)", "namelast": "Marcos", "namefirst": "Ronald A.", "licenseno": 200728, "issdttm": "2016-08-10T15:47:45", "expdttm": "2018-12-31T23:59:00", "licstatus": "Inactive", "licensecat": "FT", "descript": "Eating & Drinking w/ Take Out", "result": "HE_Fail", "resultdttm": "2016-08-05T08:21:17", "violation": "15-4-202.16", "viollevel": "*", "violdesc": "Non-Food Contact Surfaces", "violdttm": "2016-08-05T08:21:17", "violstatus": "Fail", "statusdate": null, "comments": "Gasket on door of double door reach in unit broken  held together with duct tape. Replace.", "address": "10  Whittier PL", "city": "Boston", "zip": 2114, "property_id": 157202, "latitude_Y": 42.365678, "longitude_X": -71.066648, "year": 2016 }, "geometry": { "type": "Point", "coordinates": [ -71.066648, 42.365678 ] } },
{ "type": "Feature", "properties": { "businessname": "Juice Republic", "dbaname": null, "legalowner": "  ", "namelast": "Qian Jiang Xie & Zhao Yu Jiang", "namefirst": " ", "licenseno": 130105, "issdttm": "2015-05-14T08:39:16", "expdttm": "2017-12-31T23:59:00", "licstatus": "Inactive", "licensecat": "FT", "descript": "Eating & Drinking w/ Take Out", "result": "HE_Fail", "resultdttm": "2015-11-12T12:28:51", "violation": "08-3-305-307.11", "viollevel": "*", "violdesc": "Food Protection", "violdttm": "2015-11-12T12:28:51", "violstatus": "Fail", "statusdate": null, "comments": "1. open bags of food prodcuts and products stored on floor  store in closed covered container with label once open and elevate products 6\" off floor. 2. food products stored on grease trap remove to protect food products", "address": "24  Kneeland ST", "city": "Boston", "zip": 2111, "property_id": 166795, "latitude_Y": 42.350851, "longitude_X": -71.061825, "year": 2015 }, "geometry": { "type": "Point", "coordinates": [ -71.061825, 42.350851 ] } },
{ "type": "Feature", "properties": { "businessname": "Juicy Spot", "dbaname": null, "legalowner": "YEE KENNETH M TRST", "namelast": "Eng", "namefirst": "Lori", "licenseno": 201042, "issdttm": "2017-03-01T10:09:48", "expdttm": "2020-12-31T23:59:00", "licstatus": "Active", "licensecat": "FT", "descript": "Eating & Drinking w/ Take Out", "result": "HE_Fail", "resultdttm": "2017-02-21T10:32:36", "violation": "17-4-204.112/.115", "viollevel": "*", "violdesc": "Equipment Thermometers", "violdttm": "2017-02-21T10:32:36", "violstatus": "Fail", "statusdate": null, "comments": "No thermometer in stand up cooler in back area  supply", "address": "16   Tyler ST", "city": "Boston", "zip": 2111, "property_id": 138811, "latitude_Y": 42.3508, "longitude_X": -71.06052, "year": 2017 }, "geometry": { "type": "Point", "coordinates": [ -71.06052, 42.3508 ] } },
{ "type": "Feature", "properties": { "businessname": "Kamakura", "dbaname": null, "legalowner": "NATRAC EQUITIES CORP", "namelast": "LDJ Development", "namefirst": "Rob Weintraub", "licenseno": 175306, "issdttm": "2018-10-29T07:55:34", "expdttm": "2020-12-31T23:59:00", "licstatus": "Inactive", "licensecat": "FS", "descript": "Eating & Drinking", "result": "HE_Fail", "resultdttm": "2019-02-07T13:11:55", "violation": "01-3-203.12", "viollevel": "**", "violdesc": "Tags & Records", "violdttm": "2019-02-07T13:11:55", "violstatus": "Fail", "statusdate": null, "comments": "Shell fish stored in refrigerature units without tags. Provide tags. Store tag with shell fish .", "address": "150   State ST", "city": "Boston", "zip": 2109, "property_id": 130375, "latitude_Y": 42.3594, "longitude_X": -71.05408, "year": 2019 }, "geometry": { "type": "Point", "coordinates": [ -71.05408, 42.3594 ] } },
{ "type": "Feature", "properties": { "businessname": "Kaze Shabu Shabu", "dbaname": null, "legalowner": "V&L REALTY CORPORATION", "namelast": "Edward Leung", "namefirst": "Pres.", "licenseno": 27819, "issdttm": "2012-01-24T10:29:35", "expdttm": "2020-12-31T23:59:00", "licstatus": "Active", "licensecat": "FS", "descript": "Eating & Drinking", "result": "HE_Fail", "resultdttm": "2015-05-28T11:29:47", "violation": "15-4-202.16", "viollevel": "*", "violdesc": "Non-Food Contact Surfaces", "violdttm": "2015-05-28T11:29:47", "violstatus": "Fail", "statusdate": null, "comments": "Discontinue use of cardboard in upstairs kitchen.", "address": "41   Essex ST", "city": "Boston", "zip": 2111, "property_id": 54334, "latitude_Y": 42.35235, "longitude_X": -71.06158, "year": 2015 }, "geometry": { "type": "Point", "coordinates": [ -71.06158, 42.35235 ] } },
{ "type": "Feature", "properties": { "businessname": "KING AND I CORP.", "dbaname": null, "legalowner": "PENDLETON LEIGH", "namelast": "NANDHAVAN", "namefirst": "KAMODLHEP", "licenseno": 18988, "issdttm": "2011-12-30T13:19:41", "expdttm": "2020-12-31T23:59:00", "licstatus": "Active", "licensecat": "FS", "descript": "Eating & Drinking", "result": "HE_Fail", "resultdttm": "2015-06-15T14:20:03", "violation": "03-3-501.16(A)", "viollevel": "***", "violdesc": "Cold Holding", "violdttm": "2015-06-15T14:20:03", "violstatus": "Fail", "statusdate": null, "comments": "Refrigerating unit at the cooking line- Ham 55F Chicken 46F  Shrimp 45F. Maintain at 41F or below.", "address": "145   Charles ST", "city": "Boston", "zip": 2114, "property_id": 29131, "latitude_Y": 42.360364, "longitude_X": -71.070575, "year": 2015 }, "geometry": { "type": "Point", "coordinates": [ -71.070575, 42.360364 ] } },
{ "type": "Feature", "properties": { "businessname": "Kingston Station", "dbaname": null, "legalowner": "SAMAAN JOHN TS", "namelast": "Nguyen", "namefirst": "Ky", "licenseno": 26465, "issdttm": "2012-01-09T10:37:41", "expdttm": "2016-12-31T23:59:00", "licstatus": "Inactive", "licensecat": "FT", "descript": "Eating & Drinking w/ Take Out", "result": "HE_Fail", "resultdttm": "2016-08-11T11:44:07", "violation": "03-3-501.16(A)", "viollevel": "***", "violdesc": "Cold Holding", "violdttm": "2016-08-11T11:44:07", "violstatus": "Fail", "statusdate": null, "comments": "Tuna loins @ 55f-60f  ensure proper cold hold of 41f or below  (kitchen staff discarded unsafe foods at time of inspection voluntarily (3 loins about 4-6 oz )).", "address": "23  Kingston ST", "city": "Boston", "zip": 2111, "property_id": 82006, "latitude_Y": 42.353772, "longitude_X": -71.059213, "year": 2016 }, "geometry": { "type": "Point", "coordinates": [ -71.059213, 42.353772 ] } },
{ "type": "Feature", "properties": { "businessname": "Krasi", "dbaname": null, "legalowner": "SANDER DANIEL TS", "namelast": "Mitsos LLC", "namefirst": "Att: Accounts Payable", "licenseno": 393006, "issdttm": "2020-02-26T08:24:50", "expdttm": "2020-12-31T23:59:00", "licstatus": "Active", "licensecat": "FS", "descript": "Eating & Drinking", "result": "HE_Fail", "resultdttm": "2020-02-14T08:48:50", "violation": "590.003/3-305.11-C", "viollevel": "*", "violdesc": "Food Storage-Preventing Contamination from the Premises (C)", "violdttm": "2020-02-14T08:48:50", "violstatus": "Fail", "statusdate": null, "comments": "Open foods not stored in food grade covered containers - Kitchen/prep ware washing", "address": "48   Gloucester ST", "city": "Boston", "zip": 2115, "property_id": 64954, "latitude_Y": 42.348681, "longitude_X": -71.084102, "year": 2020 }, "geometry": { "type": "Point", "coordinates": [ -71.084102, 42.348681 ] } },
{ "type": "Feature", "properties": { "businessname": "L.A. Burdick Chocolate", "dbaname": null, "legalowner": "  ", "namelast": "Walpole Handmade Chocolates LLC", "namefirst": "L.A. Burdick Chocolate", "licenseno": 76420, "issdttm": "2012-05-03T15:28:29", "expdttm": "2020-12-31T23:59:00", "licstatus": "Active", "licensecat": "FT", "descript": "Eating & Drinking w/ Take Out", "result": "HE_Fail", "resultdttm": "2015-05-12T14:49:45", "violation": "22-4-601/602.11", "viollevel": "**", "violdesc": "Food Contact Surfaces Clean", "violdttm": "2015-05-12T14:49:45", "violstatus": "Fail", "statusdate": null, "comments": "Ice machine interior soiled. Clean and sanitize properly.", "address": "224   Clarendon ST", "city": "Boston", "zip": 2116, "property_id": 340972, "latitude_Y": 42.351219, "longitude_X": -71.075653, "year": 2015 }, "geometry": { "type": "Point", "coordinates": [ -71.075653, 42.351219 ] } },
{ "type": "Feature", "properties": { "businessname": "LA FAMIGLIA RISTORANTE", "dbaname": null, "legalowner": "GIORGIO ALBERT", "namelast": "GIORGIO", "namefirst": "MARYANN", "licenseno": 19067, "issdttm": "2012-01-09T15:08:47", "expdttm": "2020-12-31T23:59:00", "licstatus": "Active", "licensecat": "FS", "descript": "Eating & Drinking", "result": "HE_Fail", "resultdttm": "2017-03-28T14:20:26", "violation": "03-3-501.16(A)", "viollevel": "***", "violdesc": "Cold Holding", "violdttm": "2017-03-28T14:20:26", "violstatus": "Fail", "statusdate": null, "comments": "Anchioves in top reach in 46F / Discussed keeping top lid down as often as possible to keep temperatures down.  Anchioves were moved to bottom reach in to cool down / Provide proper cold holding temperatures.", "address": "112   Salem ST", "city": "Boston", "zip": 2113, "property_id": 121697, "latitude_Y": 42.36455, "longitude_X": -71.05571, "year": 2017 }, "geometry": { "type": "Point", "coordinates": [ -71.05571, 42.36455 ] } },
{ "type": "Feature", "properties": { "businessname": "La Galleria 33", "dbaname": null, "legalowner": "D'AMORE GRACE", "namelast": "Paolina Corp. Inc.", "namefirst": " ", "licenseno": 30085, "issdttm": "2012-06-05T11:01:21", "expdttm": "2019-12-31T23:59:00", "licstatus": "Inactive", "licensecat": "FS", "descript": "Eating & Drinking", "result": "HE_Fail", "resultdttm": "2015-07-22T12:50:47", "violation": "02-3-602.11-.12/3-302.12", "viollevel": "*", "violdesc": "Food Container Labels", "violdttm": "2015-07-22T12:50:47", "violstatus": "Fail", "statusdate": null, "comments": "Label where needed - FLOUR - SUGAR -SALT - MESA", "address": "123   Salem ST", "city": "Boston", "zip": 2113, "property_id": 121740, "latitude_Y": 42.36466, "longitude_X": -71.05536, "year": 2015 }, "geometry": { "type": "Point", "coordinates": [ -71.05536, 42.36466 ] } },
{ "type": "Feature", "properties": { "businessname": "LA SUMMA", "dbaname": null, "legalowner": "PIZZUTI DONATO F", "namelast": "Barbara Sullivan 30 Fleet St. Corp.", "namefirst": " ", "licenseno": 25474, "issdttm": "2012-01-03T10:16:30", "expdttm": "2020-12-31T23:59:00", "licstatus": "Active", "licensecat": "FS", "descript": "Eating & Drinking", "result": "HE_Fail", "resultdttm": "2015-09-29T17:49:28", "violation": "02-3-602.11-.12/3-302.12", "viollevel": "*", "violdesc": "Food Container Labels", "violdttm": "2015-09-29T17:49:28", "violstatus": "Fail", "statusdate": null, "comments": "Label all bulk food containers to properly identify the product", "address": "26   Fleet ST", "city": "Boston", "zip": 2113, "property_id": 58635, "latitude_Y": 42.36459, "longitude_X": -71.05254, "year": 2015 }, "geometry": { "type": "Point", "coordinates": [ -71.05254, 42.36459 ] } },
{ "type": "Feature", "properties": { "businessname": "La Voile Brasserie", "dbaname": null, "legalowner": "DER HAGOPIAN NUBAR TS", "namelast": "Bato L L C", "namefirst": " ", "licenseno": 28359, "issdttm": "2011-12-16T14:06:23", "expdttm": "2020-12-31T23:59:00", "licstatus": "Active", "licensecat": "FS", "descript": "Eating & Drinking", "result": "HE_Fail", "resultdttm": "2015-05-28T11:47:48", "violation": "17-4-302.14", "viollevel": "*", "violdesc": "Test Kit Provided", "violdttm": "2015-05-28T11:47:48", "violstatus": "Fail", "statusdate": null, "comments": "No test kit for testing of sanitizers at time of inspection- Provide", "address": "257   Newbury ST", "city": "Boston", "zip": 2116, "property_id": 101472, "latitude_Y": 42.34966, "longitude_X": -71.08314, "year": 2015 }, "geometry": { "type": "Point", "coordinates": [ -71.08314, 42.34966 ] } },
{ "type": "Feature", "properties": { "businessname": "LaColombe Torrefaction Inc.", "dbaname": null, "legalowner": "LOU 754 ATLANTIC PROPERTY", "namelast": "LaColombe Torrefaction Inc.", "namefirst": "Gregory Smith", "licenseno": 167659, "issdttm": "2016-04-27T09:33:49", "expdttm": "2020-12-31T23:59:00", "licstatus": "Active", "licensecat": "FS", "descript": "Eating & Drinking", "result": "HE_Fail", "resultdttm": "2020-08-11T12:07:23", "violation": "590.002(C)/2-102.12-C", "viollevel": "*", "violdesc": "(A) Certified Food Protection Manager (C)", "violdttm": "2020-08-11T12:07:23", "violstatus": "Fail", "statusdate": null, "comments": "At the time of the inspection there was no Food Allergen Certification on site. Provide.", "address": "745   Atlantic AVE", "city": "Boston", "zip": 2111, "property_id": 6354, "latitude_Y": 42.35031, "longitude_X": -71.0571, "year": 2020 }, "geometry": { "type": "Point", "coordinates": [ -71.0571, 42.35031 ] } },
{ "type": "Feature", "properties": { "businessname": "LALA ROKH", "dbaname": null, "legalowner": "BAMFORTH JEAN S", "namelast": "BFAM INC.", "namefirst": " ", "licenseno": 20077, "issdttm": "2012-01-10T12:50:33", "expdttm": "2018-12-31T23:59:00", "licstatus": "Inactive", "licensecat": "FS", "descript": "Eating & Drinking", "result": "HE_Filed", "resultdttm": "2015-10-07T16:42:04", "violation": "08-3-305-307.11", "viollevel": "*", "violdesc": "Food Protection", "violdttm": "2015-10-07T16:42:04", "violstatus": "Fail", "statusdate": null, "comments": "Some food products stored on the floor inside the Walk-In unit. Elevate 6 inches or above.", "address": "97   Mount Vernon ST", "city": "Boston", "zip": 2108, "property_id": 98801, "latitude_Y": 42.35806, "longitude_X": -71.06972, "year": 2015 }, "geometry": { "type": "Point", "coordinates": [ -71.06972, 42.35806 ] } },
{ "type": "Feature", "properties": { "businessname": "Langham Hotel", "dbaname": null, "legalowner": "CHRISTINE GILPIN  CONTROL LER", "namelast": "CHRISTINE GILPIN CONTROL", "namefirst": "LER", "licenseno": 23003, "issdttm": "2012-01-11T08:50:36", "expdttm": "2019-12-31T23:59:00", "licstatus": "Inactive", "licensecat": "FS", "descript": "Eating & Drinking", "result": "HE_Fail", "resultdttm": "2015-04-21T14:05:12", "violation": "03-3-501.16", "viollevel": "***", "violdesc": "Hot Holding", "violdttm": "2015-04-21T14:05:12", "violstatus": "Fail", "statusdate": null, "comments": "Rice 129F / Provide proper hot holding temperatures.", "address": "250   Franklin ST", "city": "Boston", "zip": 2110, "property_id": 157806, "latitude_Y": 42.35663, "longitude_X": -71.054279, "year": 2015 }, "geometry": { "type": "Point", "coordinates": [ -71.054279, 42.35663 ] } },
{ "type": "Feature", "properties": { "businessname": "Lanta Asian Cuisine", "dbaname": null, "legalowner": null, "namelast": "Yee Yang", "namefirst": "J & Y Enterperises Inc.", "licenseno": 84979, "issdttm": "2013-01-03T15:06:25", "expdttm": "2020-12-31T23:59:00", "licstatus": "Active", "licensecat": "FT", "descript": "Eating & Drinking w/ Take Out", "result": "HE_Fail", "resultdttm": "2015-07-10T13:54:55", "violation": "02-3-602.11-.12/3-302.12", "viollevel": "*", "violdesc": "Food Container Labels", "violdttm": "2015-07-10T13:54:55", "violstatus": "Fail", "statusdate": null, "comments": "Provide labels for rice bins.", "address": "38   Batterymarch ST", "city": "Boston", "zip": 2110, "property_id": 157539, "latitude_Y": 42.357589, "longitude_X": -71.053939, "year": 2015 }, "geometry": { "type": "Point", "coordinates": [ -71.053939, 42.357589 ] } },
{ "type": "Feature", "properties": { "businessname": "Laugh Boston", "dbaname": null, "legalowner": null, "namelast": "Wicked Comedy L L C", "namefirst": " ", "licenseno": 86989, "issdttm": "2013-09-17T08:52:02", "expdttm": "2020-12-31T23:59:00", "licstatus": "Active", "licensecat": "FS", "descript": "Eating & Drinking", "result": "HE_Fail", "resultdttm": "2015-06-03T13:47:46", "violation": "14-4-202.11", "viollevel": "*", "violdesc": "Food Contact Surfaces Design", "violdttm": "2015-06-03T13:47:46", "violstatus": "Fail", "statusdate": null, "comments": "replace woen and stained cutting boards on the cold uinit in the kitchen.", "address": "425   Summer ST", "city": "Boston", "zip": 2210, "property_id": 344059, "latitude_Y": 42.346219, "longitude_X": -71.043099, "year": 2015 }, "geometry": { "type": "Point", "coordinates": [ -71.043099, 42.346219 ] } },
{ "type": "Feature", "properties": { "businessname": "Laughing Monk Cafe", "dbaname": null, "legalowner": null, "namelast": "Nakapakorn", "namefirst": "Dome", "licenseno": 316715, "issdttm": "2017-04-10T13:18:00", "expdttm": "2020-12-31T23:59:00", "licstatus": "Active", "licensecat": "FS", "descript": "Eating & Drinking", "result": "HE_Fail", "resultdttm": "2017-10-03T12:51:02", "violation": "15-4-202.16", "viollevel": "*", "violdesc": "Non-Food Contact Surfaces", "violdttm": "2017-10-03T12:51:02", "violstatus": "Fail", "statusdate": null, "comments": " No protective enclosure for mop sink  provide.", "address": "737   Huntington AVE", "city": "Boston", "zip": 2115, "property_id": 156156, "latitude_Y": 42.334069, "longitude_X": -71.105529, "year": 2017 }, "geometry": { "type": "Point", "coordinates": [ -71.105529, 42.334069 ] } },
{ "type": "Feature", "properties": { "businessname": "Legal Crossing", "dbaname": null, "legalowner": "BOSTON REDEVELOP AUTHORITY", "namelast": "Legal Sea Foods L L C", "namefirst": " ", "licenseno": 95921, "issdttm": "2014-03-12T10:05:33", "expdttm": "2020-12-31T23:59:00", "licstatus": "Active", "licensecat": "FS", "descript": "Eating & Drinking", "result": "HE_Fail", "resultdttm": "2020-09-09T13:58:53", "violation": "590.004/4-602.13-C", "viollevel": "*", "violdesc": "Nonfood Contact Surfaces (C)", "violdttm": "2020-09-09T13:58:53", "violstatus": "Fail", "statusdate": null, "comments": "Second compressor of the walk-in refrigerator with excess frost byuild-up. Defrost and clean to remove. Unit was functioning at below 41F at the time of the inspection.", "address": "558   Washington ST", "city": "Boston", "zip": 2111, "property_id": 145729, "latitude_Y": 42.353432, "longitude_X": -71.0622, "year": 2020 }, "geometry": { "type": "Point", "coordinates": [ -71.0622, 42.353432 ] } },
{ "type": "Feature", "properties": { "businessname": "Legal Harborside", "dbaname": null, "legalowner": null, "namelast": "Legal Sea Foods LLC", "namefirst": "Roger Berkowitz", "licenseno": 68424, "issdttm": "2012-01-11T08:01:24", "expdttm": "2020-12-31T23:59:00", "licstatus": "Active", "licensecat": "FS", "descript": "Eating & Drinking", "result": "HE_Filed", "resultdttm": "2015-06-11T11:34:12", "violation": "21-3-304.14", "viollevel": "*", "violdesc": "Wiping Cloths  Clean  Sanitize", "violdttm": "2015-06-11T11:34:12", "violstatus": "Fail", "statusdate": null, "comments": "Keep all in use wiping cloths in a sanitizing solution when not in use.", "address": "242   Northern AV", "city": "Boston", "zip": 2210, "property_id": 103892, "latitude_Y": 42.34903, "longitude_X": -71.03882, "year": 2015 }, "geometry": { "type": "Point", "coordinates": [ -71.03882, 42.34903 ] } },
{ "type": "Feature", "properties": { "businessname": "LEGAL SEAFOODS", "dbaname": null, "legalowner": "LEGAL SEAFOODS INC.RISK/B", "namelast": "Legal Sea Foods LLC", "namefirst": "Donna Cruz", "licenseno": 21132, "issdttm": "2012-01-11T07:39:48", "expdttm": "2020-12-31T23:59:00", "licstatus": "Inactive", "licensecat": "FS", "descript": "Eating & Drinking", "result": "HE_Fail", "resultdttm": "2015-09-03T12:37:56", "violation": "08-3-305-307.11", "viollevel": "*", "violdesc": "Food Protection", "violdttm": "2015-09-03T12:37:56", "violstatus": "Fail", "statusdate": null, "comments": "Observed plastic sqeeze bottles stored in ice for dispensing.Discontinue.Store properly in refrigeration.PIC corrected during inspection", "address": "26   Park SQ", "city": "Boston", "zip": 2116, "property_id": 157711, "latitude_Y": 42.351363, "longitude_X": -71.069099, "year": 2015 }, "geometry": { "type": "Point", "coordinates": [ -71.069099, 42.351363 ] } },
{ "type": "Feature", "properties": { "businessname": "Lenox Hotel (5 Food Serv. Loc.)", "dbaname": null, "legalowner": "LENOX HOTEL LLC", "namelast": "GLENBEG INC.", "namefirst": " ", "licenseno": 22241, "issdttm": "2012-02-14T09:30:48", "expdttm": "2020-12-31T23:59:00", "licstatus": "Active", "licensecat": "FS", "descript": "Eating & Drinking", "result": "HE_Fail", "resultdttm": "2015-02-25T10:13:16", "violation": "14-4-202.11", "viollevel": "*", "violdesc": "Food Contact Surfaces Design", "violdttm": "2015-02-25T10:13:16", "violstatus": "Fail", "statusdate": null, "comments": "solas kitchen/resurface all worn cutting boards", "address": "704   Boylston ST", "city": "Boston", "zip": 2116, "property_id": 18381, "latitude_Y": 42.349278, "longitude_X": -71.079625, "year": 2015 }, "geometry": { "type": "Point", "coordinates": [ -71.079625, 42.349278 ] } },
{ "type": "Feature", "properties": { "businessname": "LES ZYGOMATES", "dbaname": null, "legalowner": null, "namelast": "In Vino Veritas Bistro L L C", "namefirst": " ", "licenseno": 125208, "issdttm": "2014-01-09T13:37:54", "expdttm": "2020-12-31T23:59:00", "licstatus": "Inactive", "licensecat": "FS", "descript": "Eating & Drinking", "result": "HE_Fail", "resultdttm": "2015-05-12T12:12:24", "violation": "08-3-305-307.11", "viollevel": "*", "violdesc": "Food Protection", "violdttm": "2015-05-12T12:12:24", "violstatus": "Fail", "statusdate": null, "comments": "At the back bar  do not store anyting in the customers ice.", "address": "129   South ST", "city": "Boston", "zip": 2111, "property_id": 155931, "latitude_Y": 42.351209, "longitude_X": -71.057569, "year": 2015 }, "geometry": { "type": "Point", "coordinates": [ -71.057569, 42.351209 ] } },
{ "type": "Feature", "properties": { "businessname": "L'Espalier", "dbaname": null, "legalowner": null, "namelast": "New France Back Bay", "namefirst": "L L C", "licenseno": 28553, "issdttm": "2012-01-12T12:50:03", "expdttm": "2018-12-31T23:59:00", "licstatus": "Inactive", "licensecat": "FS", "descript": "Eating & Drinking", "result": "HE_Fail", "resultdttm": "2015-04-06T11:11:20", "violation": "08-3-305-307.11", "viollevel": "*", "violdesc": "Food Protection", "violdttm": "2015-04-06T11:11:20", "violstatus": "Fail", "statusdate": null, "comments": "move electric friolator into kitchen area and out of non approved hallway", "address": "772   Boylston ST", "city": "Boston", "zip": 2116, "property_id": 18395, "latitude_Y": 42.348701, "longitude_X": -71.081632, "year": 2015 }, "geometry": { "type": "Point", "coordinates": [ -71.081632, 42.348701 ] } },
{ "type": "Feature", "properties": { "businessname": "LICKS CAFE", "dbaname": null, "legalowner": null, "namelast": "ARAMARK", "namefirst": " ", "licenseno": 21050, "issdttm": "2012-01-09T08:35:00", "expdttm": "2020-12-31T23:59:00", "licstatus": "Active", "licensecat": "FT", "descript": "Eating & Drinking w/ Take Out", "result": "HE_Fail", "resultdttm": "2016-02-11T13:56:42", "violation": "03-3-501.16(A)", "viollevel": "***", "violdesc": "Cold Holding", "violdttm": "2016-02-11T13:56:42", "violstatus": "Fail", "statusdate": null, "comments": "The upright refrigerator is reading 54F and the cream cheese is 48F.  Provide proper cold holding of 41F or below.", "address": "1140  Boylston St", "city": "Boston", "zip": 2115, "property_id": 156962, "latitude_Y": 42.346689, "longitude_X": -71.089011, "year": 2016 }, "geometry": { "type": "Point", "coordinates": [ -71.089011, 42.346689 ] } },
{ "type": "Feature", "properties": { "businessname": "LIMONCELLO", "dbaname": null, "legalowner": "RISTORANTE LIMONCELLO. IN C.", "namelast": "RISTORANTE LIMONCELLO. IN", "namefirst": "C.", "licenseno": 22537, "issdttm": "2011-12-29T14:48:50", "expdttm": "2020-12-31T23:59:00", "licstatus": "Active", "licensecat": "FS", "descript": "Eating & Drinking", "result": "HE_Fail", "resultdttm": "2015-05-12T12:01:34", "violation": "01-3-202.18", "viollevel": "**", "violdesc": "Shellstock ID", "violdttm": "2015-05-12T12:01:34", "violstatus": "Fail", "statusdate": null, "comments": " ", "address": "190   North ST", "city": "Boston", "zip": 2113, "property_id": 158273, "latitude_Y": 42.363379, "longitude_X": -71.053961, "year": 2015 }, "geometry": { "type": "Point", "coordinates": [ -71.053961, 42.363379 ] } },
{ "type": "Feature", "properties": { "businessname": "Lime Red Tea House", "dbaname": null, "legalowner": "  ", "namelast": "Lee", "namefirst": "Raymond", "licenseno": 310228, "issdttm": "2017-06-20T08:42:37", "expdttm": "2020-12-31T23:59:00", "licstatus": "Active", "licensecat": "FS", "descript": "Eating & Drinking", "result": "HE_Fail", "resultdttm": "2017-06-09T13:33:32", "violation": "08-3-305-307.11", "viollevel": "*", "violdesc": "Food Protection", "violdttm": "2017-06-09T13:33:32", "violstatus": "Fail", "statusdate": null, "comments": "Provide splash gaurds on both sides of hand sink in the service area.", "address": "1092   Commonwealth AVE", "city": "Boston", "zip": 2215, "property_id": 163736, "latitude_Y": 42.351738, "longitude_X": -71.124257, "year": 2017 }, "geometry": { "type": "Point", "coordinates": [ -71.124257, 42.351738 ] } },
{ "type": "Feature", "properties": { "businessname": "LIMELIGHT STAGE & STUDIOS  INC.", "dbaname": null, "legalowner": null, "namelast": "MARTHA SPERANZA PRES.", "namefirst": " ", "licenseno": 23403, "issdttm": "2012-02-15T08:36:41", "expdttm": "2018-12-31T23:59:00", "licstatus": "Inactive", "licensecat": "FS", "descript": "Eating & Drinking", "result": "HE_Fail", "resultdttm": "2015-10-07T17:19:09", "violation": "15-4-202.16", "viollevel": "*", "violdesc": "Non-Food Contact Surfaces", "violdttm": "2015-10-07T17:19:09", "violstatus": "Fail", "statusdate": null, "comments": "cardboard lining shelves ion kitchen  remove to allow a cleanable  smooth surface", "address": "204   Tremont ST", "city": "Boston", "zip": 2116, "property_id": 157516, "latitude_Y": 42.351757, "longitude_X": -71.064491, "year": 2015 }, "geometry": { "type": "Point", "coordinates": [ -71.064491, 42.351757 ] } },
{ "type": "Feature", "properties": { "businessname": "LIR", "dbaname": null, "legalowner": "KING LIU REALTY INC", "namelast": "JOSEPH DUNNE PRES.", "namefirst": " ", "licenseno": 22680, "issdttm": "2012-01-10T12:45:36", "expdttm": "2020-12-31T23:59:00", "licstatus": "Inactive", "licensecat": "FS", "descript": "Eating & Drinking", "result": "HE_Fail", "resultdttm": "2015-05-05T15:13:14", "violation": "15-4-202.16", "viollevel": "*", "violdesc": "Non-Food Contact Surfaces", "violdttm": "2015-05-05T15:13:14", "violstatus": "Fail", "statusdate": null, "comments": "Ice Machine cover broken. Repair.", "address": "903   Boylston ST", "city": "Boston", "zip": 2115, "property_id": 18418, "latitude_Y": 42.348481, "longitude_X": -71.084239, "year": 2015 }, "geometry": { "type": "Point", "coordinates": [ -71.084239, 42.348481 ] } },
{ "type": "Feature", "properties": { "businessname": "Little Miss Cupcape", "dbaname": null, "legalowner": "DAMORE JOSEPHINE TRST", "namelast": "Stump", "namefirst": "Taylor", "licenseno": 413050, "issdttm": "2019-11-20T15:42:30", "expdttm": "2020-12-31T23:59:00", "licstatus": "Active", "licensecat": "RF", "descript": "Retail Food", "result": "HE_Fail", "resultdttm": "2019-11-06T12:53:01", "violation": "590.003/3-602.11-PF", "viollevel": "**", "violdesc": "Food Labels (Pf)", "violdttm": "2019-11-06T12:53:01", "violstatus": "Fail", "statusdate": null, "comments": "Multiple jarred candy items observed missing proper labels.Provide proper labels on all jarred candy items. PIC to remove items & dispense from behind the counter. PIC instructed to submit label information with all ingredients to the Health division for review.", "address": "250   Newbury ST", "city": "Boston", "zip": 2116, "property_id": 101466, "latitude_Y": 42.34935, "longitude_X": -71.0826, "year": 2019 }, "geometry": { "type": "Point", "coordinates": [ -71.0826, 42.34935 ] } },
{ "type": "Feature", "properties": { "businessname": "Little Steve's Pizza", "dbaname": null, "legalowner": null, "namelast": "Essber", "namefirst": "Gabi", "licenseno": 67615, "issdttm": "2012-02-21T12:49:44", "expdttm": "2020-12-31T23:59:00", "licstatus": "Active", "licensecat": "FT", "descript": "Eating & Drinking w/ Take Out", "result": "HE_Fail", "resultdttm": "2015-03-06T11:57:10", "violation": "02-3-602.11-.12/3-302.12", "viollevel": "*", "violdesc": "Food Container Labels", "violdttm": "2015-03-06T11:57:10", "violstatus": "Fail", "statusdate": null, "comments": "Bulk food containers with no proper labeling- Provide", "address": "1114   Boylston ST", "city": "Boston", "zip": 2115, "property_id": 157702, "latitude_Y": 42.34677, "longitude_X": -71.088759, "year": 2015 }, "geometry": { "type": "Point", "coordinates": [ -71.088759, 42.34677 ] } },
{ "type": "Feature", "properties": { "businessname": "Liuyishon Hotpot Boston", "dbaname": null, "legalowner": "CHIN VERN & CAROL", "namelast": "Liuyishon Hot Pot LLC", "namefirst": "Li Wang", "licenseno": 379260, "issdttm": "2019-01-03T08:40:25", "expdttm": "2020-12-31T23:59:00", "licstatus": "Active", "licensecat": "FS", "descript": "Eating & Drinking", "result": "HE_Fail", "resultdttm": "2018-12-31T08:31:42", "violation": "20-4-703.11", "viollevel": "***", "violdesc": "Food Contact Surfaces Clean", "violdttm": "2018-12-31T08:31:42", "violstatus": "Fail", "statusdate": null, "comments": "No Chlorine sanitizer registering @ low temperature machine  supply proper sanitzer", "address": "702  Washington ST", "city": "Boston", "zip": 2111, "property_id": 155789, "latitude_Y": 42.351037, "longitude_X": -71.06269, "year": 2018 }, "geometry": { "type": "Point", "coordinates": [ -71.06269, 42.351037 ] } },
{ "type": "Feature", "properties": { "businessname": "Lobstah On A Roll", "dbaname": null, "legalowner": "SAYEH MOULDI", "namelast": "Spinney", "namefirst": "David", "licenseno": 410917, "issdttm": "2019-10-03T10:26:37", "expdttm": "2020-12-31T23:59:00", "licstatus": "Active", "licensecat": "FS", "descript": "Eating & Drinking", "result": "HE_Fail", "resultdttm": "2020-08-26T12:31:48", "violation": "590.005/5-205.15-C", "viollevel": "*", "violdesc": "System Maintained in Good Repair (C)", "violdttm": "2020-08-26T12:31:48", "violstatus": "Fail", "statusdate": null, "comments": "Prep sink drain pipe leaking. Repair.", "address": "254   Newbury ST", "city": "Boston", "zip": 2116, "property_id": 101470, "latitude_Y": 42.34931, "longitude_X": -71.08274, "year": 2020 }, "geometry": { "type": "Point", "coordinates": [ -71.08274, 42.34931 ] } },
{ "type": "Feature", "properties": { "businessname": "Locale", "dbaname": null, "legalowner": "DICENSO EDWARD F", "namelast": "Jennifer Pittore", "namefirst": " ", "licenseno": 79138, "issdttm": "2013-09-05T11:24:48", "expdttm": "2020-12-31T23:59:00", "licstatus": "Active", "licensecat": "FS", "descript": "Eating & Drinking", "result": "HE_Fail", "resultdttm": "2016-10-11T18:26:32", "violation": "02-3-602.11-.12/3-302.12", "viollevel": "*", "violdesc": "Food Container Labels", "violdttm": "2016-10-11T18:26:32", "violstatus": "Fail", "statusdate": null, "comments": "Label all bulk food containers as well as all clear plastic spray bottles to properly identify the contents", "address": "350   Hanover ST", "city": "Boston", "zip": 2113, "property_id": 69117, "latitude_Y": 42.36512, "longitude_X": -71.05339, "year": 2016 }, "geometry": { "type": "Point", "coordinates": [ -71.05339, 42.36512 ] } },
{ "type": "Feature", "properties": { "businessname": "LOCONTES RESTAURANT", "dbaname": null, "legalowner": null, "namelast": "BROOK FARM INC.", "namefirst": " ", "licenseno": 19366, "issdttm": "2011-12-29T14:31:28", "expdttm": "2020-12-31T23:59:00", "licstatus": "Active", "licensecat": "FS", "descript": "Eating & Drinking", "result": "HE_Fail", "resultdttm": "2015-10-06T12:11:19", "violation": "15-4-202.16", "viollevel": "*", "violdesc": "Non-Food Contact Surfaces", "violdttm": "2015-10-06T12:11:19", "violstatus": "Fail", "statusdate": null, "comments": "Resurface visibly soiled grease trap in the kitchen", "address": "116   Salem ST", "city": "Boston", "zip": 2113, "property_id": 157396, "latitude_Y": 42.364676, "longitude_X": -71.055658, "year": 2015 }, "geometry": { "type": "Point", "coordinates": [ -71.055658, 42.364676 ] } },
{ "type": "Feature", "properties": { "businessname": "Loews Boston Hotel", "dbaname": null, "legalowner": "BERKELEY HOTEL ASSOC LLC", "namelast": "L.B.V. Hotel L L C", "namefirst": " ", "licenseno": 116086, "issdttm": "2013-09-24T08:47:00", "expdttm": "2020-12-31T23:59:00", "licstatus": "Active", "licensecat": "FS", "descript": "Eating & Drinking", "result": "HE_Fail", "resultdttm": "2015-07-24T10:06:14", "violation": "03-3-501.16(A)", "viollevel": "***", "violdesc": "Cold Holding", "violdttm": "2015-07-24T10:06:14", "violstatus": "Fail", "statusdate": null, "comments": "2 door reach in/breading and peppers 45 degrees/provide proper temperature of 41degrees or below lobster meat 46 degrees/provide temperature of 41 degrees or below", "address": "350   Stuart ST", "city": "Boston", "zip": 2116, "property_id": 131656, "latitude_Y": 42.34924, "longitude_X": -71.07244, "year": 2015 }, "geometry": { "type": "Point", "coordinates": [ -71.07244, 42.34924 ] } },
{ "type": "Feature", "properties": { "businessname": "Lolita Cocina & Tequila Bar", "dbaname": null, "legalowner": "BOSTON HSR SOUTH BOSTON LLC", "namelast": "Coje Management", "namefirst": "Mark s. Malatesta", "licenseno": 199400, "issdttm": "2017-10-13T09:54:35", "expdttm": "2020-12-31T23:59:00", "licstatus": "Active", "licensecat": "FS", "descript": "Eating & Drinking", "result": "HE_Fail", "resultdttm": "2018-04-10T10:44:28", "violation": "04-3-501.15/4-301.11", "viollevel": "*", "violdesc": "Inadequate Facilities/Cooling Methods", "violdttm": "2018-04-10T10:44:28", "violstatus": "Fail", "statusdate": null, "comments": "Facility observed cooling cooked chicken @ 100F in deep plastic container in walk in cooler. Cool product using indirect contact with ice or increasing the surface area.", "address": "253   Summer ST", "city": "Boston", "zip": 2127, "property_id": 131986, "latitude_Y": 42.35017, "longitude_X": -71.05127, "year": 2018 }, "geometry": { "type": "Point", "coordinates": [ -71.05127, 42.35017 ] } },
{ "type": "Feature", "properties": { "businessname": "Lolita Cocina & Tequila Bar", "dbaname": null, "legalowner": "COPLEY CONDOMINIUM TRUST", "namelast": "Coje Management", "namefirst": "Mark s. Malatesta", "licenseno": 74560, "issdttm": "2012-02-08T15:00:30", "expdttm": "2020-12-31T23:59:00", "licstatus": "Active", "licensecat": "FS", "descript": "Eating & Drinking", "result": "HE_Fail", "resultdttm": "2015-09-30T17:46:51", "violation": "02-3-602.11-.12/3-302.12", "viollevel": "*", "violdesc": "Food Container Labels", "violdttm": "2015-09-30T17:46:51", "violstatus": "Fail", "statusdate": null, "comments": "Some bulk food items without proper labeling . Provide.", "address": "265   Dartmouth ST", "city": "Boston", "zip": 2116, "property_id": 46340, "latitude_Y": 42.35074, "longitude_X": -71.07729, "year": 2015 }, "geometry": { "type": "Point", "coordinates": [ -71.07729, 42.35074 ] } },
{ "type": "Feature", "properties": { "businessname": "LONGWOOD HOTEL CORP.", "dbaname": null, "legalowner": null, "namelast": "Thomas E. Wheaton", "namefirst": "Accounts Payable", "licenseno": 20461, "issdttm": "2011-12-17T20:55:28", "expdttm": "2020-12-31T23:59:00", "licstatus": "Active", "licensecat": "FS", "descript": "Eating & Drinking", "result": "HE_Fail", "resultdttm": "2015-03-19T11:27:02", "violation": "03-3-501.16", "viollevel": "***", "violdesc": "Hot Holding", "violdttm": "2015-03-19T11:27:02", "violstatus": "Fail", "statusdate": null, "comments": "Home fried potatoes held under heat lamp on counter 112F- Ensure hot holding at 140F or above. Discarded by PIC", "address": "342   Longwood AVE", "city": "Boston", "zip": 2115, "property_id": 157428, "latitude_Y": 42.338216, "longitude_X": -71.106561, "year": 2015 }, "geometry": { "type": "Point", "coordinates": [ -71.106561, 42.338216 ] } },
{ "type": "Feature", "properties": { "businessname": "Lorettas Last Call", "dbaname": null, "legalowner": "IPSWICH ENTERTAINMENT  IN C.", "namelast": "Ipswich Entertainment L L C", "namefirst": "c/o Lyons Group", "licenseno": 22648, "issdttm": "2011-12-13T10:20:33", "expdttm": "2020-12-31T23:59:00", "licstatus": "Active", "licensecat": "FT", "descript": "Eating & Drinking w/ Take Out", "result": "HE_Fail", "resultdttm": "2015-09-25T19:22:20", "violation": "03-3-501.16(A)", "viollevel": "***", "violdesc": "Cold Holding", "violdttm": "2015-09-25T19:22:20", "violstatus": "Fail", "statusdate": null, "comments": "potato salad and mac and cheese 47 degrees/provide proper temperature of 41 degees or below", "address": "1   Lansdowne ST", "city": "Boston", "zip": 2215, "property_id": 156198, "latitude_Y": 42.347312, "longitude_X": -71.094489, "year": 2015 }, "geometry": { "type": "Point", "coordinates": [ -71.094489, 42.347312 ] } },
{ "type": "Feature", "properties": { "businessname": "L'OSTERIA RESTAURANT", "dbaname": null, "legalowner": null, "namelast": "DIPIETRANTONIO", "namefirst": "PAOLINA", "licenseno": 19651, "issdttm": "2012-02-15T09:18:25", "expdttm": "2020-12-31T23:59:00", "licstatus": "Active", "licensecat": "FS", "descript": "Eating & Drinking", "result": "HE_Fail", "resultdttm": "2015-05-01T13:49:34", "violation": "20-4-703.11", "viollevel": "***", "violdesc": "Food Contact Surfaces Clean", "violdttm": "2015-05-01T13:49:34", "violstatus": "Fail", "statusdate": null, "comments": "Blade on the meat slicer is heavily soiled underneath - clean to remove all visible soils on a more frequent basis", "address": "104  Salem ST", "city": "Boston", "zip": 2113, "property_id": 157357, "latitude_Y": 42.364291, "longitude_X": -71.055638, "year": 2015 }, "geometry": { "type": "Point", "coordinates": [ -71.055638, 42.364291 ] } },
{ "type": "Feature", "properties": { "businessname": "Lucca North End", "dbaname": null, "legalowner": null, "namelast": "KENNEDY", "namefirst": "TED", "licenseno": 21545, "issdttm": "2011-12-19T11:11:13", "expdttm": "2020-12-31T23:59:00", "licstatus": "Active", "licensecat": "FS", "descript": "Eating & Drinking", "result": "HE_Fail", "resultdttm": "2015-07-22T13:49:35", "violation": "02-3-602.11-.12/3-302.12", "viollevel": "*", "violdesc": "Food Container Labels", "violdttm": "2015-07-22T13:49:35", "violstatus": "Fail", "statusdate": null, "comments": "Label where needed", "address": "226   Hanover ST", "city": "Boston", "zip": 2113, "property_id": 161061, "latitude_Y": 42.363199, "longitude_X": -71.055433, "year": 2015 }, "geometry": { "type": "Point", "coordinates": [ -71.055433, 42.363199 ] } },
{ "type": "Feature", "properties": { "businessname": "Lucia Ristorante", "dbaname": null, "legalowner": "  ", "namelast": "Frattaroli", "namefirst": "Anna", "licenseno": 301099, "issdttm": "2016-09-14T11:27:11", "expdttm": "2020-12-31T23:59:00", "licstatus": "Active", "licensecat": "FS", "descript": "Eating & Drinking", "result": "HE_Fail", "resultdttm": "2018-06-06T13:17:56", "violation": "29-5-201/02.11", "viollevel": "*", "violdesc": "Installed and Maintained", "violdttm": "2018-06-06T13:17:56", "violstatus": "Fail", "statusdate": null, "comments": "The hot water at the handsink is over 135F.  Provide proper water temperature.", "address": "415   Hanover ST", "city": "Boston", "zip": 2113, "property_id": 165989, "latitude_Y": 42.365578, "longitude_X": -71.052718, "year": 2018 }, "geometry": { "type": "Point", "coordinates": [ -71.052718, 42.365578 ] } },
{ "type": "Feature", "properties": { "businessname": "LUCKY'S", "dbaname": null, "legalowner": "E F & C  LLC", "namelast": "c/o Lyons Group", "namefirst": " ", "licenseno": 21613, "issdttm": "2011-12-13T10:17:48", "expdttm": "2020-12-31T23:59:00", "licstatus": "Active", "licensecat": "FS", "descript": "Eating & Drinking", "result": "HE_Fail", "resultdttm": "2015-08-31T10:59:56", "violation": "06-3-501.13", "viollevel": "*", "violdesc": "PHF's Properly Thawed", "violdttm": "2015-08-31T10:59:56", "violstatus": "Fail", "statusdate": null, "comments": "discontinue defrosting food items in 3 bay sink with dirty dishes in the othr compartments.", "address": "355   Congress ST", "city": "Boston", "zip": 2127, "property_id": 42108, "latitude_Y": 42.350051, "longitude_X": -71.04848, "year": 2015 }, "geometry": { "type": "Point", "coordinates": [ -71.04848, 42.350051 ] } },
{ "type": "Feature", "properties": { "businessname": "Lulu's Sweet Shoppe", "dbaname": null, "legalowner": "FIFTY 7-61 SALEM ST CONDO TR", "namelast": "Sandra Russo", "namefirst": " ", "licenseno": 37163, "issdttm": "2012-02-29T13:55:52", "expdttm": "2016-12-31T23:59:00", "licstatus": "Inactive", "licensecat": "RF", "descript": "Retail Food", "result": "HE_Fail", "resultdttm": "2015-03-06T14:20:02", "violation": "13-2-304/402.11", "viollevel": "*", "violdesc": "Clean Cloths  Hair Restraint", "violdttm": "2015-03-06T14:20:02", "violstatus": "Fail", "statusdate": null, "comments": "No hair restraint worn by prep baker- corrected during inspection", "address": "57   Salem ST", "city": "Boston", "zip": 2113, "property_id": 121884, "latitude_Y": 42.363122, "longitude_X": -71.056018, "year": 2015 }, "geometry": { "type": "Point", "coordinates": [ -71.056018, 42.363122 ] } },
{ "type": "Feature", "properties": { "businessname": "M G NEWS", "dbaname": null, "legalowner": "SEVENTY 5-101 FEDERAL ST LLC", "namelast": "GREEN", "namefirst": "MARTIN", "licenseno": 22958, "issdttm": "2011-12-28T13:07:26", "expdttm": "2020-12-31T23:59:00", "licstatus": "Active", "licensecat": "RF", "descript": "Retail Food", "result": "HE_Fail", "resultdttm": "2017-11-03T14:19:57", "violation": "01-3-101/701.11", "viollevel": "***", "violdesc": "Spoilage Unsafe Food", "violdttm": "2017-11-03T14:19:57", "violstatus": "Fail", "statusdate": null, "comments": "8 packages of Chobani yogurt's withg a past expiration date of n10/6/17. Discontinue and ensure that all products are being checked for past expiration dates prior to being placed out for service. PIC removed all expired items at the time of the inspection.", "address": "75   Federal ST", "city": "Boston", "zip": 2110, "property_id": 57320, "latitude_Y": 42.35516, "longitude_X": -71.05703, "year": 2017 }, "geometry": { "type": "Point", "coordinates": [ -71.05703, 42.35516 ] } },
{ "type": "Feature", "properties": { "businessname": "M.J. O'CONNOR'S", "dbaname": null, "legalowner": "O'CONNOR AUSTIN", "namelast": "O'CONNOR", "namefirst": "AUSTIN", "licenseno": 21420, "issdttm": "2012-02-15T13:48:07", "expdttm": "2020-12-31T23:59:00", "licstatus": "Active", "licensecat": "FS", "descript": "Eating & Drinking", "result": "HE_Fail", "resultdttm": "2015-12-22T14:13:11", "violation": "03-3-501.16(A)", "viollevel": "***", "violdesc": "Cold Holding", "violdttm": "2015-12-22T14:13:11", "violstatus": "Fail", "statusdate": null, "comments": "Cooking line refrigerating unit- Raw Chicken 48F  Raw  Burger 45F  Pasta 45F. Unit 54F. PIC removed food to another unit. Maintain all PHFs at 41F or below.", "address": "27   Columbus AVE", "city": "Boston", "zip": 2116, "property_id": 156059, "latitude_Y": 42.351143, "longitude_X": -71.068949, "year": 2015 }, "geometry": { "type": "Point", "coordinates": [ -71.068949, 42.351143 ] } },
{ "type": "Feature", "properties": { "businessname": "M/V MAJESTY", "dbaname": null, "legalowner": null, "namelast": "Boston Harbor Cruises", "namefirst": " ", "licenseno": 129217, "issdttm": "2014-06-19T15:09:08", "expdttm": "2020-12-31T23:59:00", "licstatus": "Active", "licensecat": "FS", "descript": "Eating & Drinking", "result": "HE_Filed", "resultdttm": "2016-08-16T11:17:10", "violation": "08-3-305-307.11", "viollevel": "*", "violdesc": "Food Protection", "violdttm": "2016-08-16T11:17:10", "violstatus": "Fail", "statusdate": null, "comments": "Boxes of food observed being stored on the ground of the walk-in freezer. Discontinue and store all foods elevated  a minimum of 6 inches off the ground.", "address": "1  Long WHF", "city": "Boston", "zip": 2110, "property_id": 156129, "latitude_Y": 42.360005, "longitude_X": -71.051226, "year": 2016 }, "geometry": { "type": "Point", "coordinates": [ -71.051226, 42.360005 ] } },
{ "type": "Feature", "properties": { "businessname": "Ma Maison", "dbaname": null, "legalowner": "DEFILIPPIS MICHAEL", "namelast": "Nedialkova", "namefirst": "Stanishlava", "licenseno": 23336, "issdttm": "2011-12-29T13:51:39", "expdttm": "2020-12-31T23:59:00", "licstatus": "Active", "licensecat": "FS", "descript": "Eating & Drinking", "result": "HE_Fail", "resultdttm": "2015-09-30T14:51:16", "violation": "08-3-302.15", "viollevel": "*", "violdesc": "Washing fruits and veg's.", "violdttm": "2015-09-30T14:51:16", "violstatus": "Fail", "statusdate": null, "comments": "Carrots being peeled without being washed. Wash properly before peeling.", "address": "272   Cambridge ST", "city": "Boston", "zip": 2114, "property_id": 25263, "latitude_Y": 42.36095, "longitude_X": -71.06795, "year": 2015 }, "geometry": { "type": "Point", "coordinates": [ -71.06795, 42.36095 ] } },
{ "type": "Feature", "properties": { "businessname": "MANGIA MANGIA", "dbaname": null, "legalowner": "PIZZUTI DONATO F TS", "namelast": "PAGLIUKA", "namefirst": "JOHN", "licenseno": 18497, "issdttm": "2012-07-06T08:15:40", "expdttm": "2020-12-31T23:59:00", "licstatus": "Active", "licensecat": "FT", "descript": "Eating & Drinking w/ Take Out", "result": "HE_Fail", "resultdttm": "2015-03-30T10:29:51", "violation": "12-2-301.12-.15", "viollevel": "***", "violdesc": "Adequate Handwashing/Where/When/How", "violdttm": "2015-03-30T10:29:51", "violstatus": "Fail", "statusdate": null, "comments": "Not washing hands in betwen tasks - wash hands on a more frequent basis as discussed", "address": "145   Endicott ST", "city": "Boston", "zip": 2113, "property_id": 53806, "latitude_Y": 42.365007, "longitude_X": -71.057242, "year": 2015 }, "geometry": { "type": "Point", "coordinates": [ -71.057242, 42.365007 ] } },
{ "type": "Feature", "properties": { "businessname": "MANULIFE", "dbaname": null, "legalowner": "MANUFACTURERS LIFE INSURANCE", "namelast": "ARAMARK SERVICES", "namefirst": "Attn: Carolyn E. Colton", "licenseno": 23358, "issdttm": "2012-03-13T13:53:06", "expdttm": "2018-12-31T23:59:00", "licstatus": "Inactive", "licensecat": "FT", "descript": "Eating & Drinking w/ Take Out", "result": "HE_Fail", "resultdttm": "2018-04-18T11:14:14", "violation": "03-3-501.16(A)", "viollevel": "***", "violdesc": "Cold Holding", "violdttm": "2018-04-18T11:14:14", "violstatus": "Fail", "statusdate": null, "comments": "Sushi tuna roll 47F  maki roll 50F. Grilled chicken at salad bar 47F  raw swordfish at grill station 45F. Maintain cold holding temperatures at 41F or below. PIC took corrective action to cool product to 41F or below. Products not out of temperature for more than one hour. PIC provided recieving log for sushi temped at 34F upon receipt two hours prior.", "address": "601   Congress ST", "city": "Boston", "zip": 2210, "property_id": 42119, "latitude_Y": 42.347435, "longitude_X": -71.039879, "year": 2018 }, "geometry": { "type": "Point", "coordinates": [ -71.039879, 42.347435 ] } },
{ "type": "Feature", "properties": { "businessname": "MARCO POLO", "dbaname": null, "legalowner": "TWO 74 SUMMER STREET NOMINEE", "namelast": "MARCO POLO INC.", "namefirst": " ", "licenseno": 19376, "issdttm": "2012-03-20T11:14:27", "expdttm": "2017-12-31T23:59:00", "licstatus": "Inactive", "licensecat": "FT", "descript": "Eating & Drinking w/ Take Out", "result": "HE_Fail", "resultdttm": "2015-02-02T09:33:11", "violation": "32-6-301.11-02.11", "viollevel": "*", "violdesc": "Hand Cleaner  Drying  Tissue Signage", "violdttm": "2015-02-02T09:33:11", "violstatus": "Fail", "statusdate": null, "comments": "In the main kitchen  keep the hand sink clean at alll times.", "address": "274   Summer ST", "city": "Boston", "zip": 2127, "property_id": 131992, "latitude_Y": 42.35043, "longitude_X": -71.05007, "year": 2015 }, "geometry": { "type": "Point", "coordinates": [ -71.05007, 42.35043 ] } },
{ "type": "Feature", "properties": { "businessname": "MARE", "dbaname": null, "legalowner": "  ", "namelast": "De Pasquale", "namefirst": "Frank", "licenseno": 122501, "issdttm": "2015-07-28T08:12:58", "expdttm": "2020-12-31T23:59:00", "licstatus": "Active", "licensecat": "FS", "descript": "Eating & Drinking", "result": "HE_Fail", "resultdttm": "2019-06-04T12:58:28", "violation": "01-3-203.12", "viollevel": "**", "violdesc": "Tags & Records", "violdttm": "2019-06-04T12:58:28", "violstatus": "Fail", "statusdate": null, "comments": "Tags are unorganized.  Organize the tags so they can be found in traceback and date them when the bag is emptied.", "address": "3   Mechanic ST", "city": "Boston", "zip": 2113, "property_id": 273628, "latitude_Y": 42.362858, "longitude_X": -71.055056, "year": 2019 }, "geometry": { "type": "Point", "coordinates": [ -71.055056, 42.362858 ] } },
{ "type": "Feature", "properties": { "businessname": "Maria's Taqueria", "dbaname": null, "legalowner": "MOY RUTH TRST", "namelast": "Mancia", "namefirst": "Christian", "licenseno": 29359, "issdttm": "2011-12-02T10:06:22", "expdttm": "2020-12-31T23:59:00", "licstatus": "Active", "licensecat": "FS", "descript": "Eating & Drinking", "result": "HE_Fail", "resultdttm": "2016-09-09T10:58:13", "violation": "03-3-501.16", "viollevel": "***", "violdesc": "Hot Holding", "violdttm": "2016-09-09T10:58:13", "violstatus": "Fail", "statusdate": null, "comments": "1)Pulled Pork @ 80f  ensure proper hot hold of 140f or above   2) pinto beans @ 125f   ensure proper hot hold of 140f or above", "address": "226   Tremont ST", "city": "Boston", "zip": 2116, "property_id": 137459, "latitude_Y": 42.35139, "longitude_X": -71.06457, "year": 2016 }, "geometry": { "type": "Point", "coordinates": [ -71.06457, 42.35139 ] } },
{ "type": "Feature", "properties": { "businessname": "Mariel", "dbaname": null, "legalowner": "WALTON10-TEN PO INV III LLC", "namelast": "CMG Post Office Sq. LLC", "namefirst": " ", "licenseno": 386730, "issdttm": "2019-10-01T09:09:35", "expdttm": "2020-12-31T23:59:00", "licstatus": "Active", "licensecat": "FS", "descript": "Eating & Drinking", "result": "HE_Filed", "resultdttm": "2019-09-27T10:52:20", "violation": "590.006/6-101.11-C", "viollevel": "*", "violdesc": "Surface Characteristics-Indoor Areas (C)", "violdttm": "2019-09-27T10:52:20", "violstatus": "Fail", "statusdate": null, "comments": "Repir small section of ceiling above bar. Ensure that all ceiling surfaces above the bar are smooth  durable  non porus  and easy to clean.", "address": "10  Post Office SQ", "city": "Boston", "zip": 2109, "property_id": 112362, "latitude_Y": 42.35751, "longitude_X": -71.056025, "year": 2019 }, "geometry": { "type": "Point", "coordinates": [ -71.056025, 42.35751 ] } },
{ "type": "Feature", "properties": { "businessname": "Market Cafe", "dbaname": null, "legalowner": "SHERATON BOSTON CORP", "namelast": "Sheraton Boston", "namefirst": " ", "licenseno": 352070, "issdttm": "2018-02-15T15:33:17", "expdttm": "2020-12-31T23:59:00", "licstatus": "Active", "licensecat": "FS", "descript": "Eating & Drinking", "result": "HE_Fail", "resultdttm": "2018-02-14T16:33:14", "violation": "02-3-602.11-.12/3-302.12", "viollevel": "*", "violdesc": "Food Container Labels", "violdttm": "2018-02-14T16:33:14", "violstatus": "Fail", "statusdate": null, "comments": "Individual ceasar dressing containers with no labels inside of the Coke cooler. Provide.", "address": "39   Dalton ST", "city": "Boston", "zip": 2116, "property_id": 45830, "latitude_Y": 42.34657, "longitude_X": -71.08384, "year": 2018 }, "geometry": { "type": "Point", "coordinates": [ -71.08384, 42.34657 ] } },
{ "type": "Feature", "properties": { "businessname": "Marriott Copley Plaza (28th Fl.)", "dbaname": null, "legalowner": null, "namelast": "Marriott Copley Plaza", "namefirst": " ", "licenseno": 78359, "issdttm": "2012-06-11T08:22:59", "expdttm": "2020-12-31T23:59:00", "licstatus": "Active", "licensecat": "FS", "descript": "Eating & Drinking", "result": "HE_Fail", "resultdttm": "2017-09-06T12:25:15", "violation": "22-4-601/602.11", "viollevel": "**", "violdesc": "Food Contact Surfaces Clean", "violdttm": "2017-09-06T12:25:15", "violstatus": "Fail", "statusdate": null, "comments": "Interior panel of ice machine observed with soils.Clean to remove.Maintain cleaned & sanitized.", "address": "110  Huntington AVE", "city": "Boston", "zip": 2116, "property_id": 76238, "latitude_Y": 42.347082, "longitude_X": -71.078373, "year": 2017 }, "geometry": { "type": "Point", "coordinates": [ -71.078373, 42.347082 ] } },
{ "type": "Feature", "properties": { "businessname": "Marshalls No.  1190", "dbaname": null, "legalowner": "  ", "namelast": "Marshalls of Ma Inc.", "namefirst": " ", "licenseno": 80858, "issdttm": "2013-01-07T09:46:07", "expdttm": "2018-12-31T23:59:00", "licstatus": "Inactive", "licensecat": "RF", "descript": "Retail Food", "result": "HE_Fail", "resultdttm": "2017-04-14T13:50:18", "violation": "29-5-201/02.11", "viollevel": "*", "violdesc": "Installed and Maintained", "violdttm": "2017-04-14T13:50:18", "violstatus": "Fail", "statusdate": null, "comments": "Delay valves on hand sinks not maintain 15 seconds No hot water at hand sinks", "address": "126   Brookline AVE", "city": "Boston", "zip": 2215, "property_id": 197495, "latitude_Y": 42.34533, "longitude_X": -71.10015, "year": 2017 }, "geometry": { "type": "Point", "coordinates": [ -71.10015, 42.34533 ] } },
{ "type": "Feature", "properties": { "businessname": "MASA", "dbaname": null, "legalowner": "DAVIS JONATHAN G", "namelast": "AVILES", "namefirst": "PHILLIP", "licenseno": 21279, "issdttm": "2012-01-09T14:21:51", "expdttm": "2020-12-31T23:59:00", "licstatus": "Inactive", "licensecat": "FS", "descript": "Eating & Drinking", "result": "HE_Fail", "resultdttm": "2015-09-30T18:04:04", "violation": "03-3-501.16(A)", "viollevel": "***", "violdesc": "Cold Holding", "violdttm": "2015-09-30T18:04:04", "violstatus": "Fail", "statusdate": null, "comments": "SEveral items temped 46-49F held on ice at hot line.PIC removed to properly cool to 41F or below.Maintain all cold holding 41F or below.", "address": "1   Appleton ST", "city": "Boston", "zip": 2116, "property_id": 3816, "latitude_Y": 42.346725, "longitude_X": -71.069653, "year": 2015 }, "geometry": { "type": "Point", "coordinates": [ -71.069653, 42.346725 ] } },
{ "type": "Feature", "properties": { "businessname": "MASS ART DINING COMMONS", "dbaname": null, "legalowner": null, "namelast": "CHARTWELLS", "namefirst": "Compass Group USA  INC.", "licenseno": 22181, "issdttm": "2011-12-14T10:14:27", "expdttm": "2020-12-31T23:59:00", "licstatus": "Active", "licensecat": "FS", "descript": "Eating & Drinking", "result": "HE_Fail", "resultdttm": "2015-03-09T11:17:09", "violation": "15-4-202.16", "viollevel": "*", "violdesc": "Non-Food Contact Surfaces", "violdttm": "2015-03-09T11:17:09", "violstatus": "Fail", "statusdate": null, "comments": "Shelving in produce walkin peeling and rusted- Repair to make smooth  durable and cleanable.", "address": "625  Huntington AVE", "city": "Boston", "zip": 2115, "property_id": 156149, "latitude_Y": 42.336736, "longitude_X": -71.099529, "year": 2015 }, "geometry": { "type": "Point", "coordinates": [ -71.099529, 42.336736 ] } },
{ "type": "Feature", "properties": { "businessname": "Mass Bay Lines/Freedom", "dbaname": null, "legalowner": "MASS BAY LINES INC. FREEDOM", "namelast": "MASS BAY LINES INC.", "namefirst": " ", "licenseno": 21863, "issdttm": "2012-02-15T08:49:27", "expdttm": "2020-12-31T23:59:00", "licstatus": "Active", "licensecat": "FS", "descript": "Eating & Drinking", "result": "HE_Filed", "resultdttm": "2018-05-24T11:43:00", "violation": "37-6-501.11-.12", "viollevel": "*", "violdesc": "Improper Maintenance of Walls/Ceilings", "violdttm": "2018-05-24T11:43:00", "violstatus": "Fail", "statusdate": null, "comments": "Missing ceiling tiles on ceiling at entrance to galley. Missing ceiling tiles also observed in the room right before the galley. Also observed broken and damaged ceiling tiles in the galley area. Replace missing and damaged ceiling tiles on ceiling of the noted areas. Replace cracked light shield to light fixture in galley nesr the dish machine.", "address": "60  Rowes WHF", "city": "Boston", "zip": 2110, "property_id": 156112, "latitude_Y": 42.356532, "longitude_X": -71.050251, "year": 2018 }, "geometry": { "type": "Point", "coordinates": [ -71.050251, 42.356532 ] } },
{ "type": "Feature", "properties": { "businessname": "MASS EYE AND EAR INFIRMARY", "dbaname": null, "legalowner": "MASS GEN EYE * EAR INF", "namelast": "MASS EYE AND EAR", "namefirst": "Att: Joanna Ioannidis", "licenseno": 21972, "issdttm": "2012-02-15T13:18:30", "expdttm": "2020-12-31T23:59:00", "licstatus": "Active", "licensecat": "FS", "descript": "Eating & Drinking", "result": "HE_Fail", "resultdttm": "2017-11-14T10:12:24", "violation": "03-3-501.16", "viollevel": "***", "violdesc": "Hot Holding", "violdttm": "2017-11-14T10:12:24", "violstatus": "Fail", "statusdate": null, "comments": "Cooked chicken meat at service line 130F. Maintain hot holding temperatures at 140F or above. PIC corrective action and reheated product cooked one hour prior to 140F or above.", "address": "243   Charles ST", "city": "Boston", "zip": 2114, "property_id": 29143, "latitude_Y": 42.36275, "longitude_X": -71.07009, "year": 2017 }, "geometry": { "type": "Point", "coordinates": [ -71.07009, 42.36275 ] } },
{ "type": "Feature", "properties": { "businessname": "Mass Gen. Hosp./Tea Leaves & Coffee Beans", "dbaname": null, "legalowner": "MGH NUTRITION & FOOD SER VICE", "namelast": "Mass General Hospital-Nutrition & Food Serv.", "namefirst": " ", "licenseno": 32914, "issdttm": "2012-02-27T12:40:24", "expdttm": "2020-12-31T23:59:00", "licstatus": "Active", "licensecat": "FT", "descript": "Eating & Drinking w/ Take Out", "result": "HE_Fail", "resultdttm": "2018-04-19T12:33:14", "violation": "03-3-501.16", "viollevel": "***", "violdesc": "Hot Holding", "violdttm": "2018-04-19T12:33:14", "violstatus": "Fail", "statusdate": null, "comments": "Cheeseburger 119F  jamaican  patties 132F   PIC voluntarily discarded out of temperature. Al hot holding must maintain 140F and above.", "address": "55  Fruit ST", "city": "Boston", "zip": 2114, "property_id": 155723, "latitude_Y": 42.36259, "longitude_X": -71.07014, "year": 2018 }, "geometry": { "type": "Point", "coordinates": [ -71.07014, 42.36259 ] } },
{ "type": "Feature", "properties": { "businessname": "MASS. COLLEGE OF PHARMACY", "dbaname": null, "legalowner": null, "namelast": "CHARTWELLS", "namefirst": "Compass Group USA  Inc.", "licenseno": 21456, "issdttm": "2012-02-17T14:34:42", "expdttm": "2020-12-31T23:59:00", "licstatus": "Active", "licensecat": "FS", "descript": "Eating & Drinking", "result": "HE_Fail", "resultdttm": "2016-02-26T11:58:43", "violation": "03-3-501.16(A)", "viollevel": "***", "violdesc": "Cold Holding", "violdttm": "2016-02-26T11:58:43", "violstatus": "Fail", "statusdate": null, "comments": "The refrigerator in the back storage area is running at 45F; milk is 47F  cream cheese 45F.  Provide proper cold holding of 41F or below.  (The manager was able to take corrective action and discarded all the food in the refrigerator)", "address": "179  Longwood AVE", "city": "Boston", "zip": 2115, "property_id": 87164, "latitude_Y": 42.33688, "longitude_X": -71.10112, "year": 2016 }, "geometry": { "type": "Point", "coordinates": [ -71.10112, 42.33688 ] } },
{ "type": "Feature", "properties": { "businessname": "Massachusetts Eye & Ear EyeOpener Cafe", "dbaname": null, "legalowner": "  ", "namelast": "Mass. Eye & Ear", "namefirst": "Dir. Food Serv.", "licenseno": 80711, "issdttm": "2012-11-08T13:58:44", "expdttm": "2020-12-31T23:59:00", "licstatus": "Active", "licensecat": "FT", "descript": "Eating & Drinking w/ Take Out", "result": "HE_Fail", "resultdttm": "2018-08-09T13:45:20", "violation": "M-3-603.11", "viollevel": "***", "violdesc": "Consumer Advisories", "violdttm": "2018-08-09T13:45:20", "violstatus": "Fail", "statusdate": null, "comments": "New chalkboard menu's do not have the proper disclosure / reminder necessary when particular foods are offered undercooked  address as discussed during inspection", "address": "800   Huntington AVE", "city": "Boston", "zip": 2115, "property_id": 166438, "latitude_Y": 42.333002, "longitude_X": -71.107495, "year": 2018 }, "geometry": { "type": "Point", "coordinates": [ -71.107495, 42.333002 ] } },
{ "type": "Feature", "properties": { "businessname": "Massachusetts Eye & Ear Infirmary Eye Opener Cafe", "dbaname": null, "legalowner": null, "namelast": "Ioannidis Operations Mgr.", "namefirst": "Joanna", "licenseno": 67651, "issdttm": "2012-01-19T16:33:56", "expdttm": "2020-12-31T23:59:00", "licstatus": "Active", "licensecat": "FT", "descript": "Eating & Drinking w/ Take Out", "result": "HE_Fail", "resultdttm": "2016-05-25T13:53:08", "violation": "04-3-501.15/4-301.11", "viollevel": "*", "violdesc": "Inadequate Facilities/Cooling Methods", "violdttm": "2016-05-25T13:53:08", "violstatus": "Fail", "statusdate": null, "comments": "Sanwich at grab and go with holding temperature of 47F. Ensure incorporation of cooling step during preparation to 41F before being presented for retail sale.", "address": "243  Charles ST", "city": "Boston", "zip": 2114, "property_id": 163139, "latitude_Y": 42.362781, "longitude_X": -71.070319, "year": 2016 }, "geometry": { "type": "Point", "coordinates": [ -71.070319, 42.362781 ] } },
{ "type": "Feature", "properties": { "businessname": "Massiminos Cucina", "dbaname": null, "legalowner": "D'AMORE MASSIMINO", "namelast": "D'AMORE", "namefirst": "MASSIMINO", "licenseno": 18499, "issdttm": "2012-01-05T09:50:28", "expdttm": "2020-12-31T23:59:00", "licstatus": "Active", "licensecat": "FS", "descript": "Eating & Drinking", "result": "HE_Fail", "resultdttm": "2016-03-09T14:14:51", "violation": "03-3-501.16(A)", "viollevel": "***", "violdesc": "Cold Holding", "violdttm": "2016-03-09T14:14:51", "violstatus": "Fail", "statusdate": null, "comments": "Prosciutto in back top reach in 53F / Discontinue stacking containers on the top row of the reach in.  Container was moved to bottom refrigeration after the cook said it had been out for the lunch rush.", "address": "207   Endicott ST", "city": "Boston", "zip": 2113, "property_id": 155718, "latitude_Y": 42.366578, "longitude_X": -71.057928, "year": 2016 }, "geometry": { "type": "Point", "coordinates": [ -71.057928, 42.366578 ] } },
{ "type": "Feature", "properties": { "businessname": "Mast' Restaurant", "dbaname": null, "legalowner": null, "namelast": "Strada 45 L L C", "namefirst": " ", "licenseno": 121529, "issdttm": "2014-12-11T09:49:43", "expdttm": "2020-12-31T23:59:00", "licstatus": "Active", "licensecat": "FS", "descript": "Eating & Drinking", "result": "HE_Fail", "resultdttm": "2015-01-15T13:16:59", "violation": "31-5-204/05.11", "viollevel": "***", "violdesc": "Location  Accessible", "violdttm": "2015-01-15T13:16:59", "violstatus": "Fail", "statusdate": null, "comments": "Utensils noted in hand sink basin / Remove and discontinue.  Hand sink must be kept free and clear at all times.", "address": "45  Province ST", "city": "Boston", "zip": 2108, "property_id": 156036, "latitude_Y": 42.357037, "longitude_X": -71.06017, "year": 2015 }, "geometry": { "type": "Point", "coordinates": [ -71.06017, 42.357037 ] } },
{ "type": "Feature", "properties": { "businessname": "MASTER WOK", "dbaname": null, "legalowner": "SANTA FE CAFE  INC.", "namelast": "Wong", "namefirst": "Donald C.", "licenseno": 23954, "issdttm": "2012-05-31T08:43:59", "expdttm": "2020-12-31T23:59:00", "licstatus": "Active", "licensecat": "FT", "descript": "Eating & Drinking w/ Take Out", "result": "HE_Closure", "resultdttm": "2019-02-05T08:19:14", "violation": "23-4-602.13", "viollevel": "*", "violdesc": "Non-Food Contact Surfaces Clean", "violdttm": "2019-02-05T08:19:14", "violstatus": "Fail", "statusdate": null, "comments": "Fan and motor for ice machine with heavy dust build up  clean to remove", "address": "650   Atlantic AVE", "city": "Boston", "zip": 2110, "property_id": 157899, "latitude_Y": 42.351914, "longitude_X": -71.055389, "year": 2019 }, "geometry": { "type": "Point", "coordinates": [ -71.055389, 42.351914 ] } },
{ "type": "Feature", "properties": { "businessname": "MATTHEWS ARENA CONCESSION", "dbaname": null, "legalowner": "NORTHEASTERN UNIVERSITY", "namelast": "Chartwells", "namefirst": "Timothy Cooney", "licenseno": 20372, "issdttm": "2011-12-16T11:08:46", "expdttm": "2020-12-31T23:59:00", "licstatus": "Active", "licensecat": "FS", "descript": "Eating & Drinking", "result": "HE_Fail", "resultdttm": "2019-03-20T15:10:29", "violation": "23-4-602.13", "viollevel": "*", "violdesc": "Non-Food Contact Surfaces Clean", "violdttm": "2019-03-20T15:10:29", "violstatus": "Fail", "statusdate": null, "comments": "Cabinets below service line with soils and evidence of pest activity- Clean", "address": "238   Saint Botolph ST", "city": "Boston", "zip": 2115, "property_id": 120806, "latitude_Y": 42.341323, "longitude_X": -71.084481, "year": 2019 }, "geometry": { "type": "Point", "coordinates": [ -71.084481, 42.341323 ] } },
{ "type": "Feature", "properties": { "businessname": "MAURIZIO'S", "dbaname": null, "legalowner": "DEBICCARI NICHOLAS R TRST", "namelast": "LINDA LODDO", "namefirst": " ", "licenseno": 19689, "issdttm": "2012-01-13T11:29:32", "expdttm": "2017-12-31T23:59:00", "licstatus": "Inactive", "licensecat": "FS", "descript": "Eating & Drinking", "result": "HE_Fail", "resultdttm": "2015-10-06T14:22:04", "violation": "06-3-501.13", "viollevel": "*", "violdesc": "PHF's Properly Thawed", "violdttm": "2015-10-06T14:22:04", "violstatus": "Fail", "statusdate": null, "comments": "Thawing out seafood in stagnant water", "address": "364   Hanover ST", "city": "Boston", "zip": 2113, "property_id": 69123, "latitude_Y": 42.36535, "longitude_X": -71.0532, "year": 2015 }, "geometry": { "type": "Point", "coordinates": [ -71.0532, 42.36535 ] } },
{ "type": "Feature", "properties": { "businessname": "Mcdonalds", "dbaname": null, "legalowner": "  ", "namelast": "Vern Chin", "namefirst": " ", "licenseno": 76336, "issdttm": "2012-01-10T11:32:01", "expdttm": "2020-12-31T23:59:00", "licstatus": "Active", "licensecat": "FT", "descript": "Eating & Drinking w/ Take Out", "result": "HE_Fail", "resultdttm": "2015-02-12T13:17:11", "violation": "22-4-601/602.11", "viollevel": "**", "violdesc": "Food Contact Surfaces Clean", "violdttm": "2015-02-12T13:17:11", "violstatus": "Fail", "statusdate": null, "comments": "Interior of ice machine with visible soils / Clean to remove.", "address": "315   Washington ST", "city": "Boston", "zip": 2108, "property_id": 171038, "latitude_Y": 42.35705, "longitude_X": -71.059182, "year": 2015 }, "geometry": { "type": "Point", "coordinates": [ -71.059182, 42.35705 ] } },
{ "type": "Feature", "properties": { "businessname": "Mcdonalds", "dbaname": null, "legalowner": "SHUBERT FOUNDATION INC", "namelast": "Daymarcon L L C", "namefirst": "Patrick Treffilletti", "licenseno": 128202, "issdttm": "2014-05-06T08:38:01", "expdttm": "2016-12-31T23:59:00", "licstatus": "Inactive", "licensecat": "FT", "descript": "Eating & Drinking w/ Take Out", "result": "HE_Fail", "resultdttm": "2015-08-11T14:30:02", "violation": "15-4-202.16", "viollevel": "*", "violdesc": "Non-Food Contact Surfaces", "violdttm": "2015-08-11T14:30:02", "violstatus": "Fail", "statusdate": null, "comments": "Refrigerating unit at the prep area broken. Not being used to store food at this time. Repair or replace.", "address": "540   Commonwealth AVE", "city": "Boston", "zip": 2215, "property_id": 41097, "latitude_Y": 42.348492, "longitude_X": -71.096725, "year": 2015 }, "geometry": { "type": "Point", "coordinates": [ -71.096725, 42.348492 ] } },
{ "type": "Feature", "properties": { "businessname": "McDonald's", "dbaname": null, "legalowner": "  ", "namelast": "Selhi Associates LLC", "namefirst": "Vijay Selhi", "licenseno": 158509, "issdttm": "2016-01-27T14:24:53", "expdttm": "2020-12-31T23:59:00", "licstatus": "Active", "licensecat": "FT", "descript": "Eating & Drinking w/ Take Out", "result": "HE_Fail", "resultdttm": "2017-02-02T12:18:35", "violation": "22-4-601/602.11", "viollevel": "**", "violdesc": "Food Contact Surfaces Clean", "violdttm": "2017-02-02T12:18:35", "violstatus": "Fail", "statusdate": null, "comments": "interior of ice machine with mold like substance  clean to remove", "address": "750   Atlantic AVE", "city": "Boston", "zip": 2111, "property_id": 161712, "latitude_Y": 42.350063, "longitude_X": -71.056123, "year": 2017 }, "geometry": { "type": "Point", "coordinates": [ -71.056123, 42.350063 ] } },
{ "type": "Feature", "properties": { "businessname": "MCGANN'S BOSTON", "dbaname": null, "legalowner": "PIZZUTI DONATO F", "namelast": "JOSEPH DUNNE", "namefirst": "PRES.", "licenseno": 20185, "issdttm": "2011-12-29T13:05:19", "expdttm": "2020-12-31T23:59:00", "licstatus": "Active", "licensecat": "FS", "descript": "Eating & Drinking", "result": "HE_Fail", "resultdttm": "2016-01-22T13:33:59", "violation": "08-3-305-307.11", "viollevel": "*", "violdesc": "Food Protection", "violdttm": "2016-01-22T13:33:59", "violstatus": "Fail", "statusdate": null, "comments": "Raw shell eggs stored above ready to eat produce in walkin. Raw chicken stored above raw pork in walkin. Store raw meats properly according to final cooking temperature. Store raw and RTE foods seperately. PIC took immediate corrective action and stored products properly.", "address": "197   Portland ST", "city": "Boston", "zip": 2114, "property_id": 112330, "latitude_Y": 42.36451, "longitude_X": -71.06171, "year": 2016 }, "geometry": { "type": "Point", "coordinates": [ -71.06171, 42.36451 ] } },
{ "type": "Feature", "properties": { "businessname": "McGreevys", "dbaname": null, "legalowner": "FINE MURRAY C", "namelast": "JOSEPH CIMINO", "namefirst": " ", "licenseno": 23710, "issdttm": "2012-02-15T11:14:12", "expdttm": "2020-12-31T23:59:00", "licstatus": "Inactive", "licensecat": "FS", "descript": "Eating & Drinking", "result": "HE_Closure", "resultdttm": "2018-02-15T12:51:54", "violation": "01-3-202.18", "viollevel": "**", "violdesc": "Shellstock ID", "violdttm": "2018-02-15T12:51:54", "violstatus": "Fail", "statusdate": null, "comments": "Chef on site unable to produce shell stock tags.Provide shell stock tags stored in chronological order for minimum 90 days.", "address": "911   Boylston ST", "city": "Boston", "zip": 2115, "property_id": 18420, "latitude_Y": 42.348439, "longitude_X": -71.084391, "year": 2018 }, "geometry": { "type": "Point", "coordinates": [ -71.084391, 42.348439 ] } },
{ "type": "Feature", "properties": { "businessname": "MEDITERRANEAN GRILL", "dbaname": null, "legalowner": "JAMM LLC", "namelast": "KESARIS", "namefirst": "STAVROS", "licenseno": 21447, "issdttm": "2012-02-08T18:30:10", "expdttm": "2019-12-31T23:59:00", "licstatus": "Inactive", "licensecat": "FT", "descript": "Eating & Drinking w/ Take Out", "result": "HE_Fail", "resultdttm": "2016-02-12T12:22:14", "violation": "03-401.11-.12", "viollevel": "***", "violdesc": "Cooking Temperatures", "violdttm": "2016-02-12T12:22:14", "violstatus": "Fail", "statusdate": null, "comments": "Buffalo chicken being cooked partially then cooled in the walk-in cooler. Discotinue and ensure all chicken is being cooked fully before being placed into the walk-in cooler.", "address": "281   Franklin ST", "city": "Boston", "zip": 2110, "property_id": 60666, "latitude_Y": 42.35693, "longitude_X": -71.05306, "year": 2016 }, "geometry": { "type": "Point", "coordinates": [ -71.05306, 42.35693 ] } },
{ "type": "Feature", "properties": { "businessname": "Mei Mei Restaurant", "dbaname": null, "legalowner": "CURTIS THOMAS E", "namelast": "Li", "namefirst": "Irene & Andrew", "licenseno": 92188, "issdttm": "2013-11-06T08:27:34", "expdttm": "2020-12-31T23:59:00", "licstatus": "Active", "licensecat": "FS", "descript": "Eating & Drinking", "result": "HE_Fail", "resultdttm": "2015-01-21T13:03:53", "violation": "03-3-501.16", "viollevel": "***", "violdesc": "Hot Holding", "violdttm": "2015-01-21T13:03:53", "violstatus": "Fail", "statusdate": null, "comments": "Scallion pancakes at 126F - 140F. Maintain at or above 140F.", "address": "506   Park DR", "city": "Boston", "zip": 2215, "property_id": 106917, "latitude_Y": 42.34766, "longitude_X": -71.105821, "year": 2015 }, "geometry": { "type": "Point", "coordinates": [ -71.105821, 42.34766 ] } },
{ "type": "Feature", "properties": { "businessname": "METRO SUBWAY INC.", "dbaname": null, "legalowner": "  ", "namelast": "JOSEPH CONNOLLY", "namefirst": "PRES.", "licenseno": 23824, "issdttm": "2012-01-12T14:23:30", "expdttm": "2020-12-31T23:59:00", "licstatus": "Active", "licensecat": "FT", "descript": "Eating & Drinking w/ Take Out", "result": "HE_Fail", "resultdttm": "2018-02-13T10:35:03", "violation": "32-6-301.11-02.11", "viollevel": "*", "violdesc": "Hand Cleaner  Drying  Tissue Signage", "violdttm": "2018-02-13T10:35:03", "violstatus": "Fail", "statusdate": null, "comments": "Soap dispenser is common area restroom no functioning properly. Raepair dispenser. Paper towel dispenser to hand sink in kitchen not functioning properly. Repair dispenser", "address": "274   Franklin ST", "city": "Boston", "zip": 2110, "property_id": 165422, "latitude_Y": 42.356987, "longitude_X": -71.053538, "year": 2018 }, "geometry": { "type": "Point", "coordinates": [ -71.053538, 42.356987 ] } },
{ "type": "Feature", "properties": { "businessname": "METRO SUBWAY INC.", "dbaname": null, "legalowner": "TWO05 PORTLAND STREET LLC", "namelast": "ALEX LEE PRES.", "namefirst": "# 8-8V", "licenseno": 22490, "issdttm": "2012-01-12T14:17:33", "expdttm": "2020-12-31T23:59:00", "licstatus": "Active", "licensecat": "FT", "descript": "Eating & Drinking w/ Take Out", "result": "HE_Fail", "resultdttm": "2016-01-15T10:50:25", "violation": "17-4-204.112/.115", "viollevel": "*", "violdesc": "Equipment Thermometers", "violdttm": "2016-01-15T10:50:25", "violstatus": "Fail", "statusdate": null, "comments": "No equipment thermometer for service line cold holding unit. Provide.", "address": "203   Portland ST", "city": "Boston", "zip": 2114, "property_id": 112332, "latitude_Y": 42.36471, "longitude_X": -71.06196, "year": 2016 }, "geometry": { "type": "Point", "coordinates": [ -71.06196, 42.36471 ] } },
{ "type": "Feature", "properties": { "businessname": "Mighty Love Food", "dbaname": null, "legalowner": "  ", "namelast": "155 Milk Street LLC", "namefirst": "Cameron Grob", "licenseno": 357774, "issdttm": "2018-08-28T08:57:28", "expdttm": "2020-12-31T23:59:00", "licstatus": "Active", "licensecat": "FS", "descript": "Eating & Drinking", "result": "HE_Fail", "resultdttm": "2018-08-22T10:52:50", "violation": "16-4-204.117", "viollevel": "*", "violdesc": "Low Sanitizer Alarm", "violdttm": "2018-08-22T10:52:50", "violstatus": "Fail", "statusdate": null, "comments": "Repair/finish molding around the grab and go case at the point of sale.", "address": "30   Batterymarch ST", "city": "Boston", "zip": 2109, "property_id": 341033, "latitude_Y": 42.35771, "longitude_X": -71.054141, "year": 2018 }, "geometry": { "type": "Point", "coordinates": [ -71.054141, 42.35771 ] } },
{ "type": "Feature", "properties": { "businessname": "Mike and Patty's", "dbaname": null, "legalowner": null, "namelast": "Zaroda", "namefirst": "Anna", "licenseno": 125718, "issdttm": "2015-01-23T08:58:13", "expdttm": "2020-12-31T23:59:00", "licstatus": "Active", "licensecat": "FT", "descript": "Eating & Drinking w/ Take Out", "result": "HE_Fail", "resultdttm": "2016-05-13T11:11:17", "violation": "21-3-304.14", "viollevel": "*", "violdesc": "Wiping Cloths  Clean  Sanitize", "violdttm": "2016-05-13T11:11:17", "violstatus": "Fail", "statusdate": null, "comments": "Discontinue using sponges", "address": "12   Church ST", "city": "Boston", "zip": 2116, "property_id": 158302, "latitude_Y": 42.348532, "longitude_X": -71.06792, "year": 2016 }, "geometry": { "type": "Point", "coordinates": [ -71.06792, 42.348532 ] } },
{ "type": "Feature", "properties": { "businessname": "Mike's Cafe", "dbaname": null, "legalowner": "DONOGHUE KEVIN F", "namelast": "King Pres.", "namefirst": "Kerry M.", "licenseno": 142842, "issdttm": "2015-07-15T12:35:09", "expdttm": "2020-12-31T23:59:00", "licstatus": "Active", "licensecat": "FT", "descript": "Eating & Drinking w/ Take Out", "result": "HE_Fail", "resultdttm": "2015-08-12T14:14:46", "violation": "32-6-301.11-02.11", "viollevel": "*", "violdesc": "Hand Cleaner  Drying  Tissue Signage", "violdttm": "2015-08-12T14:14:46", "violstatus": "Fail", "statusdate": null, "comments": "Provide liquid hand soap to hand sinks.", "address": "190   High ST", "city": "Boston", "zip": 2110, "property_id": 73286, "latitude_Y": 42.35672, "longitude_X": -71.05226, "year": 2015 }, "geometry": { "type": "Point", "coordinates": [ -71.05226, 42.35672 ] } },
{ "type": "Feature", "properties": { "businessname": "MILK ST CAFE", "dbaname": null, "legalowner": "TGC 50 MILK STREET LLC", "namelast": "EPSTEIN", "namefirst": "MARC S", "licenseno": 18815, "issdttm": "2012-02-15T13:05:09", "expdttm": "2020-12-31T23:59:00", "licstatus": "Active", "licensecat": "FS", "descript": "Eating & Drinking", "result": "HE_Fail", "resultdttm": "2015-09-09T14:31:06", "violation": "22-4-601/602.11", "viollevel": "**", "violdesc": "Food Contact Surfaces Clean", "violdttm": "2015-09-09T14:31:06", "violstatus": "Fail", "statusdate": null, "comments": "stoves and fryers with ansul discharge  wash rinse and sanitize", "address": "50   Milk ST", "city": "Boston", "zip": 2109, "property_id": 95446, "latitude_Y": 42.35701, "longitude_X": -71.05761, "year": 2015 }, "geometry": { "type": "Point", "coordinates": [ -71.05761, 42.35701 ] } },
{ "type": "Feature", "properties": { "businessname": "MILNER HOTEL", "dbaname": null, "legalowner": "  ", "namelast": "MILNER HOTELS INC.", "namefirst": " ", "licenseno": 21308, "issdttm": "2012-02-15T08:52:18", "expdttm": "2016-12-31T23:59:00", "licstatus": "Inactive", "licensecat": "FS", "descript": "Eating & Drinking", "result": "HE_Fail", "resultdttm": "2015-04-24T10:48:19", "violation": "04-3-501.15/4-301.11", "viollevel": "*", "violdesc": "Inadequate Facilities/Cooling Methods", "violdttm": "2015-04-24T10:48:19", "violstatus": "Fail", "statusdate": null, "comments": "Small reach in unit registering 56F.(Yogurt 47F).Repair.PIC immediately removed product to other refrigeration. Milk 54F from dispensing thermos.Maintain 41F or below.PIC removed", "address": "71   Charles St South ST", "city": "Boston", "zip": 2114, "property_id": 163193, "latitude_Y": 42.350101, "longitude_X": -71.066844, "year": 2015 }, "geometry": { "type": "Point", "coordinates": [ -71.066844, 42.350101 ] } },
{ "type": "Feature", "properties": { "businessname": "Ming Kee Poultry", "dbaname": null, "legalowner": "CHIN CHONG YUEN TRSTS", "namelast": "Newman Tam", "namefirst": " ", "licenseno": 76737, "issdttm": "2011-12-12T14:03:40", "expdttm": "2020-12-31T23:59:00", "licstatus": "Active", "licensecat": "RF", "descript": "Retail Food", "result": "HE_Fail", "resultdttm": "2015-07-13T10:51:34", "violation": "05-4-302.12", "viollevel": "*", "violdesc": "Food Thermometers Provided", "violdttm": "2015-07-13T10:51:34", "violstatus": "Fail", "statusdate": null, "comments": "provide thermometer to reach in", "address": "52  Kneeland St", "city": "Boston", "zip": 2111, "property_id": 82315, "latitude_Y": 42.35066, "longitude_X": -71.06114, "year": 2015 }, "geometry": { "type": "Point", "coordinates": [ -71.06114, 42.35066 ] } },
{ "type": "Feature", "properties": { "businessname": "Mirabella Pool Concession", "dbaname": null, "legalowner": "CITY OF BOSTON", "namelast": "Nazzaro Center Council", "namefirst": "Accounts Payable", "licenseno": 92178, "issdttm": "2013-07-02T13:31:49", "expdttm": "2020-12-31T23:59:00", "licstatus": "Active", "licensecat": "FT", "descript": "Eating & Drinking w/ Take Out", "result": "HE_Fail", "resultdttm": "2016-06-20T14:17:13", "violation": "17-4-302.14", "viollevel": "*", "violdesc": "Test Kit Provided", "violdttm": "2016-06-20T14:17:13", "violstatus": "Fail", "statusdate": null, "comments": "No test kits on site / Provide.", "address": "471  Commercial ST", "city": "Boston", "zip": 2109, "property_id": 36766, "latitude_Y": 42.368749, "longitude_X": -71.055051, "year": 2016 }, "geometry": { "type": "Point", "coordinates": [ -71.055051, 42.368749 ] } },
{ "type": "Feature", "properties": { "businessname": "MOBYDICK", "dbaname": null, "legalowner": "MOHAMMED K. RAHMANIZ", "namelast": "Bakhtiari", "namefirst": "Mohtaram", "licenseno": 19817, "issdttm": "2012-01-31T15:29:47", "expdttm": "2020-12-31T23:59:00", "licstatus": "Active", "licensecat": "FT", "descript": "Eating & Drinking w/ Take Out", "result": "HE_Fail", "resultdttm": "2015-01-12T12:02:15", "violation": "08-3-305-307.11", "viollevel": "*", "violdesc": "Food Protection", "violdttm": "2015-01-12T12:02:15", "violstatus": "Fail", "statusdate": null, "comments": "Multiple large containers of food stored on  floor of walkin- Ensure products are stored 6\" off of floor", "address": "269   Huntington AVE", "city": "Boston", "zip": 2115, "property_id": 156555, "latitude_Y": 42.342178, "longitude_X": -71.08624, "year": 2015 }, "geometry": { "type": "Point", "coordinates": [ -71.08624, 42.342178 ] } },
{ "type": "Feature", "properties": { "businessname": "Modern Pastry Shop I I", "dbaname": null, "legalowner": "KELLY JAMES E", "namelast": "Modern Pastry Shop Inc.", "namefirst": " ", "licenseno": 122431, "issdttm": "2014-05-09T08:13:21", "expdttm": "2020-12-31T23:59:00", "licstatus": "Active", "licensecat": "FT", "descript": "Eating & Drinking w/ Take Out", "result": "HE_Fail", "resultdttm": "2015-04-22T12:24:44", "violation": "20-4-703.11", "viollevel": "***", "violdesc": "Food Contact Surfaces Clean", "violdttm": "2015-04-22T12:24:44", "violstatus": "Fail", "statusdate": null, "comments": "Blade on meat slicer in the basement - - clean to remove all previous food soils and deposits -  Clean after each shift", "address": "261   Hanover ST", "city": "Boston", "zip": 2113, "property_id": 69074, "latitude_Y": 42.36329, "longitude_X": -71.0547, "year": 2015 }, "geometry": { "type": "Point", "coordinates": [ -71.0547, 42.36329 ] } },
{ "type": "Feature", "properties": { "businessname": "MONICA'S RESTAURANT", "dbaname": null, "legalowner": "MENDOZA JORGE", "namelast": "MENDOZA", "namefirst": "JORGE", "licenseno": 21063, "issdttm": "2012-01-13T12:16:48", "expdttm": "2020-12-31T23:59:00", "licstatus": "Active", "licensecat": "FS", "descript": "Eating & Drinking", "result": "HE_Fail", "resultdttm": "2015-07-08T13:28:41", "violation": "01-3-202.18", "viollevel": "**", "violdesc": "Shellstock ID", "violdttm": "2015-07-08T13:28:41", "violstatus": "Fail", "statusdate": null, "comments": "Do  not remove shell fish tags from original containers", "address": "143   Richmond ST", "city": "Boston", "zip": 2113, "property_id": 156019, "latitude_Y": 42.363408, "longitude_X": -71.054261, "year": 2015 }, "geometry": { "type": "Point", "coordinates": [ -71.054261, 42.363408 ] } },
{ "type": "Feature", "properties": { "businessname": "Montecristo Mexican Grill", "dbaname": null, "legalowner": "SOLTANI MICHEL", "namelast": "Lilian Argueta/Otto G. Hernandez", "namefirst": " ", "licenseno": 29782, "issdttm": "2012-02-21T13:24:37", "expdttm": "2020-12-31T23:59:00", "licstatus": "Active", "licensecat": "FT", "descript": "Eating & Drinking w/ Take Out", "result": "HE_Fail", "resultdttm": "2016-03-25T12:38:06", "violation": "08-3-302.11/3-304.11", "viollevel": "***", "violdesc": "Separation  Segregation Cross Contamination", "violdttm": "2016-03-25T12:38:06", "violstatus": "Fail", "statusdate": null, "comments": "Raw fish stored over cheese  store properly  ready to eat over raw.", "address": "746   Huntington AVE", "city": "Boston", "zip": 2115, "property_id": 76415, "latitude_Y": 42.33363, "longitude_X": -71.10549, "year": 2016 }, "geometry": { "type": "Point", "coordinates": [ -71.10549, 42.33363 ] } },
{ "type": "Feature", "properties": { "businessname": "MONTIEN RESTAURANT", "dbaname": null, "legalowner": null, "namelast": "PANJA S. LYMSWAN", "namefirst": " ", "licenseno": 20866, "issdttm": "2012-02-08T15:16:50", "expdttm": "2016-12-31T23:59:00", "licstatus": "Inactive", "licensecat": "FS", "descript": "Eating & Drinking", "result": "HE_Fail", "resultdttm": "2015-06-05T12:24:44", "violation": "17-4-302.14", "viollevel": "*", "violdesc": "Test Kit Provided", "violdttm": "2015-06-05T12:24:44", "violstatus": "Fail", "statusdate": null, "comments": "no chlorine test kit to measure sanitizer in low temp dish machine", "address": "63   Stuart ST", "city": "Boston", "zip": 2116, "property_id": 155998, "latitude_Y": 42.351263, "longitude_X": -71.064339, "year": 2015 }, "geometry": { "type": "Point", "coordinates": [ -71.064339, 42.351263 ] } },
{ "type": "Feature", "properties": { "businessname": "Mooncusser Fish House & Moon Bar", "dbaname": null, "legalowner": "  ", "namelast": "Calhoun Owner", "namefirst": "Ian", "licenseno": 168085, "issdttm": "2017-07-20T15:29:35", "expdttm": "2020-12-31T23:59:00", "licstatus": "Active", "licensecat": "FS", "descript": "Eating & Drinking", "result": "HE_Fail", "resultdttm": "2017-07-18T12:13:25", "violation": "32-6-301.11-02.11", "viollevel": "*", "violdesc": "Hand Cleaner  Drying  Tissue Signage", "violdttm": "2017-07-18T12:13:25", "violstatus": "Fail", "statusdate": null, "comments": "Provide \"employees must wash hands \"signage in all rest rooms.", "address": "129   Columbus AVE", "city": "Boston", "zip": 2116, "property_id": 163644, "latitude_Y": 42.349822, "longitude_X": -71.070622, "year": 2017 }, "geometry": { "type": "Point", "coordinates": [ -71.070622, 42.349822 ] } },
{ "type": "Feature", "properties": { "businessname": "Mooo...", "dbaname": null, "legalowner": "FIFTEEN BEACON STREET LLC", "namelast": "Bovine L L C", "namefirst": " ", "licenseno": 26729, "issdttm": "2011-12-17T20:21:07", "expdttm": "2020-12-31T23:59:00", "licstatus": "Active", "licensecat": "FS", "descript": "Eating & Drinking", "result": "HE_Closure", "resultdttm": "2019-02-21T09:34:26", "violation": "22-4-601/602.11", "viollevel": "**", "violdesc": "Food Contact Surfaces Clean", "violdttm": "2019-02-21T09:34:26", "violstatus": "Fail", "statusdate": null, "comments": "Non-potable water has leaked into first floor kitchen. Clean and sanitize all affected areas.", "address": "15   Beacon ST", "city": "Boston", "zip": 2108, "property_id": 9666, "latitude_Y": 42.35841, "longitude_X": -71.06197, "year": 2019 }, "geometry": { "type": "Point", "coordinates": [ -71.06197, 42.35841 ] } },
{ "type": "Feature", "properties": { "businessname": "MOOYAH", "dbaname": null, "legalowner": "LAMBERT GREGORY", "namelast": "Tremont Street Burger L L C", "namefirst": " ", "licenseno": 67693, "issdttm": "2011-12-19T13:53:23", "expdttm": "2020-12-31T23:59:00", "licstatus": "Active", "licensecat": "FS", "descript": "Eating & Drinking", "result": "HE_Fail", "resultdttm": "2015-12-16T11:56:33", "violation": "36-6-501.11-.12", "viollevel": "*", "violdesc": "Improper Maintenance of Floors", "violdttm": "2015-12-16T11:56:33", "violstatus": "Fail", "statusdate": null, "comments": "Floors throughout establishment including prep area  warewashing and basement with soils and debris-Clean", "address": "140   Tremont ST", "city": "Boston", "zip": 2111, "property_id": 156397, "latitude_Y": 42.355646, "longitude_X": -71.062559, "year": 2015 }, "geometry": { "type": "Point", "coordinates": [ -71.062559, 42.355646 ] } },
{ "type": "Feature", "properties": { "businessname": "MORGAN HALL COFFEE CART", "dbaname": null, "legalowner": "BARNES & NOBLE BOOKSTORE/", "namelast": "RESTAURANT ASSOCIATES", "namefirst": " ", "licenseno": 22917, "issdttm": "2012-02-14T12:42:38", "expdttm": "2020-12-31T23:59:00", "licstatus": "Active", "licensecat": "FT", "descript": "Eating & Drinking w/ Take Out", "result": "HE_Fail", "resultdttm": "2019-03-18T09:41:41", "violation": "01-3-602.11 B2", "viollevel": "***", "violdesc": "Labeling of Ingredients", "violdttm": "2019-03-18T09:41:41", "violstatus": "Fail", "statusdate": null, "comments": "Prepackaged foods missing labels in refrigeration unit for customer self service - Removed by PIC", "address": "117   Western AVE", "city": "Boston", "zip": 2135, "property_id": 156711, "latitude_Y": 42.365174, "longitude_X": -71.122227, "year": 2019 }, "geometry": { "type": "Point", "coordinates": [ -71.122227, 42.365174 ] } },
{ "type": "Feature", "properties": { "businessname": "MOTHER ANNA'S", "dbaname": null, "legalowner": "CAPARELLA ROBERT A", "namelast": "MOTHER ANNA'S RESTAURANT", "namefirst": "INC.", "licenseno": 26094, "issdttm": "2011-12-13T11:41:28", "expdttm": "2020-12-31T23:59:00", "licstatus": "Active", "licensecat": "FS", "descript": "Eating & Drinking", "result": "HE_Fail", "resultdttm": "2015-04-02T10:38:59", "violation": "01-3-203.12", "viollevel": "**", "violdesc": "Tags & Records", "violdttm": "2015-04-02T10:38:59", "violstatus": "Fail", "statusdate": null, "comments": "Keep tags on site for at least three months as discussed", "address": "211   Hanover ST", "city": "Boston", "zip": 2113, "property_id": 157787, "latitude_Y": 42.362698, "longitude_X": -71.055309, "year": 2015 }, "geometry": { "type": "Point", "coordinates": [ -71.055309, 42.362698 ] } },
{ "type": "Feature", "properties": { "businessname": "Mother Juice Inc.", "dbaname": null, "legalowner": "TWO91 NEWBURY ST LLC", "namelast": "Fitzgerald", "namefirst": "Ellen", "licenseno": 174004, "issdttm": "2016-09-22T15:52:52", "expdttm": "2020-12-31T23:59:00", "licstatus": "Active", "licensecat": "FT", "descript": "Eating & Drinking w/ Take Out", "result": "HE_Fail", "resultdttm": "2016-09-21T15:23:43", "violation": "32-6-501.11-.12/6-202.14", "viollevel": "*", "violdesc": "Toilet Enclosed Clean", "violdttm": "2016-09-21T15:23:43", "violstatus": "Fail", "statusdate": null, "comments": "Restroom doors not self closing- Repair", "address": "291   Newbury ST", "city": "Boston", "zip": 2115, "property_id": 101526, "latitude_Y": 42.349137, "longitude_X": -71.084995, "year": 2016 }, "geometry": { "type": "Point", "coordinates": [ -71.084995, 42.349137 ] } },
{ "type": "Feature", "properties": { "businessname": "MR. DOOLEYS BOSTON TAVERN", "dbaname": null, "legalowner": null, "namelast": "THE SOMERS CORP", "namefirst": " ", "licenseno": 19327, "issdttm": "2012-02-15T09:22:07", "expdttm": "2020-12-31T23:59:00", "licstatus": "Active", "licensecat": "FS", "descript": "Eating & Drinking", "result": "HE_Fail", "resultdttm": "2015-06-11T13:38:51", "violation": "03-3-501.16(A)", "viollevel": "***", "violdesc": "Cold Holding", "violdttm": "2015-06-11T13:38:51", "violstatus": "Fail", "statusdate": null, "comments": "Chicken salad 50F  Sliced corned beef 51F / Provide proper cold holding temperatures.", "address": "77   Broad ST", "city": "Boston", "zip": 2109, "property_id": 155809, "latitude_Y": 42.357643, "longitude_X": -71.053639, "year": 2015 }, "geometry": { "type": "Point", "coordinates": [ -71.053639, 42.357643 ] } },
{ "type": "Feature", "properties": { "businessname": "MRS. B'S CAFE", "dbaname": null, "legalowner": "A STREET PROPERTIES II LLC", "namelast": "Lin Van Inc.", "namefirst": " ", "licenseno": 74757, "issdttm": "2012-01-31T15:09:39", "expdttm": "2019-12-31T23:59:00", "licstatus": "Inactive", "licensecat": "FT", "descript": "Eating & Drinking w/ Take Out", "result": "HE_Fail", "resultdttm": "2019-01-28T12:05:20", "violation": "03-3-501.16", "viollevel": "***", "violdesc": "Hot Holding", "violdttm": "2019-01-28T12:05:20", "violstatus": "Fail", "statusdate": null, "comments": "Chicken pasta dish 116F. Maintain hot holding above 135F. COS", "address": "20   Channel Center ST", "city": "Boston", "zip": 2127, "property_id": 28853, "latitude_Y": 42.3457, "longitude_X": -71.05182, "year": 2019 }, "geometry": { "type": "Point", "coordinates": [ -71.05182, 42.3457 ] } },
{ "type": "Feature", "properties": { "businessname": "Mulligans", "dbaname": null, "legalowner": "TERRAZANO RALPH", "namelast": "Kiakotos", "namefirst": "Marion", "licenseno": 172743, "issdttm": "2016-05-23T15:41:50", "expdttm": "2019-12-31T23:59:00", "licstatus": "Inactive", "licensecat": "FT", "descript": "Eating & Drinking w/ Take Out", "result": "HE_Fail", "resultdttm": "2016-12-05T13:20:45", "violation": "03-3-501.16(A)", "viollevel": "***", "violdesc": "Cold Holding", "violdttm": "2016-12-05T13:20:45", "violstatus": "Fail", "statusdate": null, "comments": "Chicken salad at servicing line 47F. Maintain PHF foods at 41F or below. Corrective action taken to cool product to 41F or below.", "address": "83   Canal ST", "city": "Boston", "zip": 2114, "property_id": 158274, "latitude_Y": 42.364307, "longitude_X": -71.059631, "year": 2016 }, "geometry": { "type": "Point", "coordinates": [ -71.059631, 42.364307 ] } },
{ "type": "Feature", "properties": { "businessname": "Museum of Fine Arts Cafeteria", "dbaname": null, "legalowner": "MUSEUM OF FINE ARTS", "namelast": "Museum of Fine Arts", "namefirst": "Boston", "licenseno": 28124, "issdttm": "2012-01-19T18:21:18", "expdttm": "2020-12-31T23:59:00", "licstatus": "Active", "licensecat": "FS", "descript": "Eating & Drinking", "result": "HE_Fail", "resultdttm": "2015-01-22T13:19:22", "violation": "M-2-103.11", "viollevel": "***", "violdesc": "PIC Performing Duties", "violdttm": "2015-01-22T13:19:22", "violstatus": "Fail", "statusdate": null, "comments": "8-303.20 Violation is a condition of issuance for non payment of 2015 Health Permit. Contact Health Department to make payment", "address": "465   Huntington AVE", "city": "Boston", "zip": 2115, "property_id": 76372, "latitude_Y": 42.33927, "longitude_X": -71.09405, "year": 2015 }, "geometry": { "type": "Point", "coordinates": [ -71.09405, 42.33927 ] } },
{ "type": "Feature", "properties": { "businessname": "Museum of Fine Arts-Taste D/B/A No. 19285", "dbaname": null, "legalowner": null, "namelast": "MUSEUM OF FINE ARTS BOSTON", "namefirst": " ", "licenseno": 19285, "issdttm": "2012-01-19T16:22:41", "expdttm": "2020-12-31T23:59:00", "licstatus": "Active", "licensecat": "FS", "descript": "Eating & Drinking", "result": "HE_Fail", "resultdttm": "2015-01-22T13:26:47", "violation": "M-2-103.11", "viollevel": "***", "violdesc": "PIC Performing Duties", "violdttm": "2015-01-22T13:26:47", "violstatus": "Fail", "statusdate": null, "comments": "8-303.20 Condition of issuance for nonpayment of 2015 Health Permit.  Contact Health Department to make payment", "address": "465  Huntington AVE", "city": "Boston", "zip": 2115, "property_id": 76373, "latitude_Y": 42.331977, "longitude_X": -71.101647, "year": 2015 }, "geometry": { "type": "Point", "coordinates": [ -71.101647, 42.331977 ] } },
{ "type": "Feature", "properties": { "businessname": "Museum of Science", "dbaname": null, "legalowner": "  ", "namelast": "COMPASS GROUP USAINC.", "namefirst": " ", "licenseno": 23721, "issdttm": "2012-01-18T17:16:00", "expdttm": "2020-12-31T23:59:00", "licstatus": "Active", "licensecat": "FS", "descript": "Eating & Drinking", "result": "HE_Fail", "resultdttm": "2015-07-09T12:58:03", "violation": "03-3-501.16(A)", "viollevel": "***", "violdesc": "Cold Holding", "violdttm": "2015-07-09T12:58:03", "violstatus": "Fail", "statusdate": null, "comments": "1. Raw burgers on counter @ 50f  ensure proper cold hold of 41f or below  2. Chicken wrap @ 48f in one door upright  ensure proper cold hold of 41f or below", "address": "10   Charles River DM", "city": "Boston", "zip": 2114, "property_id": 163190, "latitude_Y": 42.367043, "longitude_X": -71.070312, "year": 2015 }, "geometry": { "type": "Point", "coordinates": [ -71.070312, 42.367043 ] } },
{ "type": "Feature", "properties": { "businessname": "MY COUSIN'S PLACE", "dbaname": null, "legalowner": "DENORMANDIE PHILIP Y TRST", "namelast": "Ralph and Dan L L C", "namefirst": " ", "licenseno": 78520, "issdttm": "2012-03-23T13:25:54", "expdttm": "2019-12-31T23:59:00", "licstatus": "Active", "licensecat": "FT", "descript": "Eating & Drinking w/ Take Out", "result": "HE_Fail", "resultdttm": "2015-05-18T13:47:30", "violation": "02-3-602.11-.12/3-302.12", "viollevel": "*", "violdesc": "Food Container Labels", "violdttm": "2015-05-18T13:47:30", "violstatus": "Fail", "statusdate": null, "comments": "Label all bulk food containers", "address": "396   Hanover ST", "city": "Boston", "zip": 2113, "property_id": 69130, "latitude_Y": 42.36602, "longitude_X": -71.05296, "year": 2015 }, "geometry": { "type": "Point", "coordinates": [ -71.05296, 42.36602 ] } },
{ "type": "Feature", "properties": { "businessname": "My Thai Cafe Vegetarian & Bubble Tea Bristro", "dbaname": null, "legalowner": null, "namelast": "CUONG VAN TRAN", "namefirst": " ", "licenseno": 23643, "issdttm": "2011-12-28T09:38:49", "expdttm": "2020-12-31T23:59:00", "licstatus": "Active", "licensecat": "FS", "descript": "Eating & Drinking", "result": "HE_Fail", "resultdttm": "2016-01-12T11:25:59", "violation": "08-3-305-307.11", "viollevel": "*", "violdesc": "Food Protection", "violdttm": "2016-01-12T11:25:59", "violstatus": "Fail", "statusdate": null, "comments": "open bags of flour  store in closed covered containers once opened", "address": "3  Beach ST", "city": "Boston", "zip": 2111, "property_id": 157523, "latitude_Y": 42.351421, "longitude_X": -71.062558, "year": 2016 }, "geometry": { "type": "Point", "coordinates": [ -71.062558, 42.351421 ] } },
{ "type": "Feature", "properties": { "businessname": "N.U. Stetson Hall East", "dbaname": null, "legalowner": "DAKA", "namelast": "Chartwells", "namefirst": "Timothy Cooney", "licenseno": 19006, "issdttm": "2011-12-13T12:32:00", "expdttm": "2020-12-31T23:59:00", "licstatus": "Active", "licensecat": "FS", "descript": "Eating & Drinking", "result": "HE_Fail", "resultdttm": "2015-04-14T15:24:07", "violation": "03-3-501.16(A)", "viollevel": "***", "violdesc": "Cold Holding", "violdttm": "2015-04-14T15:24:07", "violstatus": "Fail", "statusdate": null, "comments": "Honeydew melon at salad bar 48F- Removed by PIC and placed  in blast chiller Tuna at sandwich station 50F- Removed by PIC and placed in blast chiller Ensure cold holding at 41F or below", "address": "11   Speare PL", "city": "Boston", "zip": 2115, "property_id": 157869, "latitude_Y": 42.34104, "longitude_X": -71.090231, "year": 2015 }, "geometry": { "type": "Point", "coordinates": [ -71.090231, 42.34104 ] } },
{ "type": "Feature", "properties": { "businessname": "Nahita", "dbaname": null, "legalowner": "BOSTON RENAISSANCE CHARTER", "namelast": "Liquid Art Boston L L C", "namefirst": " ", "licenseno": 117291, "issdttm": "2014-04-29T09:38:37", "expdttm": "2020-12-31T23:59:00", "licstatus": "Inactive", "licensecat": "FS", "descript": "Eating & Drinking", "result": "HE_Fail", "resultdttm": "2015-10-14T17:27:10", "violation": "05-4-302.12", "viollevel": "*", "violdesc": "Food Thermometers Provided", "violdttm": "2015-10-14T17:27:10", "violstatus": "Fail", "statusdate": null, "comments": "Provide proper metal stem thermometers for all staff.", "address": "100   Arlington ST", "city": "Boston", "zip": 2116, "property_id": 4809, "latitude_Y": 42.35002, "longitude_X": -71.0695, "year": 2015 }, "geometry": { "type": "Point", "coordinates": [ -71.0695, 42.35002 ] } },
{ "type": "Feature", "properties": { "businessname": "Nebo Ristorante/Enoteca", "dbaname": null, "legalowner": null, "namelast": "Jimmy Jumbo Enterprises L L C", "namefirst": " ", "licenseno": 83438, "issdttm": "2013-06-07T15:05:03", "expdttm": "2020-12-31T23:59:00", "licstatus": "Active", "licensecat": "FS", "descript": "Eating & Drinking", "result": "HE_Fail", "resultdttm": "2015-02-23T14:05:45", "violation": "19-4-501.18-.110", "viollevel": "*", "violdesc": "Wash Rinse Water Clean Proper Temperature.", "violdttm": "2015-02-23T14:05:45", "violstatus": "Fail", "statusdate": null, "comments": "High temp dish machine wash 131F / Repair (Need 150F)", "address": "520  Atlantic AVE", "city": "Boston", "zip": 2110, "property_id": 6313, "latitude_Y": 42.353337, "longitude_X": -71.052914, "year": 2015 }, "geometry": { "type": "Point", "coordinates": [ -71.052914, 42.353337 ] } },
{ "type": "Feature", "properties": { "businessname": "Neighborhoods", "dbaname": null, "legalowner": "HUANG FRANKIE S.", "namelast": "Betsy Hill", "namefirst": " ", "licenseno": 79718, "issdttm": "2013-01-07T09:04:20", "expdttm": "2020-12-31T23:59:00", "licstatus": "Active", "licensecat": "FT", "descript": "Eating & Drinking w/ Take Out", "result": "HE_Fail", "resultdttm": "2015-04-30T14:44:42", "violation": "08-3-305-307.11", "viollevel": "*", "violdesc": "Food Protection", "violdttm": "2015-04-30T14:44:42", "violstatus": "Fail", "statusdate": null, "comments": "Product stored under waste pipes on shelving.Remove and store away from pipes.", "address": "96   Peterborough ST", "city": "Boston", "zip": 2116, "property_id": 156955, "latitude_Y": 42.34302, "longitude_X": -71.099229, "year": 2015 }, "geometry": { "type": "Point", "coordinates": [ -71.099229, 42.34302 ] } },
{ "type": "Feature", "properties": { "businessname": "NEPTUNE RESTAURANT", "dbaname": null, "legalowner": "BOSTONIAN LLC", "namelast": "JEFF NACE", "namefirst": " ", "licenseno": 23410, "issdttm": "2012-01-05T11:24:28", "expdttm": "2020-12-31T23:59:00", "licstatus": "Active", "licensecat": "FS", "descript": "Eating & Drinking", "result": "HE_Filed", "resultdttm": "2015-04-01T11:26:59", "violation": "23-4-602.13", "viollevel": "*", "violdesc": "Non-Food Contact Surfaces Clean", "violdttm": "2015-04-01T11:26:59", "violstatus": "Fail", "statusdate": null, "comments": "Clean exterior of ice machine from visible soils", "address": "63   Salem ST", "city": "Boston", "zip": 2113, "property_id": 121913, "latitude_Y": 42.36323, "longitude_X": -71.05594, "year": 2015 }, "geometry": { "type": "Point", "coordinates": [ -71.05594, 42.36323 ] } },
{ "type": "Feature", "properties": { "businessname": "New Dong Khanh Restaurant", "dbaname": null, "legalowner": "LUU TAM CAM", "namelast": "LUU CAM TAM & NGUYEN VAN TUNG", "namefirst": " ", "licenseno": 18590, "issdttm": "2012-03-20T10:19:59", "expdttm": "2019-12-31T23:59:00", "licstatus": "Inactive", "licensecat": "FT", "descript": "Eating & Drinking w/ Take Out", "result": "HE_Fail", "resultdttm": "2016-01-25T08:54:34", "violation": "03-3-501.16(A)", "viollevel": "***", "violdesc": "Cold Holding", "violdttm": "2016-01-25T08:54:34", "violstatus": "Fail", "statusdate": null, "comments": "Bean sprouts in water @ 46f-50f on cooking line  store at 41f or below", "address": "81   Harrison AVE", "city": "Boston", "zip": 2111, "property_id": 70064, "latitude_Y": 42.35093, "longitude_X": -71.06158, "year": 2016 }, "geometry": { "type": "Point", "coordinates": [ -71.06158, 42.35093 ] } },
{ "type": "Feature", "properties": { "businessname": "NEW GOLDEN GATE RESTAURANT", "dbaname": null, "legalowner": "LEE  PRESIDENT BILLY", "namelast": "May-Deng PRESIDENT", "namefirst": "Emily", "licenseno": 23089, "issdttm": "2011-12-30T13:04:42", "expdttm": "2020-12-31T23:59:00", "licstatus": "Active", "licensecat": "FS", "descript": "Eating & Drinking", "result": "HE_Fail", "resultdttm": "2016-01-22T13:14:25", "violation": "02-3-602.11-.12/3-302.12", "viollevel": "*", "violdesc": "Food Container Labels", "violdttm": "2016-01-22T13:14:25", "violstatus": "Fail", "statusdate": null, "comments": "bulk food containers not labelled  label properly in chinese and english", "address": "66   Beach ST", "city": "Boston", "zip": 2111, "property_id": 156250, "latitude_Y": 42.351383, "longitude_X": -71.060028, "year": 2016 }, "geometry": { "type": "Point", "coordinates": [ -71.060028, 42.351383 ] } },
{ "type": "Feature", "properties": { "businessname": "New Jumbo Seafood", "dbaname": null, "legalowner": "SPEARS CRAIG TRUSTEE", "namelast": "ST ORIENTAL", "namefirst": "CORPORATION", "licenseno": 25316, "issdttm": "2012-01-10T13:27:24", "expdttm": "2020-12-31T23:59:00", "licstatus": "Active", "licensecat": "FS", "descript": "Eating & Drinking", "result": "HE_Fail", "resultdttm": "2015-01-08T11:32:55", "violation": "14-4-202.11", "viollevel": "*", "violdesc": "Food Contact Surfaces Design", "violdttm": "2015-01-08T11:32:55", "violstatus": "Fail", "statusdate": null, "comments": "Worn cutting boards", "address": "5   Hudson ST", "city": "Boston", "zip": 2111, "property_id": 75863, "latitude_Y": 42.350966, "longitude_X": -71.060128, "year": 2015 }, "geometry": { "type": "Point", "coordinates": [ -71.060128, 42.350966 ] } },
{ "type": "Feature", "properties": { "businessname": "NEW MEAT MARKET", "dbaname": null, "legalowner": "MUY THAM M", "namelast": "Molly Tham", "namefirst": " ", "licenseno": 74176, "issdttm": "2012-01-04T18:40:41", "expdttm": "2019-12-31T23:59:00", "licstatus": "Inactive", "licensecat": "RF", "descript": "Retail Food", "result": "HE_Fail", "resultdttm": "2015-03-24T11:54:52", "violation": "10-3-304.12", "viollevel": "*", "violdesc": "Food Utensil Storage", "violdttm": "2015-03-24T11:54:52", "violstatus": "Fail", "statusdate": null, "comments": "Cleaver [ in use ] discarded on the bloody floor - clean and sanitize and store as discussed", "address": "94   Blackstone ST", "city": "Boston", "zip": 2109, "property_id": 155828, "latitude_Y": 42.361468, "longitude_X": -71.056369, "year": 2015 }, "geometry": { "type": "Point", "coordinates": [ -71.056369, 42.361468 ] } },
{ "type": "Feature", "properties": { "businessname": "New Moon Villa Restaurant", "dbaname": null, "legalowner": "LEUNG VIRGINIA G TS", "namelast": "Jian Hung", "namefirst": "Inc.", "licenseno": 26941, "issdttm": "2012-01-05T11:02:08", "expdttm": "2020-12-31T23:59:00", "licstatus": "Active", "licensecat": "FS", "descript": "Eating & Drinking", "result": "HE_Fail", "resultdttm": "2016-01-06T12:56:53", "violation": "15-4-202.16", "viollevel": "*", "violdesc": "Non-Food Contact Surfaces", "violdttm": "2016-01-06T12:56:53", "violstatus": "Fail", "statusdate": null, "comments": "gaskets on 2 door Randell broken   replace", "address": "15   Edinboro ST", "city": "Boston", "zip": 2111, "property_id": 51249, "latitude_Y": 42.352008, "longitude_X": -71.059912, "year": 2016 }, "geometry": { "type": "Point", "coordinates": [ -71.059912, 42.352008 ] } },
{ "type": "Feature", "properties": { "businessname": "NEW SAIGON SANDWICH INC.", "dbaname": null, "legalowner": null, "namelast": "JASON V. PHU PRES.", "namefirst": " ", "licenseno": 23016, "issdttm": "2012-02-14T12:41:23", "expdttm": "2020-12-31T23:59:00", "licstatus": "Active", "licensecat": "FT", "descript": "Eating & Drinking w/ Take Out", "result": "HE_Fail", "resultdttm": "2015-12-01T11:54:33", "violation": "01-3-602.11 B2", "viollevel": "***", "violdesc": "Labeling of Ingredients", "violdttm": "2015-12-01T11:54:33", "violstatus": "Fail", "statusdate": null, "comments": "yogurts in self service case without labels or ingredients  supply", "address": "696  Washington ST", "city": "Boston", "zip": 2111, "property_id": 158284, "latitude_Y": 42.351119, "longitude_X": -71.062679, "year": 2015 }, "geometry": { "type": "Point", "coordinates": [ -71.062679, 42.351119 ] } },
{ "type": "Feature", "properties": { "businessname": "New Shanghai", "dbaname": null, "legalowner": "JAYNE ALLAN WONG", "namelast": "Hong Ze Restaurant Inc.", "namefirst": " ", "licenseno": 30967, "issdttm": "2011-12-23T13:01:17", "expdttm": "2019-12-31T23:59:00", "licstatus": "Inactive", "licensecat": "FS", "descript": "Eating & Drinking", "result": "HE_Fail", "resultdttm": "2015-11-17T13:42:33", "violation": "03-3-501.16(A)", "viollevel": "***", "violdesc": "Cold Holding", "violdttm": "2015-11-17T13:42:33", "violstatus": "Fail", "statusdate": null, "comments": "Sprouts 50F / Provide proper cold holding temperatures.", "address": "21  Hudson ST", "city": "Boston", "zip": 2111, "property_id": 75860, "latitude_Y": 42.35058, "longitude_X": -71.06029, "year": 2015 }, "geometry": { "type": "Point", "coordinates": [ -71.06029, 42.35058 ] } },
{ "type": "Feature", "properties": { "businessname": "New York Pizza", "dbaname": null, "legalowner": "AXIOTIS STEPHEN TS", "namelast": "Axiotis", "namefirst": "Stephen", "licenseno": 27856, "issdttm": "2012-06-13T14:17:45", "expdttm": "2020-12-31T23:59:00", "licstatus": "Active", "licensecat": "FT", "descript": "Eating & Drinking w/ Take Out", "result": "HE_Fail", "resultdttm": "2015-08-14T10:25:48", "violation": "02-3-602.11-.12/3-302.12", "viollevel": "*", "violdesc": "Food Container Labels", "violdttm": "2015-08-14T10:25:48", "violstatus": "Fail", "statusdate": null, "comments": "display case/provide proper labels for pre packaged salads and pastries properly label all bulk food bins", "address": "224   Tremont ST", "city": "Boston", "zip": 2116, "property_id": 137458, "latitude_Y": 42.35145, "longitude_X": -71.06456, "year": 2015 }, "geometry": { "type": "Point", "coordinates": [ -71.06456, 42.35145 ] } },
{ "type": "Feature", "properties": { "businessname": "News Room Cafe", "dbaname": null, "legalowner": "GERALD WALBA  PRES.", "namelast": "Zaghloul", "namefirst": "Ahmed", "licenseno": 389162, "issdttm": "2019-03-19T09:46:22", "expdttm": "2020-12-31T23:59:00", "licstatus": "Active", "licensecat": "FS", "descript": "Eating & Drinking", "result": "HE_Fail", "resultdttm": "2019-09-20T11:28:47", "violation": "590.002/2-402.11-C", "viollevel": "*", "violdesc": "Effectiveness-Hair Restraints (C)", "violdttm": "2019-09-20T11:28:47", "violstatus": "Fail", "statusdate": null, "comments": "Staff without hair restraint .", "address": "7  Bulfinch Pl", "city": "Boston", "zip": 2114, "property_id": 156763, "latitude_Y": 42.361814, "longitude_X": -71.06131, "year": 2019 }, "geometry": { "type": "Point", "coordinates": [ -71.06131, 42.361814 ] } },
{ "type": "Feature", "properties": { "businessname": "Nico Restaurant", "dbaname": null, "legalowner": "DYER DENNIS A", "namelast": "VARANO", "namefirst": "NICK  GM", "licenseno": 31037, "issdttm": "2012-01-09T16:04:10", "expdttm": "2020-12-31T23:59:00", "licstatus": "Active", "licensecat": "FS", "descript": "Eating & Drinking", "result": "HE_Fail", "resultdttm": "2015-05-11T14:15:45", "violation": "01-3-203.12", "viollevel": "**", "violdesc": "Tags & Records", "violdttm": "2015-05-11T14:15:45", "violstatus": "Fail", "statusdate": null, "comments": " ", "address": "417   Hanover ST", "city": "Boston", "zip": 2113, "property_id": 69140, "latitude_Y": 42.36564, "longitude_X": -71.0527, "year": 2015 }, "geometry": { "type": "Point", "coordinates": [ -71.0527, 42.36564 ] } },
{ "type": "Feature", "properties": { "businessname": "Night Shift Brewing", "dbaname": null, "legalowner": "N WASHINGTON WHARF LLC", "namelast": "Night Shift Brewing Inc. Parent Co.", "namefirst": "Att: Accounts Payable", "licenseno": 360287, "issdttm": "2019-03-11T09:19:15", "expdttm": "2020-12-31T23:59:00", "licstatus": "Active", "licensecat": "FS", "descript": "Eating & Drinking", "result": "HE_Fail", "resultdttm": "2019-05-23T13:52:38", "violation": "03-3-501.16(A)", "viollevel": "***", "violdesc": "Cold Holding", "violdttm": "2019-05-23T13:52:38", "violstatus": "Fail", "statusdate": null, "comments": "Two of the refrigerators on the line have tripped and turned off; hamburger 52F  sprouts 54F  chicken 50F.  Provide proper cold holding of 41F or below.  (The manager discarded all the items in the refrigerator)", "address": "160 N Washington ST", "city": "Boston", "zip": 2114, "property_id": 146266, "latitude_Y": 42.367388, "longitude_X": -71.059184, "year": 2019 }, "geometry": { "type": "Point", "coordinates": [ -71.059184, 42.367388 ] } },
{ "type": "Feature", "properties": { "businessname": "Nine Bar Espresso", "dbaname": null, "legalowner": null, "namelast": "Vlassidis", "namefirst": "Erick", "licenseno": 383523, "issdttm": "2019-04-22T09:52:33", "expdttm": "2020-12-31T23:59:00", "licstatus": "Active", "licensecat": "FT", "descript": "Eating & Drinking w/ Take Out", "result": "HE_Fail", "resultdttm": "2019-04-17T10:39:46", "violation": "37-6-501.11-.12", "viollevel": "*", "violdesc": "Improper Maintenance of Walls/Ceilings", "violdttm": "2019-04-17T10:39:46", "violstatus": "Fail", "statusdate": null, "comments": "reseal the wall behind the hand sink.", "address": "45   Bromfield ST", "city": "Boston", "zip": 2109, "property_id": 158316, "latitude_Y": 42.356956, "longitude_X": -71.060529, "year": 2019 }, "geometry": { "type": "Point", "coordinates": [ -71.060529, 42.356956 ] } },
{ "type": "Feature", "properties": { "businessname": "NINE ZERO HOTEL", "dbaname": null, "legalowner": "TREMONT PROPERTY LIMITED PARTNERSHIP", "namelast": "KHP", "namefirst": "Boston Hotel LLC", "licenseno": 24677, "issdttm": "2012-01-25T09:17:30", "expdttm": "2016-12-31T23:59:00", "licstatus": "Inactive", "licensecat": "FS", "descript": "Eating & Drinking", "result": "HE_Fail", "resultdttm": "2015-05-19T09:11:11", "violation": "10-3-304.12", "viollevel": "*", "violdesc": "Food Utensil Storage", "violdttm": "2015-05-19T09:11:11", "violstatus": "Fail", "statusdate": null, "comments": "Knives stored in between equipment/ Discontinue and store properly.", "address": "90   Tremont ST", "city": "Boston", "zip": 2109, "property_id": 157247, "latitude_Y": 42.35745, "longitude_X": -71.0607, "year": 2015 }, "geometry": { "type": "Point", "coordinates": [ -71.0607, 42.35745 ] } },
{ "type": "Feature", "properties": { "businessname": "Nino's Pizza", "dbaname": null, "legalowner": "INDICIANI NINO TS", "namelast": "INDICIANI", "namefirst": "NINO", "licenseno": 18937, "issdttm": "2012-01-09T11:20:45", "expdttm": "2020-12-31T23:59:00", "licstatus": "Active", "licensecat": "FT", "descript": "Eating & Drinking w/ Take Out", "result": "HE_Fail", "resultdttm": "2017-03-13T10:52:29", "violation": "16-4-301.12", "viollevel": "*", "violdesc": "Three Compartment Sink", "violdttm": "2017-03-13T10:52:29", "violstatus": "Fail", "statusdate": null, "comments": "No drainboard at 3 bay sink to allow for proper ware washing", "address": "79   Charles ST", "city": "Boston", "zip": 2114, "property_id": 29192, "latitude_Y": 42.35838, "longitude_X": -71.07042, "year": 2017 }, "geometry": { "type": "Point", "coordinates": [ -71.07042, 42.35838 ] } },
{ "type": "Feature", "properties": { "businessname": "NIXON & PEABODY", "dbaname": null, "legalowner": "EOP - 100 SUMMER ST LLC", "namelast": "NIXON & PEABODY ATT: LAUR", "namefirst": "A BARTEAUX", "licenseno": 23087, "issdttm": "2012-02-13T13:47:21", "expdttm": "2018-12-31T23:59:00", "licstatus": "Inactive", "licensecat": "FS", "descript": "Eating & Drinking", "result": "HE_Filed", "resultdttm": "2018-06-13T10:41:55", "violation": "37-6-501.11-.12", "viollevel": "*", "violdesc": "Improper Maintenance of Walls/Ceilings", "violdttm": "2018-06-13T10:41:55", "violstatus": "Fail", "statusdate": null, "comments": "Replace stained ceiling tiles on ceiling of hallway where food is stored", "address": "100   Summer ST", "city": "Boston", "zip": 2110, "property_id": 155609, "latitude_Y": 42.35356, "longitude_X": -71.05736, "year": 2018 }, "geometry": { "type": "Point", "coordinates": [ -71.05736, 42.35356 ] } },
{ "type": "Feature", "properties": { "businessname": "NO NAME", "dbaname": null, "legalowner": "CONTOS NICK", "namelast": "CONTOS", "namefirst": "NICK", "licenseno": 18970, "issdttm": "2011-12-08T10:33:49", "expdttm": "2019-12-31T23:59:00", "licstatus": "Inactive", "licensecat": "FS", "descript": "Eating & Drinking", "result": "HE_Fail", "resultdttm": "2016-10-14T12:31:03", "violation": "02-3-602.11-.12/3-302.12", "viollevel": "*", "violdesc": "Food Container Labels", "violdttm": "2016-10-14T12:31:03", "violstatus": "Fail", "statusdate": null, "comments": "Label all bulk food containers - label any and all clear plastic spray bottles to properly identify the contents", "address": "15  Boston Fish Pier ", "city": "Boston", "zip": 2210, "property_id": 157302, "latitude_Y": 42.348585, "longitude_X": -71.039261, "year": 2016 }, "geometry": { "type": "Point", "coordinates": [ -71.039261, 42.348585 ] } },
{ "type": "Feature", "properties": { "businessname": "No. 9 Park LLC", "dbaname": null, "legalowner": "BROWN MARITZA TRSTS", "namelast": "NO. 9 PARK", "namefirst": "L L C", "licenseno": 20839, "issdttm": "2012-02-13T13:39:08", "expdttm": "2020-12-31T23:59:00", "licstatus": "Active", "licensecat": "FS", "descript": "Eating & Drinking", "result": "HE_Fail", "resultdttm": "2016-09-28T16:48:16", "violation": "08-3-305-307.11", "viollevel": "*", "violdesc": "Food Protection", "violdttm": "2016-09-28T16:48:16", "violstatus": "Fail", "statusdate": null, "comments": "Dry food goods being stored under what appears to be a waste drain in basement. Relocate.", "address": "9   Park ST", "city": "Boston", "zip": 2108, "property_id": 107195, "latitude_Y": 42.35762, "longitude_X": -71.06279, "year": 2016 }, "geometry": { "type": "Point", "coordinates": [ -71.06279, 42.35762 ] } },
{ "type": "Feature", "properties": { "businessname": "NOODLE STREET RESTAURANT", "dbaname": null, "legalowner": null, "namelast": "TANAKRIT CHANPREECHAKUL", "namefirst": " ", "licenseno": 23155, "issdttm": "2012-01-24T11:15:08", "expdttm": "2020-12-31T23:59:00", "licstatus": "Active", "licensecat": "FS", "descript": "Eating & Drinking", "result": "HE_Fail", "resultdttm": "2015-03-05T14:24:03", "violation": "14-4-202.11", "viollevel": "*", "violdesc": "Food Contact Surfaces Design", "violdttm": "2015-03-05T14:24:03", "violstatus": "Fail", "statusdate": null, "comments": "Knifes stored soiled on the magnetic knife holder. Clean and sanitize properly.  Cutting board at the cooking line heavily scored. Repair or replace.", "address": "627  Commonwealth AVE", "city": "Boston", "zip": 2215, "property_id": 41174, "latitude_Y": 42.34978, "longitude_X": -71.10161, "year": 2015 }, "geometry": { "type": "Point", "coordinates": [ -71.10161, 42.34978 ] } },
{ "type": "Feature", "properties": { "businessname": "Noon Mediterranean Grill", "dbaname": null, "legalowner": null, "namelast": "Rivera", "namefirst": "Mark", "licenseno": 311704, "issdttm": "2017-08-11T08:48:19", "expdttm": "2018-12-31T23:59:00", "licstatus": "Inactive", "licensecat": "FS", "descript": "Eating & Drinking", "result": "HE_Filed", "resultdttm": "2017-12-05T11:12:52", "violation": "02-3-602.11-.12/3-302.12", "viollevel": "*", "violdesc": "Food Container Labels", "violdttm": "2017-12-05T11:12:52", "violstatus": "Fail", "statusdate": null, "comments": "Several squueze bottles containing dressings with no labels. Provide.", "address": "262  Washington ST", "city": "Boston", "zip": 2108, "property_id": 341600, "latitude_Y": 42.357712, "longitude_X": -71.057835, "year": 2017 }, "geometry": { "type": "Point", "coordinates": [ -71.057835, 42.357712 ] } },
{ "type": "Feature", "properties": { "businessname": "NORTH STREET GRILLE & CAFE", "dbaname": null, "legalowner": "DUMALAC JOHN MICHAEL JR", "namelast": "NEEL SCHMOLL", "namefirst": " ", "licenseno": 20342, "issdttm": "2012-01-25T15:15:02", "expdttm": "2020-12-31T23:59:00", "licstatus": "Active", "licensecat": "FS", "descript": "Eating & Drinking", "result": "HE_Fail", "resultdttm": "2016-10-26T10:01:10", "violation": "03-3-501.16(A)", "viollevel": "***", "violdesc": "Cold Holding", "violdttm": "2016-10-26T10:01:10", "violstatus": "Fail", "statusdate": null, "comments": "Cut canteloupe and honeydew melon 48F.  Stored on top of other containers in the top reach in unit / Discussed the need for the cut fruit to be placed directly in the top reach in holders / Fruit was disposed of as establishment was nearing end of breakfast and lunch service / Provide proper cold holding temperatures.", "address": "229   North ST", "city": "Boston", "zip": 2113, "property_id": 103562, "latitude_Y": 42.36339, "longitude_X": -71.05252, "year": 2016 }, "geometry": { "type": "Point", "coordinates": [ -71.05252, 42.36339 ] } },
{ "type": "Feature", "properties": { "businessname": "NORTHEASTERN UNIV. RYDER HALL", "dbaname": null, "legalowner": "  ", "namelast": "Chartwells", "namefirst": "Timothy Cooney", "licenseno": 20098, "issdttm": "2011-12-13T12:32:50", "expdttm": "2020-12-31T23:59:00", "licstatus": "Active", "licensecat": "FS", "descript": "Eating & Drinking", "result": "HE_Fail", "resultdttm": "2015-10-27T13:56:45", "violation": "03-3-501.16(A)", "viollevel": "***", "violdesc": "Cold Holding", "violdttm": "2015-10-27T13:56:45", "violstatus": "Fail", "statusdate": null, "comments": "Tuna on serviceline and in refrigeration bbelow serviceline 51F  prepared 3 hours earlier per PIC. Ensure products are cooled and held at 41F or below. Removed by PIC at time of inspection  placed in shallow pans and placed in walkin.", "address": "11   Leon ST", "city": "Boston", "zip": 2115, "property_id": 340856, "latitude_Y": 42.33662, "longitude_X": -71.09091, "year": 2015 }, "geometry": { "type": "Point", "coordinates": [ -71.09091, 42.33662 ] } },
{ "type": "Feature", "properties": { "businessname": "Northeastern University/Cafe Crossing", "dbaname": null, "legalowner": null, "namelast": "Northeastern University/Chartwells", "namefirst": " ", "licenseno": 33011, "issdttm": "2011-12-13T12:25:44", "expdttm": "2020-12-31T23:59:00", "licstatus": "Active", "licensecat": "FS", "descript": "Eating & Drinking", "result": "HE_Fail", "resultdttm": "2016-01-26T12:25:19", "violation": "03-3-501.16(A)", "viollevel": "***", "violdesc": "Cold Holding", "violdttm": "2016-01-26T12:25:19", "violstatus": "Fail", "statusdate": null, "comments": "guacamole 46 degrees/provide proper temperature of 41 degrees or below", "address": "1175  Tremont ST", "city": "Boston", "zip": 2120, "property_id": 160935, "latitude_Y": 42.334987, "longitude_X": -71.089493, "year": 2016 }, "geometry": { "type": "Point", "coordinates": [ -71.089493, 42.334987 ] } },
{ "type": "Feature", "properties": { "businessname": "Nourish Your Soul", "dbaname": null, "legalowner": "PARCEL 7 PROPERTY LLC", "namelast": "Cabana", "namefirst": "Susan", "licenseno": 117870, "issdttm": "2014-02-13T11:22:52", "expdttm": "2016-12-31T23:59:00", "licstatus": "Inactive", "licensecat": "FT", "descript": "Eating & Drinking w/ Take Out", "result": "HE_Fail", "resultdttm": "2015-04-14T11:43:12", "violation": "17-4-302.14", "viollevel": "*", "violdesc": "Test Kit Provided", "violdttm": "2015-04-14T11:43:12", "violstatus": "Fail", "statusdate": null, "comments": "Provide a test kit for measuring the sanitizer at the 3 bay sink.", "address": "15   Channel Center ST", "city": "Boston", "zip": 2127, "property_id": 28851, "latitude_Y": 42.345668, "longitude_X": -71.05112, "year": 2015 }, "geometry": { "type": "Point", "coordinates": [ -71.05112, 42.345668 ] } },
{ "type": "Feature", "properties": { "businessname": "Nunzio's Pizzeria", "dbaname": null, "legalowner": "KESARIS STATHIS(STEVE)", "namelast": "On To The Next L L C", "namefirst": " ", "licenseno": 76004, "issdttm": "2012-03-09T12:01:28", "expdttm": "2017-12-31T23:59:00", "licstatus": "Inactive", "licensecat": "FT", "descript": "Eating & Drinking w/ Take Out", "result": "HE_Fail", "resultdttm": "2015-01-02T14:02:41", "violation": "01-3-602.11 B2", "viollevel": "***", "violdesc": "Labeling of Ingredients", "violdttm": "2015-01-02T14:02:41", "violstatus": "Fail", "statusdate": null, "comments": "Brownies in grab and go without labels / Properly label all grab and go items.", "address": "195   State ST", "city": "Boston", "zip": 2110, "property_id": 157503, "latitude_Y": 42.359176, "longitude_X": -71.052618, "year": 2015 }, "geometry": { "type": "Point", "coordinates": [ -71.052618, 42.359176 ] } },
{ "type": "Feature", "properties": { "businessname": "O YA RESTAURANT", "dbaname": null, "legalowner": "HADAYA LOUIS S TS", "namelast": "Cushman", "namefirst": "Nancy", "licenseno": 25259, "issdttm": "2012-01-05T11:05:55", "expdttm": "2020-12-31T23:59:00", "licstatus": "Active", "licensecat": "FS", "descript": "Eating & Drinking", "result": "HE_Fail", "resultdttm": "2015-03-04T08:31:50", "violation": "22-4-601/602.11", "viollevel": "**", "violdesc": "Food Contact Surfaces Clean", "violdttm": "2015-03-04T08:31:50", "violstatus": "Fail", "statusdate": null, "comments": "interior of ice machine with mold-like build up  clean to remove", "address": "9   East ST", "city": "Boston", "zip": 2111, "property_id": 50799, "latitude_Y": 42.35135, "longitude_X": -71.05694, "year": 2015 }, "geometry": { "type": "Point", "coordinates": [ -71.05694, 42.35135 ] } },
{ "type": "Feature", "properties": { "businessname": "ODB LIQUORS", "dbaname": null, "legalowner": "HAHANG TRAN  PRES.", "namelast": "HAHANG TRAN PRES.", "namefirst": " ", "licenseno": 24362, "issdttm": "2011-12-12T11:21:58", "expdttm": "2018-12-31T23:59:00", "licstatus": "Inactive", "licensecat": "RF", "descript": "Retail Food", "result": "HE_Fail", "resultdttm": "2015-02-23T13:39:05", "violation": "23-4-602.13", "viollevel": "*", "violdesc": "Non-Food Contact Surfaces Clean", "violdttm": "2015-02-23T13:39:05", "violstatus": "Fail", "statusdate": null, "comments": "clean all shelves through-out counter area and behind retail area and basement area", "address": "732   Huntington AVE", "city": "Boston", "zip": 2115, "property_id": 156923, "latitude_Y": 42.333738, "longitude_X": -71.10525, "year": 2015 }, "geometry": { "type": "Point", "coordinates": [ -71.10525, 42.333738 ] } },
{ "type": "Feature", "properties": { "businessname": "Ogawa Coffee", "dbaname": null, "legalowner": "TRACY HOLLANDER 7-ELEVEN", "namelast": "Ogawa Coffee USA Inc.", "namefirst": "Takako Oji", "licenseno": 133955, "issdttm": "2015-05-14T08:40:45", "expdttm": "2020-12-31T23:59:00", "licstatus": "Active", "licensecat": "FT", "descript": "Eating & Drinking w/ Take Out", "result": "HE_Fail", "resultdttm": "2017-02-17T11:39:48", "violation": "02-3-602.11-.12/3-302.12", "viollevel": "*", "violdesc": "Food Container Labels", "violdttm": "2017-02-17T11:39:48", "violstatus": "Fail", "statusdate": null, "comments": "Several sauce contianers with no labels. Provide.", "address": "10   Milk ST", "city": "Boston", "zip": 2108, "property_id": 157351, "latitude_Y": 42.356891, "longitude_X": -71.057958, "year": 2017 }, "geometry": { "type": "Point", "coordinates": [ -71.057958, 42.356891 ] } },
{ "type": "Feature", "properties": { "businessname": "OMNI PARKER HOUSE", "dbaname": null, "legalowner": null, "namelast": "OMNI BOSTON CORPORATION", "namefirst": " ", "licenseno": 18954, "issdttm": "2012-01-12T16:14:35", "expdttm": "2020-12-31T23:59:00", "licstatus": "Active", "licensecat": "FS", "descript": "Eating & Drinking", "result": "HE_Fail", "resultdttm": "2015-04-21T12:20:36", "violation": "29-5-201/02.11", "viollevel": "*", "violdesc": "Installed and Maintained", "violdttm": "2015-04-21T12:20:36", "violstatus": "Fail", "statusdate": null, "comments": "Hand sink faucet with leak / Repair.", "address": "56   School ST", "city": "Boston", "zip": 2108, "property_id": 158012, "latitude_Y": 42.357778, "longitude_X": -71.060109, "year": 2015 }, "geometry": { "type": "Point", "coordinates": [ -71.060109, 42.357778 ] } },
{ "type": "Feature", "properties": { "businessname": "O'Saraceno", "dbaname": null, "legalowner": "FEDERAL INVESTMENTS INC", "namelast": "PEZZANO", "namefirst": "FRANK", "licenseno": 18569, "issdttm": "2011-12-13T11:43:30", "expdttm": "2020-12-31T23:59:00", "licstatus": "Active", "licensecat": "FS", "descript": "Eating & Drinking", "result": "HE_Fail", "resultdttm": "2015-06-10T13:00:53", "violation": "01-3-203.12", "viollevel": "**", "violdesc": "Tags & Records", "violdttm": "2015-06-10T13:00:53", "violstatus": "Fail", "statusdate": null, "comments": "Keep tags on site - not at another location", "address": "284   Hanover ST", "city": "Boston", "zip": 2113, "property_id": 69085, "latitude_Y": 42.36397, "longitude_X": -71.05454, "year": 2015 }, "geometry": { "type": "Point", "coordinates": [ -71.05454, 42.36397 ] } },
{ "type": "Feature", "properties": { "businessname": "Our House", "dbaname": null, "legalowner": "LEVINS PATRICIA A TRSTS", "namelast": "GAINSBORO RESTURANT INC.", "namefirst": " ", "licenseno": 18555, "issdttm": "2011-12-19T14:04:26", "expdttm": "2017-12-31T23:59:00", "licstatus": "Inactive", "licensecat": "FS", "descript": "Eating & Drinking", "result": "HE_Fail", "resultdttm": "2015-11-17T10:36:50", "violation": "03-3-501.16(A)", "viollevel": "***", "violdesc": "Cold Holding", "violdttm": "2015-11-17T10:36:50", "violstatus": "Fail", "statusdate": null, "comments": "Multiple products in refrigerator above 41F. Macaroni and cheese 46F  White Rice 47F. Discarded at time of inspection by PIC. Ensure products are held at 41F or below", "address": "54  Gainsborough ST", "city": "Boston", "zip": 2115, "property_id": 61852, "latitude_Y": 42.34177, "longitude_X": -71.08728, "year": 2015 }, "geometry": { "type": "Point", "coordinates": [ -71.08728, 42.34177 ] } },
{ "type": "Feature", "properties": { "businessname": "PAD THAI CAFE", "dbaname": null, "legalowner": "SATAHHURAKSA MONTANA", "namelast": "MONTANA SATAYAHURAKSA", "namefirst": " ", "licenseno": 21688, "issdttm": "2011-12-19T12:25:29", "expdttm": "2017-12-31T23:59:00", "licstatus": "Inactive", "licensecat": "FS", "descript": "Eating & Drinking", "result": "HE_Fail", "resultdttm": "2015-05-14T11:20:48", "violation": "03-3-501.16(A)", "viollevel": "***", "violdesc": "Cold Holding", "violdttm": "2015-05-14T11:20:48", "violstatus": "Fail", "statusdate": null, "comments": "Fried eggs prepared previous day and wrapped in plastic 58F. Removed and discarded by PIC. Ensure properly cooling and cold holding at 41F or below", "address": "1116   Boylston ST", "city": "Boston", "zip": 2115, "property_id": 157188, "latitude_Y": 42.34677, "longitude_X": -71.088788, "year": 2015 }, "geometry": { "type": "Point", "coordinates": [ -71.088788, 42.34677 ] } },
{ "type": "Feature", "properties": { "businessname": "Pagliuca's Restaurant", "dbaname": null, "legalowner": "PAGLIUCA GIUSEPPE", "namelast": "PAGLIUCA", "namefirst": "ANGELA", "licenseno": 18731, "issdttm": "2012-02-13T14:55:56", "expdttm": "2020-12-31T23:59:00", "licstatus": "Active", "licensecat": "FS", "descript": "Eating & Drinking", "result": "HE_Fail", "resultdttm": "2015-04-08T14:05:31", "violation": "21-3-304.14", "viollevel": "*", "violdesc": "Wiping Cloths  Clean  Sanitize", "violdttm": "2015-04-08T14:05:31", "violstatus": "Fail", "statusdate": null, "comments": "Set up as discussed", "address": "14  Parmenter ST", "city": "Boston", "zip": 2113, "property_id": 108266, "latitude_Y": 42.36375, "longitude_X": -71.05496, "year": 2015 }, "geometry": { "type": "Point", "coordinates": [ -71.05496, 42.36375 ] } },
{ "type": "Feature", "properties": { "businessname": "Palm  Restaurant  (1 International Place)", "dbaname": null, "legalowner": "RUGGERI", "namelast": "Palm Management Corp.", "namefirst": " ", "licenseno": 80063, "issdttm": "2013-05-17T13:56:37", "expdttm": "2020-12-31T23:59:00", "licstatus": "Active", "licensecat": "FS", "descript": "Eating & Drinking", "result": "HE_Fail", "resultdttm": "2016-06-01T12:07:49", "violation": "04-3-501.15/4-301.11", "viollevel": "*", "violdesc": "Inadequate Facilities/Cooling Methods", "violdttm": "2016-06-01T12:07:49", "violstatus": "Fail", "statusdate": null, "comments": "Cooked chicken in metal pan at 85F sitting on ice cooling. Discontinue and ensure proper cooling methods are in place.", "address": "90  Oliver ST", "city": "Boston", "zip": 2110, "property_id": 156963, "latitude_Y": 42.35635, "longitude_X": -71.051804, "year": 2016 }, "geometry": { "type": "Point", "coordinates": [ -71.051804, 42.35635 ] } },
{ "type": "Feature", "properties": { "businessname": "Panera Bread", "dbaname": null, "legalowner": null, "namelast": "Panera Bread L L C", "namefirst": " ", "licenseno": 87131, "issdttm": "2014-03-04T08:52:21", "expdttm": "2015-12-31T23:59:00", "licstatus": "Inactive", "licensecat": "FS", "descript": "Eating & Drinking", "result": "HE_Fail", "resultdttm": "2015-09-29T08:35:50", "violation": "29-5-201/02.11", "viollevel": "*", "violdesc": "Installed and Maintained", "violdttm": "2015-09-29T08:35:50", "violstatus": "Fail", "statusdate": null, "comments": "heating an AC vents leaking into salad prep area thru ceiling tiles  reapir", "address": "1  Union ST", "city": "Boston", "zip": 2109, "property_id": 155717, "latitude_Y": 42.36066, "longitude_X": -71.056626, "year": 2015 }, "geometry": { "type": "Point", "coordinates": [ -71.056626, 42.36066 ] } },
{ "type": "Feature", "properties": { "businessname": "Panera Bread", "dbaname": null, "legalowner": null, "namelast": "PR Restaurant LLC", "namefirst": " ", "licenseno": 159472, "issdttm": "2016-06-03T09:30:02", "expdttm": "2020-12-31T23:59:00", "licstatus": "Active", "licensecat": "FS", "descript": "Eating & Drinking", "result": "HE_Fail", "resultdttm": "2016-10-12T14:15:42", "violation": "03-3-501.16(A)", "viollevel": "***", "violdesc": "Cold Holding", "violdttm": "2016-10-12T14:15:42", "violstatus": "Fail", "statusdate": null, "comments": "Cut tomatoes  51Â°F", "address": "115   Stuart ST", "city": "Boston", "zip": 2116, "property_id": 156115, "latitude_Y": 42.351377, "longitude_X": -71.065481, "year": 2016 }, "geometry": { "type": "Point", "coordinates": [ -71.065481, 42.351377 ] } },
{ "type": "Feature", "properties": { "businessname": "Panera Bread No.  1636", "dbaname": null, "legalowner": "CENTER PLAZA ASSOC MASS LPS", "namelast": "Panera L L C", "namefirst": " ", "licenseno": 78451, "issdttm": "2013-01-24T10:48:41", "expdttm": "2019-12-31T23:59:00", "licstatus": "Inactive", "licensecat": "FS", "descript": "Eating & Drinking", "result": "HE_Fail", "resultdttm": "2015-01-14T11:16:23", "violation": "41-7-201/04.11", "viollevel": "***", "violdesc": "Separation/Sanitizer Criteria", "violdttm": "2015-01-14T11:16:23", "violstatus": "Fail", "statusdate": null, "comments": "Sanitizer at low temperature machine @ 200+ppm of Chlorine  Repair. Eco lab has been called to repair machine and manager will call upon completion. Utilizing 3 bay sink for all equipment. Quats sanitizer @ 200ppm OK.", "address": "3  Center Pz", "city": "Boston", "zip": 2108, "property_id": 154961, "latitude_Y": 42.35918, "longitude_X": -71.06004, "year": 2015 }, "geometry": { "type": "Point", "coordinates": [ -71.06004, 42.35918 ] } },
{ "type": "Feature", "properties": { "businessname": "Panera Bread No. 1415", "dbaname": null, "legalowner": "BURGER KING CORP. 4454", "namelast": "Panera L L C", "namefirst": " ", "licenseno": 74672, "issdttm": "2012-01-31T13:38:11", "expdttm": "2015-12-31T23:59:00", "licstatus": "Inactive", "licensecat": "FS", "descript": "Eating & Drinking", "result": "HE_Fail", "resultdttm": "2015-03-05T10:51:30", "violation": "12-2-301.12-.15", "viollevel": "***", "violdesc": "Adequate Handwashing/Where/When/How", "violdttm": "2015-03-05T10:51:30", "violstatus": "Fail", "statusdate": null, "comments": "Multiple handsinks with no soap available- Provide and ensure employees are properly washing hands", "address": "289   Huntington AVE", "city": "Boston", "zip": 2115, "property_id": 156440, "latitude_Y": 42.341768, "longitude_X": -71.086701, "year": 2015 }, "geometry": { "type": "Point", "coordinates": [ -71.086701, 42.341768 ] } },
{ "type": "Feature", "properties": { "businessname": "Panza", "dbaname": null, "legalowner": null, "namelast": "JOSEPH DINNERELLO PRES.", "namefirst": " ", "licenseno": 20137, "issdttm": "2012-02-15T09:04:18", "expdttm": "2020-12-31T23:59:00", "licstatus": "Active", "licensecat": "FS", "descript": "Eating & Drinking", "result": "HE_Fail", "resultdttm": "2016-11-09T09:22:29", "violation": "03-3-501.16(A)", "viollevel": "***", "violdesc": "Cold Holding", "violdttm": "2016-11-09T09:22:29", "violstatus": "Fail", "statusdate": null, "comments": "Garlic in oil mixture sitting out at 64F / Provide proper cold holding temperatures.  Mixture was voluntarily disposed of due to being out of temperature for an undetermined amount of time.", "address": "326   Hanover ST", "city": "Boston", "zip": 2113, "property_id": 155910, "latitude_Y": 42.364668, "longitude_X": -71.05383, "year": 2016 }, "geometry": { "type": "Point", "coordinates": [ -71.05383, 42.364668 ] } },
{ "type": "Feature", "properties": { "businessname": "Papa Razzi", "dbaname": null, "legalowner": null, "namelast": "B.B.R.G. Operating Inc.", "namefirst": " ", "licenseno": 73750, "issdttm": "2012-02-13T14:53:55", "expdttm": "2015-12-31T23:59:00", "licstatus": "Inactive", "licensecat": "FS", "descript": "Eating & Drinking", "result": "HE_Fail", "resultdttm": "2015-05-15T13:23:55", "violation": "02-3-602.11-.12/3-302.12", "viollevel": "*", "violdesc": "Food Container Labels", "violdttm": "2015-05-15T13:23:55", "violstatus": "Fail", "statusdate": null, "comments": "Bulk food storage bin without label.Maintain proper labels on all bulk storage containers.", "address": "157   Newbury ST", "city": "Boston", "zip": 2116, "property_id": 101356, "latitude_Y": 42.35089, "longitude_X": -71.07854, "year": 2015 }, "geometry": { "type": "Point", "coordinates": [ -71.07854, 42.35089 ] } },
{ "type": "Feature", "properties": { "businessname": "Papagayo", "dbaname": null, "legalowner": null, "namelast": "Max and Dylans City Sq. Inc.", "namefirst": " ", "licenseno": 30905, "issdttm": "2012-02-15T08:54:30", "expdttm": "2020-12-31T23:59:00", "licstatus": "Active", "licensecat": "FS", "descript": "Eating & Drinking", "result": "HE_Fail", "resultdttm": "2017-01-26T12:20:43", "violation": "35-6-501.111/.115", "viollevel": "**", "violdesc": "Insects  Rodents  Animals", "violdttm": "2017-01-26T12:20:43", "violstatus": "Fail", "statusdate": null, "comments": "Roaches found in prep area near water heater  clean to remove", "address": "15   West ST", "city": "Boston", "zip": 2111, "property_id": 156014, "latitude_Y": 42.354739, "longitude_X": -71.06211, "year": 2017 }, "geometry": { "type": "Point", "coordinates": [ -71.06211, 42.354739 ] } },
{ "type": "Feature", "properties": { "businessname": "Papagayo", "dbaname": null, "legalowner": "BOSTON WHARF CO GPS", "namelast": "Brad Dalbeck Pres.", "namefirst": " ", "licenseno": 74335, "issdttm": "2012-01-08T14:59:29", "expdttm": "2017-12-31T23:59:00", "licstatus": "Inactive", "licensecat": "FS", "descript": "Eating & Drinking", "result": "HE_Fail", "resultdttm": "2017-08-02T14:08:26", "violation": "02-3-602.11-.12/3-302.12", "viollevel": "*", "violdesc": "Food Container Labels", "violdttm": "2017-08-02T14:08:26", "violstatus": "Fail", "statusdate": null, "comments": "Identify as discussed", "address": "281   Summer ST", "city": "Boston", "zip": 2210, "property_id": 131994, "latitude_Y": 42.34984, "longitude_X": -71.05006, "year": 2017 }, "geometry": { "type": "Point", "coordinates": [ -71.05006, 42.34984 ] } },
{ "type": "Feature", "properties": { "businessname": "PARADISE", "dbaname": null, "legalowner": "HARRIS MAE TS", "namelast": "DECLAN MEHIGAN PRES.", "namefirst": " ", "licenseno": 21693, "issdttm": "2011-12-16T13:56:56", "expdttm": "2020-12-31T23:59:00", "licstatus": "Active", "licensecat": "FS", "descript": "Eating & Drinking", "result": "HE_Fail", "resultdttm": "2015-10-08T17:27:24", "violation": "15-4-202.16", "viollevel": "*", "violdesc": "Non-Food Contact Surfaces", "violdttm": "2015-10-08T17:27:24", "violstatus": "Fail", "statusdate": null, "comments": "Provide a divider between hand sink and ice at front bar area as discussed.", "address": "963  Commonwealth AVE", "city": "Boston", "zip": 2215, "property_id": 41312, "latitude_Y": 42.35194, "longitude_X": -71.11926, "year": 2015 }, "geometry": { "type": "Point", "coordinates": [ -71.11926, 42.35194 ] } },
{ "type": "Feature", "properties": { "businessname": "PARAMOUNT", "dbaname": null, "legalowner": null, "namelast": "MICHAEL G. CONLON JR.", "namefirst": " ", "licenseno": 20157, "issdttm": "2012-01-06T14:41:42", "expdttm": "2020-12-31T23:59:00", "licstatus": "Active", "licensecat": "FS", "descript": "Eating & Drinking", "result": "HE_Fail", "resultdttm": "2016-02-24T14:15:00", "violation": "02-3-602.11-.12/3-302.12", "viollevel": "*", "violdesc": "Food Container Labels", "violdttm": "2016-02-24T14:15:00", "violstatus": "Fail", "statusdate": null, "comments": "Bulk food containers not labeled", "address": "44   Charles ST", "city": "Boston", "zip": 2114, "property_id": 158202, "latitude_Y": 42.35724, "longitude_X": -71.070269, "year": 2016 }, "geometry": { "type": "Point", "coordinates": [ -71.070269, 42.35724 ] } },
{ "type": "Feature", "properties": { "businessname": "Parish Cafe", "dbaname": null, "legalowner": "KAHN ABBOTT N TRSTS", "namelast": "WILCOX", "namefirst": "GORDON", "licenseno": 19504, "issdttm": "2011-12-07T14:35:36", "expdttm": "2020-12-31T23:59:00", "licstatus": "Active", "licensecat": "FS", "descript": "Eating & Drinking", "result": "HE_Fail", "resultdttm": "2015-01-15T14:32:29", "violation": "03-3-501.14", "viollevel": "***", "violdesc": "Cooling", "violdttm": "2015-01-15T14:32:29", "violstatus": "Fail", "statusdate": null, "comments": "Chicken wings  prepared at around 11:00 registered 92F. PIC voluntarily discarded them. Cool properly.", "address": "359   Boylston ST", "city": "Boston", "zip": 2116, "property_id": 18311, "latitude_Y": 42.35193, "longitude_X": -71.07166, "year": 2015 }, "geometry": { "type": "Point", "coordinates": [ -71.07166, 42.35193 ] } },
{ "type": "Feature", "properties": { "businessname": "Park Street Express", "dbaname": null, "legalowner": "  ", "namelast": "Volker", "namefirst": "Karl", "licenseno": 134139, "issdttm": "2014-11-19T11:12:32", "expdttm": "2020-12-31T23:59:00", "licstatus": "Active", "licensecat": "RF", "descript": "Retail Food", "result": "HE_Fail", "resultdttm": "2018-06-15T12:51:51", "violation": "36-6-201.11", "viollevel": "*", "violdesc": "Floors Designed Constructed Installed", "violdttm": "2018-06-15T12:51:51", "violstatus": "Fail", "statusdate": null, "comments": "clean floor throughout back storage area. Raemove heavy buildup of trash and debris.", "address": "0   Tremont ST", "city": "Boston", "zip": 2108, "property_id": 136756, "latitude_Y": 42.35829, "longitude_X": -71.059846, "year": 2018 }, "geometry": { "type": "Point", "coordinates": [ -71.059846, 42.35829 ] } },
{ "type": "Feature", "properties": { "businessname": "Parkside Cafe 1", "dbaname": null, "legalowner": "FLIK INTERNATIONAL CORP.", "namelast": "FLIK INTERNATIONAL CORP.", "namefirst": " ", "licenseno": 20647, "issdttm": "2012-02-08T18:09:42", "expdttm": "2018-12-31T23:59:00", "licstatus": "Inactive", "licensecat": "FS", "descript": "Eating & Drinking", "result": "HE_Filed", "resultdttm": "2016-05-25T13:30:25", "violation": "15-4-202.16", "viollevel": "*", "violdesc": "Non-Food Contact Surfaces", "violdttm": "2016-05-25T13:30:25", "violstatus": "Fail", "statusdate": null, "comments": "Gasket around the single door upright refrigerator near the dish machine torn and damaged. Replace.", "address": "1   Post Office SQ", "city": "Boston", "zip": 2109, "property_id": 158388, "latitude_Y": 42.356797, "longitude_X": -71.054981, "year": 2016 }, "geometry": { "type": "Point", "coordinates": [ -71.054981, 42.356797 ] } },
{ "type": "Feature", "properties": { "businessname": "PARLA", "dbaname": null, "legalowner": "TWO-THIRTY HANOVER ST CP", "namelast": "KHALED MOHEYDEEN", "namefirst": " ", "licenseno": 20280, "issdttm": "2011-12-09T11:36:30", "expdttm": "2020-12-31T23:59:00", "licstatus": "Active", "licensecat": "FS", "descript": "Eating & Drinking", "result": "HE_Fail", "resultdttm": "2015-10-01T17:48:40", "violation": "05-4-302.12", "viollevel": "*", "violdesc": "Food Thermometers Provided", "violdttm": "2015-10-01T17:48:40", "violstatus": "Fail", "statusdate": null, "comments": "Provide a working food thermometer", "address": "230  Hanover ST", "city": "Boston", "zip": 2113, "property_id": 69065, "latitude_Y": 42.363343, "longitude_X": -71.055353, "year": 2015 }, "geometry": { "type": "Point", "coordinates": [ -71.055353, 42.363343 ] } },
{ "type": "Feature", "properties": { "businessname": "Party City No. 6070", "dbaname": null, "legalowner": "DRUKER RONALD M TS", "namelast": "Party City Corp.", "namefirst": " ", "licenseno": 121788, "issdttm": "2013-10-30T08:11:46", "expdttm": "2016-12-31T23:59:00", "licstatus": "Inactive", "licensecat": "RF", "descript": "Retail Food", "result": "HE_Fail", "resultdttm": "2015-09-02T13:22:46", "violation": "29-5-201/02.11", "viollevel": "*", "violdesc": "Installed and Maintained", "violdttm": "2015-09-02T13:22:46", "violstatus": "Fail", "statusdate": null, "comments": "One of the sinks at the Women's Restroom without proper  hot water pressure and leaking. Repair.", "address": "352   Boylston ST", "city": "Boston", "zip": 2116, "property_id": 18308, "latitude_Y": 42.3515, "longitude_X": -71.07133, "year": 2015 }, "geometry": { "type": "Point", "coordinates": [ -71.07133, 42.3515 ] } },
{ "type": "Feature", "properties": { "businessname": "Pasta Beach", "dbaname": null, "legalowner": "DAVID A. WILLIAMS THE BOSTON GONDOLA", "namelast": "Pasta Beach L L C", "namefirst": " ", "licenseno": 67788, "issdttm": "2011-12-17T20:23:36", "expdttm": "2020-12-31T23:59:00", "licstatus": "Active", "licensecat": "FS", "descript": "Eating & Drinking", "result": "HE_Fail", "resultdttm": "2015-03-30T14:19:22", "violation": "03-3-501.16(A)", "viollevel": "***", "violdesc": "Cold Holding", "violdttm": "2015-03-30T14:19:22", "violstatus": "Fail", "statusdate": null, "comments": "Eggplant at 55F / Provide proper cold holding temperature.", "address": "30  Rowes WHF", "city": "Boston", "zip": 2110, "property_id": 156152, "latitude_Y": 42.356587, "longitude_X": -71.05038, "year": 2015 }, "geometry": { "type": "Point", "coordinates": [ -71.05038, 42.356587 ] } },
{ "type": "Feature", "properties": { "businessname": "Paul", "dbaname": null, "legalowner": "SODEXHO INC. C/O MELLON F INANCIAL", "namelast": "Paul One Boston Place LLC", "namefirst": "Attn: Ty Sales", "licenseno": 126346, "issdttm": "2015-05-14T08:37:46", "expdttm": "2018-12-31T23:59:00", "licstatus": "Inactive", "licensecat": "FS", "descript": "Eating & Drinking", "result": "HE_Fail", "resultdttm": "2015-04-27T10:28:38", "violation": "15-4-202.16", "viollevel": "*", "violdesc": "Non-Food Contact Surfaces", "violdttm": "2015-04-27T10:28:38", "violstatus": "Fail", "statusdate": null, "comments": "Ovens not installed in the proper location - relocate to the second floor as discussed", "address": "201   Washington ST", "city": "Boston", "zip": 2108, "property_id": 156952, "latitude_Y": 42.358621, "longitude_X": -71.058261, "year": 2015 }, "geometry": { "type": "Point", "coordinates": [ -71.058261, 42.358621 ] } },
{ "type": "Feature", "properties": { "businessname": "Pauli's", "dbaname": null, "legalowner": "SIXTY FIVE SALEM ST CONDO TR", "namelast": "Pace Management Corp Inc.", "namefirst": " ", "licenseno": 74064, "issdttm": "2011-12-28T09:28:56", "expdttm": "2020-12-31T23:59:00", "licstatus": "Active", "licensecat": "FT", "descript": "Eating & Drinking w/ Take Out", "result": "HE_Fail", "resultdttm": "2015-03-20T12:55:03", "violation": "05-4-302.12", "viollevel": "*", "violdesc": "Food Thermometers Provided", "violdttm": "2015-03-20T12:55:03", "violstatus": "Fail", "statusdate": null, "comments": "Provide", "address": "65   Salem ST", "city": "Boston", "zip": 2113, "property_id": 121915, "latitude_Y": 42.36327, "longitude_X": -71.0559, "year": 2015 }, "geometry": { "type": "Point", "coordinates": [ -71.0559, 42.36327 ] } },
{ "type": "Feature", "properties": { "businessname": "Pavement Coffee House", "dbaname": null, "legalowner": "KELLEHER JOHN F JR TS", "namelast": "LAWRENCE MARGULIES PRESIDENT", "namefirst": " ", "licenseno": 24479, "issdttm": "2012-02-21T14:39:34", "expdttm": "2020-12-31T23:59:00", "licstatus": "Active", "licensecat": "FS", "descript": "Eating & Drinking", "result": "HE_Fail", "resultdttm": "2015-12-07T10:35:16", "violation": "M-2-103.11", "viollevel": "***", "violdesc": "PIC Performing Duties", "violdttm": "2015-12-07T10:35:16", "violstatus": "Fail", "statusdate": null, "comments": "No Allergy warning on menu board.PIC corrected at the time of inspection.", "address": "286   Newbury ST", "city": "Boston", "zip": 2115, "property_id": 101520, "latitude_Y": 42.34886, "longitude_X": -71.0844, "year": 2015 }, "geometry": { "type": "Point", "coordinates": [ -71.0844, 42.34886 ] } },
{ "type": "Feature", "properties": { "businessname": "Pavement Coffeehouse", "dbaname": null, "legalowner": "LAWRENCE MARGULIES  PRES IDENT", "namelast": "LAWRENCE MARGULIES PRESIDENT", "namefirst": " ", "licenseno": 24478, "issdttm": "2012-02-10T08:51:18", "expdttm": "2020-12-31T23:59:00", "licstatus": "Active", "licensecat": "FS", "descript": "Eating & Drinking", "result": "HE_Fail", "resultdttm": "2015-09-02T09:21:59", "violation": "03-3-501.16(A)", "viollevel": "***", "violdesc": "Cold Holding", "violdttm": "2015-09-02T09:21:59", "violstatus": "Fail", "statusdate": null, "comments": "Multiple products in under counter refrigeration 44F-45F. Yogurt 45F  Milk 44F. Ensure products are maintained at 41F or below. Products in unit for less than 2 hours. Remove and placed in alternative refrigeration", "address": "44   Gainsborough ST", "city": "Boston", "zip": 2115, "property_id": 157067, "latitude_Y": 42.341632, "longitude_X": -71.08698, "year": 2015 }, "geometry": { "type": "Point", "coordinates": [ -71.08698, 42.341632 ] } },
{ "type": "Feature", "properties": { "businessname": "Pavement Coffeehouse", "dbaname": null, "legalowner": "YETMAN KENNETH C TS", "namelast": "MARGULIES", "namefirst": "LAWRENCE", "licenseno": 34773, "issdttm": "2012-04-10T11:30:57", "expdttm": "2020-12-31T23:59:00", "licstatus": "Active", "licensecat": "FS", "descript": "Eating & Drinking", "result": "HE_Fail", "resultdttm": "2015-05-06T11:05:45", "violation": "21-3-304.14", "viollevel": "*", "violdesc": "Wiping Cloths  Clean  Sanitize", "violdttm": "2015-05-06T11:05:45", "violstatus": "Fail", "statusdate": null, "comments": "Multiple soiled wet wiping cloths not in sanitizer solution- Discontinue Sanitizer solution for equipment with heavy food soils- Clean with proper frequency", "address": "1096   Boylston ST", "city": "Boston", "zip": 2215, "property_id": 17993, "latitude_Y": 42.346864, "longitude_X": -71.088419, "year": 2015 }, "geometry": { "type": "Point", "coordinates": [ -71.088419, 42.346864 ] } },
{ "type": "Feature", "properties": { "businessname": "Pavia", "dbaname": null, "legalowner": "STELLAR RESTAURANT GROUP  INC.", "namelast": "Water Street Deli LLC", "namefirst": "Lauriene O. DaSilva", "licenseno": 73872, "issdttm": "2011-12-21T08:58:09", "expdttm": "2020-12-31T23:59:00", "licstatus": "Active", "licensecat": "FT", "descript": "Eating & Drinking w/ Take Out", "result": "HE_Fail", "resultdttm": "2016-01-25T10:19:43", "violation": "02-3-602.11-.12/3-302.12", "viollevel": "*", "violdesc": "Food Container Labels", "violdttm": "2016-01-25T10:19:43", "violstatus": "Fail", "statusdate": null, "comments": "Sauce containers with no labels. Provide.", "address": "82   Water ST", "city": "Boston", "zip": 2109, "property_id": 157541, "latitude_Y": 42.357708, "longitude_X": -71.05628, "year": 2016 }, "geometry": { "type": "Point", "coordinates": [ -71.05628, 42.357708 ] } },
{ "type": "Feature", "properties": { "businessname": "PEACH FARM RESTAURANT", "dbaname": null, "legalowner": "WONG WUN SUN ASSOC INC", "namelast": "MUI LING LEUNG PRES.", "namefirst": " ", "licenseno": 19983, "issdttm": "2012-02-15T11:03:29", "expdttm": "2020-12-31T23:59:00", "licstatus": "Active", "licensecat": "FS", "descript": "Eating & Drinking", "result": "HE_Fail", "resultdttm": "2018-01-23T08:48:41", "violation": "15-4-202.16", "viollevel": "*", "violdesc": "Non-Food Contact Surfaces", "violdttm": "2018-01-23T08:48:41", "violstatus": "Fail", "statusdate": null, "comments": "Cardboard on shelving   remove to allow a smooth cleanable  durable surface", "address": "4   Tyler ST", "city": "Boston", "zip": 2111, "property_id": 138819, "latitude_Y": 42.35115, "longitude_X": -71.0604, "year": 2018 }, "geometry": { "type": "Point", "coordinates": [ -71.0604, 42.35115 ] } },
{ "type": "Feature", "properties": { "businessname": "Peet's Coffee & Tea", "dbaname": null, "legalowner": "  ", "namelast": "PEET'S OPERATING CO. INC.", "namefirst": " ", "licenseno": 117274, "issdttm": "2014-04-09T09:01:40", "expdttm": "2020-12-31T23:59:00", "licstatus": "Active", "licensecat": "FT", "descript": "Eating & Drinking w/ Take Out", "result": "HE_Fail", "resultdttm": "2016-09-14T14:18:21", "violation": "03-3-501.16(A)", "viollevel": "***", "violdesc": "Cold Holding", "violdttm": "2016-09-14T14:18:21", "violstatus": "Fail", "statusdate": null, "comments": "Bacon egg and cheese/sausage with elevated temperatures of 50-55F. Discontinue and ensure all potentially hazardous foods are being maintained at below 41F.", "address": "129  Tremont ST", "city": "Boston", "zip": 2108, "property_id": 170408, "latitude_Y": 42.356217, "longitude_X": -71.061937, "year": 2016 }, "geometry": { "type": "Point", "coordinates": [ -71.061937, 42.356217 ] } },
{ "type": "Feature", "properties": { "businessname": "Peet's Coffee & Tea", "dbaname": null, "legalowner": "HENNESSEY NANCY L TS", "namelast": "Business Licenses LLC", "namefirst": " ", "licenseno": 113991, "issdttm": "2014-02-19T10:43:38", "expdttm": "2020-12-31T23:59:00", "licstatus": "Active", "licensecat": "FT", "descript": "Eating & Drinking w/ Take Out", "result": "HE_Fail", "resultdttm": "2016-05-20T13:00:31", "violation": "M-2-103.11", "viollevel": "***", "violdesc": "PIC Performing Duties", "violdttm": "2016-05-20T13:00:31", "violstatus": "Fail", "statusdate": null, "comments": "No allergen poster posted in employee work area.", "address": "795   Boylston ST", "city": "Boston", "zip": 2116, "property_id": 18400, "latitude_Y": 42.349217, "longitude_X": -71.081684, "year": 2016 }, "geometry": { "type": "Point", "coordinates": [ -71.081684, 42.349217 ] } },
{ "type": "Feature", "properties": { "businessname": "Peet's Coffee & Tea", "dbaname": null, "legalowner": "RUGGERIO JOSEPH S", "namelast": "Peet's Operating Company Inc.", "namefirst": "Att: Accounts Payable", "licenseno": 148351, "issdttm": "2015-12-21T09:35:12", "expdttm": "2018-12-31T23:59:00", "licstatus": "Inactive", "licensecat": "FS", "descript": "Eating & Drinking", "result": "HE_Fail", "resultdttm": "2016-02-17T14:31:15", "violation": "17-4-302.14", "viollevel": "*", "violdesc": "Test Kit Provided", "violdttm": "2016-02-17T14:31:15", "violstatus": "Fail", "statusdate": null, "comments": "Provide test kits for both the 3 bay sink and the dish machine", "address": "48   Salem ST", "city": "Boston", "zip": 2113, "property_id": 121881, "latitude_Y": 42.36316, "longitude_X": -71.05631, "year": 2016 }, "geometry": { "type": "Point", "coordinates": [ -71.05631, 42.36316 ] } },
{ "type": "Feature", "properties": { "businessname": "Peet's Coffee & Tea", "dbaname": null, "legalowner": "SOUTHLAND CORPORATION", "namelast": "Rizzo", "namefirst": "Jim", "licenseno": 139304, "issdttm": "2015-03-13T09:58:16", "expdttm": "2019-12-31T23:59:00", "licstatus": "Inactive", "licensecat": "FT", "descript": "Eating & Drinking w/ Take Out", "result": "HE_Fail", "resultdttm": "2016-04-06T15:21:44", "violation": "32-6-301.11-02.11", "viollevel": "*", "violdesc": "Hand Cleaner  Drying  Tissue Signage", "violdttm": "2016-04-06T15:21:44", "violstatus": "Fail", "statusdate": null, "comments": "No signage reminding employees to wash hands before returning to work.", "address": "62   Charles ST", "city": "Boston", "zip": 2108, "property_id": 29169, "latitude_Y": 42.357627, "longitude_X": -71.070407, "year": 2016 }, "geometry": { "type": "Point", "coordinates": [ -71.070407, 42.357627 ] } },
{ "type": "Feature", "properties": { "businessname": "Pellinos Ristorante", "dbaname": null, "legalowner": "KARLL DARIA B", "namelast": "Franco L L C", "namefirst": " ", "licenseno": 78422, "issdttm": "2012-03-23T13:33:49", "expdttm": "2020-12-31T23:59:00", "licstatus": "Active", "licensecat": "FS", "descript": "Eating & Drinking", "result": "HE_Fail", "resultdttm": "2015-04-24T12:47:44", "violation": "05-4-302.12", "viollevel": "*", "violdesc": "Food Thermometers Provided", "violdttm": "2015-04-24T12:47:44", "violstatus": "Fail", "statusdate": null, "comments": "Replace missing thermometer", "address": "2   Prince ST", "city": "Boston", "zip": 2113, "property_id": 112876, "latitude_Y": 42.36403, "longitude_X": -71.05363, "year": 2015 }, "geometry": { "type": "Point", "coordinates": [ -71.05363, 42.36403 ] } },
{ "type": "Feature", "properties": { "businessname": "PENNYPACKERS", "dbaname": null, "legalowner": null, "namelast": "Pennypackers Fine Food Inc.", "namefirst": "Att: Accounts Payable", "licenseno": 367152, "issdttm": "2018-07-02T08:09:45", "expdttm": "2018-12-31T23:59:00", "licstatus": "Inactive", "licensecat": "FT", "descript": "Eating & Drinking w/ Take Out", "result": "HE_Filed", "resultdttm": "2018-08-31T11:59:19", "violation": "23-4-602.13", "viollevel": "*", "violdesc": "Non-Food Contact Surfaces Clean", "violdttm": "2018-08-31T11:59:19", "violstatus": "Fail", "statusdate": null, "comments": "Soils and buildup of grease along cookline and in between equipment and  deep fryer area. Clean to remove", "address": "8  Whittier PL", "city": "Boston", "zip": 2114, "property_id": 157409, "latitude_Y": 42.365437, "longitude_X": -71.068189, "year": 2018 }, "geometry": { "type": "Point", "coordinates": [ -71.068189, 42.365437 ] } },
{ "type": "Feature", "properties": { "businessname": "Peregrine", "dbaname": null, "legalowner": "MASS CHARITABLE EYE & EAR", "namelast": "RREF II 170 Charles LLC", "namefirst": "Att: Accounts Payable", "licenseno": 372938, "issdttm": "2019-07-03T11:30:33", "expdttm": "2020-12-31T23:59:00", "licstatus": "Active", "licensecat": "FS", "descript": "Eating & Drinking", "result": "HE_Fail", "resultdttm": "2019-09-16T11:45:30", "violation": "590.004/4-302.14-PF", "viollevel": "**", "violdesc": "Sanitizing Solutions  Testing Devices (Pf)", "violdttm": "2019-09-16T11:45:30", "violstatus": "Fail", "statusdate": null, "comments": "Provide Quats test kit on site. (Quats test done with inspectors test kit)", "address": "170  Charles St", "city": "Boston", "zip": 2114, "property_id": 29138, "latitude_Y": 42.36061, "longitude_X": -71.07144, "year": 2019 }, "geometry": { "type": "Point", "coordinates": [ -71.07144, 42.36061 ] } },
{ "type": "Feature", "properties": { "businessname": "PHO AND I  INC.", "dbaname": null, "legalowner": "NAPAT SRIWANNAVIT  PRES.", "namelast": "NAPAT SRIWANNAVIT PRES.", "namefirst": " ", "licenseno": 24402, "issdttm": "2011-12-07T14:58:21", "expdttm": "2020-12-31T23:59:00", "licstatus": "Active", "licensecat": "FS", "descript": "Eating & Drinking", "result": "HE_Fail", "resultdttm": "2015-01-12T11:28:28", "violation": "03-3-501.16(A)", "viollevel": "***", "violdesc": "Cold Holding", "violdttm": "2015-01-12T11:28:28", "violstatus": "Fail", "statusdate": null, "comments": "Multiple foods in small flip top refrigerator at temperatures of 43F- 46F. Ensure cold holding at 41F or below.", "address": "267   Huntington AVE", "city": "Boston", "zip": 2115, "property_id": 157103, "latitude_Y": 42.342206, "longitude_X": -71.086199, "year": 2015 }, "geometry": { "type": "Point", "coordinates": [ -71.086199, 42.342206 ] } },
{ "type": "Feature", "properties": { "businessname": "Piadina Cafe", "dbaname": null, "legalowner": "WFP 75 STATE STREET CO LP", "namelast": "PC Boston One LLC", "namefirst": "*", "licenseno": 120118, "issdttm": "2014-03-12T08:55:59", "expdttm": "2018-12-31T23:59:00", "licstatus": "Inactive", "licensecat": "FT", "descript": "Eating & Drinking w/ Take Out", "result": "HE_Fail", "resultdttm": "2015-01-09T13:30:55", "violation": "02-3-602.11-.12/3-302.12", "viollevel": "*", "violdesc": "Food Container Labels", "violdttm": "2015-01-09T13:30:55", "violstatus": "Fail", "statusdate": null, "comments": "Provide labels to bulk food bin", "address": "75  State ST", "city": "Boston", "zip": 2109, "property_id": 130428, "latitude_Y": 42.35863, "longitude_X": -71.05534, "year": 2015 }, "geometry": { "type": "Point", "coordinates": [ -71.05534, 42.35863 ] } },
{ "type": "Feature", "properties": { "businessname": "Piattini", "dbaname": null, "legalowner": "CHATAL ASSOCS LPS", "namelast": "JOSEPHINE OLIVIERO MEGWA", "namefirst": " ", "licenseno": 21713, "issdttm": "2012-01-10T12:52:50", "expdttm": "2020-12-31T23:59:00", "licstatus": "Active", "licensecat": "FS", "descript": "Eating & Drinking", "result": "HE_Fail", "resultdttm": "2015-05-27T12:20:45", "violation": "02-3-602.11-.12/3-302.12", "viollevel": "*", "violdesc": "Food Container Labels", "violdttm": "2015-05-27T12:20:45", "violstatus": "Fail", "statusdate": null, "comments": "Bulk storage flour bin missing label.Provide", "address": "226   Newbury ST", "city": "Boston", "zip": 2116, "property_id": 101443, "latitude_Y": 42.34971, "longitude_X": -71.08124, "year": 2015 }, "geometry": { "type": "Point", "coordinates": [ -71.08124, 42.34971 ] } },
{ "type": "Feature", "properties": { "businessname": "Pinkberry", "dbaname": null, "legalowner": "KELLEHER JOHN F JR TS", "namelast": "N E Frog Pond L L C", "namefirst": " ", "licenseno": 73671, "issdttm": "2012-02-08T16:27:15", "expdttm": "2017-12-31T23:59:00", "licstatus": "Inactive", "licensecat": "FT", "descript": "Eating & Drinking w/ Take Out", "result": "HE_Fail", "resultdttm": "2015-08-04T14:29:31", "violation": "36-6-501.11-.12", "viollevel": "*", "violdesc": "Improper Maintenance of Floors", "violdttm": "2015-08-04T14:29:31", "violstatus": "Fail", "statusdate": null, "comments": "Observed several broken floor tiles in front of and around ice machine area.Repair", "address": "288   Newbury ST", "city": "Boston", "zip": 2115, "property_id": 101522, "latitude_Y": 42.34884, "longitude_X": -71.08449, "year": 2015 }, "geometry": { "type": "Point", "coordinates": [ -71.08449, 42.34884 ] } },
{ "type": "Feature", "properties": { "businessname": "Pinkberry", "dbaname": null, "legalowner": "TWO 83-285 HANOVER ST", "namelast": "Lonian", "namefirst": "Anderson", "licenseno": 140708, "issdttm": "2015-03-11T09:31:37", "expdttm": "2016-12-31T23:59:00", "licstatus": "Inactive", "licensecat": "FT", "descript": "Eating & Drinking w/ Take Out", "result": "HE_Fail", "resultdttm": "2015-04-21T10:37:24", "violation": "36-6-501.11-.12", "viollevel": "*", "violdesc": "Improper Maintenance of Floors", "violdttm": "2015-04-21T10:37:24", "violstatus": "Fail", "statusdate": null, "comments": "Pooling water in basement in back storage area  clean to remove", "address": "283  Hanover ST", "city": "Boston", "zip": 2113, "property_id": 69080, "latitude_Y": 42.36363, "longitude_X": -71.05441, "year": 2015 }, "geometry": { "type": "Point", "coordinates": [ -71.05441, 42.36363 ] } },
{ "type": "Feature", "properties": { "businessname": "Piperi Restaurant", "dbaname": null, "legalowner": "PRUDENTIAL INSURANCE CO TS", "namelast": "Piperi Restaurants L L C", "namefirst": " ", "licenseno": 80872, "issdttm": "2013-04-25T15:15:41", "expdttm": "2019-12-31T23:59:00", "licstatus": "Inactive", "licensecat": "FT", "descript": "Eating & Drinking w/ Take Out", "result": "HE_Fail", "resultdttm": "2015-01-15T11:34:46", "violation": "23-4-602.13", "viollevel": "*", "violdesc": "Non-Food Contact Surfaces Clean", "violdttm": "2015-01-15T11:34:46", "violstatus": "Fail", "statusdate": null, "comments": "shelf under grill with debris and grease build up  clean to remove", "address": "1   Beacon ST", "city": "Boston", "zip": 2108, "property_id": 9475, "latitude_Y": 42.35845, "longitude_X": -71.06084, "year": 2015 }, "geometry": { "type": "Point", "coordinates": [ -71.06084, 42.35845 ] } },
{ "type": "Feature", "properties": { "businessname": "Pita (RAA Eatery)", "dbaname": null, "legalowner": "CSTONE-BOSTON INC", "namelast": "Ouassaidi", "namefirst": "Radouan", "licenseno": 151170, "issdttm": "2015-10-23T13:23:20", "expdttm": "2015-12-31T23:59:00", "licstatus": "Inactive", "licensecat": "FT", "descript": "Eating & Drinking w/ Take Out", "result": "HE_Fail", "resultdttm": "2015-08-27T10:37:10", "violation": "35-6-501.111/.115", "viollevel": "**", "violdesc": "Insects  Rodents  Animals", "violdttm": "2015-08-27T10:37:10", "violstatus": "Fail", "statusdate": null, "comments": "2 live roaches noted on the ceiling / Paramount provides weekly extermination services for restaurant / Restaurant is part of a large office building  provide pest control reports for the building upon compliance.", "address": "125  Summer ST", "city": "Boston", "zip": 2111, "property_id": 131981, "latitude_Y": 42.353033, "longitude_X": -71.057556, "year": 2015 }, "geometry": { "type": "Point", "coordinates": [ -71.057556, 42.353033 ] } },
{ "type": "Feature", "properties": { "businessname": "Pita Thyme", "dbaname": null, "legalowner": "  ", "namelast": "Louma Khoury Pres", "namefirst": " ", "licenseno": 81048, "issdttm": "2013-01-24T10:58:00", "expdttm": "2020-12-31T23:59:00", "licstatus": "Active", "licensecat": "FT", "descript": "Eating & Drinking w/ Take Out", "result": "HE_Fail", "resultdttm": "2017-06-21T13:24:31", "violation": "03-3-501.16(A)", "viollevel": "***", "violdesc": "Cold Holding", "violdttm": "2017-06-21T13:24:31", "violstatus": "Fail", "statusdate": null, "comments": "Salad greens in pastic containers with an elevated temperature of 54F. Discontinue and ensure all potentially hazardous foods are being maintianed at below 41F. Feta cheese inside of the Spartan unit at 48F.", "address": "112   Water ST", "city": "Boston", "zip": 2109, "property_id": 332905, "latitude_Y": 42.35819, "longitude_X": -71.05486, "year": 2017 }, "geometry": { "type": "Point", "coordinates": [ -71.05486, 42.35819 ] } },
{ "type": "Feature", "properties": { "businessname": "Pizzeria Regina", "dbaname": null, "legalowner": "  ", "namelast": "Ocean Inc.", "namefirst": "Peter Salas CEO", "licenseno": 25769, "issdttm": "2012-02-09T14:52:01", "expdttm": "2020-12-31T23:59:00", "licstatus": "Active", "licensecat": "FS", "descript": "Eating & Drinking", "result": "HE_Fail", "resultdttm": "2015-05-01T11:10:07", "violation": "15-4-202.16", "viollevel": "*", "violdesc": "Non-Food Contact Surfaces", "violdttm": "2015-05-01T11:10:07", "violstatus": "Fail", "statusdate": null, "comments": "Re-grout the hand sink in the woman's room - sink is starting to seperate", "address": "11H   Thacher ST", "city": "Boston", "zip": 2113, "property_id": 170324, "latitude_Y": 42.365446, "longitude_X": -71.0569, "year": 2015 }, "geometry": { "type": "Point", "coordinates": [ -71.0569, 42.365446 ] } },
{ "type": "Feature", "properties": { "businessname": "Playa Bowls", "dbaname": "PB Husky  LLC", "legalowner": "  ", "namelast": "Lam", "namefirst": "Hung", "licenseno": 410606, "issdttm": "2019-12-18T08:57:46", "expdttm": "2020-12-31T23:59:00", "licstatus": "Active", "licensecat": "FS", "descript": "Eating & Drinking", "result": "HE_Fail", "resultdttm": "2020-06-10T13:37:59", "violation": "590.002/2-501.11-PF", "viollevel": "**", "violdesc": "Clean-up of Vomiting and Diarrheal Events (Pf)", "violdttm": "2020-06-10T13:37:59", "violstatus": "Fail", "statusdate": null, "comments": "Provide vomit/diarrhea clean up kit on site.", "address": "277   Huntington AVE", "city": "Boston", "zip": 2115, "property_id": 255002, "latitude_Y": 42.34205, "longitude_X": -71.08639, "year": 2020 }, "geometry": { "type": "Point", "coordinates": [ -71.08639, 42.34205 ] } },
{ "type": "Feature", "properties": { "businessname": "Poke Bar & Kitchen", "dbaname": null, "legalowner": "  ", "namelast": "Pokeman Inc.", "namefirst": "Rong Gao", "licenseno": 379262, "issdttm": "2018-11-15T07:44:26", "expdttm": "2020-12-31T23:59:00", "licstatus": "Active", "licensecat": "FS", "descript": "Eating & Drinking", "result": "HE_Fail", "resultdttm": "2019-01-24T09:34:33", "violation": "06-3-501.13", "viollevel": "*", "violdesc": "PHF's Properly Thawed", "violdttm": "2019-01-24T09:34:33", "violstatus": "Fail", "statusdate": null, "comments": "Observed multiple products on back counter in various stages of defrosting- Defrost foods properly", "address": "309   Huntington AVE", "city": "Boston", "zip": 2115, "property_id": 166407, "latitude_Y": 42.341186, "longitude_X": -71.087647, "year": 2019 }, "geometry": { "type": "Point", "coordinates": [ -71.087647, 42.341186 ] } },
{ "type": "Feature", "properties": { "businessname": "Poke Bento", "dbaname": null, "legalowner": "EIGHT 27 BOYLSTON ST BOSTON", "namelast": "Wang", "namefirst": "Benjamin", "licenseno": 312614, "issdttm": "2017-10-17T08:14:05", "expdttm": "2018-12-31T23:59:00", "licstatus": "Inactive", "licensecat": "FS", "descript": "Eating & Drinking", "result": "HE_Fail", "resultdttm": "2017-09-22T08:25:16", "violation": "02-3-602.11-.12/3-302.12", "viollevel": "*", "violdesc": "Food Container Labels", "violdttm": "2017-09-22T08:25:16", "violstatus": "Fail", "statusdate": null, "comments": "Bottles used at service line with no labels- Provide", "address": "827   Boylston ST", "city": "Boston", "zip": 2116, "property_id": 18410, "latitude_Y": 42.34897, "longitude_X": -71.08257, "year": 2017 }, "geometry": { "type": "Point", "coordinates": [ -71.08257, 42.34897 ] } },
{ "type": "Feature", "properties": { "businessname": "Popeyes", "dbaname": null, "legalowner": "BOSTON KENMORE CONDO TR", "namelast": "Pavikn", "namefirst": "Amish", "licenseno": 152984, "issdttm": "2015-11-23T12:51:01", "expdttm": "2019-12-31T23:59:00", "licstatus": "Inactive", "licensecat": "FT", "descript": "Eating & Drinking w/ Take Out", "result": "HE_Closure", "resultdttm": "2018-02-21T11:52:25", "violation": "03-3-501.16(A)", "viollevel": "***", "violdesc": "Cold Holding", "violdttm": "2018-02-21T11:52:25", "violstatus": "Fail", "statusdate": null, "comments": "Pecan pie 60F cole slaw 50-60F for 60 min per PIC.Maintain cold holding 41F or below. PIC to remove items to alternate unit to cool/hold 41F or below.", "address": "645   Beacon ST", "city": "Boston", "zip": 2215, "property_id": 12067, "latitude_Y": 42.34834, "longitude_X": -71.0977, "year": 2018 }, "geometry": { "type": "Point", "coordinates": [ -71.0977, 42.34834 ] } },
{ "type": "Feature", "properties": { "businessname": "Popover King", "dbaname": null, "legalowner": "RANELLI LOUIS A", "namelast": "Coco Cabuquit", "namefirst": "John Love", "licenseno": 360852, "issdttm": "2019-03-14T09:35:04", "expdttm": "2020-12-31T23:59:00", "licstatus": "Active", "licensecat": "FS", "descript": "Eating & Drinking", "result": "HE_Fail", "resultdttm": "2020-01-30T12:13:25", "violation": "590.002/2-103.11-PF", "viollevel": "**", "violdesc": "(O) Person in Charge-Duties (Pf)", "violdttm": "2020-01-30T12:13:25", "violstatus": "Fail", "statusdate": null, "comments": "PIC not monorting handwashing  payment of permit.general maintance and cleaning  pest control.", "address": "74  Canal ST", "city": "Boston", "zip": 2114, "property_id": 25424, "latitude_Y": 42.3638, "longitude_X": -71.05966, "year": 2020 }, "geometry": { "type": "Point", "coordinates": [ -71.05966, 42.3638 ] } },
{ "type": "Feature", "properties": { "businessname": "PORTERS BAR & GRILL", "dbaname": null, "legalowner": "WISE JOHN B", "namelast": "SCOTT NOGUEIRA", "namefirst": " ", "licenseno": 21355, "issdttm": "2012-01-26T14:39:38", "expdttm": "2020-12-31T23:59:00", "licstatus": "Active", "licensecat": "FS", "descript": "Eating & Drinking", "result": "HE_Fail", "resultdttm": "2015-04-01T13:11:11", "violation": "37-6-501.11-.12", "viollevel": "*", "violdesc": "Improper Maintenance of Walls/Ceilings", "violdttm": "2015-04-01T13:11:11", "violstatus": "Fail", "statusdate": null, "comments": "1. Hood sticker expired 2-28-15  ensure hood cleaned by licensed hood cleaning company. 2. Hood with carbon and grease buiold up  clean to remove 3. Wall near trash barrel and hand sink with soils  clean to remove", "address": "173   Portland ST", "city": "Boston", "zip": 2114, "property_id": 112323, "latitude_Y": 42.364374, "longitude_X": -71.061546, "year": 2015 }, "geometry": { "type": "Point", "coordinates": [ -71.061546, 42.364374 ] } },
{ "type": "Feature", "properties": { "businessname": "Porto", "dbaname": null, "legalowner": "AVALON BAY BFG LPS", "namelast": "GRIFFING", "namefirst": "SEAN", "licenseno": 160374, "issdttm": "2016-07-12T08:04:18", "expdttm": "2020-12-31T23:59:00", "licstatus": "Active", "licensecat": "FS", "descript": "Eating & Drinking", "result": "HE_Fail", "resultdttm": "2016-07-01T12:45:40", "violation": "15-4-202.16", "viollevel": "*", "violdesc": "Non-Food Contact Surfaces", "violdttm": "2016-07-01T12:45:40", "violstatus": "Fail", "statusdate": null, "comments": "Provide proper barriers at handsink located next to raw bar.", "address": "780  Boylston St", "city": "Boston", "zip": 2199, "property_id": 18397, "latitude_Y": 42.348135, "longitude_X": -71.080855, "year": 2016 }, "geometry": { "type": "Point", "coordinates": [ -71.080855, 42.348135 ] } },
{ "type": "Feature", "properties": { "businessname": "Potbelly Sandwich Shop (275 Washington St.)", "dbaname": null, "legalowner": null, "namelast": "Charlie Talbot", "namefirst": " ", "licenseno": 78517, "issdttm": "2012-09-05T14:44:05", "expdttm": "2020-12-31T23:59:00", "licstatus": "Active", "licensecat": "FS", "descript": "Eating & Drinking", "result": "HE_Fail", "resultdttm": "2019-03-18T10:43:40", "violation": "15-4-202.16", "viollevel": "*", "violdesc": "Non-Food Contact Surfaces", "violdttm": "2019-03-18T10:43:40", "violstatus": "Fail", "statusdate": null, "comments": "RAemove heavy ice buildup from ice cream freezer.", "address": "275   Washington ST", "city": "Boston", "zip": 2108, "property_id": 157049, "latitude_Y": 42.357825, "longitude_X": -71.058248, "year": 2019 }, "geometry": { "type": "Point", "coordinates": [ -71.058248, 42.357825 ] } },
{ "type": "Feature", "properties": { "businessname": "Potluck Cafe", "dbaname": null, "legalowner": "CHU CHUNG S TS", "namelast": "Chun Zheng", "namefirst": " ", "licenseno": 26197, "issdttm": "2011-12-02T11:58:20", "expdttm": "2020-12-31T23:59:00", "licstatus": "Active", "licensecat": "FS", "descript": "Eating & Drinking", "result": "HE_Fail", "resultdttm": "2016-02-01T11:03:24", "violation": "01-3-602.11 B2", "viollevel": "***", "violdesc": "Labeling of Ingredients", "violdttm": "2016-02-01T11:03:24", "violstatus": "Fail", "statusdate": null, "comments": "products in self service cold unit without labels and ingredients  supply", "address": "7   Knapp ST", "city": "Boston", "zip": 2111, "property_id": 82296, "latitude_Y": 42.35117, "longitude_X": -71.06197, "year": 2016 }, "geometry": { "type": "Point", "coordinates": [ -71.06197, 42.35117 ] } },
{ "type": "Feature", "properties": { "businessname": "Pressed", "dbaname": null, "legalowner": "FINE PHIL D TRSTS", "namelast": "David Clendenin/Ashley Gleeson", "namefirst": " ", "licenseno": 127832, "issdttm": "2015-03-16T09:12:08", "expdttm": "2018-12-31T23:59:00", "licstatus": "Inactive", "licensecat": "FT", "descript": "Eating & Drinking w/ Take Out", "result": "HE_Pass", "resultdttm": "2016-10-28T15:01:05", "violation": "05-4-302.12", "viollevel": "*", "violdesc": "Food Thermometers Provided", "violdttm": "2016-10-28T15:01:05", "violstatus": "Pass", "statusdate": "2016-10-31T15:07:21", "comments": "Provide 5\" metal stem thermometer", "address": "120   Charles ST", "city": "Boston", "zip": 2114, "property_id": 29078, "latitude_Y": 42.35922, "longitude_X": -71.07094, "year": 2016 }, "geometry": { "type": "Point", "coordinates": [ -71.07094, 42.35922 ] } },
{ "type": "Feature", "properties": { "businessname": "Pret A Manger", "dbaname": null, "legalowner": null, "namelast": "Pret A Manger", "namefirst": "Attn: Finance", "licenseno": 80798, "issdttm": "2012-11-15T08:03:26", "expdttm": "2020-12-31T23:59:00", "licstatus": "Inactive", "licensecat": "FT", "descript": "Eating & Drinking w/ Take Out", "result": "HE_Fail", "resultdttm": "2015-03-16T14:27:06", "violation": "03-3-501.16(A)", "viollevel": "***", "violdesc": "Cold Holding", "violdttm": "2015-03-16T14:27:06", "violstatus": "Fail", "statusdate": null, "comments": "Cold Holding-Falafel 45F  Sweet Chilli Sauce 46F. Unit 40F. Maintain at 41F or below.", "address": "501   Boylston ST", "city": "Boston", "zip": 2116, "property_id": 162443, "latitude_Y": 42.351285, "longitude_X": -71.07467, "year": 2015 }, "geometry": { "type": "Point", "coordinates": [ -71.07467, 42.351285 ] } },
{ "type": "Feature", "properties": { "businessname": "Pret A Manger", "dbaname": null, "legalowner": "ONE 76 HOLDINGS LLC", "namelast": "Pret A Manger", "namefirst": "Attn: Finance", "licenseno": 127174, "issdttm": "2014-09-08T12:04:17", "expdttm": "2020-12-31T23:59:00", "licstatus": "Active", "licensecat": "FT", "descript": "Eating & Drinking w/ Take Out", "result": "HE_Fail", "resultdttm": "2015-10-01T13:57:29", "violation": "35-6-501.111/.115", "viollevel": "**", "violdesc": "Insects  Rodents  Animals", "violdttm": "2015-10-01T13:57:29", "violstatus": "Fail", "statusdate": null, "comments": "5+ small and large flies noted in the basement prep area / Steritech provides monthly extermination services.  Last known visit 7/29/15.  Contact pest control.", "address": "265   Purchase ST", "city": "Boston", "zip": 2110, "property_id": 113564, "latitude_Y": 42.353493, "longitude_X": -71.055829, "year": 2015 }, "geometry": { "type": "Point", "coordinates": [ -71.055829, 42.353493 ] } },
{ "type": "Feature", "properties": { "businessname": "Pret A Manger", "dbaname": null, "legalowner": "STATE HOUSE LLC", "namelast": "Pret A Manger", "namefirst": "Attn: Finance", "licenseno": 129264, "issdttm": "2014-11-19T11:05:31", "expdttm": "2018-12-31T23:59:00", "licstatus": "Inactive", "licensecat": "FS", "descript": "Eating & Drinking", "result": "HE_Fail", "resultdttm": "2016-09-07T10:15:17", "violation": "23-4-602.13", "viollevel": "*", "violdesc": "Non-Food Contact Surfaces Clean", "violdttm": "2016-09-07T10:15:17", "violstatus": "Fail", "statusdate": null, "comments": "Lower shelf of the upright Hoshizaki freezer in the main service area with excess ice build-up. Defrost to remove.", "address": "1   State ST", "city": "Boston", "zip": 2108, "property_id": 130353, "latitude_Y": 42.358456, "longitude_X": -71.057646, "year": 2016 }, "geometry": { "type": "Point", "coordinates": [ -71.057646, 42.358456 ] } },
{ "type": "Feature", "properties": { "businessname": "PREZZA", "dbaname": null, "legalowner": "DELLO-RUSSO ROBERT", "namelast": "Canturano", "namefirst": "ANTHONY", "licenseno": 21384, "issdttm": "2012-01-05T21:58:25", "expdttm": "2020-12-31T23:59:00", "licstatus": "Active", "licensecat": "FS", "descript": "Eating & Drinking", "result": "HE_Filed", "resultdttm": "2015-09-29T16:47:35", "violation": "15-4-202.16", "viollevel": "*", "violdesc": "Non-Food Contact Surfaces", "violdttm": "2015-09-29T16:47:35", "violstatus": "Fail", "statusdate": null, "comments": "Replace matts on the kitchen floor by the back door", "address": "24   Fleet ST", "city": "Boston", "zip": 2113, "property_id": 58634, "latitude_Y": 42.36467, "longitude_X": -71.05276, "year": 2015 }, "geometry": { "type": "Point", "coordinates": [ -71.05276, 42.36467 ] } },
{ "type": "Feature", "properties": { "businessname": "PRIMO'S RESTAURANT", "dbaname": null, "legalowner": "POULADIAN YAGHOOB B TS", "namelast": "SOHAN L. SAINI", "namefirst": " ", "licenseno": 21579, "issdttm": "2011-12-22T13:43:20", "expdttm": "2020-12-31T23:59:00", "licstatus": "Active", "licensecat": "FS", "descript": "Eating & Drinking", "result": "HE_Fail", "resultdttm": "2015-03-17T11:26:48", "violation": "03-3-501.16(A)", "viollevel": "***", "violdesc": "Cold Holding", "violdttm": "2015-03-17T11:26:48", "violstatus": "Fail", "statusdate": null, "comments": "The under counter Unit at the serving line-Mortadella 46F  Genoa Salami 45F. Unit 39F. Maintain at 41F or below.", "address": "28   Myrtle ST", "city": "Boston", "zip": 2114, "property_id": 99693, "latitude_Y": 42.35922, "longitude_X": -71.06557, "year": 2015 }, "geometry": { "type": "Point", "coordinates": [ -71.06557, 42.35922 ] } },
{ "type": "Feature", "properties": { "businessname": "PROVINCE PLACE", "dbaname": null, "legalowner": "LAGBASSA SALVATORE", "namelast": "LAGBASSA", "namefirst": "SALVATORE", "licenseno": 19276, "issdttm": "2012-02-14T14:15:36", "expdttm": "2020-12-31T23:59:00", "licstatus": "Active", "licensecat": "FT", "descript": "Eating & Drinking w/ Take Out", "result": "HE_Fail", "resultdttm": "2016-05-26T10:19:14", "violation": "04-3-501.15/4-301.11", "viollevel": "*", "violdesc": "Inadequate Facilities/Cooling Methods", "violdttm": "2016-05-26T10:19:14", "violstatus": "Fail", "statusdate": null, "comments": "Sliced tomatoes inside of the deli cooler with an elevated temperature. Management stated that the tomatoes were sliced from earlier in the morning (approximately an 1.5 earlier). Discontinue and ensure all potentially hazardous foods are being maintained at below 41F prior to being placed out for service.", "address": "44  Province ST", "city": "Boston", "zip": 2108, "property_id": 155800, "latitude_Y": 42.356871, "longitude_X": -71.059919, "year": 2016 }, "geometry": { "type": "Point", "coordinates": [ -71.059919, 42.356871 ] } },
{ "type": "Feature", "properties": { "businessname": "Prow/Max Cafe @Emerson", "dbaname": null, "legalowner": "EMERSON COLLEGE", "namelast": "Bon Appetit", "namefirst": "ATTN: Licensing", "licenseno": 364821, "issdttm": "2018-06-22T15:49:33", "expdttm": "2020-12-31T23:59:00", "licstatus": "Active", "licensecat": "FS", "descript": "Eating & Drinking", "result": "HE_Filed", "resultdttm": "2018-06-22T11:41:27", "violation": "38-6-303.11", "viollevel": "*", "violdesc": "Inadequate Lighting", "violdttm": "2018-06-22T11:41:27", "violstatus": "Fail", "statusdate": null, "comments": "Light bulb out at cook line.Replace", "address": "150   Boylston ST", "city": "Boston", "zip": 2116, "property_id": 18104, "latitude_Y": 42.352266, "longitude_X": -71.066497, "year": 2018 }, "geometry": { "type": "Point", "coordinates": [ -71.066497, 42.352266 ] } },
{ "type": "Feature", "properties": { "businessname": "Puro", "dbaname": null, "legalowner": "LAWLESS JAMES C TS", "namelast": "A & C Newbury Street L L C", "namefirst": " ", "licenseno": 28822, "issdttm": "2012-02-24T13:47:10", "expdttm": "2020-12-31T23:59:00", "licstatus": "Active", "licensecat": "FT", "descript": "Eating & Drinking w/ Take Out", "result": "HE_Fail", "resultdttm": "2015-05-28T10:47:53", "violation": "03-3-501.14", "viollevel": "***", "violdesc": "Cooling", "violdttm": "2015-05-28T10:47:53", "violstatus": "Fail", "statusdate": null, "comments": "Bolognese sauce in deep plastic containers in 2 door refrigerator 55F for less than 4 hours. Ensure proper cooling methods are used for cooling of all foods. Removed by PIC and placed in shallow metal containers and placed in refrigeration.", "address": "264   Newbury ST", "city": "Boston", "zip": 2116, "property_id": 101477, "latitude_Y": 42.3492, "longitude_X": -71.08312, "year": 2015 }, "geometry": { "type": "Point", "coordinates": [ -71.08312, 42.3492 ] } },
{ "type": "Feature", "properties": { "businessname": "PUSHCART CAFE", "dbaname": null, "legalowner": null, "namelast": "R & T PARTNERSHIP", "namefirst": " ", "licenseno": 20022, "issdttm": "2011-12-07T12:52:27", "expdttm": "2019-12-31T23:59:00", "licstatus": "Inactive", "licensecat": "FS", "descript": "Eating & Drinking", "result": "HE_Fail", "resultdttm": "2015-03-13T11:08:07", "violation": "15-4-202.16", "viollevel": "*", "violdesc": "Non-Food Contact Surfaces", "violdttm": "2015-03-13T11:08:07", "violstatus": "Fail", "statusdate": null, "comments": "Repair door seal to reach in refrigerator.", "address": "117   Salem ST", "city": "Boston", "zip": 2113, "property_id": 157417, "latitude_Y": 42.364427, "longitude_X": -71.055371, "year": 2015 }, "geometry": { "type": "Point", "coordinates": [ -71.055371, 42.364427 ] } },
{ "type": "Feature", "properties": { "businessname": "Qdoba Mexican Eats No. 2207", "dbaname": null, "legalowner": "CHAIR 5 RESTAURANTS LLC", "namelast": "Qdoba Mexican Grill #", "namefirst": "Attn: Restaurant Accounting", "licenseno": 75515, "issdttm": "2012-01-05T13:57:51", "expdttm": "2020-12-31T23:59:00", "licstatus": "Active", "licensecat": "FT", "descript": "Eating & Drinking w/ Take Out", "result": "HE_Fail", "resultdttm": "2015-03-23T15:30:43", "violation": "03-3-501.16", "viollevel": "***", "violdesc": "Hot Holding", "violdttm": "2015-03-23T15:30:43", "violstatus": "Fail", "statusdate": null, "comments": "Brown rice 132F  White rice 129F Must maintain foods hot held at 140F or above. Removed by PIC and reheated to 163F", "address": "393   Huntington AVE", "city": "Boston", "zip": 2115, "property_id": 157313, "latitude_Y": 42.339776, "longitude_X": -71.090882, "year": 2015 }, "geometry": { "type": "Point", "coordinates": [ -71.090882, 42.339776 ] } },
{ "type": "Feature", "properties": { "businessname": "Qdoba Mexican Eats No. 2592", "dbaname": null, "legalowner": "PIZZUTI DONATO F TS", "namelast": "Qdoba Mexican Grill #", "namefirst": "Attn: Restaurant Accounting", "licenseno": 32975, "issdttm": "2012-02-14T12:39:14", "expdttm": "2020-12-31T23:59:00", "licstatus": "Active", "licensecat": "FT", "descript": "Eating & Drinking w/ Take Out", "result": "HE_Fail", "resultdttm": "2016-01-25T13:54:51", "violation": "13-2-304/402.11", "viollevel": "*", "violdesc": "Clean Cloths  Hair Restraint", "violdttm": "2016-01-25T13:54:51", "violstatus": "Fail", "statusdate": null, "comments": "At the time of inspection observed employee preparing food for customers without proper hair restraint. Took corrective action and wore hat.", "address": "101   Causeway ST", "city": "Boston", "zip": 2114, "property_id": 26496, "latitude_Y": 42.36486, "longitude_X": -71.06185, "year": 2016 }, "geometry": { "type": "Point", "coordinates": [ -71.06185, 42.36486 ] } },
{ "type": "Feature", "properties": { "businessname": "Quality Mart", "dbaname": null, "legalowner": "  ", "namelast": "Quality Mart Inc.", "namefirst": "Aymen J. Rajeh", "licenseno": 78588, "issdttm": "2013-02-27T09:34:48", "expdttm": "2016-12-31T23:59:00", "licstatus": "Inactive", "licensecat": "FT", "descript": "Eating & Drinking w/ Take Out", "result": "HE_Fail", "resultdttm": "2015-05-22T11:20:05", "violation": "01-3-101/701.11", "viollevel": "***", "violdesc": "Spoilage Unsafe Food", "violdttm": "2015-05-22T11:20:05", "violstatus": "Fail", "statusdate": null, "comments": "Sliced Cucumber has visibly spoiled. Provide wholesome food", "address": "21   Massachusetts AVE", "city": "Boston", "zip": 2115, "property_id": 167468, "latitude_Y": 42.350608, "longitude_X": -71.089638, "year": 2015 }, "geometry": { "type": "Point", "coordinates": [ -71.089638, 42.350608 ] } },
{ "type": "Feature", "properties": { "businessname": "QUATTRO RISTORANTE  GRILL & PIZZERIA", "dbaname": null, "legalowner": "DIPASQULI FRANK", "namelast": "DEPASQUALE", "namefirst": "FRANK", "licenseno": 20550, "issdttm": "2012-01-05T14:53:31", "expdttm": "2020-12-31T23:59:00", "licstatus": "Active", "licensecat": "FS", "descript": "Eating & Drinking", "result": "HE_Fail", "resultdttm": "2015-06-24T11:39:05", "violation": "08-3-302.11/3-304.11", "viollevel": "***", "violdesc": "Separation  Segregation Cross Contamination", "violdttm": "2015-06-24T11:39:05", "violstatus": "Fail", "statusdate": null, "comments": "RAW SHELL FISH STORED IN WITH BONELESS WHITE FISH - SEA SCALLOPS - TUNA - SWORDFISH     DO NOT COMINGUL SEAFOOD STORE SEPERATE AS DISCUSSED", "address": "264   Hanover ST", "city": "Boston", "zip": 2113, "property_id": 155960, "latitude_Y": 42.363585, "longitude_X": -71.054861, "year": 2015 }, "geometry": { "type": "Point", "coordinates": [ -71.054861, 42.363585 ] } },
{ "type": "Feature", "properties": { "businessname": "Quic Pic BBQ", "dbaname": null, "legalowner": "LEE KIM JOE TRSTS", "namelast": "Kuang President", "namefirst": "Benny", "licenseno": 128996, "issdttm": "2014-06-17T14:53:31", "expdttm": "2020-12-31T23:59:00", "licstatus": "Active", "licensecat": "FT", "descript": "Eating & Drinking w/ Take Out", "result": "HE_Pass", "resultdttm": "2015-04-02T11:24:14", "violation": "15-4-202.16", "viollevel": "*", "violdesc": "Non-Food Contact Surfaces", "violdttm": "2015-04-02T11:24:14", "violstatus": "Pass", "statusdate": "2015-04-03T08:26:20", "comments": "Defrost interior of chest type freezer", "address": "50   Beach ST", "city": "Boston", "zip": 2111, "property_id": 9392, "latitude_Y": 42.35154, "longitude_X": -71.06073, "year": 2015 }, "geometry": { "type": "Point", "coordinates": [ -71.06073, 42.35154 ] } },
{ "type": "Feature", "properties": { "businessname": "R. DEL GARDIO GIFT SHOP", "dbaname": null, "legalowner": "RALPH DEL GARDIO", "namelast": "RALPH", "namefirst": "DEL GARDIO", "licenseno": 21902, "issdttm": "2012-04-03T09:43:43", "expdttm": "2018-12-31T23:59:00", "licstatus": "Inactive", "licensecat": "RF", "descript": "Retail Food", "result": "HE_Fail", "resultdttm": "2015-05-08T07:55:45", "violation": "17-4-204.112/.115", "viollevel": "*", "violdesc": "Equipment Thermometers", "violdttm": "2015-05-08T07:55:45", "violstatus": "Fail", "statusdate": null, "comments": "Provide a equipment thermometerfor the only refrigeration unit", "address": "17   North SQ", "city": "Boston", "zip": 2113, "property_id": 157928, "latitude_Y": 42.363762, "longitude_X": -71.053688, "year": 2015 }, "geometry": { "type": "Point", "coordinates": [ -71.053688, 42.363762 ] } },
{ "type": "Feature", "properties": { "businessname": "Rabia's Dolce Fumo", "dbaname": null, "legalowner": "  ", "namelast": "Dolce Fumo Restaurant Group", "namefirst": "Kim  Fontaine", "licenseno": 432379, "issdttm": "2020-10-21T14:50:00", "expdttm": "2020-12-31T23:59:00", "licstatus": "Active", "licensecat": "FS", "descript": "Eating & Drinking", "result": "HE_Fail", "resultdttm": "2020-07-08T04:51:28", "violation": "590.002(B)/2-102.11-PF", "viollevel": "**", "violdesc": "(A)  (B) and (C)(1)  (4)-(16) Demonstration (Pf)", "violdttm": "2020-07-08T04:51:28", "violstatus": "Fail", "statusdate": null, "comments": "8-301.11 Current ownwer operating without vaild permit. Report to 1010Mass Ave tomorrow morning 4th fl Health Division.", "address": "71   Salem ST", "city": "Boston", "zip": 2113, "property_id": 169394, "latitude_Y": 42.363371, "longitude_X": -71.055799, "year": 2020 }, "geometry": { "type": "Point", "coordinates": [ -71.055799, 42.363371 ] } },
{ "type": "Feature", "properties": { "businessname": "RABIA'S RESTAURANT", "dbaname": null, "legalowner": "GIUFFRE FRANK A ETAL", "namelast": "AHMAD HAYEK", "namefirst": " ", "licenseno": 19867, "issdttm": "2012-01-09T15:28:30", "expdttm": "2020-12-31T23:59:00", "licstatus": "Inactive", "licensecat": "FS", "descript": "Eating & Drinking", "result": "HE_Fail", "resultdttm": "2015-03-17T13:13:35", "violation": "05-4-302.12", "viollevel": "*", "violdesc": "Food Thermometers Provided", "violdttm": "2015-03-17T13:13:35", "violstatus": "Fail", "statusdate": null, "comments": "Broken food thermometer -replace", "address": "73   Salem ST", "city": "Boston", "zip": 2113, "property_id": 121925, "latitude_Y": 42.363427, "longitude_X": -71.055787, "year": 2015 }, "geometry": { "type": "Point", "coordinates": [ -71.055787, 42.363427 ] } },
{ "type": "Feature", "properties": { "businessname": "Raising Cane's", "dbaname": null, "legalowner": "BOSTON UNIVERSITY TRSTS OF", "namelast": "Trustees of Boston University", "namefirst": "Director of Safety & Sanitation", "licenseno": 33611, "issdttm": "2011-12-23T13:17:38", "expdttm": "2020-12-31T23:59:00", "licstatus": "Active", "licensecat": "FS", "descript": "Eating & Drinking", "result": "HE_Fail", "resultdttm": "2015-06-03T11:30:50", "violation": "35-6-501.111/.115", "viollevel": "**", "violdesc": "Insects  Rodents  Animals", "violdttm": "2015-06-03T11:30:50", "violstatus": "Fail", "statusdate": null, "comments": "Multiple small black flies observed in basement prep/warewashing area and upstairs prep area- Provide updated pest control report to Health Department", "address": "949   Commonwealth AVE", "city": "Boston", "zip": 2215, "property_id": 41309, "latitude_Y": 42.351888, "longitude_X": -71.118709, "year": 2015 }, "geometry": { "type": "Point", "coordinates": [ -71.118709, 42.351888 ] } },
{ "type": "Feature", "properties": { "businessname": "RAY'S TOBACCO", "dbaname": null, "legalowner": "FIFTY-FIVE COURT LLC", "namelast": "Gaurav Khosla", "namefirst": " ", "licenseno": 74948, "issdttm": "2011-12-09T11:11:22", "expdttm": "2018-12-31T23:59:00", "licstatus": "Inactive", "licensecat": "RF", "descript": "Retail Food", "result": "HE_Filed", "resultdttm": "2016-05-04T11:00:05", "violation": "36-6-501.11-.12", "viollevel": "*", "violdesc": "Improper Maintenance of Floors", "violdttm": "2016-05-04T11:00:05", "violstatus": "Fail", "statusdate": null, "comments": "Broken tiles on floor behind sales counter. Replace.", "address": "25   Court ST", "city": "Boston", "zip": 2108, "property_id": 43808, "latitude_Y": 42.35919, "longitude_X": -71.05877, "year": 2016 }, "geometry": { "type": "Point", "coordinates": [ -71.05877, 42.35919 ] } },
{ "type": "Feature", "properties": { "businessname": "Rebecca's Cafe", "dbaname": null, "legalowner": "ARCH ST TOWER LLC", "namelast": "REBECCA'S CAFE INC.", "namefirst": " ", "licenseno": 37307, "issdttm": "2012-01-05T14:23:56", "expdttm": "2016-12-31T23:59:00", "licstatus": "Inactive", "licensecat": "FT", "descript": "Eating & Drinking w/ Take Out", "result": "HE_Fail", "resultdttm": "2015-05-05T14:20:12", "violation": "03-3-501.16", "viollevel": "***", "violdesc": "Hot Holding", "violdttm": "2015-05-05T14:20:12", "violstatus": "Fail", "statusdate": null, "comments": "Steak 117F   Chicken tenders 103F / Provide proper hot holding temperatures.", "address": "33   Arch ST", "city": "Boston", "zip": 2110, "property_id": 4547, "latitude_Y": 42.3562, "longitude_X": -71.05804, "year": 2015 }, "geometry": { "type": "Point", "coordinates": [ -71.05804, 42.3562 ] } },
{ "type": "Feature", "properties": { "businessname": "Rebecca's Cafe", "dbaname": null, "legalowner": "ROSEMARY JORDANO  PRES. CHILDREN FIRST  INC.", "namelast": "Rebecca's Cafe Inc.", "namefirst": "Michael McAdam  C E O", "licenseno": 33944, "issdttm": "2012-01-05T14:25:02", "expdttm": "2020-12-31T23:59:00", "licstatus": "Inactive", "licensecat": "FS", "descript": "Eating & Drinking", "result": "HE_Fail", "resultdttm": "2018-11-21T09:27:24", "violation": "03-3-501.16", "viollevel": "***", "violdesc": "Hot Holding", "violdttm": "2018-11-21T09:27:24", "violstatus": "Fail", "statusdate": null, "comments": "1) Eggplant hot held @ 115f-125f  ensure proper hot hold of 140f or above  2) Meatballs & Sausages hot held @ 112f-125f  ensure proper hot hold fo 140f or above", "address": "1  Financial Ct", "city": "Boston", "zip": 2111, "property_id": 155875, "latitude_Y": 42.352467, "longitude_X": -71.056269, "year": 2018 }, "geometry": { "type": "Point", "coordinates": [ -71.056269, 42.352467 ] } },
{ "type": "Feature", "properties": { "businessname": "Rebel's Guild", "dbaname": null, "legalowner": "JPA IV MGMT COMPANY INC TS", "namelast": "NKOTB Lessee LLC", "namefirst": "Attn: Accounts Payable", "licenseno": 138612, "issdttm": "2015-02-06T09:35:44", "expdttm": "2020-12-31T23:59:00", "licstatus": "Active", "licensecat": "FS", "descript": "Eating & Drinking", "result": "HE_Fail", "resultdttm": "2015-11-03T12:58:21", "violation": "17-4-204.112/.115", "viollevel": "*", "violdesc": "Equipment Thermometers", "violdttm": "2015-11-03T12:58:21", "violstatus": "Fail", "statusdate": null, "comments": "Provide working internal thermometer for walk in refrigeration unit.", "address": "196   Stuart ST", "city": "Boston", "zip": 2116, "property_id": 131640, "latitude_Y": 42.35053, "longitude_X": -71.06757, "year": 2015 }, "geometry": { "type": "Point", "coordinates": [ -71.06757, 42.35053 ] } },
{ "type": "Feature", "properties": { "businessname": "Red Hat Cafe", "dbaname": null, "legalowner": "SCHIFINO GRACE", "namelast": "S N P Restaurant Group", "namefirst": "L L C", "licenseno": 26373, "issdttm": "2011-12-08T11:46:42", "expdttm": "2020-12-31T23:59:00", "licstatus": "Active", "licensecat": "FS", "descript": "Eating & Drinking", "result": "HE_Fail", "resultdttm": "2016-02-03T13:42:24", "violation": "04-3-501.15/4-301.11", "viollevel": "*", "violdesc": "Inadequate Facilities/Cooling Methods", "violdttm": "2016-02-03T13:42:24", "violstatus": "Fail", "statusdate": null, "comments": "Chicken wings boiled and cooled night prior per line cook being portioned for frying with temperature of 54F. PIC volluntarilly discarded of 10LBs of chicken wings on site.", "address": "9   Bowdoin ST", "city": "Boston", "zip": 2114, "property_id": 17618, "latitude_Y": 42.36102, "longitude_X": -71.06319, "year": 2016 }, "geometry": { "type": "Point", "coordinates": [ -71.06319, 42.36102 ] } },
{ "type": "Feature", "properties": { "businessname": "Red Lantern", "dbaname": null, "legalowner": "STUART CLARENDON ASSOCS", "namelast": "Big Night Boston 1 L L C", "namefirst": " ", "licenseno": 74550, "issdttm": "2012-02-13T13:53:53", "expdttm": "2020-12-31T23:59:00", "licstatus": "Active", "licensecat": "FS", "descript": "Eating & Drinking", "result": "HE_Fail", "resultdttm": "2015-09-29T16:15:41", "violation": "03-3-501.16", "viollevel": "***", "violdesc": "Hot Holding", "violdttm": "2015-09-29T16:15:41", "violstatus": "Fail", "statusdate": null, "comments": "chicken/beef skewer 112 degrees/provide proper hot holding at 140 degrees or above", "address": "39   Stanhope ST", "city": "Boston", "zip": 2116, "property_id": 130168, "latitude_Y": 42.348486, "longitude_X": -71.07334, "year": 2015 }, "geometry": { "type": "Point", "coordinates": [ -71.07334, 42.348486 ] } },
{ "type": "Feature", "properties": { "businessname": "Red White", "dbaname": null, "legalowner": "PROVIDENCE DEVELOPMENT GROUP", "namelast": "Red White LLC", "namefirst": "Nao Rouhana", "licenseno": 374146, "issdttm": "2019-04-05T07:59:06", "expdttm": "2019-12-31T23:59:00", "licstatus": "Active", "licensecat": "FT", "descript": "Eating & Drinking w/ Take Out", "result": "HE_Fail", "resultdttm": "2020-10-30T14:06:13", "violation": "590.002(C)/2-102.12-C", "viollevel": "*", "violdesc": "(A) Certified Food Protection Manager (C)", "violdttm": "2020-10-30T14:06:13", "violstatus": "Fail", "statusdate": null, "comments": "No current Alllergen Awareness Certificate. Provide.", "address": "294   Newbury ST", "city": "Boston", "zip": 2115, "property_id": 101529, "latitude_Y": 42.348776, "longitude_X": -71.084719, "year": 2020 }, "geometry": { "type": "Point", "coordinates": [ -71.084719, 42.348776 ] } },
{ "type": "Feature", "properties": { "businessname": "Renaissance Hotel (Club Lounge)", "dbaname": null, "legalowner": "MASS PORT AUTHORITY", "namelast": "Marriott International Inc.", "namefirst": " ", "licenseno": 123162, "issdttm": "2014-01-07T10:57:23", "expdttm": "2020-12-31T23:59:00", "licstatus": "Active", "licensecat": "FS", "descript": "Eating & Drinking", "result": "HE_Fail", "resultdttm": "2017-06-06T13:45:28", "violation": "08-3-305-307.11", "viollevel": "*", "violdesc": "Food Protection", "violdttm": "2017-06-06T13:45:28", "violstatus": "Fail", "statusdate": null, "comments": "Cover all baked goods ( cookies ) when out for self service", "address": "606  Congress St", "city": "Boston", "zip": 2210, "property_id": 42120, "latitude_Y": 42.348192, "longitude_X": -71.03913, "year": 2017 }, "geometry": { "type": "Point", "coordinates": [ -71.03913, 42.348192 ] } },
{ "type": "Feature", "properties": { "businessname": "Residence Inn by Marriott", "dbaname": null, "legalowner": null, "namelast": "Norwich Partners of Boston LLC", "namefirst": "Attn: Manager", "licenseno": 91293, "issdttm": "2013-06-20T10:17:41", "expdttm": "2018-12-31T23:59:00", "licstatus": "Inactive", "licensecat": "FS", "descript": "Eating & Drinking", "result": "HE_Fail", "resultdttm": "2018-11-20T10:53:33", "violation": "M-2-103.11", "viollevel": "***", "violdesc": "PIC Performing Duties", "violdttm": "2018-11-20T10:53:33", "violstatus": "Fail", "statusdate": null, "comments": "Establishment operating under license from former owner. Provide current health permit under current owner @ 1010 Massachusetts Avenue 4th floor by next business day. Issued paper next day closure notice to the on site PIC.", "address": "364   Congress ST", "city": "Boston", "zip": 2210, "property_id": 42112, "latitude_Y": 42.35022, "longitude_X": -71.04786, "year": 2018 }, "geometry": { "type": "Point", "coordinates": [ -71.04786, 42.35022 ] } },
{ "type": "Feature", "properties": { "businessname": "Residence Inn Fenway - Boston", "dbaname": null, "legalowner": "  ", "namelast": "Bam Hotel L L C", "namefirst": " ", "licenseno": 78341, "issdttm": "2013-07-09T09:47:27", "expdttm": "2020-12-31T23:59:00", "licstatus": "Active", "licensecat": "FS", "descript": "Eating & Drinking", "result": "HE_Fail", "resultdttm": "2016-07-20T11:07:40", "violation": "17-4-204.112/.115", "viollevel": "*", "violdesc": "Equipment Thermometers", "violdttm": "2016-07-20T11:07:40", "violstatus": "Fail", "statusdate": null, "comments": "Repair wash cycle temperature gauge to the high temp under counter hobart dish machine.", "address": "121   Brookline AV", "city": "Boston", "zip": 2215, "property_id": 172842, "latitude_Y": 42.345729, "longitude_X": -71.100303, "year": 2016 }, "geometry": { "type": "Point", "coordinates": [ -71.100303, 42.345729 ] } },
{ "type": "Feature", "properties": { "businessname": "RESTAURANT CLIO", "dbaname": null, "legalowner": "ELIOT HOTEL ASSOCIATES", "namelast": "ULLIAN", "namefirst": "ARTHUR D.", "licenseno": 20558, "issdttm": "2012-01-13T12:19:39", "expdttm": "2016-12-31T23:59:00", "licstatus": "Inactive", "licensecat": "FS", "descript": "Eating & Drinking", "result": "HE_Fail", "resultdttm": "2015-04-01T14:46:28", "violation": "08-3-305-307.11", "viollevel": "*", "violdesc": "Food Protection", "violdttm": "2015-04-01T14:46:28", "violstatus": "Fail", "statusdate": null, "comments": "Some food containers and a bag of clean linens stored on the floor. Elevate 6 inches or above.", "address": "370   Commonwealth AVE", "city": "Boston", "zip": 2215, "property_id": 40432, "latitude_Y": 42.34859, "longitude_X": -71.08869, "year": 2015 }, "geometry": { "type": "Point", "coordinates": [ -71.08869, 42.34859 ] } },
{ "type": "Feature", "properties": { "businessname": "Revolution Health Kitchen", "dbaname": null, "legalowner": "  ", "namelast": "Costa", "namefirst": "Dominic & Heather", "licenseno": 130942, "issdttm": "2015-06-10T08:36:38", "expdttm": "2020-12-31T23:59:00", "licstatus": "Active", "licensecat": "FT", "descript": "Eating & Drinking w/ Take Out", "result": "HE_Fail", "resultdttm": "2015-03-02T10:57:42", "violation": "17-4-204.112/.115", "viollevel": "*", "violdesc": "Equipment Thermometers", "violdttm": "2015-03-02T10:57:42", "violstatus": "Fail", "statusdate": null, "comments": "high temp/repair rinse gauge", "address": "150  Huntington AVE", "city": "Boston", "zip": 2115, "property_id": 340095, "latitude_Y": 42.34491, "longitude_X": -71.08179, "year": 2015 }, "geometry": { "type": "Point", "coordinates": [ -71.08179, 42.34491 ] } },
{ "type": "Feature", "properties": { "businessname": "Rhetts West", "dbaname": "Trustees of Boston University", "legalowner": null, "namelast": "Trustees of Boston University", "namefirst": "Director of Safety & Sanitation", "licenseno": 32862, "issdttm": "2012-02-06T08:23:07", "expdttm": "2019-12-31T23:59:00", "licstatus": "Inactive", "licensecat": "FS", "descript": "Eating & Drinking", "result": "HE_Fail", "resultdttm": "2015-02-17T08:37:38", "violation": "03-3-501.16(A)", "viollevel": "***", "violdesc": "Cold Holding", "violdttm": "2015-02-17T08:37:38", "violstatus": "Fail", "statusdate": null, "comments": "Steak cooked and placed in lift top sandwich unit at 119F- Ensure properly cooling foods to 41F or below. Removed by PIC and placed in refrigeration to cool.", "address": "275   Babcock ST", "city": "Boston", "zip": 2215, "property_id": 158177, "latitude_Y": 42.352916, "longitude_X": -71.12052, "year": 2015 }, "geometry": { "type": "Point", "coordinates": [ -71.12052, 42.352916 ] } },
{ "type": "Feature", "properties": { "businessname": "RICCARDO'S RISTORANTE", "dbaname": null, "legalowner": "TRAAGLIONE RICHARD M TS", "namelast": "RICHARD TRAVAGLIONE", "namefirst": " ", "licenseno": 19888, "issdttm": "2011-12-17T21:16:51", "expdttm": "2020-12-31T23:59:00", "licstatus": "Active", "licensecat": "FS", "descript": "Eating & Drinking", "result": "HE_Fail", "resultdttm": "2015-05-08T14:01:08", "violation": "01-3-202.18", "viollevel": "**", "violdesc": "Shellstock ID", "violdttm": "2015-05-08T14:01:08", "violstatus": "Fail", "statusdate": null, "comments": "Keep tags in order as discussed during inspection - keep on site for a minimum of 90 days", "address": "175   North ST", "city": "Boston", "zip": 2113, "property_id": 103529, "latitude_Y": 42.36318, "longitude_X": -71.05376, "year": 2015 }, "geometry": { "type": "Point", "coordinates": [ -71.05376, 42.36318 ] } },
{ "type": "Feature", "properties": { "businessname": "Rice Bowl", "dbaname": null, "legalowner": "M B H ASSOCIATES LPS", "namelast": "Mon Chin Pres.", "namefirst": " ", "licenseno": 32475, "issdttm": "2011-12-08T13:51:18", "expdttm": "2017-12-31T23:59:00", "licstatus": "Inactive", "licensecat": "FS", "descript": "Eating & Drinking", "result": "HE_Fail", "resultdttm": "2015-04-03T14:51:02", "violation": "10-3-304.12", "viollevel": "*", "violdesc": "Food Utensil Storage", "violdttm": "2015-04-03T14:51:02", "violstatus": "Fail", "statusdate": null, "comments": "Knives stored in between equipment- Discontinue and store properly", "address": "2   Hemenway ST", "city": "Boston", "zip": 2115, "property_id": 72724, "latitude_Y": 42.346566, "longitude_X": -71.089039, "year": 2015 }, "geometry": { "type": "Point", "coordinates": [ -71.089039, 42.346566 ] } },
{ "type": "Feature", "properties": { "businessname": "Richdale Food Shops 110/City Conveince", "dbaname": null, "legalowner": "  ", "namelast": "Khan", "namefirst": "Barznab", "licenseno": 343284, "issdttm": "2017-08-16T09:47:10", "expdttm": "2020-12-31T23:59:00", "licstatus": "Active", "licensecat": "RF", "descript": "Retail Food", "result": "HE_Fail", "resultdttm": "2018-04-09T10:26:31", "violation": "17-4-204.112/.115", "viollevel": "*", "violdesc": "Equipment Thermometers", "violdttm": "2018-04-09T10:26:31", "violstatus": "Fail", "statusdate": null, "comments": "display cases/provide accurate internal thermometers to register 41 degrees or below", "address": "345   Columbus AVE", "city": "Boston", "zip": 2116, "property_id": 163600, "latitude_Y": 42.346266, "longitude_X": -71.076261, "year": 2018 }, "geometry": { "type": "Point", "coordinates": [ -71.076261, 42.346266 ] } },
{ "type": "Feature", "properties": { "businessname": "Rigoletto", "dbaname": null, "legalowner": "ONE15 SALEM ST CONDO TR", "namelast": "Salem Group Inc.", "namefirst": " ", "licenseno": 90242, "issdttm": "2013-04-03T09:50:15", "expdttm": "2020-12-31T23:59:00", "licstatus": "Active", "licensecat": "FS", "descript": "Eating & Drinking", "result": "HE_Fail", "resultdttm": "2016-06-07T13:25:23", "violation": "17-4-302.14", "viollevel": "*", "violdesc": "Test Kit Provided", "violdttm": "2016-06-07T13:25:23", "violstatus": "Fail", "statusdate": null, "comments": "Provide test kits for quaternary ammonia", "address": "115   Salem ST", "city": "Boston", "zip": 2113, "property_id": 121701, "latitude_Y": 42.364414, "longitude_X": -71.055372, "year": 2016 }, "geometry": { "type": "Point", "coordinates": [ -71.055372, 42.364414 ] } },
{ "type": "Feature", "properties": { "businessname": "Rina's", "dbaname": null, "legalowner": "DIPPOLITO MARIA", "namelast": "Nick & Michele Varano", "namefirst": " ", "licenseno": 127238, "issdttm": "2015-05-06T10:33:08", "expdttm": "2020-12-31T23:59:00", "licstatus": "Active", "licensecat": "FT", "descript": "Eating & Drinking w/ Take Out", "result": "HE_Fail", "resultdttm": "2015-10-01T13:36:54", "violation": "03-3-501.16", "viollevel": "***", "violdesc": "Hot Holding", "violdttm": "2015-10-01T13:36:54", "violstatus": "Fail", "statusdate": null, "comments": "Several hot holding foods out of temperature - lasagna 120F - stuffed shells 120F Re-heat to 165F and maintain at 140F of above", "address": "371   Hanover ST", "city": "Boston", "zip": 2113, "property_id": 69124, "latitude_Y": 42.36488, "longitude_X": -71.05315, "year": 2015 }, "geometry": { "type": "Point", "coordinates": [ -71.05315, 42.36488 ] } },
{ "type": "Feature", "properties": { "businessname": "RISTORANTE EUNO", "dbaname": null, "legalowner": "REGNETTA LEIZE", "namelast": "RISTORANTE", "namefirst": "EUNO", "licenseno": 20538, "issdttm": "2012-02-13T14:19:04", "expdttm": "2020-12-31T23:59:00", "licstatus": "Active", "licensecat": "FS", "descript": "Eating & Drinking", "result": "HE_Fail", "resultdttm": "2015-04-02T13:52:14", "violation": "42-6-501.113/.114", "viollevel": "*", "violdesc": "Premises Maintained", "violdttm": "2015-04-02T13:52:14", "violstatus": "Fail", "statusdate": null, "comments": "Keep soiled mop elevated off the floor during storage or when it is not in use -  store inside the bucket", "address": "119   Salem ST", "city": "Boston", "zip": 2113, "property_id": 121721, "latitude_Y": 42.364531, "longitude_X": -71.055371, "year": 2015 }, "geometry": { "type": "Point", "coordinates": [ -71.055371, 42.364531 ] } },
{ "type": "Feature", "properties": { "businessname": "RISTORANTE LUCIA", "dbaname": null, "legalowner": "FRATTAROLI FILIPPO TS", "namelast": "FRATTAROLI", "namefirst": "DONATO", "licenseno": 24179, "issdttm": "2012-01-17T16:49:10", "expdttm": "2016-12-31T23:59:00", "licstatus": "Inactive", "licensecat": "FS", "descript": "Eating & Drinking", "result": "HE_Filed", "resultdttm": "2015-05-19T11:52:00", "violation": "16-4-301.12", "viollevel": "*", "violdesc": "Three Compartment Sink", "violdttm": "2015-05-19T11:52:00", "violstatus": "Fail", "statusdate": null, "comments": "Missing plugs for the three bay sink -  replace where needed", "address": "415   Hanover ST", "city": "Boston", "zip": 2113, "property_id": 69138, "latitude_Y": 42.36558, "longitude_X": -71.05272, "year": 2015 }, "geometry": { "type": "Point", "coordinates": [ -71.05272, 42.36558 ] } },
{ "type": "Feature", "properties": { "businessname": "Ristorante Toscano Inc.", "dbaname": null, "legalowner": "MARKS ROBERT A", "namelast": "RISTORANTE TUSCANO INC", "namefirst": " ", "licenseno": 18300, "issdttm": "2012-01-10T11:14:54", "expdttm": "2020-12-31T23:59:00", "licstatus": "Active", "licensecat": "FS", "descript": "Eating & Drinking", "result": "HE_Fail", "resultdttm": "2015-06-01T11:52:05", "violation": "10-3-304.12", "viollevel": "*", "violdesc": "Food Utensil Storage", "violdttm": "2015-06-01T11:52:05", "violstatus": "Fail", "statusdate": null, "comments": "Knifes stored on a soiled towel. Store on a clean and sanitized surface.", "address": "41   Charles ST", "city": "Boston", "zip": 2114, "property_id": 29158, "latitude_Y": 42.357406, "longitude_X": -71.069855, "year": 2015 }, "geometry": { "type": "Point", "coordinates": [ -71.069855, 42.357406 ] } },
{ "type": "Feature", "properties": { "businessname": "RITZ-CARLTON BOSTON COMMON", "dbaname": null, "legalowner": "MPE HOTEL I BOSTON COMMONS", "namelast": "HOTEL CO. LLC", "namefirst": "RITZ-CARLTON", "licenseno": 21833, "issdttm": "2012-02-13T14:18:01", "expdttm": "2020-12-31T23:59:00", "licstatus": "Active", "licensecat": "FS", "descript": "Eating & Drinking", "result": "HE_Fail", "resultdttm": "2016-05-05T11:52:30", "violation": "03-3-501.16(A)", "viollevel": "***", "violdesc": "Cold Holding", "violdttm": "2016-05-05T11:52:30", "violstatus": "Fail", "statusdate": null, "comments": "Pulled pork @ 50f  Pork au Jus @ 58f  Ensure proper cold hold of 41f or below. Chef to ensure proper cooling methods. Chef discarded 10 gallons of Pork Au jus and 8-10pds of pulled pork at time of inspection.", "address": "10   Avery ST", "city": "Boston", "zip": 2111, "property_id": 7013, "latitude_Y": 42.353086, "longitude_X": -71.063336, "year": 2016 }, "geometry": { "type": "Point", "coordinates": [ -71.063336, 42.353086 ] } },
{ "type": "Feature", "properties": { "businessname": "RIVERSIDE CAFE-LEV1", "dbaname": null, "legalowner": null, "namelast": "MGH NUTRITION & FOOD SERVICE", "namefirst": " ", "licenseno": 23568, "issdttm": "2012-02-23T13:08:05", "expdttm": "2020-12-31T23:59:00", "licstatus": "Active", "licensecat": "FS", "descript": "Eating & Drinking", "result": "HE_Fail", "resultdttm": "2018-04-19T13:18:17", "violation": "03-3-501.16", "viollevel": "***", "violdesc": "Hot Holding", "violdttm": "2018-04-19T13:18:17", "violstatus": "Fail", "statusdate": null, "comments": "Salmon 115F to 130F  PIC voluntarily dicarded out of temperature food. All hot holding must maintain 140F or above.", "address": "32  Fruit ST", "city": "Boston", "zip": 2114, "property_id": 158296, "latitude_Y": 42.362202, "longitude_X": -71.068988, "year": 2018 }, "geometry": { "type": "Point", "coordinates": [ -71.068988, 42.362202 ] } },
{ "type": "Feature", "properties": { "businessname": "Roast Beast of Boston", "dbaname": null, "legalowner": null, "namelast": "Michelle Lawton", "namefirst": " ", "licenseno": 68449, "issdttm": "2012-01-18T17:07:38", "expdttm": "2019-12-31T23:59:00", "licstatus": "Inactive", "licensecat": "FS", "descript": "Eating & Drinking", "result": "HE_Pass", "resultdttm": "2016-10-03T14:11:04", "violation": "15-4-202.16", "viollevel": "*", "violdesc": "Non-Food Contact Surfaces", "violdttm": "2016-10-03T14:11:04", "violstatus": "Pass", "statusdate": "2016-10-04T08:42:49", "comments": "repair hand sink in the kitchen. Secure sink to the walll.", "address": "1082   Commonwealth AVE", "city": "Boston", "zip": 2134, "property_id": 36989, "latitude_Y": 42.35168, "longitude_X": -71.12366, "year": 2016 }, "geometry": { "type": "Point", "coordinates": [ -71.12366, 42.35168 ] } },
{ "type": "Feature", "properties": { "businessname": "Rocco's Cucina & Bar", "dbaname": null, "legalowner": "ZAGARELLA ANTONETTA", "namelast": "ROCCO ZAGARELA", "namefirst": " ", "licenseno": 21999, "issdttm": "2012-01-18T16:20:15", "expdttm": "2020-12-31T23:59:00", "licstatus": "Active", "licensecat": "FS", "descript": "Eating & Drinking", "result": "HE_Fail", "resultdttm": "2015-05-26T11:34:25", "violation": "01-3-201.11", "viollevel": "***", "violdesc": "Approved Source", "violdttm": "2015-05-26T11:34:25", "violstatus": "Fail", "statusdate": null, "comments": "Some foods have been purchases from non-wholesale companies [ Market Basket ] \tOnly purchased foods from a licensed wholesaler as discussed", "address": "450   Commercial ST", "city": "Boston", "zip": 2109, "property_id": 36762, "latitude_Y": 42.36732, "longitude_X": -71.05335, "year": 2015 }, "geometry": { "type": "Point", "coordinates": [ -71.05335, 42.36732 ] } },
{ "type": "Feature", "properties": { "businessname": "Rooftop @ Revere Hotel", "dbaname": null, "legalowner": "JPA 1 MANAGEMENT COMPANY INC.", "namelast": "NKOTB Lessee LLC", "namefirst": "Attn: Accounts Payable", "licenseno": 146976, "issdttm": "2015-08-28T15:41:40", "expdttm": "2020-12-31T23:59:00", "licstatus": "Active", "licensecat": "FS", "descript": "Eating & Drinking", "result": "HE_Fail", "resultdttm": "2015-07-23T11:49:30", "violation": "37-6-201.11", "viollevel": "*", "violdesc": "Walls/Ceilings Designed Constructed Installed", "violdttm": "2015-07-23T11:49:30", "violstatus": "Fail", "statusdate": null, "comments": "Overhead protection of bar area missing.Provide proper protection.", "address": "200   Stuart ST", "city": "Boston", "zip": 2116, "property_id": 155726, "latitude_Y": 42.350534, "longitude_X": -71.06757, "year": 2015 }, "geometry": { "type": "Point", "coordinates": [ -71.06757, 42.350534 ] } },
{ "type": "Feature", "properties": { "businessname": "Row 34", "dbaname": null, "legalowner": "CFS SEAPORT LLC", "namelast": "Virginica L L C", "namefirst": " ", "licenseno": 90328, "issdttm": "2013-11-29T09:43:39", "expdttm": "2020-12-31T23:59:00", "licstatus": "Active", "licensecat": "FS", "descript": "Eating & Drinking", "result": "HE_Fail", "resultdttm": "2015-10-14T11:57:29", "violation": "08-3-302.11/3-304.11", "viollevel": "***", "violdesc": "Separation  Segregation Cross Contamination", "violdttm": "2015-10-14T11:57:29", "violstatus": "Fail", "statusdate": null, "comments": "Dry oysters (not stored in ice)  from different batches and species are stored in self draining bins on top of one another / Discontinue and properly separate all batches and species so that there is no chance of drainage into one another to eliminate risk of cross-contamination.", "address": "381   Congress ST", "city": "Boston", "zip": 2110, "property_id": 42115, "latitude_Y": 42.349586, "longitude_X": -71.047643, "year": 2015 }, "geometry": { "type": "Point", "coordinates": [ -71.047643, 42.349586 ] } },
{ "type": "Feature", "properties": { "businessname": "Royale", "dbaname": null, "legalowner": "BOSTON BALLROOM CORP LOU DELIPIDIO", "namelast": "BOSTON BALLROOM CORP", "namefirst": " ", "licenseno": 19264, "issdttm": "2012-02-13T14:16:53", "expdttm": "2020-12-31T23:59:00", "licstatus": "Active", "licensecat": "FS", "descript": "Eating & Drinking", "result": "HE_FailExt", "resultdttm": "2018-11-01T08:52:46", "violation": "21-3-304.14", "viollevel": "*", "violdesc": "Wiping Cloths  Clean  Sanitize", "violdttm": "2018-11-01T08:52:46", "violstatus": "Pass", "statusdate": "2018-11-02T09:00:50", "comments": "Sponge at 2 bay sink - Kitchen/prep", "address": "279  Tremont ST", "city": "Boston", "zip": 2116, "property_id": 155798, "latitude_Y": 42.34995, "longitude_X": -71.065539, "year": 2018 }, "geometry": { "type": "Point", "coordinates": [ -71.065539, 42.34995 ] } },
{ "type": "Feature", "properties": { "businessname": "RUCKUS NOODLES", "dbaname": null, "legalowner": "  ", "namelast": "Moy", "namefirst": "Brian", "licenseno": 130835, "issdttm": "2017-06-02T09:38:16", "expdttm": "2020-12-31T23:59:00", "licstatus": "Active", "licensecat": "FS", "descript": "Eating & Drinking", "result": "HE_Fail", "resultdttm": "2018-03-20T09:01:47", "violation": "31-5-204/05.11", "viollevel": "***", "violdesc": "Location  Accessible", "violdttm": "2018-03-20T09:01:47", "violstatus": "Fail", "statusdate": null, "comments": "Hand sink blocked by equipment  remove to allow access to properly wash hands", "address": "5   Tyler ST", "city": "Boston", "zip": 2111, "property_id": 340774, "latitude_Y": 42.351122, "longitude_X": -71.060955, "year": 2018 }, "geometry": { "type": "Point", "coordinates": [ -71.060955, 42.351122 ] } },
{ "type": "Feature", "properties": { "businessname": "Ruggles Pizza and Cafe", "dbaname": null, "legalowner": null, "namelast": "Yotel LLC", "namefirst": "Brook Yohannes", "licenseno": 137384, "issdttm": "2016-03-10T09:32:08", "expdttm": "2020-12-31T23:59:00", "licstatus": "Active", "licensecat": "FT", "descript": "Eating & Drinking w/ Take Out", "result": "HE_Fail", "resultdttm": "2016-03-04T11:53:57", "violation": "17-4-204.112/.115", "viollevel": "*", "violdesc": "Equipment Thermometers", "violdttm": "2016-03-04T11:53:57", "violstatus": "Fail", "statusdate": null, "comments": "provide internal thermometer to register 41 degrees or below at front display case", "address": "249  Ruggles ST", "city": "Boston", "zip": 2115, "property_id": 119460, "latitude_Y": 42.33743, "longitude_X": -71.08798, "year": 2016 }, "geometry": { "type": "Point", "coordinates": [ -71.08798, 42.33743 ] } },
{ "type": "Feature", "properties": { "businessname": "Ruth Mulan Chu Chao Center", "dbaname": null, "legalowner": "  ", "namelast": "Restaurant Associates", "namefirst": "Todd Mulder  GM", "licenseno": 130633, "issdttm": "2016-05-05T09:31:58", "expdttm": "2020-12-31T23:59:00", "licstatus": "Active", "licensecat": "FS", "descript": "Eating & Drinking", "result": "HE_Fail", "resultdttm": "2018-10-24T13:07:13", "violation": "03-3-501.16", "viollevel": "***", "violdesc": "Hot Holding", "violdttm": "2018-10-24T13:07:13", "violstatus": "Fail", "statusdate": null, "comments": "Chicken 120F sliced beef 109F Duck leg  115f Salmon  125F for 30 min per PIC.maintain hot holding 140F or above. PIC removed to re-heat/hold at proper temp", "address": "49  Harvard WAY", "city": "Boston", "zip": 2163, "property_id": 341114, "latitude_Y": 42.366649, "longitude_X": -71.119992, "year": 2018 }, "geometry": { "type": "Point", "coordinates": [ -71.119992, 42.366649 ] } },
{ "type": "Feature", "properties": { "businessname": "Ruth's Chris Steak House", "dbaname": null, "legalowner": "BOSTON REDEVELOPMENT AUTH", "namelast": "Ruth's Chris Steak House", "namefirst": "Licensing & Compliance", "licenseno": 24055, "issdttm": "2012-02-13T14:14:30", "expdttm": "2020-12-31T23:59:00", "licstatus": "Active", "licensecat": "FS", "descript": "Eating & Drinking", "result": "HE_Fail", "resultdttm": "2016-09-07T11:31:39", "violation": "04-3-501.15/4-301.11", "viollevel": "*", "violdesc": "Inadequate Facilities/Cooling Methods", "violdttm": "2016-09-07T11:31:39", "violstatus": "Fail", "statusdate": null, "comments": "Cooked eggs inside of the salad preparation cooler with an elevated temperature of 55F. Discontinue and ensure proper cooling methods are in place. Eggs were removed at the time of the inspection.", "address": "45   School ST", "city": "Boston", "zip": 2108, "property_id": 123779, "latitude_Y": 42.35811, "longitude_X": -71.05933, "year": 2016 }, "geometry": { "type": "Point", "coordinates": [ -71.05933, 42.35811 ] } },
{ "type": "Feature", "properties": { "businessname": "Sa Pa", "dbaname": null, "legalowner": "FORTY THREE KINGSTON ST", "namelast": "Ky Nguyen", "namefirst": " ", "licenseno": 81199, "issdttm": "2013-02-26T08:39:45", "expdttm": "2020-12-31T23:59:00", "licstatus": "Active", "licensecat": "FS", "descript": "Eating & Drinking", "result": "HE_Fail", "resultdttm": "2016-06-03T13:34:14", "violation": "29-5-201/02.11", "viollevel": "*", "violdesc": "Installed and Maintained", "violdttm": "2016-06-03T13:34:14", "violstatus": "Fail", "statusdate": null, "comments": "hot water is intermittent at establishment  repair", "address": "43  Kingston ST", "city": "Boston", "zip": 2111, "property_id": 82025, "latitude_Y": 42.35345, "longitude_X": -71.05947, "year": 2016 }, "geometry": { "type": "Point", "coordinates": [ -71.05947, 42.35345 ] } },
{ "type": "Feature", "properties": { "businessname": "Saladworks", "dbaname": null, "legalowner": "EIGHTEEN TREMONT HOLDINGS", "namelast": "Lai", "namefirst": "Tien-tien", "licenseno": 130380, "issdttm": "2015-03-13T13:22:48", "expdttm": "2016-12-31T23:59:00", "licstatus": "Inactive", "licensecat": "FT", "descript": "Eating & Drinking w/ Take Out", "result": "HE_Fail", "resultdttm": "2015-03-09T10:47:53", "violation": "17-4-302.14", "viollevel": "*", "violdesc": "Test Kit Provided", "violdttm": "2015-03-09T10:47:53", "violstatus": "Fail", "statusdate": null, "comments": "No test kits on site for low temp machine / Provide.", "address": "18  Tremont ST", "city": "Boston", "zip": 2108, "property_id": 137451, "latitude_Y": 42.35873, "longitude_X": -71.05948, "year": 2015 }, "geometry": { "type": "Point", "coordinates": [ -71.05948, 42.35873 ] } },
{ "type": "Feature", "properties": { "businessname": "Salem Market", "dbaname": null, "legalowner": "FUSCO CHARLES G TS", "namelast": "Bilodariya Pres.", "namefirst": "RJ", "licenseno": 168648, "issdttm": "2017-03-28T10:35:41", "expdttm": "2020-12-31T23:59:00", "licstatus": "Active", "licensecat": "RF", "descript": "Retail Food", "result": "HE_Fail", "resultdttm": "2018-01-03T12:29:45", "violation": "08-3-302.11/3-304.11", "viollevel": "***", "violdesc": "Separation  Segregation Cross Contamination", "violdttm": "2018-01-03T12:29:45", "violstatus": "Fail", "statusdate": null, "comments": "There are foods in the refrigerator that are past the sell by date and expiration dates.  Remove all expired food products.", "address": "170   Salem ST", "city": "Boston", "zip": 2113, "property_id": 121814, "latitude_Y": 42.36623, "longitude_X": -71.05497, "year": 2018 }, "geometry": { "type": "Point", "coordinates": [ -71.05497, 42.36623 ] } },
{ "type": "Feature", "properties": { "businessname": "Saloniki", "dbaname": null, "legalowner": "WABAN-132 LLC", "namelast": "Greek Modern Kitchen LLC", "namefirst": "Eric Papachristos  CEO", "licenseno": 155271, "issdttm": "2016-03-07T13:55:53", "expdttm": "2020-12-31T23:59:00", "licstatus": "Active", "licensecat": "FS", "descript": "Eating & Drinking", "result": "HE_Fail", "resultdttm": "2016-07-28T09:44:16", "violation": "03-3-501.16", "viollevel": "***", "violdesc": "Hot Holding", "violdttm": "2016-07-28T09:44:16", "violstatus": "Fail", "statusdate": null, "comments": "Lamb meatball 124 F - (PIC removed food product from service)", "address": "132  Brookline AVE", "city": "Boston", "zip": 2215, "property_id": 22084, "latitude_Y": 42.34516, "longitude_X": -71.10041, "year": 2016 }, "geometry": { "type": "Point", "coordinates": [ -71.10041, 42.34516 ] } },
{ "type": "Feature", "properties": { "businessname": "Sals Lunch", "dbaname": null, "legalowner": "ARENIELLO LUIGI ETAL", "namelast": "LUIGI ARENIELLO", "namefirst": " ", "licenseno": 18606, "issdttm": "2012-02-24T10:54:15", "expdttm": "2020-12-31T23:59:00", "licstatus": "Active", "licensecat": "FS", "descript": "Eating & Drinking", "result": "HE_Fail", "resultdttm": "2015-03-25T10:49:48", "violation": "01-3-201.11", "viollevel": "***", "violdesc": "Approved Source", "violdttm": "2015-03-25T10:49:48", "violstatus": "Fail", "statusdate": null, "comments": "Some foods being purchased fro Market Basket - discontinue [ licensed wholesalers only ]", "address": "31   Thacher ST", "city": "Boston", "zip": 2113, "property_id": 134649, "latitude_Y": 42.36536, "longitude_X": -71.05793, "year": 2015 }, "geometry": { "type": "Point", "coordinates": [ -71.05793, 42.36536 ] } },
{ "type": "Feature", "properties": { "businessname": "SAL'S PIZZA", "dbaname": null, "legalowner": null, "namelast": "Lupoli", "namefirst": "Sal", "licenseno": 135357, "issdttm": "2015-04-16T09:54:45", "expdttm": "2020-12-31T23:59:00", "licstatus": "Active", "licensecat": "FT", "descript": "Eating & Drinking w/ Take Out", "result": "HE_Fail", "resultdttm": "2015-12-28T11:18:50", "violation": "03-3-501.16", "viollevel": "***", "violdesc": "Hot Holding", "violdttm": "2015-12-28T11:18:50", "violstatus": "Fail", "statusdate": null, "comments": "They are keeping logs and discarding pizza after four hours but the manger is not sure of they have a variance for time as a public health control.  The bbq chicken pizza is 110F and the sausage pepperoni is 78F.  Provide proper hot holding of 140F or above or apply for a variance for time as a public health control.", "address": "51   Brookline AVE", "city": "Boston", "zip": 2215, "property_id": 22106, "latitude_Y": 42.347328, "longitude_X": -71.098676, "year": 2015 }, "geometry": { "type": "Point", "coordinates": [ -71.098676, 42.347328 ] } },
{ "type": "Feature", "properties": { "businessname": "Sal's Pizza/Bakery", "dbaname": null, "legalowner": null, "namelast": "S J P Inc.", "namefirst": " ", "licenseno": 67640, "issdttm": "2012-02-14T12:27:44", "expdttm": "2020-12-31T23:59:00", "licstatus": "Active", "licensecat": "FT", "descript": "Eating & Drinking w/ Take Out", "result": "HE_Fail", "resultdttm": "2015-12-21T11:19:07", "violation": "03-3-501.16(A)", "viollevel": "***", "violdesc": "Cold Holding", "violdttm": "2015-12-21T11:19:07", "violstatus": "Fail", "statusdate": null, "comments": "Multiple products in lift top sandwich unit above 41F. Salads 50F  Cheese 49F. REmoved at time of inspection and placed in walkin (39F)", "address": "150   Tremont ST", "city": "Boston", "zip": 2111, "property_id": 155980, "latitude_Y": 42.354798, "longitude_X": -71.063101, "year": 2015 }, "geometry": { "type": "Point", "coordinates": [ -71.063101, 42.354798 ] } },
{ "type": "Feature", "properties": { "businessname": "Saltie Girl", "dbaname": null, "legalowner": null, "namelast": "Met LLC", "namefirst": "Carl Goldberg  Tres.", "licenseno": 201186, "issdttm": "2016-08-26T15:13:08", "expdttm": "2020-12-31T23:59:00", "licstatus": "Active", "licensecat": "FS", "descript": "Eating & Drinking", "result": "HE_Fail", "resultdttm": "2016-08-12T11:31:06", "violation": "31-5-203.11", "viollevel": "***", "violdesc": "Number  Convenient", "violdttm": "2016-08-12T11:31:06", "violstatus": "Fail", "statusdate": null, "comments": "Provide additional handwash sink at front bar area.Handwash Sink will be reviewed at ISD office.PIC will be notified.", "address": "277  Dartmouth ST", "city": "Boston", "zip": 2116, "property_id": 158145, "latitude_Y": 42.35112, "longitude_X": -71.07758, "year": 2016 }, "geometry": { "type": "Point", "coordinates": [ -71.07758, 42.35112 ] } },
{ "type": "Feature", "properties": { "businessname": "Salty Pig", "dbaname": null, "legalowner": "SHERRY BERGER FIREFLY AN AMERICAN BISTR", "namelast": "Trivr Inc.", "namefirst": " ", "licenseno": 75013, "issdttm": "2012-03-01T09:53:39", "expdttm": "2020-12-31T23:59:00", "licstatus": "Active", "licensecat": "FS", "descript": "Eating & Drinking", "result": "HE_Fail", "resultdttm": "2016-01-11T12:21:53", "violation": "17-4-204.112/.115", "viollevel": "*", "violdesc": "Equipment Thermometers", "violdttm": "2016-01-11T12:21:53", "violstatus": "Fail", "statusdate": null, "comments": "Wash/Rinse guage not operating.Repair.maintain was/rinse temp minimum 120/120F or per maufactures instructions.", "address": "130   Dartmouth ST", "city": "Boston", "zip": 2116, "property_id": 158249, "latitude_Y": 42.346779, "longitude_X": -71.0761, "year": 2016 }, "geometry": { "type": "Point", "coordinates": [ -71.0761, 42.346779 ] } },
{ "type": "Feature", "properties": { "businessname": "SALUMERIA ITALIANA", "dbaname": null, "legalowner": "MARTIGNETTI WANDA M", "namelast": "MARTIGNETTI", "namefirst": "GUY", "licenseno": 18710, "issdttm": "2012-06-18T11:12:53", "expdttm": "2020-12-31T23:59:00", "licstatus": "Active", "licensecat": "RF", "descript": "Retail Food", "result": "HE_Fail", "resultdttm": "2015-11-04T11:32:58", "violation": "03-3-501.16(A)", "viollevel": "***", "violdesc": "Cold Holding", "violdttm": "2015-11-04T11:32:58", "violstatus": "Fail", "statusdate": null, "comments": "cheeses out at room temperature for an undetermined amount of time", "address": "151   Richmond ST", "city": "Boston", "zip": 2109, "property_id": 115752, "latitude_Y": 42.36352, "longitude_X": -71.05437, "year": 2015 }, "geometry": { "type": "Point", "coordinates": [ -71.05437, 42.36352 ] } },
{ "type": "Feature", "properties": { "businessname": "Sams", "dbaname": null, "legalowner": null, "namelast": "Debra Greenberg", "namefirst": " ", "licenseno": 67430, "issdttm": "2011-12-27T11:22:30", "expdttm": "2015-12-31T23:59:00", "licstatus": "Inactive", "licensecat": "FS", "descript": "Eating & Drinking", "result": "HE_Filed", "resultdttm": "2015-08-18T12:12:57", "violation": "21-3-304.14", "viollevel": "*", "violdesc": "Wiping Cloths  Clean  Sanitize", "violdttm": "2015-08-18T12:12:57", "violstatus": "Fail", "statusdate": null, "comments": "Keep all in use wiping cloths in a sanitizing solution when not in use.", "address": "28   Northern AV", "city": "Boston", "zip": 2210, "property_id": 103894, "latitude_Y": 42.352802, "longitude_X": -71.044535, "year": 2015 }, "geometry": { "type": "Point", "coordinates": [ -71.044535, 42.352802 ] } },
{ "type": "Feature", "properties": { "businessname": "Santouka", "dbaname": null, "legalowner": "ENGEL LUCY", "namelast": "Plenty USA Inc.", "namefirst": "Jun Yoneda", "licenseno": 160691, "issdttm": "2016-10-19T09:08:08", "expdttm": "2020-12-31T23:59:00", "licstatus": "Active", "licensecat": "FS", "descript": "Eating & Drinking", "result": "HE_Fail", "resultdttm": "2016-06-24T12:56:05", "violation": "20-4-703.11", "viollevel": "***", "violdesc": "Food Contact Surfaces Clean", "violdttm": "2016-06-24T12:56:05", "violstatus": "Fail", "statusdate": null, "comments": "High temp dish machine not maintaining 180 F -  All ware washing will be performed in 3 bay sink in ware washing area (using quats sanitizer at 3 bay sink)", "address": "66   Hereford ST", "city": "Boston", "zip": 2115, "property_id": 73018, "latitude_Y": 42.34846, "longitude_X": -71.08534, "year": 2016 }, "geometry": { "type": "Point", "coordinates": [ -71.08534, 42.34846 ] } },
{ "type": "Feature", "properties": { "businessname": "Sarafina", "dbaname": null, "legalowner": null, "namelast": "Greenberg", "namefirst": "Seth", "licenseno": 337786, "issdttm": "2019-01-31T15:40:20", "expdttm": "2020-12-31T23:59:00", "licstatus": "Active", "licensecat": "FS", "descript": "Eating & Drinking", "result": "HE_Fail", "resultdttm": "2020-09-03T13:42:16", "violation": "590.002(C)/2-102.12-C", "viollevel": "*", "violdesc": "(A) Certified Food Protection Manager (C)", "violdttm": "2020-09-03T13:42:16", "violstatus": "Fail", "statusdate": null, "comments": "No CFPM or Allergen Certificate posted. Provide.", "address": "237   Newbury ST", "city": "Boston", "zip": 2116, "property_id": 157460, "latitude_Y": 42.349901, "longitude_X": -71.082039, "year": 2020 }, "geometry": { "type": "Point", "coordinates": [ -71.082039, 42.349901 ] } },
{ "type": "Feature", "properties": { "businessname": "Sate Grill", "dbaname": null, "legalowner": "TSNE NON PROFIT CENTER LLC", "namelast": "Smart Gourmet L L C", "namefirst": " ", "licenseno": 85009, "issdttm": "2013-05-17T10:28:37", "expdttm": "2020-12-31T23:59:00", "licstatus": "Active", "licensecat": "FT", "descript": "Eating & Drinking w/ Take Out", "result": "HE_Fail", "resultdttm": "2016-10-03T11:27:19", "violation": "03-3-501.16", "viollevel": "***", "violdesc": "Hot Holding", "violdttm": "2016-10-03T11:27:19", "violstatus": "Fail", "statusdate": null, "comments": "Curry Chicken @ 125f  Rice @ 120f  Beef @ 133f in steam table  Ensure proepr hot hold of 140f or above ( foods in steam table reheated to 145f-160f at time of inspection).", "address": "89   South ST", "city": "Boston", "zip": 2111, "property_id": 155646, "latitude_Y": 42.35192, "longitude_X": -71.05795, "year": 2016 }, "geometry": { "type": "Point", "coordinates": [ -71.05795, 42.35192 ] } },
{ "type": "Feature", "properties": { "businessname": "Saus Boston", "dbaname": null, "legalowner": "DE NORMANDIE PHILIP Y", "namelast": "Kropinicki", "namefirst": "Tanya R.", "licenseno": 68342, "issdttm": "2012-01-03T10:19:08", "expdttm": "2020-12-31T23:59:00", "licstatus": "Active", "licensecat": "FS", "descript": "Eating & Drinking", "result": "HE_Fail", "resultdttm": "2015-04-17T13:06:17", "violation": "02-3-602.11-.12/3-302.12", "viollevel": "*", "violdesc": "Food Container Labels", "violdttm": "2015-04-17T13:06:17", "violstatus": "Fail", "statusdate": null, "comments": "Label all bulk food containers to identify the product", "address": "31   Union ST", "city": "Boston", "zip": 2108, "property_id": 139291, "latitude_Y": 42.36117, "longitude_X": -71.05678, "year": 2015 }, "geometry": { "type": "Point", "coordinates": [ -71.05678, 42.36117 ] } },
{ "type": "Feature", "properties": { "businessname": "Savenor's Market", "dbaname": null, "legalowner": null, "namelast": "SAVENOR", "namefirst": "RONALD", "licenseno": 19539, "issdttm": "2012-01-09T15:21:35", "expdttm": "2020-12-31T23:59:00", "licstatus": "Active", "licensecat": "RF", "descript": "Retail Food", "result": "HE_Fail", "resultdttm": "2015-06-17T12:20:53", "violation": "01-3-602.11 B2", "viollevel": "***", "violdesc": "Labeling of Ingredients", "violdttm": "2015-06-17T12:20:53", "violstatus": "Fail", "statusdate": null, "comments": "Fresh fruit cups and packaged soups not labeled properly.Provide proper labels with all ingrediants and allergen information.", "address": "160   Charles ST", "city": "Boston", "zip": 2114, "property_id": 155831, "latitude_Y": 42.360371, "longitude_X": -71.07104, "year": 2015 }, "geometry": { "type": "Point", "coordinates": [ -71.07104, 42.360371 ] } },
{ "type": "Feature", "properties": { "businessname": "Savory Food Truck No.  3 (P-33-235)", "dbaname": null, "legalowner": "  ", "namelast": "Enterprises Management Co.  L L C", "namefirst": " ", "licenseno": 77583, "issdttm": "2011-12-07T13:42:34", "expdttm": "2020-12-31T23:59:00", "licstatus": "Active", "licensecat": "MFW", "descript": "Mobile Food Walk On", "result": "HE_Fail", "resultdttm": "2015-08-27T14:14:48", "violation": "03-3-501.16(A)", "viollevel": "***", "violdesc": "Cold Holding", "violdttm": "2015-08-27T14:14:48", "violstatus": "Fail", "statusdate": null, "comments": "Cut cabbage  83F  cut -up broccoli 77F cooked at commissary  then placed on ice in truck. All cold holding must be at 41F or below. digarded by PIC", "address": "0   Blossom ST", "city": "Boston", "zip": 2114, "property_id": 16059, "latitude_Y": 42.362741, "longitude_X": -71.066147, "year": 2015 }, "geometry": { "type": "Point", "coordinates": [ -71.066147, 42.362741 ] } },
{ "type": "Feature", "properties": { "businessname": "Savvor Restaurant & Lounge", "dbaname": null, "legalowner": "CRAWFORD BUILDING LPS", "namelast": "Firmin", "namefirst": "Francois", "licenseno": 125501, "issdttm": "2014-04-03T10:51:52", "expdttm": "2020-12-31T23:59:00", "licstatus": "Active", "licensecat": "FS", "descript": "Eating & Drinking", "result": "HE_Fail", "resultdttm": "2016-10-13T19:21:47", "violation": "03-3-501.16(A)", "viollevel": "***", "violdesc": "Cold Holding", "violdttm": "2016-10-13T19:21:47", "violstatus": "Fail", "statusdate": null, "comments": "Salmon @ 46f  ensure proper cold hold of 41f or below", "address": "174   Lincoln ST", "city": "Boston", "zip": 2111, "property_id": 86078, "latitude_Y": 42.350585, "longitude_X": -71.058431, "year": 2016 }, "geometry": { "type": "Point", "coordinates": [ -71.058431, 42.350585 ] } },
{ "type": "Feature", "properties": { "businessname": "Scali Deli Cafe", "dbaname": null, "legalowner": null, "namelast": "Chehwan", "namefirst": "Mary", "licenseno": 25982, "issdttm": "2012-02-21T13:52:22", "expdttm": "2020-12-31T23:59:00", "licstatus": "Active", "licensecat": "FT", "descript": "Eating & Drinking w/ Take Out", "result": "HE_Fail", "resultdttm": "2015-04-06T13:37:43", "violation": "03-3-501.16(A)", "viollevel": "***", "violdesc": "Cold Holding", "violdttm": "2015-04-06T13:37:43", "violstatus": "Fail", "statusdate": null, "comments": "Tuna 55F  / Provide proper cold holding temperatures.", "address": "147   Pearl ST", "city": "Boston", "zip": 2110, "property_id": 158265, "latitude_Y": 42.35457, "longitude_X": -71.053679, "year": 2015 }, "geometry": { "type": "Point", "coordinates": [ -71.053679, 42.35457 ] } },
{ "type": "Feature", "properties": { "businessname": "Scampo", "dbaname": null, "legalowner": "MASSACHUSETTS GENERAL HOSP", "namelast": "c/o Lyons Group", "namefirst": " ", "licenseno": 28926, "issdttm": "2011-12-13T10:14:02", "expdttm": "2020-12-31T23:59:00", "licstatus": "Active", "licensecat": "FS", "descript": "Eating & Drinking", "result": "HE_Fail", "resultdttm": "2016-06-03T13:01:51", "violation": "12-3--301.11", "viollevel": "***", "violdesc": "Prevention of Contamination from Hands", "violdttm": "2016-06-03T13:01:51", "violstatus": "Fail", "statusdate": null, "comments": "Observed Bar tender dispesning fruit for drinks with bare hands. Discontinue. PIC took immediate corrective action and supplied gloves for dispensing fruit garnishes at bar. Too order utensils.", "address": "215   Charles ST", "city": "Boston", "zip": 2114, "property_id": 29141, "latitude_Y": 42.361968, "longitude_X": -71.070175, "year": 2016 }, "geometry": { "type": "Point", "coordinates": [ -71.070175, 42.361968 ] } },
{ "type": "Feature", "properties": { "businessname": "Scholars Restaurant", "dbaname": null, "legalowner": "FLATLEY THOMAS J", "namelast": "Leinster Group", "namefirst": " ", "licenseno": 75200, "issdttm": "2012-01-13T10:12:02", "expdttm": "2020-12-31T23:59:00", "licstatus": "Active", "licensecat": "FS", "descript": "Eating & Drinking", "result": "HE_Fail", "resultdttm": "2015-03-25T13:50:21", "violation": "15-4-202.16", "viollevel": "*", "violdesc": "Non-Food Contact Surfaces", "violdttm": "2015-03-25T13:50:21", "violstatus": "Fail", "statusdate": null, "comments": "Grease trap is rusted / Repaint", "address": "23   School ST", "city": "Boston", "zip": 2108, "property_id": 123777, "latitude_Y": 42.3577, "longitude_X": -71.05896, "year": 2015 }, "geometry": { "type": "Point", "coordinates": [ -71.05896, 42.3577 ] } },
{ "type": "Feature", "properties": { "businessname": "SCOLA'S CAFE", "dbaname": null, "legalowner": "AMB FUND III", "namelast": "Phan Le L L C", "namefirst": " ", "licenseno": 129367, "issdttm": "2014-09-11T13:41:45", "expdttm": "2020-12-31T23:59:00", "licstatus": "Active", "licensecat": "FS", "descript": "Eating & Drinking", "result": "HE_Fail", "resultdttm": "2015-04-17T10:51:20", "violation": "08-3-305-307.11", "viollevel": "*", "violdesc": "Food Protection", "violdttm": "2015-04-17T10:51:20", "violstatus": "Fail", "statusdate": null, "comments": "clean interior of the ice machine", "address": "88  Black Falcon AVE", "city": "Boston", "zip": 2210, "property_id": 155126, "latitude_Y": 42.3439, "longitude_X": -71.02251, "year": 2015 }, "geometry": { "type": "Point", "coordinates": [ -71.02251, 42.3439 ] } },
{ "type": "Feature", "properties": { "businessname": "SCOLLAY SQUARE", "dbaname": null, "legalowner": "DROOKER STEVEN TRST", "namelast": "DALBECK", "namefirst": "BRAD", "licenseno": 23009, "issdttm": "2012-02-13T14:08:50", "expdttm": "2018-12-31T23:59:00", "licstatus": "Inactive", "licensecat": "FS", "descript": "Eating & Drinking", "result": "HE_Fail", "resultdttm": "2015-06-24T12:31:44", "violation": "03-3-501.16(A)", "viollevel": "***", "violdesc": "Cold Holding", "violdttm": "2015-06-24T12:31:44", "violstatus": "Fail", "statusdate": null, "comments": "lobster @ 48f-54f  ensure proper cold hold of 41f or below (Chef discraded unsafe foods at time of inspection).", "address": "21   Beacon ST", "city": "Boston", "zip": 2108, "property_id": 10099, "latitude_Y": 42.3582, "longitude_X": -71.06238, "year": 2015 }, "geometry": { "type": "Point", "coordinates": [ -71.06238, 42.3582 ] } },
{ "type": "Feature", "properties": { "businessname": "Scoozi", "dbaname": null, "legalowner": "  ", "namelast": "JD Restaurant Group Inc.", "namefirst": "James Deveney", "licenseno": 67670, "issdttm": "2011-12-13T11:59:09", "expdttm": "2020-12-31T23:59:00", "licstatus": "Inactive", "licensecat": "FS", "descript": "Eating & Drinking", "result": "HE_Fail", "resultdttm": "2015-03-04T11:55:56", "violation": "06-3-501.13", "viollevel": "*", "violdesc": "PHF's Properly Thawed", "violdttm": "2015-03-04T11:55:56", "violstatus": "Fail", "statusdate": null, "comments": "Raw meat  thawing inside the prep sink filled with water.Water not runing. Thaw properly.", "address": "580  Commonwealth AVE", "city": "Boston", "zip": 2215, "property_id": 340121, "latitude_Y": 42.348814, "longitude_X": -71.099357, "year": 2015 }, "geometry": { "type": "Point", "coordinates": [ -71.099357, 42.348814 ] } },
{ "type": "Feature", "properties": { "businessname": "Scopa", "dbaname": null, "legalowner": null, "namelast": "Riccio", "namefirst": "Cennaro", "licenseno": 169485, "issdttm": "2016-05-11T09:48:16", "expdttm": "2020-12-31T23:59:00", "licstatus": "Active", "licensecat": "FS", "descript": "Eating & Drinking", "result": "HE_Pass", "resultdttm": "2016-05-10T11:48:54", "violation": "17-4-302.14", "viollevel": "*", "violdesc": "Test Kit Provided", "violdttm": "2016-05-10T11:48:54", "violstatus": "Pass", "statusdate": "2016-05-11T08:22:09", "comments": "Provide proper test kits for dish machines and 3 bay sink.", "address": "319   Hanover ST", "city": "Boston", "zip": 2113, "property_id": 155821, "latitude_Y": 42.364038, "longitude_X": -71.054008, "year": 2016 }, "geometry": { "type": "Point", "coordinates": [ -71.054008, 42.364038 ] } },
{ "type": "Feature", "properties": { "businessname": "Seaport Hotel", "dbaname": null, "legalowner": "MASS PORT AUTHORITY", "namelast": "SEAPORT HOTEL LIMITED PARTNERSHIP", "namefirst": " ", "licenseno": 20783, "issdttm": "2012-01-05T13:53:04", "expdttm": "2020-12-31T23:59:00", "licstatus": "Active", "licensecat": "FS", "descript": "Eating & Drinking", "result": "HE_Fail", "resultdttm": "2015-04-29T13:50:13", "violation": "08-3-305-307.11", "viollevel": "*", "violdesc": "Food Protection", "violdttm": "2015-04-29T13:50:13", "violstatus": "Fail", "statusdate": null, "comments": "keep all bulk food items in covered containers.", "address": "1  Seaport LN", "city": "Boston", "zip": 2210, "property_id": 124057, "latitude_Y": 42.349316, "longitude_X": -71.041743, "year": 2015 }, "geometry": { "type": "Point", "coordinates": [ -71.041743, 42.349316 ] } },
{ "type": "Feature", "properties": { "businessname": "Second Cup Coffee Co.", "dbaname": null, "legalowner": null, "namelast": "Patel", "namefirst": "Smitesh N.", "licenseno": 348190, "issdttm": "2019-06-11T08:38:28", "expdttm": "2020-12-31T23:59:00", "licstatus": "Active", "licensecat": "FT", "descript": "Eating & Drinking w/ Take Out", "result": "HE_Fail", "resultdttm": "2020-02-24T11:20:08", "violation": "590.002/2-501.11-PF", "viollevel": "**", "violdesc": "Clean-up of Vomiting and Diarrheal Events (Pf)", "violdttm": "2020-02-24T11:20:08", "violstatus": "Fail", "statusdate": null, "comments": "No noro/virus cleaning . Provide", "address": "91   Causeway ST", "city": "Boston", "zip": 2114, "property_id": 162912, "latitude_Y": 42.364712, "longitude_X": -71.061931, "year": 2020 }, "geometry": { "type": "Point", "coordinates": [ -71.061931, 42.364712 ] } },
{ "type": "Feature", "properties": { "businessname": "Select Oyster Bar", "dbaname": null, "legalowner": "DERGARABEDIAN RICHARD TS", "namelast": "Select Oyster LLC", "namefirst": "Michael Serpa", "licenseno": 136059, "issdttm": "2015-03-30T08:40:41", "expdttm": "2020-12-31T23:59:00", "licstatus": "Active", "licensecat": "FS", "descript": "Eating & Drinking", "result": "HE_Fail", "resultdttm": "2015-06-26T14:19:37", "violation": "08-3-302.11/3-304.11", "viollevel": "***", "violdesc": "Separation  Segregation Cross Contamination", "violdttm": "2015-06-26T14:19:37", "violstatus": "Fail", "statusdate": null, "comments": "(1) Raw shell eggs stored above ready to eat product.PIC corrected during inspection.Maintain proper storage (2)Raw fish stored with ready to eat product in the top portion of the reach in unit across from the 6 burner range.PIC removed to lower refrigeration unit.Maintain proper storage", "address": "50   Gloucester ST", "city": "Boston", "zip": 2115, "property_id": 64957, "latitude_Y": 42.34862, "longitude_X": -71.08407, "year": 2015 }, "geometry": { "type": "Point", "coordinates": [ -71.08407, 42.34862 ] } },
{ "type": "Feature", "properties": { "businessname": "Seoul", "dbaname": null, "legalowner": null, "namelast": "Boryung Inc.", "namefirst": "HeeYoung Jang", "licenseno": 350028, "issdttm": "2018-05-03T09:30:35", "expdttm": "2020-12-31T23:59:00", "licstatus": "Active", "licensecat": "FS", "descript": "Eating & Drinking", "result": "HE_Fail", "resultdttm": "2018-04-30T08:46:23", "violation": "03-3-501.16(A)", "viollevel": "***", "violdesc": "Cold Holding", "violdttm": "2018-04-30T08:46:23", "violstatus": "Fail", "statusdate": null, "comments": "Octupus 51F Shrimp 52F PIC stated less than one hour out of temperature . Remove place in walkin  until 41F or below . Cold holding must maintain 41F or below.", "address": "156   Cambridge ST", "city": "Boston", "zip": 2114, "property_id": 157515, "latitude_Y": 42.360978, "longitude_X": -71.064668, "year": 2018 }, "geometry": { "type": "Point", "coordinates": [ -71.064668, 42.360978 ] } },
{ "type": "Feature", "properties": { "businessname": "Seven's Ale House", "dbaname": null, "legalowner": "KILEY JOHN D TRST", "namelast": "KILEY", "namefirst": "JOHN D", "licenseno": 18308, "issdttm": "2011-12-29T10:36:10", "expdttm": "2020-12-31T23:59:00", "licstatus": "Active", "licensecat": "FS", "descript": "Eating & Drinking", "result": "HE_Fail", "resultdttm": "2015-06-01T13:54:31", "violation": "22-4-601/602.11", "viollevel": "**", "violdesc": "Food Contact Surfaces Clean", "violdttm": "2015-06-01T13:54:31", "violstatus": "Fail", "statusdate": null, "comments": "Slicer with dried up food debris. Clean and sanitize properly. Ice Machine interior soiled. Clean and sanitize properly.", "address": "77   Charles ST", "city": "Boston", "zip": 2114, "property_id": 29190, "latitude_Y": 42.35833, "longitude_X": -71.07039, "year": 2015 }, "geometry": { "type": "Point", "coordinates": [ -71.07039, 42.35833 ] } },
{ "type": "Feature", "properties": { "businessname": "Shabu-Zen", "dbaname": null, "legalowner": "  ", "namelast": "SZC LLC", "namefirst": "Att: Accounta Payable", "licenseno": 390469, "issdttm": "2019-09-23T12:18:12", "expdttm": "2020-12-31T23:59:00", "licstatus": "Active", "licensecat": "FS", "descript": "Eating & Drinking", "result": "HE_Fail", "resultdttm": "2020-07-22T11:31:08", "violation": "590.002(C)/2-102.12-C", "viollevel": "*", "violdesc": "(A) Certified Food Protection Manager (C)", "violdttm": "2020-07-22T11:31:08", "violstatus": "Fail", "statusdate": null, "comments": "At the time of the inspection there was no evidence of a Food Allergen Certification. Provide.", "address": "14  Tyler St", "city": "Boston", "zip": 2111, "property_id": 170646, "latitude_Y": 42.350861, "longitude_X": -71.060487, "year": 2020 }, "geometry": { "type": "Point", "coordinates": [ -71.060487, 42.350861 ] } },
{ "type": "Feature", "properties": { "businessname": "Shojo", "dbaname": null, "legalowner": null, "namelast": "Moy", "namefirst": "Brian", "licenseno": 23746, "issdttm": "2011-12-09T09:39:28", "expdttm": "2020-12-31T23:59:00", "licstatus": "Active", "licensecat": "FS", "descript": "Eating & Drinking", "result": "HE_TSOP", "resultdttm": "2017-12-18T16:37:43", "violation": "17-4-302.14", "viollevel": "*", "violdesc": "Test Kit Provided", "violdttm": "2017-12-18T16:37:43", "violstatus": "Fail", "statusdate": null, "comments": "3 bay sink/provide proper quat test kit", "address": "11   Tyler ST", "city": "Boston", "zip": 2111, "property_id": 157824, "latitude_Y": 42.351057, "longitude_X": -71.060789, "year": 2017 }, "geometry": { "type": "Point", "coordinates": [ -71.060789, 42.351057 ] } },
{ "type": "Feature", "properties": { "businessname": "Shake Shack", "dbaname": null, "legalowner": "STAFFORDSHIRE LLC A MASS", "namelast": "Shake Shack Massachusetts LLC", "namefirst": "ATTN: Permits & Licenses", "licenseno": 383447, "issdttm": "2019-12-11T09:06:37", "expdttm": "2020-12-31T23:59:00", "licstatus": "Active", "licensecat": "FS", "descript": "Eating & Drinking", "result": "HE_Fail", "resultdttm": "2019-10-30T11:26:31", "violation": "590.006/6-201.11-C", "viollevel": "*", "violdesc": "Floors  Walls and Ceilings-Cleanability (C)", "violdttm": "2019-10-30T11:26:31", "violstatus": "Fail", "statusdate": null, "comments": "Clean tops of pipes on ceiling of hallway. Remove dust buildup. In the basement storage areas  keep all supplies 6 inches off the floor.", "address": "332   Washington ST", "city": "Boston", "zip": 2108, "property_id": 144698, "latitude_Y": 42.356696, "longitude_X": -71.058725, "year": 2019 }, "geometry": { "type": "Point", "coordinates": [ -71.058725, 42.356696 ] } },
{ "type": "Feature", "properties": { "businessname": "Shaking Crab", "dbaname": null, "legalowner": "VENTOURIS EMILIOS TS", "namelast": "Chan", "namefirst": "Susan", "licenseno": 335940, "issdttm": "2018-01-22T08:50:26", "expdttm": "2020-12-31T23:59:00", "licstatus": "Active", "licensecat": "FS", "descript": "Eating & Drinking", "result": "HE_Fail", "resultdttm": "2018-01-08T11:15:30", "violation": "16-4-501.11/.15", "viollevel": "*", "violdesc": "Dishwashng Facilities", "violdttm": "2018-01-08T11:15:30", "violstatus": "Fail", "statusdate": null, "comments": "3 bay sink compartments are leaking into each other.Properly seal all compartments to provide adequate seperation of wash/rinse/sanitizer water", "address": "140   Boylston ST", "city": "Boston", "zip": 2116, "property_id": 18101, "latitude_Y": 42.35228, "longitude_X": -71.06622, "year": 2018 }, "geometry": { "type": "Point", "coordinates": [ -71.06622, 42.35228 ] } },
{ "type": "Feature", "properties": { "businessname": "Shawarma Falafel", "dbaname": null, "legalowner": null, "namelast": "Daaboul", "namefirst": "Serge", "licenseno": 122199, "issdttm": "2013-12-19T11:05:11", "expdttm": "2020-12-31T23:59:00", "licstatus": "Active", "licensecat": "FT", "descript": "Eating & Drinking w/ Take Out", "result": "HE_Fail", "resultdttm": "2015-01-15T11:41:13", "violation": "37-6-501.11-.12", "viollevel": "*", "violdesc": "Improper Maintenance of Walls/Ceilings", "violdttm": "2015-01-15T11:41:13", "violstatus": "Fail", "statusdate": null, "comments": "Hood tag expired in December 2014 / Contact hood cleaning company immediately.", "address": "26   Province ST", "city": "Boston", "zip": 2108, "property_id": 157832, "latitude_Y": 42.357172, "longitude_X": -71.059651, "year": 2015 }, "geometry": { "type": "Point", "coordinates": [ -71.059651, 42.357172 ] } },
{ "type": "Feature", "properties": { "businessname": "Shing Hong Trading  Inc.", "dbaname": null, "legalowner": "LAU WAI KUENG TS", "namelast": "Angel Q. Feng Pres.", "namefirst": " ", "licenseno": 29179, "issdttm": "2011-12-19T14:11:36", "expdttm": "2020-12-31T23:59:00", "licstatus": "Active", "licensecat": "RF", "descript": "Retail Food", "result": "HE_Fail", "resultdttm": "2016-09-20T12:26:06", "violation": "01-3-602.11 B2", "viollevel": "***", "violdesc": "Labeling of Ingredients", "violdttm": "2016-09-20T12:26:06", "violstatus": "Fail", "statusdate": null, "comments": "Packaged foods on counters and shelkvinf without labels and ingredient  supply for all", "address": "66  Kneeland St", "city": "Boston", "zip": 2111, "property_id": 82318, "latitude_Y": 42.35053, "longitude_X": -71.06053, "year": 2016 }, "geometry": { "type": "Point", "coordinates": [ -71.06053, 42.35053 ] } },
{ "type": "Feature", "properties": { "businessname": "SHRINERS' HOSP. FOR CHILDREN", "dbaname": null, "legalowner": "SHRINERS HOSPITAL", "namelast": "SHRINERS' HOSPITAL FOR CHILDREN", "namefirst": " ", "licenseno": 20822, "issdttm": "2012-02-13T14:04:17", "expdttm": "2020-12-31T23:59:00", "licstatus": "Active", "licensecat": "FS", "descript": "Eating & Drinking", "result": "HE_Fail", "resultdttm": "2015-03-26T13:17:13", "violation": "03-3-501.16", "viollevel": "***", "violdesc": "Hot Holding", "violdttm": "2015-03-26T13:17:13", "violstatus": "Fail", "statusdate": null, "comments": "Chicken @ 120f  ensure proper hot holding of 140f or above", "address": "51   Blossom ST", "city": "Boston", "zip": 2114, "property_id": 16066, "latitude_Y": 42.36308, "longitude_X": -71.06645, "year": 2015 }, "geometry": { "type": "Point", "coordinates": [ -71.06645, 42.36308 ] } },
{ "type": "Feature", "properties": { "businessname": "Siam Bistro", "dbaname": null, "legalowner": "  ", "namelast": "Pat Vivatyukan", "namefirst": " ", "licenseno": 33534, "issdttm": "2012-03-01T14:39:44", "expdttm": "2020-12-31T23:59:00", "licstatus": "Active", "licensecat": "FT", "descript": "Eating & Drinking w/ Take Out", "result": "HE_Fail", "resultdttm": "2015-05-19T13:29:20", "violation": "03-3-501.16(A)", "viollevel": "***", "violdesc": "Cold Holding", "violdttm": "2015-05-19T13:29:20", "violstatus": "Fail", "statusdate": null, "comments": "Cut eggplant 66F  Fried chicken 65F  Beef 55F  Raw shell eggs 60F / Provide proper cold holding temperatures.", "address": "151   Pearl ST", "city": "Boston", "zip": 2110, "property_id": 291646, "latitude_Y": 42.35453, "longitude_X": -71.05363, "year": 2015 }, "geometry": { "type": "Point", "coordinates": [ -71.05363, 42.35453 ] } },
{ "type": "Feature", "properties": { "businessname": "SILVERTONE BAR & GRILL", "dbaname": null, "legalowner": null, "namelast": "KATY K. CHILDS", "namefirst": " ", "licenseno": 20502, "issdttm": "2011-12-19T12:44:45", "expdttm": "2016-12-31T23:59:00", "licstatus": "Inactive", "licensecat": "FS", "descript": "Eating & Drinking", "result": "HE_Fail", "resultdttm": "2015-08-20T14:20:57", "violation": "17-4-302.14", "viollevel": "*", "violdesc": "Test Kit Provided", "violdttm": "2015-08-20T14:20:57", "violstatus": "Fail", "statusdate": null, "comments": "Test kits on site are for Peracitic acid / Provide proper test kits.  Ecolab has been contacted.", "address": "69   Bromfield ST", "city": "Boston", "zip": 2108, "property_id": 155955, "latitude_Y": 42.357122, "longitude_X": -71.060928, "year": 2015 }, "geometry": { "type": "Point", "coordinates": [ -71.060928, 42.357122 ] } },
{ "type": "Feature", "properties": { "businessname": "Sip Wine Bar & Kitchen", "dbaname": null, "legalowner": "MILLENNIUM PLACE PRIMARY", "namelast": "Brad Dalbeck Pres.", "namefirst": " ", "licenseno": 79728, "issdttm": "2012-07-05T13:27:11", "expdttm": "2020-12-31T23:59:00", "licstatus": "Active", "licensecat": "FS", "descript": "Eating & Drinking", "result": "HE_Fail", "resultdttm": "2018-10-19T17:29:34", "violation": "14-4-202.11", "viollevel": "*", "violdesc": "Food Contact Surfaces Design", "violdttm": "2018-10-19T17:29:34", "violstatus": "Fail", "statusdate": null, "comments": "Replace scoured and stained cutting board on the salad unbit in the kitchen.", "address": "1  Avery St", "city": "Boston", "zip": 2111, "property_id": 6879, "latitude_Y": 42.353458, "longitude_X": -71.062852, "year": 2018 }, "geometry": { "type": "Point", "coordinates": [ -71.062852, 42.353458 ] } },
{ "type": "Feature", "properties": { "businessname": "Slate", "dbaname": null, "legalowner": "BRIGHAM'S INC.  #713 MS. COUGHLIN", "namelast": "Lower Middle Corp.", "namefirst": " ", "licenseno": 77128, "issdttm": "2012-04-26T11:25:18", "expdttm": "2020-12-31T23:59:00", "licstatus": "Active", "licensecat": "FS", "descript": "Eating & Drinking", "result": "HE_Fail", "resultdttm": "2015-12-03T14:19:17", "violation": "10-3-304.12", "viollevel": "*", "violdesc": "Food Utensil Storage", "violdttm": "2015-12-03T14:19:17", "violstatus": "Fail", "statusdate": null, "comments": "Utensils stored in stagnant water / Discontinue and properly store.", "address": "109   High ST", "city": "Boston", "zip": 2110, "property_id": 157372, "latitude_Y": 42.354737, "longitude_X": -71.05434, "year": 2015 }, "geometry": { "type": "Point", "coordinates": [ -71.05434, 42.354737 ] } },
{ "type": "Feature", "properties": { "businessname": "SMITH & WOLLENSKY OF BOSTON", "dbaname": null, "legalowner": "SMITH & WOLLENSKY OF BOST ON  LLC", "namelast": "SMITH & WOLLENSKY OF BOSTON LLC", "namefirst": " ", "licenseno": 23333, "issdttm": "2012-02-13T14:45:38", "expdttm": "2018-12-31T23:59:00", "licstatus": "Inactive", "licensecat": "FS", "descript": "Eating & Drinking", "result": "HE_Fail", "resultdttm": "2015-09-29T18:56:53", "violation": "02-3-602.11-.12/3-302.12", "viollevel": "*", "violdesc": "Food Container Labels", "violdttm": "2015-09-29T18:56:53", "violstatus": "Fail", "statusdate": null, "comments": "Bulk storage bins missing labels.Provide proper labeling.", "address": "101   Arlington ST", "city": "Boston", "zip": 2116, "property_id": 157513, "latitude_Y": 42.34972, "longitude_X": -71.070009, "year": 2015 }, "geometry": { "type": "Point", "coordinates": [ -71.070009, 42.34972 ] } },
{ "type": "Feature", "properties": { "businessname": "Smoke Shop BBQ", "dbaname": null, "legalowner": "RNI CONGRESS STREET LLC", "namelast": "Lesser", "namefirst": "Brian", "licenseno": 81223, "issdttm": "2013-03-18T13:37:39", "expdttm": "2020-12-31T23:59:00", "licstatus": "Active", "licensecat": "FS", "descript": "Eating & Drinking", "result": "HE_Fail", "resultdttm": "2019-08-06T10:00:55", "violation": "590.006/6-501.111-PF", "viollevel": "**", "violdesc": "Controlling Pests (Pf)", "violdttm": "2019-08-06T10:00:55", "violstatus": "Fail", "statusdate": null, "comments": "Flies evident in bar area. Provide updated IPM pest control report upon reinspection.", "address": "343   Congress ST", "city": "Boston", "zip": 2210, "property_id": 42103, "latitude_Y": 42.35059, "longitude_X": -71.04938, "year": 2019 }, "geometry": { "type": "Point", "coordinates": [ -71.04938, 42.35059 ] } },
{ "type": "Feature", "properties": { "businessname": "Smoothie King", "dbaname": null, "legalowner": "TALANIAN NEVART TS", "namelast": "Juice Bar I L L C", "namefirst": " ", "licenseno": 74837, "issdttm": "2012-03-05T09:39:25", "expdttm": "2017-12-31T23:59:00", "licstatus": "Inactive", "licensecat": "FT", "descript": "Eating & Drinking w/ Take Out", "result": "HE_Fail", "resultdttm": "2015-06-02T14:20:55", "violation": "15-4-202.16", "viollevel": "*", "violdesc": "Non-Food Contact Surfaces", "violdttm": "2015-06-02T14:20:55", "violstatus": "Fail", "statusdate": null, "comments": "Mop sink door is broken of the hinges.Repair", "address": "314   Newbury ST", "city": "Boston", "zip": 2115, "property_id": 101543, "latitude_Y": 42.348617, "longitude_X": -71.085334, "year": 2015 }, "geometry": { "type": "Point", "coordinates": [ -71.085334, 42.348617 ] } },
{ "type": "Feature", "properties": { "businessname": "Snappy Sushi", "dbaname": null, "legalowner": null, "namelast": "74 LTD", "namefirst": " ", "licenseno": 74268, "issdttm": "2011-12-29T11:34:44", "expdttm": "2018-12-31T23:59:00", "licstatus": "Inactive", "licensecat": "FS", "descript": "Eating & Drinking", "result": "HE_Fail", "resultdttm": "2015-05-21T12:53:51", "violation": "16-4-501.11/.15", "viollevel": "*", "violdesc": "Dishwashng Facilities", "violdttm": "2015-05-21T12:53:51", "violstatus": "Fail", "statusdate": null, "comments": "Temperature gauges registering 105F for wash/rinse.Maintain wash/rinse temperature 120/120F     Chlorine 50PPM OK", "address": "108   Newbury ST", "city": "Boston", "zip": 2116, "property_id": 156038, "latitude_Y": 42.351223, "longitude_X": -71.075671, "year": 2015 }, "geometry": { "type": "Point", "coordinates": [ -71.075671, 42.351223 ] } },
{ "type": "Feature", "properties": { "businessname": "Society On High", "dbaname": null, "legalowner": null, "namelast": "Ian Just", "namefirst": " ", "licenseno": 80151, "issdttm": "2013-06-07T15:06:51", "expdttm": "2020-12-31T23:59:00", "licstatus": "Active", "licensecat": "FS", "descript": "Eating & Drinking", "result": "HE_Fail", "resultdttm": "2015-12-03T13:17:58", "violation": "20-4-703.11", "viollevel": "***", "violdesc": "Food Contact Surfaces Clean", "violdttm": "2015-12-03T13:17:58", "violstatus": "Fail", "statusdate": null, "comments": "Low temperature glass machine sanitizer not registering / Repair / Glassware will be washed in the second machine.", "address": "99   High ST", "city": "Boston", "zip": 2110, "property_id": 158117, "latitude_Y": 42.354245, "longitude_X": -71.05484, "year": 2015 }, "geometry": { "type": "Point", "coordinates": [ -71.05484, 42.354245 ] } },
{ "type": "Feature", "properties": { "businessname": "SODEXO @STATE ST. FINANCIAL-EX. DINING", "dbaname": null, "legalowner": "FIRST STATES INVESTORS 228", "namelast": "SODEXO OPERATIONS", "namefirst": "L L C", "licenseno": 25019, "issdttm": "2012-02-15T13:05:41", "expdttm": "2020-12-31T23:59:00", "licstatus": "Active", "licensecat": "FS", "descript": "Eating & Drinking", "result": "HE_Fail", "resultdttm": "2017-01-23T12:14:41", "violation": "M-3-502.11-.12", "viollevel": "**", "violdesc": "Reduced Oxygen Packaging", "violdttm": "2017-01-23T12:14:41", "violstatus": "Fail", "statusdate": null, "comments": "Evidence of cryovacing in zip lock bags of scallops and meats  supply documentaion from supplier or discontinue process until proper variance is applied and approved", "address": "1   Lincoln ST", "city": "Boston", "zip": 2111, "property_id": 86009, "latitude_Y": 42.352886, "longitude_X": -71.058695, "year": 2017 }, "geometry": { "type": "Point", "coordinates": [ -71.058695, 42.352886 ] } },
{ "type": "Feature", "properties": { "businessname": "Sodexo FRESHII @ BIDMC", "dbaname": null, "legalowner": "STEVEN KRAVETZ ", "namelast": "SODEXO OPERATIONS", "namefirst": "L L C", "licenseno": 359124, "issdttm": "2018-10-22T08:03:39", "expdttm": "2020-12-31T23:59:00", "licstatus": "Active", "licensecat": "FS", "descript": "Eating & Drinking", "result": "HE_Fail", "resultdttm": "2019-03-13T08:26:53", "violation": "03-3-501.16(A)", "viollevel": "***", "violdesc": "Cold Holding", "violdttm": "2019-03-13T08:26:53", "violstatus": "Fail", "statusdate": null, "comments": "Bagged salads dumped in hotel pans in refrigerated salad unit at 50F. Product over filled at time of inspection. Ensure product is filled to line on container and maintained at 41F or below", "address": "364   Brookline AVE", "city": "Boston", "zip": 2215, "property_id": 158379, "latitude_Y": 42.339039, "longitude_X": -71.106419, "year": 2019 }, "geometry": { "type": "Point", "coordinates": [ -71.106419, 42.339039 ] } },
{ "type": "Feature", "properties": { "businessname": "SODEXO Wheelock College Dining Room 2nd Fl.", "dbaname": null, "legalowner": "WHEELOCK COLLEGE", "namelast": "Sodexo Inc.", "namefirst": "LIC. DEPT 866-372-3035", "licenseno": 28929, "issdttm": "2012-02-24T10:00:55", "expdttm": "2020-12-31T23:59:00", "licstatus": "Active", "licensecat": "FS", "descript": "Eating & Drinking", "result": "HE_Fail", "resultdttm": "2015-04-10T15:08:38", "violation": "03-3-501.16(A)", "viollevel": "***", "violdesc": "Cold Holding", "violdttm": "2015-04-10T15:08:38", "violstatus": "Fail", "statusdate": null, "comments": "Shrimp at stir fry station 55F for less than 1 hour. Removed by PIC and placed in ice bath to 39F. Ensure cold holding at 41F or below.", "address": "200   Riverway  ", "city": "Boston", "zip": 2215, "property_id": 117006, "latitude_Y": 42.34175, "longitude_X": -71.106442, "year": 2015 }, "geometry": { "type": "Point", "coordinates": [ -71.106442, 42.34175 ] } },
{ "type": "Feature", "properties": { "businessname": "Sol Azteca", "dbaname": null, "legalowner": "DIVAIO HENRY J TS", "namelast": "MAYASOL INC.", "namefirst": "RAFAEL OSORNIO", "licenseno": 18060, "issdttm": "2011-12-28T12:46:12", "expdttm": "2020-12-31T23:59:00", "licstatus": "Active", "licensecat": "FS", "descript": "Eating & Drinking", "result": "HE_Fail", "resultdttm": "2015-10-08T16:29:47", "violation": "02-3-602.11-.12/3-302.12", "viollevel": "*", "violdesc": "Food Container Labels", "violdttm": "2015-10-08T16:29:47", "violstatus": "Fail", "statusdate": null, "comments": "Replace any missing labels on bulk food containers in kitchen and prep areas.", "address": "914   Beacon ST", "city": "Boston", "zip": 2215, "property_id": 12401, "latitude_Y": 42.34666, "longitude_X": -71.10626, "year": 2015 }, "geometry": { "type": "Point", "coordinates": [ -71.10626, 42.34666 ] } },
{ "type": "Feature", "properties": { "businessname": "Somerset Club", "dbaname": null, "legalowner": "SOMERSET CLUB", "namelast": "THE SOMERSET CLUB", "namefirst": " ", "licenseno": 18055, "issdttm": "2012-01-03T13:58:49", "expdttm": "2020-12-31T23:59:00", "licstatus": "Active", "licensecat": "FS", "descript": "Eating & Drinking", "result": "HE_Fail", "resultdttm": "2016-03-07T13:41:28", "violation": "31-5-203.11", "viollevel": "***", "violdesc": "Number  Convenient", "violdttm": "2016-03-07T13:41:28", "violstatus": "Fail", "statusdate": null, "comments": "No hand sink in bakery area", "address": "42   Beacon ST", "city": "Boston", "zip": 2108, "property_id": 11441, "latitude_Y": 42.35699, "longitude_X": -71.06671, "year": 2016 }, "geometry": { "type": "Point", "coordinates": [ -71.06671, 42.35699 ] } },
{ "type": "Feature", "properties": { "businessname": "Sons of Boston", "dbaname": null, "legalowner": "DE NORMANDIE PHILIP Y", "namelast": "Sons of Boston Ventures LLC", "namefirst": " ", "licenseno": 369631, "issdttm": "2018-07-20T15:52:06", "expdttm": "2020-12-31T23:59:00", "licstatus": "Active", "licensecat": "FS", "descript": "Eating & Drinking", "result": "HE_Fail", "resultdttm": "2019-03-26T14:24:28", "violation": "21-3-304.14", "viollevel": "*", "violdesc": "Wiping Cloths  Clean  Sanitize", "violdttm": "2019-03-26T14:24:28", "violstatus": "Fail", "statusdate": null, "comments": "There was no sanitizer reading in the buckets.  Provide proper sanitizer levels (the manager manually set up the buckets because the automatic system doesn't appear to be working properly)", "address": "17   Union ST", "city": "Boston", "zip": 2108, "property_id": 139287, "latitude_Y": 42.360898, "longitude_X": -71.056708, "year": 2019 }, "geometry": { "type": "Point", "coordinates": [ -71.056708, 42.360898 ] } },
{ "type": "Feature", "properties": { "businessname": "SONSIE", "dbaname": null, "legalowner": null, "namelast": "Sonsie", "namefirst": "c/o The Lyons Group", "licenseno": 19856, "issdttm": "2011-12-13T10:21:24", "expdttm": "2020-12-31T23:59:00", "licstatus": "Active", "licensecat": "FS", "descript": "Eating & Drinking", "result": "HE_Fail", "resultdttm": "2015-05-27T12:42:39", "violation": "03-3-501.16(A)", "viollevel": "***", "violdesc": "Cold Holding", "violdttm": "2015-05-27T12:42:39", "violstatus": "Fail", "statusdate": null, "comments": "Anchovies in oil in flip top sandwich unit at 55F for less than 4 hours. Wrapped sandwich in drawer refrgeration 46F. Ensure products are at 41F or below before placing in service line. Removed by PIC and placed in walkin", "address": "327   Newbury ST", "city": "Boston", "zip": 2115, "property_id": 157115, "latitude_Y": 42.348792, "longitude_X": -71.086271, "year": 2015 }, "geometry": { "type": "Point", "coordinates": [ -71.086271, 42.348792 ] } },
{ "type": "Feature", "properties": { "businessname": "SORELLINA RESTAURANT", "dbaname": null, "legalowner": "BODYSCAPES II  LLC", "namelast": "SORELLINA", "namefirst": "L L C", "licenseno": 24296, "issdttm": "2011-12-16T12:32:37", "expdttm": "2020-12-31T23:59:00", "licstatus": "Active", "licensecat": "FS", "descript": "Eating & Drinking", "result": "HE_Fail", "resultdttm": "2015-09-30T18:45:32", "violation": "08-3-305-307.11", "viollevel": "*", "violdesc": "Food Protection", "violdttm": "2015-09-30T18:45:32", "violstatus": "Fail", "statusdate": null, "comments": "hot line/properly submerge all condiments in ice", "address": "1  Huntington AVE", "city": "Boston", "zip": 2116, "property_id": 156748, "latitude_Y": 42.348762, "longitude_X": -71.077999, "year": 2015 }, "geometry": { "type": "Point", "coordinates": [ -71.077999, 42.348762 ] } },
{ "type": "Feature", "properties": { "businessname": "SOUPER SALAD", "dbaname": null, "legalowner": "STEVEN KRAVETZ  C. F. O.", "namelast": "Minich", "namefirst": "Pete", "licenseno": 140269, "issdttm": "2015-03-03T09:51:28", "expdttm": "2015-12-31T23:59:00", "licstatus": "Inactive", "licensecat": "FT", "descript": "Eating & Drinking w/ Take Out", "result": "HE_Pass", "resultdttm": "2015-04-17T12:02:08", "violation": "16-4-301.12", "viollevel": "*", "violdesc": "Three Compartment Sink", "violdttm": "2015-04-17T12:02:08", "violstatus": "Pass", "statusdate": "2015-04-22T08:01:30", "comments": "Rinse bay is used as wash bay. Use three bay sink properly.", "address": "209   Berkeley ST", "city": "Boston", "zip": 2116, "property_id": 155858, "latitude_Y": 42.350717, "longitude_X": -71.07254, "year": 2015 }, "geometry": { "type": "Point", "coordinates": [ -71.07254, 42.350717 ] } },
{ "type": "Feature", "properties": { "businessname": "South St. Diner", "dbaname": null, "legalowner": null, "namelast": "SOLOMON SIDELL", "namefirst": " ", "licenseno": 20566, "issdttm": "2012-01-05T10:52:56", "expdttm": "2020-12-31T23:59:00", "licstatus": "Active", "licensecat": "FS", "descript": "Eating & Drinking", "result": "HE_Fail", "resultdttm": "2015-11-13T11:26:22", "violation": "03-3-501.16(A)", "viollevel": "***", "violdesc": "Cold Holding", "violdttm": "2015-11-13T11:26:22", "violstatus": "Fail", "statusdate": null, "comments": "Shelled Eggs @ 50f  Corn beef @ 51f  Ensure proper cold hold of 41f or below", "address": "178  Kneeland St", "city": "Boston", "zip": 2111, "property_id": 157323, "latitude_Y": 42.349893, "longitude_X": -71.057819, "year": 2015 }, "geometry": { "type": "Point", "coordinates": [ -71.057819, 42.349893 ] } },
{ "type": "Feature", "properties": { "businessname": "Spagnoulos", "dbaname": null, "legalowner": "IAMDOLI CLOTILDE S", "namelast": "IANDOLI", "namefirst": "CLOTILDE", "licenseno": 18565, "issdttm": "2011-12-13T13:44:21", "expdttm": "2020-12-31T23:59:00", "licstatus": "Active", "licensecat": "FS", "descript": "Eating & Drinking", "result": "HE_Fail", "resultdttm": "2015-03-31T12:10:03", "violation": "01-3-101/701.11", "viollevel": "***", "violdesc": "Spoilage Unsafe Food", "violdttm": "2015-03-31T12:10:03", "violstatus": "Fail", "statusdate": null, "comments": "Raw poultry appears to be rotten in the walk-in - odorous smell - visible slime on product - Voluntarily Discarded during inspection", "address": "240   Hanover ST", "city": "Boston", "zip": 2113, "property_id": 69066, "latitude_Y": 42.36338, "longitude_X": -71.05517, "year": 2015 }, "geometry": { "type": "Point", "coordinates": [ -71.05517, 42.36338 ] } },
{ "type": "Feature", "properties": { "businessname": "Spicy World", "dbaname": null, "legalowner": "CHINAGATE HOUSING ASSOCS LPS", "namelast": "Huang", "namefirst": "Fan", "licenseno": 146585, "issdttm": "2016-01-11T10:12:43", "expdttm": "2020-12-31T23:59:00", "licstatus": "Active", "licensecat": "FS", "descript": "Eating & Drinking", "result": "HE_Fail", "resultdttm": "2016-01-20T12:17:53", "violation": "02-3-602.11-.12/3-302.12", "viollevel": "*", "violdesc": "Food Container Labels", "violdttm": "2016-01-20T12:17:53", "violstatus": "Fail", "statusdate": null, "comments": "bulk food containers without labels  label properly", "address": "7  Beach ST", "city": "Boston", "zip": 2111, "property_id": 9402, "latitude_Y": 42.35137, "longitude_X": -71.06236, "year": 2016 }, "geometry": { "type": "Point", "coordinates": [ -71.06236, 42.35137 ] } },
{ "type": "Feature", "properties": { "businessname": "Sports Grille", "dbaname": null, "legalowner": "COLANGELO KAREN", "namelast": "Glynn", "namefirst": "Michael", "licenseno": 155648, "issdttm": "2015-10-23T13:45:29", "expdttm": "2020-12-31T23:59:00", "licstatus": "Active", "licensecat": "FT", "descript": "Eating & Drinking w/ Take Out", "result": "HE_Fail", "resultdttm": "2015-09-28T12:23:50", "violation": "M-2-103.11", "viollevel": "***", "violdesc": "PIC Performing Duties", "violdttm": "2015-09-28T12:23:50", "violstatus": "Fail", "statusdate": null, "comments": "Establishment under New managment. New owner operating under old owners license. Management to apply for new permits.", "address": "132   Canal ST", "city": "Boston", "zip": 2114, "property_id": 157468, "latitude_Y": 42.36464, "longitude_X": -71.060628, "year": 2015 }, "geometry": { "type": "Point", "coordinates": [ -71.060628, 42.36464 ] } },
{ "type": "Feature", "properties": { "businessname": "Squeeze Juice Company", "dbaname": null, "legalowner": "  ", "namelast": "Gehrlein", "namefirst": "Rich", "licenseno": 167480, "issdttm": "2016-04-04T08:27:46", "expdttm": "2020-12-31T23:59:00", "licstatus": "Active", "licensecat": "FT", "descript": "Eating & Drinking w/ Take Out", "result": "HE_Fail", "resultdttm": "2018-03-21T11:26:34", "violation": "32-6-301.11-02.11", "viollevel": "*", "violdesc": "Hand Cleaner  Drying  Tissue Signage", "violdttm": "2018-03-21T11:26:34", "violstatus": "Fail", "statusdate": null, "comments": "Hand sink in kitchen has no hand soap and no hand soap dispenser. Provide both for this hand sink. Eamployees have been washing thier hands at the service area. Provide splash gaurds for the hand sinks at the service area and discontinue storing food at and around the hand sink. Provide paper towels for the hand sink at the service area.", "address": "53   State ST", "city": "Boston", "zip": 2109, "property_id": 314209, "latitude_Y": 42.35876, "longitude_X": -71.0562, "year": 2018 }, "geometry": { "type": "Point", "coordinates": [ -71.0562, 42.35876 ] } },
{ "type": "Feature", "properties": { "businessname": "St Botolph Club Inc", "dbaname": null, "legalowner": "ST BOTOLPH CLUB INC MASS", "namelast": "ST. BOTOLPH CLUB INC.", "namefirst": " ", "licenseno": 18354, "issdttm": "2012-01-05T10:46:42", "expdttm": "2020-12-31T23:59:00", "licstatus": "Active", "licensecat": "FS", "descript": "Eating & Drinking", "result": "HE_Fail", "resultdttm": "2015-04-27T11:49:52", "violation": "08-3-305-307.11", "viollevel": "*", "violdesc": "Food Protection", "violdttm": "2015-04-27T11:49:52", "violstatus": "Fail", "statusdate": null, "comments": "Some food boxes stored on the floor inside the Basement Walk-In unit. Elevate 6 inches or above.", "address": "199   Commonwealth AVE", "city": "Boston", "zip": 2116, "property_id": 39151, "latitude_Y": 42.351588, "longitude_X": -71.08093, "year": 2015 }, "geometry": { "type": "Point", "coordinates": [ -71.08093, 42.351588 ] } },
{ "type": "Feature", "properties": { "businessname": "Stadium Sports Bar & Grille", "dbaname": null, "legalowner": "ONE 48 STATE STREET LPS", "namelast": "Stadium State Street LLC", "namefirst": "John McGrail", "licenseno": 87003, "issdttm": "2013-02-13T08:39:35", "expdttm": "2014-12-31T23:59:00", "licstatus": "Inactive", "licensecat": "FS", "descript": "Eating & Drinking", "result": "HE_OutBus", "resultdttm": "2015-10-23T09:33:51", "violation": "03-3-501.16", "viollevel": "***", "violdesc": "Hot Holding", "violdttm": "2015-10-23T09:33:51", "violstatus": "Fail", "statusdate": null, "comments": "1) chili @ 125f   Ground beef @ 120f  ensure 140f or above", "address": "148   State ST", "city": "Boston", "zip": 2109, "property_id": 130373, "latitude_Y": 42.359387, "longitude_X": -71.054174, "year": 2015 }, "geometry": { "type": "Point", "coordinates": [ -71.054174, 42.359387 ] } },
{ "type": "Feature", "properties": { "businessname": "STAGE", "dbaname": null, "legalowner": "  ", "namelast": "BROOKS", "namefirst": "EDWARD", "licenseno": 138625, "issdttm": "2015-03-16T09:22:04", "expdttm": "2016-12-31T23:59:00", "licstatus": "Inactive", "licensecat": "FS", "descript": "Eating & Drinking", "result": "HE_Fail", "resultdttm": "2015-10-23T23:39:18", "violation": "15-4-202.16", "viollevel": "*", "violdesc": "Non-Food Contact Surfaces", "violdttm": "2015-10-23T23:39:18", "violstatus": "Fail", "statusdate": null, "comments": "Gasket around door broken.Repair Replace vent cover on left side ice machine.", "address": "120   Boylston ST", "city": "Boston", "zip": 2116, "property_id": 192845, "latitude_Y": 42.35224, "longitude_X": -71.06572, "year": 2015 }, "geometry": { "type": "Point", "coordinates": [ -71.06572, 42.35224 ] } },
{ "type": "Feature", "properties": { "businessname": "Star Markets No. 2576", "dbaname": null, "legalowner": "ADVANCED FRESH CONCEPTS C ORP", "namelast": "Shaw's Supermarket Inc.", "namefirst": "Tax Div.", "licenseno": 25671, "issdttm": "2012-01-10T14:27:55", "expdttm": "2020-12-31T23:59:00", "licstatus": "Active", "licensecat": "RF", "descript": "Retail Food", "result": "HE_Fail", "resultdttm": "2015-02-17T12:26:57", "violation": "01-3-101/701.11", "viollevel": "***", "violdesc": "Spoilage Unsafe Food", "violdttm": "2015-02-17T12:26:57", "violstatus": "Fail", "statusdate": null, "comments": "Cucumber and onions dried up at the refrigerating unit. PIC discarded them. Monitor properly.", "address": "33  Kilmarnock ST", "city": "Boston", "zip": 2215, "property_id": 157991, "latitude_Y": 42.343682, "longitude_X": -71.100161, "year": 2015 }, "geometry": { "type": "Point", "coordinates": [ -71.100161, 42.343682 ] } },
{ "type": "Feature", "properties": { "businessname": "Starbucks", "dbaname": null, "legalowner": "GOODYEAR TIRE & RUBBER", "namelast": "Target Corporation", "namefirst": "Att: Manager", "licenseno": 144417, "issdttm": "2015-07-20T08:04:14", "expdttm": "2020-12-31T23:59:00", "licstatus": "Active", "licensecat": "FS", "descript": "Eating & Drinking", "result": "HE_Fail", "resultdttm": "2016-03-17T15:19:23", "violation": "590.009(E)", "viollevel": "*", "violdesc": "Anti-Choking", "violdttm": "2016-03-17T15:19:23", "violstatus": "Fail", "statusdate": null, "comments": "While food is being served there shall be an employee on the premises trained in Anti-Choking", "address": "1341   Boylston ST", "city": "Boston", "zip": 2215, "property_id": 18094, "latitude_Y": 42.34442, "longitude_X": -71.09961, "year": 2016 }, "geometry": { "type": "Point", "coordinates": [ -71.09961, 42.34442 ] } },
{ "type": "Feature", "properties": { "businessname": "Starbucks Coffee", "dbaname": null, "legalowner": "  ", "namelast": "Starbucks Coffee Inc.", "namefirst": " ", "licenseno": 24842, "issdttm": "2012-02-29T13:33:39", "expdttm": "2020-12-31T23:59:00", "licstatus": "Active", "licensecat": "FT", "descript": "Eating & Drinking w/ Take Out", "result": "HE_Filed", "resultdttm": "2017-11-15T11:45:30", "violation": "21-3-304.14", "viollevel": "*", "violdesc": "Wiping Cloths  Clean  Sanitize", "violdttm": "2017-11-15T11:45:30", "violstatus": "Fail", "statusdate": null, "comments": "keep all in use wiping cloths in a sanitizing solution when not in use.", "address": "140   Brookline AV", "city": "Boston", "zip": 2135, "property_id": 340900, "latitude_Y": 42.344895, "longitude_X": -71.100697, "year": 2017 }, "geometry": { "type": "Point", "coordinates": [ -71.100697, 42.344895 ] } },
{ "type": "Feature", "properties": { "businessname": "Starbucks Coffee", "dbaname": null, "legalowner": "  ", "namelast": "Starbucks Corporation", "namefirst": "Accounts Payable", "licenseno": 144552, "issdttm": "2015-11-10T08:19:46", "expdttm": "2020-12-31T23:59:00", "licstatus": "Active", "licensecat": "FT", "descript": "Eating & Drinking w/ Take Out", "result": "HE_Filed", "resultdttm": "2018-06-15T13:53:23", "violation": "23-4-602.13", "viollevel": "*", "violdesc": "Non-Food Contact Surfaces Clean", "violdttm": "2018-06-15T13:53:23", "violstatus": "Fail", "statusdate": null, "comments": "clean shelving below sink at the seervice area. Remove buildup.", "address": "45   Broad ST", "city": "Boston", "zip": 2109, "property_id": 196395, "latitude_Y": 42.35818, "longitude_X": -71.05438, "year": 2018 }, "geometry": { "type": "Point", "coordinates": [ -71.05438, 42.35818 ] } },
{ "type": "Feature", "properties": { "businessname": "Starbucks Coffee", "dbaname": null, "legalowner": "CONGRESS VENTURES LLC", "namelast": "Starbucks Corporation", "namefirst": "Accounts Payable", "licenseno": 158961, "issdttm": "2016-04-08T09:46:18", "expdttm": "2020-12-31T23:59:00", "licstatus": "Active", "licensecat": "FT", "descript": "Eating & Drinking w/ Take Out", "result": "HE_Filed", "resultdttm": "2018-10-05T10:03:39", "violation": "13-2-304/402.11", "viollevel": "*", "violdesc": "Clean Cloths  Hair Restraint", "violdttm": "2018-10-05T10:03:39", "violstatus": "Fail", "statusdate": null, "comments": "Food workers observed without hair restraints. Provide.", "address": "305   Congress ST", "city": "Boston", "zip": 2210, "property_id": 42094, "latitude_Y": 42.351231, "longitude_X": -71.050594, "year": 2018 }, "geometry": { "type": "Point", "coordinates": [ -71.050594, 42.351231 ] } },
{ "type": "Feature", "properties": { "businessname": "Starbucks Coffee", "dbaname": null, "legalowner": "SISCOE ENTERPRISES INC.", "namelast": "Starbucks Coffee Company", "namefirst": " ", "licenseno": 23054, "issdttm": "2012-02-07T13:22:03", "expdttm": "2020-12-31T23:59:00", "licstatus": "Active", "licensecat": "FT", "descript": "Eating & Drinking w/ Take Out", "result": "HE_Fail", "resultdttm": "2016-11-09T11:00:57", "violation": "15-4-202.16", "viollevel": "*", "violdesc": "Non-Food Contact Surfaces", "violdttm": "2016-11-09T11:00:57", "violstatus": "Fail", "statusdate": null, "comments": "The freezer is running at 40F.  Repair the freezer so that if products are going to be stored as frozen they are frozen solid.", "address": "273   Huntington AVE", "city": "Boston", "zip": 2115, "property_id": 157756, "latitude_Y": 42.342124, "longitude_X": -71.086311, "year": 2016 }, "geometry": { "type": "Point", "coordinates": [ -71.086311, 42.342124 ] } },
{ "type": "Feature", "properties": { "businessname": "STARBUCKS COFFEE CO.", "dbaname": null, "legalowner": "STARBUCKS CORP.(#857) /STAX", "namelast": "STARBUCKS CORPORATION", "namefirst": "LICENSE SERVICES", "licenseno": 26056, "issdttm": "2012-02-07T13:13:52", "expdttm": "2020-12-31T23:59:00", "licstatus": "Active", "licensecat": "FT", "descript": "Eating & Drinking w/ Take Out", "result": "HE_Fail", "resultdttm": "2017-06-07T08:33:18", "violation": "03-3-501.16(A)", "viollevel": "***", "violdesc": "Cold Holding", "violdttm": "2017-06-07T08:33:18", "violstatus": "Fail", "statusdate": null, "comments": "2 door refrigeration unit 48 F/ Milk in unit 46 F", "address": "222   Cambridge ST", "city": "Boston", "zip": 2114, "property_id": 155907, "latitude_Y": 42.360985, "longitude_X": -71.066481, "year": 2017 }, "geometry": { "type": "Point", "coordinates": [ -71.066481, 42.360985 ] } },
{ "type": "Feature", "properties": { "businessname": "Starbucks Coffee Co. No. 872", "dbaname": null, "legalowner": "SPRING PHYLLIS T", "namelast": "Starbucks Coffee Co.", "namefirst": "Stephen Delrose", "licenseno": 25659, "issdttm": "2012-02-06T13:49:14", "expdttm": "2020-12-31T23:59:00", "licstatus": "Active", "licensecat": "FT", "descript": "Eating & Drinking w/ Take Out", "result": "HE_Fail", "resultdttm": "2015-05-15T11:35:19", "violation": "17-4-204.112/.115", "viollevel": "*", "violdesc": "Equipment Thermometers", "violdttm": "2015-05-15T11:35:19", "violstatus": "Fail", "statusdate": null, "comments": "No conspicuous thermometers in multiple refrigerators- Provide", "address": "350   Newbury ST", "city": "Boston", "zip": 2115, "property_id": 101571, "latitude_Y": 42.34811, "longitude_X": -71.08715, "year": 2015 }, "geometry": { "type": "Point", "coordinates": [ -71.08715, 42.34811 ] } },
{ "type": "Feature", "properties": { "businessname": "Starbucks Coffee Co. No. 875", "dbaname": null, "legalowner": "ROTHENBERG HARVEY E TRSTS", "namelast": "Starbucks Coffee Co.", "namefirst": "Stephen Delrose", "licenseno": 25657, "issdttm": "2012-02-06T13:52:10", "expdttm": "2020-12-31T23:59:00", "licstatus": "Active", "licensecat": "FT", "descript": "Eating & Drinking w/ Take Out", "result": "HE_Fail", "resultdttm": "2018-10-24T13:19:03", "violation": "21-3-304.14", "viollevel": "*", "violdesc": "Wiping Cloths  Clean  Sanitize", "violdttm": "2018-10-24T13:19:03", "violstatus": "Fail", "statusdate": null, "comments": "Keep all in use wipijng cloths in a sanitizing solution when not in use", "address": "228   Washington ST", "city": "Boston", "zip": 2109, "property_id": 144485, "latitude_Y": 42.358088, "longitude_X": -71.057656, "year": 2018 }, "geometry": { "type": "Point", "coordinates": [ -71.057656, 42.358088 ] } },
{ "type": "Feature", "properties": { "businessname": "Starbucks Coffee No.  7234", "dbaname": null, "legalowner": "FIRST FENWAY COOPERATIVE INC", "namelast": "STARBUCKS CORPORATION", "namefirst": "LICENSE SERVICES", "licenseno": 26638, "issdttm": "2012-02-06T15:07:57", "expdttm": "2020-12-31T23:59:00", "licstatus": "Active", "licensecat": "FT", "descript": "Eating & Drinking w/ Take Out", "result": "HE_Fail", "resultdttm": "2015-10-02T15:39:32", "violation": "15-4-202.16", "viollevel": "*", "violdesc": "Non-Food Contact Surfaces", "violdttm": "2015-10-02T15:39:32", "violstatus": "Fail", "statusdate": null, "comments": "Automatic dispenser for sanitizer not properly working- Sanitizer 0ppm- Repair", "address": "147  Massachusetts AVE", "city": "Boston", "zip": 2115, "property_id": 91973, "latitude_Y": 42.34669, "longitude_X": -71.0877, "year": 2015 }, "geometry": { "type": "Point", "coordinates": [ -71.0877, 42.34669 ] } },
{ "type": "Feature", "properties": { "businessname": "Starbucks Coffee No.  7531", "dbaname": null, "legalowner": "S S PARTNERS LP", "namelast": "STARBUCKS CORPORATION", "namefirst": "LICENSE SERVICES", "licenseno": 26640, "issdttm": "2012-02-07T12:57:13", "expdttm": "2020-12-31T23:59:00", "licstatus": "Active", "licensecat": "FT", "descript": "Eating & Drinking w/ Take Out", "result": "HE_Fail", "resultdttm": "2017-08-28T12:36:45", "violation": "35-6-501.111/.115", "viollevel": "**", "violdesc": "Insects  Rodents  Animals", "violdttm": "2017-08-28T12:36:45", "violstatus": "Fail", "statusdate": null, "comments": "Fruit flies seen at drain and bag storage area  clean to remove and supply detailed extermionation report with findings and recommendations", "address": "12   Winter ST", "city": "Boston", "zip": 2108, "property_id": 150866, "latitude_Y": 42.35557, "longitude_X": -71.06107, "year": 2017 }, "geometry": { "type": "Point", "coordinates": [ -71.06107, 42.35557 ] } },
{ "type": "Feature", "properties": { "businessname": "Starbucks Coffee No.  7544", "dbaname": null, "legalowner": "SEVEN 55 BOYLSTON LLC", "namelast": "STARBUCKS CORPORATION", "namefirst": "LICENSE SERVICES", "licenseno": 26644, "issdttm": "2012-02-07T13:02:24", "expdttm": "2020-12-31T23:59:00", "licstatus": "Active", "licensecat": "FT", "descript": "Eating & Drinking w/ Take Out", "result": "HE_Fail", "resultdttm": "2015-03-20T13:32:19", "violation": "08-3-305-307.11", "viollevel": "*", "violdesc": "Food Protection", "violdttm": "2015-03-20T13:32:19", "violstatus": "Fail", "statusdate": null, "comments": "No barrier between the hand wash sink and the air dry area of three compartment sink. Provide.", "address": "755   Boylston ST", "city": "Boston", "zip": 2116, "property_id": 18389, "latitude_Y": 42.34938, "longitude_X": -71.0811, "year": 2015 }, "geometry": { "type": "Point", "coordinates": [ -71.0811, 42.34938 ] } },
{ "type": "Feature", "properties": { "businessname": "Starbucks Coffee No.  830", "dbaname": null, "legalowner": "DRUKER RONALD M TRSTS", "namelast": "STARBUCKS COFFEE", "namefirst": "COMPANY", "licenseno": 26665, "issdttm": "2012-02-06T13:38:44", "expdttm": "2020-12-31T23:59:00", "licstatus": "Active", "licensecat": "FT", "descript": "Eating & Drinking w/ Take Out", "result": "HE_Fail", "resultdttm": "2018-08-03T10:50:00", "violation": "15-4-202.16", "viollevel": "*", "violdesc": "Non-Food Contact Surfaces", "violdttm": "2018-08-03T10:50:00", "violstatus": "Fail", "statusdate": null, "comments": "Commercial sanitizer dispenser not operating.Repair PIC instructed staff to manuelly set up sanitizer solution. Sanitizer(Quats)  200PPM", "address": "443   Boylston ST", "city": "Boston", "zip": 2116, "property_id": 18328, "latitude_Y": 42.351561, "longitude_X": -71.073022, "year": 2018 }, "geometry": { "type": "Point", "coordinates": [ -71.073022, 42.351561 ] } },
{ "type": "Feature", "properties": { "businessname": "STARBUCKS COFFEE No.  864", "dbaname": null, "legalowner": "BRUSH EDWIN F JR TRSTS", "namelast": "STARBUCKS CORPORATION", "namefirst": "LICENSE SERVICES", "licenseno": 26058, "issdttm": "2012-02-06T14:32:38", "expdttm": "2020-12-31T23:59:00", "licstatus": "Active", "licensecat": "FT", "descript": "Eating & Drinking w/ Take Out", "result": "HE_Fail", "resultdttm": "2017-03-13T11:22:20", "violation": "15-4-202.16", "viollevel": "*", "violdesc": "Non-Food Contact Surfaces", "violdttm": "2017-03-13T11:22:20", "violstatus": "Fail", "statusdate": null, "comments": "Exposed wood on shelving next to ice machine", "address": "97   Charles ST", "city": "Boston", "zip": 2114, "property_id": 29220, "latitude_Y": 42.35889, "longitude_X": -71.07056, "year": 2017 }, "geometry": { "type": "Point", "coordinates": [ -71.07056, 42.35889 ] } },
{ "type": "Feature", "properties": { "businessname": "Starbucks Coffee No.  869", "dbaname": null, "legalowner": "75-101 FEDERAL ST LLC", "namelast": "STARBUCKS CORPORATION", "namefirst": "LICENSE SERVICES", "licenseno": 26667, "issdttm": "2012-02-06T14:37:37", "expdttm": "2020-12-31T23:59:00", "licstatus": "Active", "licensecat": "FT", "descript": "Eating & Drinking w/ Take Out", "result": "HE_Filed", "resultdttm": "2018-04-27T11:32:29", "violation": "23-4-602.13", "viollevel": "*", "violdesc": "Non-Food Contact Surfaces Clean", "violdttm": "2018-04-27T11:32:29", "violstatus": "Fail", "statusdate": null, "comments": "clean shelving below the rinse sink at the service area.Remove buildup of soils.", "address": "101   Federal ST", "city": "Boston", "zip": 2110, "property_id": 57151, "latitude_Y": 42.35492, "longitude_X": -71.05659, "year": 2018 }, "geometry": { "type": "Point", "coordinates": [ -71.05659, 42.35492 ] } },
{ "type": "Feature", "properties": { "businessname": "STARBUCKS COFFEE No.  870", "dbaname": null, "legalowner": "MACK WILLIAM E", "namelast": "STARBUCKS CORPORATION", "namefirst": "LICENSE SERVICES", "licenseno": 26064, "issdttm": "2012-02-06T13:59:12", "expdttm": "2019-12-31T23:59:00", "licstatus": "Inactive", "licensecat": "FT", "descript": "Eating & Drinking w/ Take Out", "result": "HE_Fail", "resultdttm": "2015-05-18T14:21:18", "violation": "13-2-304/402.11", "viollevel": "*", "violdesc": "Clean Cloths  Hair Restraint", "violdttm": "2015-05-18T14:21:18", "violstatus": "Fail", "statusdate": null, "comments": "Observed staff without proper hair restraints.Provide", "address": "165   Newbury ST", "city": "Boston", "zip": 2116, "property_id": 101371, "latitude_Y": 42.35082, "longitude_X": -71.07887, "year": 2015 }, "geometry": { "type": "Point", "coordinates": [ -71.07887, 42.35082 ] } },
{ "type": "Feature", "properties": { "businessname": "Starbucks Coffee No.  883", "dbaname": null, "legalowner": "SIXTY3-65 COURT ST LLC", "namelast": "STARBUCKS CORPORATION", "namefirst": "LICENSE SERVICES", "licenseno": 26066, "issdttm": "2012-02-06T14:03:03", "expdttm": "2020-12-31T23:59:00", "licstatus": "Active", "licensecat": "FT", "descript": "Eating & Drinking w/ Take Out", "result": "HE_Fail", "resultdttm": "2016-04-05T12:54:02", "violation": "13-2-304/402.11", "viollevel": "*", "violdesc": "Clean Cloths  Hair Restraint", "violdttm": "2016-04-05T12:54:02", "violstatus": "Fail", "statusdate": null, "comments": "Observed multiple food employees without hair restraints. Provide proper hair restraints.", "address": "63  Court ST", "city": "Boston", "zip": 2203, "property_id": 43810, "latitude_Y": 42.359381, "longitude_X": -71.059193, "year": 2016 }, "geometry": { "type": "Point", "coordinates": [ -71.059193, 42.359381 ] } },
{ "type": "Feature", "properties": { "businessname": "Starbucks Coffee No. 22566", "dbaname": null, "legalowner": "  ", "namelast": "Starbucks Corporation", "namefirst": " ", "licenseno": 127085, "issdttm": "2014-11-19T11:01:26", "expdttm": "2020-12-31T23:59:00", "licstatus": "Active", "licensecat": "FT", "descript": "Eating & Drinking w/ Take Out", "result": "HE_Fail", "resultdttm": "2015-05-14T12:14:09", "violation": "08-3-305-307.11", "viollevel": "*", "violdesc": "Food Protection", "violdttm": "2015-05-14T12:14:09", "violstatus": "Fail", "statusdate": null, "comments": "remove all items stored on top of the ice machine. Keep only ice related materials on top of the ice machine.", "address": "48  Northern AVE", "city": "Boston", "zip": 2210, "property_id": 168260, "latitude_Y": 42.353557, "longitude_X": -71.046142, "year": 2015 }, "geometry": { "type": "Point", "coordinates": [ -71.046142, 42.353557 ] } },
{ "type": "Feature", "properties": { "businessname": "Starbucks Coffee No. 9463", "dbaname": null, "legalowner": "MELINDA TAM  STORE MANAGE R", "namelast": "Starbucks Coffee", "namefirst": "Company", "licenseno": 24038, "issdttm": "2012-02-06T13:31:35", "expdttm": "2020-12-31T23:59:00", "licstatus": "Active", "licensecat": "FT", "descript": "Eating & Drinking w/ Take Out", "result": "HE_Fail", "resultdttm": "2015-08-04T12:59:00", "violation": "15-4-202.16", "viollevel": "*", "violdesc": "Non-Food Contact Surfaces", "violdttm": "2015-08-04T12:59:00", "violstatus": "Fail", "statusdate": null, "comments": "1. Top of shelving worn  repalce shelving 2. Door of cabinet broken   rapir or replace", "address": "84   State ST", "city": "Boston", "zip": 2109, "property_id": 156331, "latitude_Y": 42.359133, "longitude_X": -71.055738, "year": 2015 }, "geometry": { "type": "Point", "coordinates": [ -71.055738, 42.359133 ] } },
{ "type": "Feature", "properties": { "businessname": "State Street Express @MBTA State St. Line", "dbaname": null, "legalowner": "CITY OF BOSTON", "namelast": "Karl Volker", "namefirst": " ", "licenseno": 67600, "issdttm": "2012-03-01T15:13:01", "expdttm": "2020-12-31T23:59:00", "licstatus": "Active", "licensecat": "FT", "descript": "Eating & Drinking w/ Take Out", "result": "HE_Fail", "resultdttm": "2016-03-25T14:29:44", "violation": "08-3-305-307.11", "viollevel": "*", "violdesc": "Food Protection", "violdttm": "2016-03-25T14:29:44", "violstatus": "Fail", "statusdate": null, "comments": "Bottles of gatorade observed being stored under a leaking pipe. Discontinue and store all foods in a clean and protected area.", "address": "208   Washington ST", "city": "Boston", "zip": 2109, "property_id": 144460, "latitude_Y": 42.358721, "longitude_X": -71.057477, "year": 2016 }, "geometry": { "type": "Point", "coordinates": [ -71.057477, 42.358721 ] } },
{ "type": "Feature", "properties": { "businessname": "State Street Sushi", "dbaname": null, "legalowner": "  ", "namelast": "Ling Chai Zheng", "namefirst": " ", "licenseno": 117752, "issdttm": "2016-05-31T08:03:47", "expdttm": "2020-12-31T23:59:00", "licstatus": "Active", "licensecat": "FT", "descript": "Eating & Drinking w/ Take Out", "result": "HE_Fail", "resultdttm": "2016-04-15T09:53:10", "violation": "17-4-302.14", "viollevel": "*", "violdesc": "Test Kit Provided", "violdttm": "2016-04-15T09:53:10", "violstatus": "Fail", "statusdate": null, "comments": " ", "address": "92  State ST", "city": "Boston", "zip": 2109, "property_id": 170003, "latitude_Y": 42.359232, "longitude_X": -71.05532, "year": 2016 }, "geometry": { "type": "Point", "coordinates": [ -71.05532, 42.359232 ] } },
{ "type": "Feature", "properties": { "businessname": "STEPHANIE'S ON NEWBURY", "dbaname": null, "legalowner": null, "namelast": "Met Club Manager LLC", "namefirst": "Att: Accounts Payable", "licenseno": 390653, "issdttm": "2019-04-17T08:10:35", "expdttm": "2020-12-31T23:59:00", "licstatus": "Active", "licensecat": "FS", "descript": "Eating & Drinking", "result": "HE_Closure", "resultdttm": "2019-03-28T11:24:21", "violation": "02-3-602.11-.12/3-302.12", "viollevel": "*", "violdesc": "Food Container Labels", "violdttm": "2019-03-28T11:24:21", "violstatus": "Fail", "statusdate": null, "comments": "Food containers not labeled - Prep/cookin line and storage areas", "address": "190   Newbury ST", "city": "Boston", "zip": 2116, "property_id": 155892, "latitude_Y": 42.350167, "longitude_X": -71.079588, "year": 2019 }, "geometry": { "type": "Point", "coordinates": [ -71.079588, 42.350167 ] } },
{ "type": "Feature", "properties": { "businessname": "Steve & Kates Camp @ Winsor Sch.", "dbaname": null, "legalowner": "  ", "namelast": "Susskind", "namefirst": "Steve", "licenseno": 174616, "issdttm": "2016-10-19T09:39:16", "expdttm": "2020-12-31T23:59:00", "licstatus": "Active", "licensecat": "FS", "descript": "Eating & Drinking", "result": "HE_Fail", "resultdttm": "2016-06-20T08:33:03", "violation": "03-3-501.16", "viollevel": "***", "violdesc": "Hot Holding", "violdttm": "2016-06-20T08:33:03", "violstatus": "Fail", "statusdate": null, "comments": "The cambro is 104F and the sandwiches are not reaching 140F.  Provide proper hot holding and receiving temperatures.", "address": "102  Pilgrim RD", "city": "Boston", "zip": 2215, "property_id": 168763, "latitude_Y": 42.340783, "longitude_X": -71.106765, "year": 2016 }, "geometry": { "type": "Point", "coordinates": [ -71.106765, 42.340783 ] } },
{ "type": "Feature", "properties": { "businessname": "Stillwater", "dbaname": null, "legalowner": "RESHA JOSEPH JR TS", "namelast": "Stillwater Boston", "namefirst": "Sarah Wade", "licenseno": 403654, "issdttm": "2019-09-23T14:16:48", "expdttm": "2020-12-31T23:59:00", "licstatus": "Active", "licensecat": "FS", "descript": "Eating & Drinking", "result": "HE_Fail", "resultdttm": "2020-08-07T14:06:26", "violation": "590.003/3-501.16-P", "viollevel": "***", "violdesc": "(A)(2) and (B) Time/Temperature Control for Safety Food  Hot and Cold Holding (P)", "violdttm": "2020-08-07T14:06:26", "violstatus": "Fail", "statusdate": null, "comments": "Cooked mashed potatoes and chicken chili inside of the deli style cooler with elecated temperatures between 48-56F. Discontinue and ensure all TCS foods are being maintained at below 41F. All other foods inside of the unit were at below 41F. Foods that were not at the appropriate temperature were removed at the time of the inspection", "address": "120  Kingston ST", "city": "Boston", "zip": 2111, "property_id": 82003, "latitude_Y": 42.35228, "longitude_X": -71.0591, "year": 2020 }, "geometry": { "type": "Point", "coordinates": [ -71.0591, 42.35228 ] } },
{ "type": "Feature", "properties": { "businessname": "Stoddard's Fine Food & Ale", "dbaname": null, "legalowner": "TEMPLE EAGLE REALTY LLC", "namelast": "Stoddard's Pub Inc.", "namefirst": " ", "licenseno": 29834, "issdttm": "2011-12-28T14:34:53", "expdttm": "2020-12-31T23:59:00", "licstatus": "Active", "licensecat": "FS", "descript": "Eating & Drinking", "result": "HE_Fail", "resultdttm": "2018-04-11T08:25:22", "violation": "08-3-302.11/3-304.11", "viollevel": "***", "violdesc": "Separation  Segregation Cross Contamination", "violdttm": "2018-04-11T08:25:22", "violstatus": "Fail", "statusdate": null, "comments": "Wine bottles stored in drinking ice bin without proper seperation  supply proper seperation to avoid contamination", "address": "48  Temple Pl", "city": "Boston", "zip": 2111, "property_id": 134069, "latitude_Y": 42.355214, "longitude_X": -71.061622, "year": 2018 }, "geometry": { "type": "Point", "coordinates": [ -71.061622, 42.355214 ] } },
{ "type": "Feature", "properties": { "businessname": "STREGA", "dbaname": null, "legalowner": "VARANO NICK  GM", "namelast": "VARANO", "namefirst": "NICK  GM", "licenseno": 23804, "issdttm": "2012-01-08T15:07:14", "expdttm": "2020-12-31T23:59:00", "licstatus": "Active", "licensecat": "FS", "descript": "Eating & Drinking", "result": "HE_Fail", "resultdttm": "2015-05-11T12:46:38", "violation": "05-4-302.12", "viollevel": "*", "violdesc": "Food Thermometers Provided", "violdttm": "2015-05-11T12:46:38", "violstatus": "Fail", "statusdate": null, "comments": "Provide working food thermometer", "address": "379   Hanover ST", "city": "Boston", "zip": 2113, "property_id": 157826, "latitude_Y": 42.364967, "longitude_X": -71.053051, "year": 2015 }, "geometry": { "type": "Point", "coordinates": [ -71.053051, 42.364967 ] } },
{ "type": "Feature", "properties": { "businessname": "Su Su Gourmet", "dbaname": null, "legalowner": null, "namelast": "LI", "namefirst": "Su He", "licenseno": 138408, "issdttm": "2015-01-05T08:54:38", "expdttm": "2020-12-31T23:59:00", "licstatus": "Active", "licensecat": "FS", "descript": "Eating & Drinking", "result": "HE_Fail", "resultdttm": "2016-05-10T13:51:37", "violation": "08-3-302.11/3-304.11", "viollevel": "***", "violdesc": "Separation  Segregation Cross Contamination", "violdttm": "2016-05-10T13:51:37", "violstatus": "Fail", "statusdate": null, "comments": "raw eggs sitting above ready to eat foods  store below ready to eat foods", "address": "70   Tyler ST", "city": "Boston", "zip": 2111, "property_id": 155947, "latitude_Y": 42.349248, "longitude_X": -71.061208, "year": 2016 }, "geometry": { "type": "Point", "coordinates": [ -71.061208, 42.349248 ] } },
{ "type": "Feature", "properties": { "businessname": "Subway", "dbaname": null, "legalowner": null, "namelast": "Samir El Boukrouni", "namefirst": " ", "licenseno": 33472, "issdttm": "2012-02-14T12:25:51", "expdttm": "2017-12-31T23:59:00", "licstatus": "Inactive", "licensecat": "FT", "descript": "Eating & Drinking w/ Take Out", "result": "HE_Fail", "resultdttm": "2016-08-22T13:14:20", "violation": "06-3-501.13", "viollevel": "*", "violdesc": "PHF's Properly Thawed", "violdttm": "2016-08-22T13:14:20", "violstatus": "Fail", "statusdate": null, "comments": "Packaged meats observed being left out on counter top to defrost. Discontinue and ensure proper cooling methods are in place.", "address": "121  High ST", "city": "Boston", "zip": 2110, "property_id": 156284, "latitude_Y": 42.355037, "longitude_X": -71.05402, "year": 2016 }, "geometry": { "type": "Point", "coordinates": [ -71.05402, 42.355037 ] } },
{ "type": "Feature", "properties": { "businessname": "Subway", "dbaname": null, "legalowner": "  ", "namelast": "Fritschler", "namefirst": "Charles", "licenseno": 139592, "issdttm": "2015-03-13T12:40:01", "expdttm": "2017-12-31T23:59:00", "licstatus": "Inactive", "licensecat": "FT", "descript": "Eating & Drinking w/ Take Out", "result": "HE_Fail", "resultdttm": "2016-02-01T14:39:20", "violation": "M-2-102.11", "viollevel": "***", "violdesc": "PIC Knowledge", "violdttm": "2016-02-01T14:39:20", "violstatus": "Fail", "statusdate": null, "comments": "There is no full time employee with a current Food Safety Certification.  Provide documentation of at least one full time employee who has been enrolled in some form of Food Safety Course prior to the re-inspection being conducted.", "address": "153   Milk ST", "city": "Boston", "zip": 2109, "property_id": 275464, "latitude_Y": 42.35772, "longitude_X": -71.05414, "year": 2016 }, "geometry": { "type": "Point", "coordinates": [ -71.05414, 42.35772 ] } },
{ "type": "Feature", "properties": { "businessname": "Subway", "dbaname": null, "legalowner": "MOSKOW KENNETH A TS", "namelast": "NMB Commons Inc.", "namefirst": "Bakula Patel", "licenseno": 75046, "issdttm": "2012-02-13T14:39:14", "expdttm": "2017-12-31T23:59:00", "licstatus": "Inactive", "licensecat": "FT", "descript": "Eating & Drinking w/ Take Out", "result": "HE_Fail", "resultdttm": "2016-02-25T12:22:22", "violation": "37-6-501.11-.12", "viollevel": "*", "violdesc": "Improper Maintenance of Walls/Ceilings", "violdttm": "2016-02-25T12:22:22", "violstatus": "Fail", "statusdate": null, "comments": "oven exhaust hood with dust build up  clean to remove", "address": "144  Tremont St", "city": "Boston", "zip": 2111, "property_id": 136830, "latitude_Y": 42.355314, "longitude_X": -71.062825, "year": 2016 }, "geometry": { "type": "Point", "coordinates": [ -71.062825, 42.355314 ] } },
{ "type": "Feature", "properties": { "businessname": "Subway", "dbaname": null, "legalowner": "WESTWATER RUTH M", "namelast": "SHAMSUDDIN KARIN", "namefirst": " ", "licenseno": 20347, "issdttm": "2011-12-13T11:14:30", "expdttm": "2020-12-31T23:59:00", "licstatus": "Active", "licensecat": "FS", "descript": "Eating & Drinking", "result": "HE_Fail", "resultdttm": "2016-05-19T13:08:06", "violation": "04-3-501.15/4-301.11", "viollevel": "*", "violdesc": "Inadequate Facilities/Cooling Methods", "violdttm": "2016-05-19T13:08:06", "violstatus": "Fail", "statusdate": null, "comments": "Sliced tomatoes inside of the upright single door cooler with an elevated temperature of 48F. Discontinue and ensure all potentially hazardous foods are being maintained at below 41F. Tomatoes were removed at the time of the inspection.", "address": "230   Tremont ST", "city": "Boston", "zip": 2116, "property_id": 137461, "latitude_Y": 42.35129, "longitude_X": -71.0646, "year": 2016 }, "geometry": { "type": "Point", "coordinates": [ -71.0646, 42.35129 ] } },
{ "type": "Feature", "properties": { "businessname": "Subway & Auntie Anne's", "dbaname": null, "legalowner": "  ", "namelast": "G & V Sub and Ice Cream Inc.", "namefirst": " ", "licenseno": 34696, "issdttm": "2012-02-08T17:21:41", "expdttm": "2020-12-31T23:59:00", "licstatus": "Active", "licensecat": "FT", "descript": "Eating & Drinking w/ Take Out", "result": "HE_Fail", "resultdttm": "2015-05-12T14:20:26", "violation": "03-3-501.16", "viollevel": "***", "violdesc": "Hot Holding", "violdttm": "2015-05-12T14:20:26", "violstatus": "Fail", "statusdate": null, "comments": "No water in bottom of steam well at service line. Meatballs 130F  Chicken 135F. Removed by CFPM and reheated to 170F. Foods must be hot held at 140F or above", "address": "1120  Boylston ST", "city": "Boston", "zip": 2215, "property_id": 162429, "latitude_Y": 42.346763, "longitude_X": -71.088948, "year": 2015 }, "geometry": { "type": "Point", "coordinates": [ -71.088948, 42.346763 ] } },
{ "type": "Feature", "properties": { "businessname": "Subway (138 Cambridge St.)", "dbaname": null, "legalowner": null, "namelast": "Cambridge Sub L L C", "namefirst": " ", "licenseno": 90317, "issdttm": "2013-05-17T09:45:51", "expdttm": "2020-12-31T23:59:00", "licstatus": "Active", "licensecat": "FT", "descript": "Eating & Drinking w/ Take Out", "result": "HE_Fail", "resultdttm": "2016-03-08T13:48:28", "violation": "03-3-501.16(A)", "viollevel": "***", "violdesc": "Cold Holding", "violdttm": "2016-03-08T13:48:28", "violstatus": "Fail", "statusdate": null, "comments": "Tuna 50F  sliced turkey 46F  Jalepenos 53F. Maintain cold holding temperatures at 41F or below. PIC stated product out of temperature for 30 minutes and took corrective action to cool product to 41F or below.", "address": "138   Cambridge ST", "city": "Boston", "zip": 2114, "property_id": 157200, "latitude_Y": 42.361003, "longitude_X": -71.063928, "year": 2016 }, "geometry": { "type": "Point", "coordinates": [ -71.063928, 42.361003 ] } },
{ "type": "Feature", "properties": { "businessname": "Subway (76 Summer St.)", "dbaname": null, "legalowner": "  ", "namelast": "Saikrupa Inc.", "namefirst": "Shree", "licenseno": 80490, "issdttm": "2013-01-07T09:00:44", "expdttm": "2018-12-31T23:59:00", "licstatus": "Inactive", "licensecat": "FT", "descript": "Eating & Drinking w/ Take Out", "result": "HE_Filed", "resultdttm": "2015-04-03T14:16:07", "violation": "32-6-301.11-02.11", "viollevel": "*", "violdesc": "Hand Cleaner  Drying  Tissue Signage", "violdttm": "2015-04-03T14:16:07", "violstatus": "Fail", "statusdate": null, "comments": "Provide paper towels to hand sink area.", "address": "76  Summer St", "city": "Boston", "zip": 2110, "property_id": 315711, "latitude_Y": 42.35405, "longitude_X": -71.05822, "year": 2015 }, "geometry": { "type": "Point", "coordinates": [ -71.05822, 42.35405 ] } },
{ "type": "Feature", "properties": { "businessname": "SUFFOLK U. LAW BOOKSTORE", "dbaname": null, "legalowner": null, "namelast": "CAMPUS STORES OF MASS.", "namefirst": "Att: Tax Department", "licenseno": 24349, "issdttm": "2012-01-31T14:37:44", "expdttm": "2018-12-31T23:59:00", "licstatus": "Inactive", "licensecat": "RF", "descript": "Retail Food", "result": "HE_Fail", "resultdttm": "2018-01-10T10:52:33", "violation": "M-2-103.11", "viollevel": "***", "violdesc": "PIC Performing Duties", "violdttm": "2018-01-10T10:52:33", "violstatus": "Fail", "statusdate": null, "comments": "8-301.20- Post 2018 Health Permit or provide proof of payment of 2018 Health Permit fees. If 2018  permit fees have not been paid  submit paymet ASAP.", "address": "120   Tremont ST", "city": "Boston", "zip": 2108, "property_id": 156030, "latitude_Y": 42.356767, "longitude_X": -71.061448, "year": 2018 }, "geometry": { "type": "Point", "coordinates": [ -71.061448, 42.356767 ] } },
{ "type": "Feature", "properties": { "businessname": "SUFFOLK UNIV. SOMERSET CAFE", "dbaname": null, "legalowner": null, "namelast": "SODEXO OPERATIONS L L C", "namefirst": " ", "licenseno": 22771, "issdttm": "2012-02-27T10:57:08", "expdttm": "2020-12-31T23:59:00", "licstatus": "Active", "licensecat": "FS", "descript": "Eating & Drinking", "result": "HE_Fail", "resultdttm": "2016-01-21T13:04:03", "violation": "08-3-305-307.11", "viollevel": "*", "violdesc": "Food Protection", "violdttm": "2016-01-21T13:04:03", "violstatus": "Fail", "statusdate": null, "comments": "Canned goods on storage rack with water damaged labels due to above leak in ceiling per PIC. Discontinue storing foods under where leak in ceiling occured. Store all foods away from potential sources of contamination. PIC volluntarilly discarded  water damaged canned goods.", "address": "10   Somerset ST", "city": "Boston", "zip": 2114, "property_id": 128377, "latitude_Y": 42.35878, "longitude_X": -71.06183, "year": 2016 }, "geometry": { "type": "Point", "coordinates": [ -71.06183, 42.35878 ] } },
{ "type": "Feature", "properties": { "businessname": "SUFFOLK UNIVERSITY CAFE", "dbaname": null, "legalowner": "SODEXHO OPERATIONS", "namelast": "SODEXO OPERATIONS", "namefirst": "L L C", "licenseno": 26052, "issdttm": "2012-01-11T11:52:35", "expdttm": "2020-12-31T23:59:00", "licstatus": "Active", "licensecat": "FS", "descript": "Eating & Drinking", "result": "HE_Fail", "resultdttm": "2016-01-20T11:16:54", "violation": "01-3-602.11 B2", "viollevel": "***", "violdesc": "Labeling of Ingredients", "violdttm": "2016-01-20T11:16:54", "violstatus": "Fail", "statusdate": null, "comments": "Grab and go sandwiches not labeled properly. Provide proper label of ingredients and origin.", "address": "8   Ashburton PL", "city": "Boston", "zip": 2108, "property_id": 156690, "latitude_Y": 42.358992, "longitude_X": -71.061988, "year": 2016 }, "geometry": { "type": "Point", "coordinates": [ -71.061988, 42.358992 ] } },
{ "type": "Feature", "properties": { "businessname": "Sufra", "dbaname": null, "legalowner": "D'ALELIO ANTONIO", "namelast": "Hamed", "namefirst": "Jehad", "licenseno": 365332, "issdttm": "2019-01-08T07:55:22", "expdttm": "2020-12-31T23:59:00", "licstatus": "Active", "licensecat": "FS", "descript": "Eating & Drinking", "result": "HE_Fail", "resultdttm": "2020-08-13T13:57:33", "violation": "590.002(C)/2-102.12-C", "viollevel": "*", "violdesc": "(A) Certified Food Protection Manager (C)", "violdttm": "2020-08-13T13:57:33", "violstatus": "Fail", "statusdate": null, "comments": "Allergen certificates posted are not state approved. Handout provided. Provide Massachusetts Allergen Awareness Certificate.", "address": "52   Queensberry ST", "city": "Boston", "zip": 2115, "property_id": 157535, "latitude_Y": 42.342574, "longitude_X": -71.097319, "year": 2020 }, "geometry": { "type": "Point", "coordinates": [ -71.097319, 42.342574 ] } },
{ "type": "Feature", "properties": { "businessname": "SUISHAYA RESTAURANT", "dbaname": null, "legalowner": "WONG AY-CHI TS", "namelast": "CHAN", "namefirst": "ROMAN", "licenseno": 20584, "issdttm": "2012-05-07T13:50:45", "expdttm": "2020-12-31T23:59:00", "licstatus": "Active", "licensecat": "FT", "descript": "Eating & Drinking w/ Take Out", "result": "HE_Fail", "resultdttm": "2016-01-08T14:26:15", "violation": "08-3-302.11/3-304.11", "viollevel": "***", "violdesc": "Separation  Segregation Cross Contamination", "violdttm": "2016-01-08T14:26:15", "violstatus": "Fail", "statusdate": null, "comments": "no seperation of raw and ready to eat foods at sushi case  supply seperation to avoid cross contamination", "address": "2   Tyler ST", "city": "Boston", "zip": 2111, "property_id": 138813, "latitude_Y": 42.35121, "longitude_X": -71.06037, "year": 2016 }, "geometry": { "type": "Point", "coordinates": [ -71.06037, 42.35121 ] } },
{ "type": "Feature", "properties": { "businessname": "Sulgrave News", "dbaname": null, "legalowner": null, "namelast": "AMM BUSINESS CORP.", "namefirst": " ", "licenseno": 68208, "issdttm": "2012-02-06T13:20:12", "expdttm": "2018-12-31T23:59:00", "licstatus": "Inactive", "licensecat": "RF", "descript": "Retail Food", "result": "HE_Filed", "resultdttm": "2015-08-17T12:52:33", "violation": "36-6-501.11-.12", "viollevel": "*", "violdesc": "Improper Maintenance of Floors", "violdttm": "2015-08-17T12:52:33", "violstatus": "Fail", "statusdate": null, "comments": "Floors throughout and along walls with visible soils and debris / Clean to remove", "address": "6   Milk ST", "city": "Boston", "zip": 2108, "property_id": 157508, "latitude_Y": 42.356865, "longitude_X": -71.058188, "year": 2015 }, "geometry": { "type": "Point", "coordinates": [ -71.058188, 42.356865 ] } },
{ "type": "Feature", "properties": { "businessname": "Sullivan's Castle Isl. @ The Milk Bottle", "dbaname": null, "legalowner": "CHILDRENS MUSEUM LESSEE", "namelast": "Sullivan's Castle Island LLC", "namefirst": "Brendan M. Sullivan", "licenseno": 336036, "issdttm": "2017-07-10T12:14:49", "expdttm": "2018-12-31T23:59:00", "licstatus": "Inactive", "licensecat": "FT", "descript": "Eating & Drinking w/ Take Out", "result": "HE_Fail", "resultdttm": "2017-06-26T11:18:11", "violation": "05-4-302.12", "viollevel": "*", "violdesc": "Food Thermometers Provided", "violdttm": "2017-06-26T11:18:11", "violstatus": "Fail", "statusdate": null, "comments": "Provide a working foodt thermometer", "address": "308   Congress ST", "city": "Boston", "zip": 2210, "property_id": 42095, "latitude_Y": 42.351883, "longitude_X": -71.049569, "year": 2017 }, "geometry": { "type": "Point", "coordinates": [ -71.049569, 42.351883 ] } },
{ "type": "Feature", "properties": { "businessname": "Sulmona Meat Market", "dbaname": null, "legalowner": "TERMINE CHARLES E TS", "namelast": "SUSI", "namefirst": "DOMENICO", "licenseno": 25329, "issdttm": "2012-01-25T15:23:10", "expdttm": "2020-12-31T23:59:00", "licstatus": "Active", "licensecat": "RF", "descript": "Retail Food", "result": "HE_Fail", "resultdttm": "2015-04-08T12:11:58", "violation": "13-2-304/402.11", "viollevel": "*", "violdesc": "Clean Cloths  Hair Restraint", "violdttm": "2015-04-08T12:11:58", "violstatus": "Fail", "statusdate": null, "comments": "No hair restraint worn by butcher - corrected during interview", "address": "32   Parmenter ST", "city": "Boston", "zip": 2113, "property_id": 108274, "latitude_Y": 42.363987, "longitude_X": -71.055432, "year": 2015 }, "geometry": { "type": "Point", "coordinates": [ -71.055432, 42.363987 ] } },
{ "type": "Feature", "properties": { "businessname": "SULTAN'S KITCHEN", "dbaname": null, "legalowner": "STATE ENTERPRISES LIMITED PA", "namelast": "OZCAN OZAN", "namefirst": " ", "licenseno": 22884, "issdttm": "2012-02-06T10:58:13", "expdttm": "2017-12-31T23:59:00", "licstatus": "Inactive", "licensecat": "FT", "descript": "Eating & Drinking w/ Take Out", "result": "HE_Fail", "resultdttm": "2015-04-22T11:09:16", "violation": "03-3-501.16(A)", "viollevel": "***", "violdesc": "Cold Holding", "violdttm": "2015-04-22T11:09:16", "violstatus": "Fail", "statusdate": null, "comments": "1. Hummus @ 48f  ensure proper cold hold of 41f or below. 2. eggplant paste @ 46f  ensure proper cold hold of 41f or below (manager to ensure all products cooled to 41f or below before being put into service area. Made fresh daily))", "address": "112  State ST", "city": "Boston", "zip": 2109, "property_id": 130370, "latitude_Y": 42.359299, "longitude_X": -71.054864, "year": 2015 }, "geometry": { "type": "Point", "coordinates": [ -71.054864, 42.359299 ] } },
{ "type": "Feature", "properties": { "businessname": "Supreme Pizza", "dbaname": null, "legalowner": null, "namelast": "Charam L L C", "namefirst": " ", "licenseno": 123834, "issdttm": "2014-04-04T09:15:40", "expdttm": "2020-12-31T23:59:00", "licstatus": "Active", "licensecat": "FT", "descript": "Eating & Drinking w/ Take Out", "result": "HE_Fail", "resultdttm": "2016-01-12T12:59:11", "violation": "12-2-301.12-.15", "viollevel": "***", "violdesc": "Adequate Handwashing/Where/When/How", "violdttm": "2016-01-12T12:59:11", "violstatus": "Fail", "statusdate": null, "comments": "There is no soap at the handsink in the kitchen so employees are unable to wash their hands properly.  Train employees to properly wash their hands.", "address": "177   Massachusetts AVE", "city": "Boston", "zip": 2115, "property_id": 91980, "latitude_Y": 42.34577, "longitude_X": -71.08734, "year": 2016 }, "geometry": { "type": "Point", "coordinates": [ -71.08734, 42.34577 ] } },
{ "type": "Feature", "properties": { "businessname": "SUSAN BAILIS ASSISTED LIVING", "dbaname": null, "legalowner": "ST. BOTOLPH ASSISTED LIVI", "namelast": "ST. BOTOLPH ASSISTED LIVING L.P.", "namefirst": " ", "licenseno": 22578, "issdttm": "2011-12-30T14:45:36", "expdttm": "2020-12-31T23:59:00", "licstatus": "Active", "licensecat": "FS", "descript": "Eating & Drinking", "result": "HE_Fail", "resultdttm": "2015-03-25T15:20:43", "violation": "03-3-501.14", "viollevel": "***", "violdesc": "Cooling", "violdttm": "2015-03-25T15:20:43", "violstatus": "Fail", "statusdate": null, "comments": "Rice in tightly wrapped deep container at 136F for approximately 1 hour. Ensure properly cooling foods per cooling parameters. Removed by PIC and placed in shallow metal container and placed in walkin.", "address": "352   Massachusetts AVE", "city": "Boston", "zip": 2115, "property_id": 156786, "latitude_Y": 42.342059, "longitude_X": -71.083489, "year": 2015 }, "geometry": { "type": "Point", "coordinates": [ -71.083489, 42.342059 ] } },
{ "type": "Feature", "properties": { "businessname": "Sweet", "dbaname": null, "legalowner": null, "namelast": "Sweet Cupcakes Inc.", "namefirst": " ", "licenseno": 75534, "issdttm": "2012-01-12T17:38:27", "expdttm": "2019-12-31T23:59:00", "licstatus": "Inactive", "licensecat": "RF", "descript": "Retail Food", "result": "HE_Fail", "resultdttm": "2018-02-09T11:46:54", "violation": "03-3-501.14", "viollevel": "***", "violdesc": "Cooling", "violdttm": "2018-02-09T11:46:54", "violstatus": "Fail", "statusdate": null, "comments": " ", "address": "11   School ST", "city": "Boston", "zip": 2109, "property_id": 156095, "latitude_Y": 42.357607, "longitude_X": -71.05866, "year": 2018 }, "geometry": { "type": "Point", "coordinates": [ -71.05866, 42.357607 ] } },
{ "type": "Feature", "properties": { "businessname": "Sweet & Nasty", "dbaname": null, "legalowner": "NOVAK", "namelast": "NOVAK", "namefirst": "NIKI", "licenseno": 18927, "issdttm": "2011-12-13T11:53:18", "expdttm": "2019-12-31T23:59:00", "licstatus": "Inactive", "licensecat": "RF", "descript": "Retail Food", "result": "HE_Fail", "resultdttm": "2017-08-23T13:51:39", "violation": "01-3-201.11", "viollevel": "***", "violdesc": "Approved Source", "violdttm": "2017-08-23T13:51:39", "violstatus": "Fail", "statusdate": null, "comments": "Provide proper invoices for all bakery products.", "address": "90   Massachusetts AVE", "city": "Boston", "zip": 2115, "property_id": 157868, "latitude_Y": 42.348579, "longitude_X": -71.088129, "year": 2017 }, "geometry": { "type": "Point", "coordinates": [ -71.088129, 42.348579 ] } },
{ "type": "Feature", "properties": { "businessname": "Sweet Cheeks", "dbaname": null, "legalowner": null, "namelast": "Tiffani Faison", "namefirst": "Sweet Cheeks", "licenseno": 76664, "issdttm": "2011-12-28T13:19:34", "expdttm": "2020-12-31T23:59:00", "licstatus": "Active", "licensecat": "FS", "descript": "Eating & Drinking", "result": "HE_Fail", "resultdttm": "2015-05-18T11:44:34", "violation": "01-3-202.12", "viollevel": "***", "violdesc": "Approved Food  or Color Additives", "violdttm": "2015-05-18T11:44:34", "violstatus": "Fail", "statusdate": null, "comments": "They are using pink salts in their sausage.  Discontinue use of additives.", "address": "144   Brookline AVE", "city": "Boston", "zip": 2215, "property_id": 341545, "latitude_Y": 42.34439, "longitude_X": -71.101137, "year": 2015 }, "geometry": { "type": "Point", "coordinates": [ -71.101137, 42.34439 ] } },
{ "type": "Feature", "properties": { "businessname": "Sweet Kingdom", "dbaname": null, "legalowner": null, "namelast": "CT Sweet Kingdom LLC", "namefirst": "Minghui Chen", "licenseno": 140905, "issdttm": "2016-01-27T08:34:42", "expdttm": "2020-12-31T23:59:00", "licstatus": "Active", "licensecat": "FT", "descript": "Eating & Drinking w/ Take Out", "result": "HE_Fail", "resultdttm": "2016-09-23T14:18:55", "violation": "22-4-601/602.11", "viollevel": "**", "violdesc": "Food Contact Surfaces Clean", "violdttm": "2016-09-23T14:18:55", "violstatus": "Fail", "statusdate": null, "comments": "Interior of ice machine with rust and mold-like build up  clean to remove", "address": "15  Beach ST", "city": "Boston", "zip": 2111, "property_id": 156243, "latitude_Y": 42.351365, "longitude_X": -71.062281, "year": 2016 }, "geometry": { "type": "Point", "coordinates": [ -71.062281, 42.351365 ] } },
{ "type": "Feature", "properties": { "businessname": "Sweetgreen", "dbaname": null, "legalowner": "  ", "namelast": "Sweetgreen Boston LLC", "namefirst": " ", "licenseno": 159563, "issdttm": "2016-05-05T08:21:34", "expdttm": "2020-12-31T23:59:00", "licstatus": "Active", "licensecat": "FS", "descript": "Eating & Drinking", "result": "HE_Fail", "resultdttm": "2016-08-15T10:10:36", "violation": "02-3-602.11-.12/3-302.12", "viollevel": "*", "violdesc": "Food Container Labels", "violdttm": "2016-08-15T10:10:36", "violstatus": "Fail", "statusdate": null, "comments": "Bulk dry storage containers at cookline without lable indentifying contents. Provide proper label", "address": "15   School ST", "city": "Boston", "zip": 2108, "property_id": 307105, "latitude_Y": 42.357648, "longitude_X": -71.058776, "year": 2016 }, "geometry": { "type": "Point", "coordinates": [ -71.058776, 42.357648 ] } },
{ "type": "Feature", "properties": { "businessname": "Sweetgreen", "dbaname": null, "legalowner": "HAJJAR CHARLES C TS", "namelast": "Sweetgreen Inc.", "namefirst": "Timothy Noonan", "licenseno": 86806, "issdttm": "2013-06-25T09:31:26", "expdttm": "2020-12-31T23:59:00", "licstatus": "Active", "licensecat": "FS", "descript": "Eating & Drinking", "result": "HE_Fail", "resultdttm": "2015-03-20T10:58:22", "violation": "03-3-403.11", "viollevel": "***", "violdesc": "Reheating", "violdttm": "2015-03-20T10:58:22", "violstatus": "Fail", "statusdate": null, "comments": "Cooked Chicken 80F and Rice 71F initially stored in Walk In Unit  being put for hot holding without being re-heat. The Hot Holding Unit set at 140F.  Reheat properly to 165F before hot holding the PHFs. PIC stated the food was taken out 30 Mins ago. She reheated the food properly.", "address": "659   Boylston ST", "city": "Boston", "zip": 2116, "property_id": 18371, "latitude_Y": 42.35002, "longitude_X": -71.07865, "year": 2015 }, "geometry": { "type": "Point", "coordinates": [ -71.07865, 42.35002 ] } },
{ "type": "Feature", "properties": { "businessname": "Sweetgreen", "dbaname": null, "legalowner": "MINIAS AMGAD", "namelast": "Sweetgreen Boston LLC", "namefirst": " ", "licenseno": 162727, "issdttm": "2016-10-07T08:59:04", "expdttm": "2020-12-31T23:59:00", "licstatus": "Active", "licensecat": "FS", "descript": "Eating & Drinking", "result": "HE_Filed", "resultdttm": "2018-07-31T10:39:42", "violation": "36-6-501.11-.12", "viollevel": "*", "violdesc": "Improper Maintenance of Floors", "violdttm": "2018-07-31T10:39:42", "violstatus": "Fail", "statusdate": null, "comments": "Clean floor area under the ice/water dispenser at the service line.", "address": "87   Summer ST", "city": "Boston", "zip": 2110, "property_id": 157520, "latitude_Y": 42.353848, "longitude_X": -71.058561, "year": 2018 }, "geometry": { "type": "Point", "coordinates": [ -71.058561, 42.353848 ] } },
{ "type": "Feature", "properties": { "businessname": "SYMPHONY SUSHI", "dbaname": null, "legalowner": "SAM XUE-YUAN ZHENG SYMPHONY SUSHI", "namelast": "SAM XUE-YUAN ZHENG", "namefirst": "SYMPHONY SUSHI", "licenseno": 22841, "issdttm": "2011-12-30T12:27:58", "expdttm": "2020-12-31T23:59:00", "licstatus": "Active", "licensecat": "FS", "descript": "Eating & Drinking", "result": "HE_Fail", "resultdttm": "2015-03-25T15:26:44", "violation": "15-4-202.16", "viollevel": "*", "violdesc": "Non-Food Contact Surfaces", "violdttm": "2015-03-25T15:26:44", "violstatus": "Fail", "statusdate": null, "comments": "Shelving below prep table rusted and worn. Repair to make smooth  durable and cleanable", "address": "45   Gainsborough ST", "city": "Boston", "zip": 2115, "property_id": 157800, "latitude_Y": 42.341989, "longitude_X": -71.087081, "year": 2015 }, "geometry": { "type": "Point", "coordinates": [ -71.087081, 42.341989 ] } },
{ "type": "Feature", "properties": { "businessname": "Taco Bell", "dbaname": null, "legalowner": "B. LVOVSKIY & S. LITVI NENKO", "namelast": "barbaneagra", "namefirst": "ion", "licenseno": 409207, "issdttm": "2019-12-12T09:07:22", "expdttm": "2020-12-31T23:59:00", "licstatus": "Active", "licensecat": "FS", "descript": "Eating & Drinking", "result": "HE_Fail", "resultdttm": "2019-10-02T11:58:55", "violation": "590.006/6-101.11-C", "viollevel": "*", "violdesc": "Surface Characteristics-Indoor Areas (C)", "violdttm": "2019-10-02T11:58:55", "violstatus": "Fail", "statusdate": null, "comments": "water dripping from ceiling in the kitchen. Repair leak and remove water buildup on the floor.", "address": "74   Summer ST", "city": "Boston", "zip": 2110, "property_id": 157506, "latitude_Y": 42.354093, "longitude_X": -71.058259, "year": 2019 }, "geometry": { "type": "Point", "coordinates": [ -71.058259, 42.354093 ] } },
{ "type": "Feature", "properties": { "businessname": "TAIWAN CAFE", "dbaname": null, "legalowner": null, "namelast": "Yan-Fang Zhang Pres.", "namefirst": " ", "licenseno": 79403, "issdttm": "2012-08-03T14:54:00", "expdttm": "2020-12-31T23:59:00", "licstatus": "Active", "licensecat": "FS", "descript": "Eating & Drinking", "result": "HE_Fail", "resultdttm": "2015-12-01T11:03:37", "violation": "03-3-501.16(A)", "viollevel": "***", "violdesc": "Cold Holding", "violdttm": "2015-12-01T11:03:37", "violstatus": "Fail", "statusdate": null, "comments": "Cut lettuce and cabbage sitting out at 65F / Prepped at 10am  moved to refrigeration.  Provide proper cold holding temperatures.", "address": "34   Oxford ST", "city": "Boston", "zip": 2111, "property_id": 157443, "latitude_Y": 42.351466, "longitude_X": -71.060209, "year": 2015 }, "geometry": { "type": "Point", "coordinates": [ -71.060209, 42.351466 ] } },
{ "type": "Feature", "properties": { "businessname": "Taj Boston", "dbaname": null, "legalowner": "MPE HOTEL I LLC", "namelast": "IREP Newbury Hotel LLC", "namefirst": "Att: Accounts Payable", "licenseno": 377333, "issdttm": "2018-10-11T10:00:50", "expdttm": "2019-12-31T23:59:00", "licstatus": "Inactive", "licensecat": "FS", "descript": "Eating & Drinking", "result": "HE_Fail", "resultdttm": "2018-09-26T08:59:54", "violation": "01-3-203.12", "viollevel": "**", "violdesc": "Tags & Records", "violdttm": "2018-09-26T08:59:54", "violstatus": "Fail", "statusdate": null, "comments": "Shell stock tags improperly stored.Maintain storage in chronological order for minimum 90 days(3 months).", "address": "15   Arlington ST", "city": "Boston", "zip": 2116, "property_id": 4827, "latitude_Y": 42.35283, "longitude_X": -71.0716, "year": 2018 }, "geometry": { "type": "Point", "coordinates": [ -71.0716, 42.35283 ] } },
{ "type": "Feature", "properties": { "businessname": "TAPEO RESTAURANT & TAPAS BAR", "dbaname": null, "legalowner": "TWO-66-268 NEWBURY ST L P", "namelast": "Leon", "namefirst": "Fernando", "licenseno": 20035, "issdttm": "2012-01-25T09:32:15", "expdttm": "2018-12-31T23:59:00", "licstatus": "Inactive", "licensecat": "FS", "descript": "Eating & Drinking", "result": "HE_Fail", "resultdttm": "2015-10-06T16:49:36", "violation": "03-3-501.14", "viollevel": "***", "violdesc": "Cooling", "violdttm": "2015-10-06T16:49:36", "violstatus": "Fail", "statusdate": null, "comments": "Cooking Line-Chicken in a plastic container and covered  at the upright  refrigerating unit registered 55F. PIC stated it has been there from 5 hours ago  and moved it to the freezer for rapid cooling. Ensure that proper methods and equipment is used for cooling.", "address": "266   Newbury ST", "city": "Boston", "zip": 2116, "property_id": 101479, "latitude_Y": 42.34918, "longitude_X": -71.08319, "year": 2015 }, "geometry": { "type": "Point", "coordinates": [ -71.08319, 42.34918 ] } },
{ "type": "Feature", "properties": { "businessname": "TARANTA/LA REINA", "dbaname": null, "legalowner": null, "namelast": "DUARTE CORP.", "namefirst": " ", "licenseno": 21462, "issdttm": "2012-01-26T12:45:07", "expdttm": "2020-12-31T23:59:00", "licstatus": "Inactive", "licensecat": "FS", "descript": "Eating & Drinking", "result": "HE_Fail", "resultdttm": "2015-07-20T14:07:53", "violation": "08-3-305-307.11", "viollevel": "*", "violdesc": "Food Protection", "violdttm": "2015-07-20T14:07:53", "violstatus": "Fail", "statusdate": null, "comments": "Keep all foods elevated off the floor at least six inches during storage Cover all exposed foods in the freezers and any foods in the refrigeration units that will be there for an extended peroid of time Keep all raw beef  eggs  poultry and seafood stored underneath any ready to eat foods located in all refrigerated areas of the restaurant -", "address": "210   Hanover ST", "city": "Boston", "zip": 2113, "property_id": 158240, "latitude_Y": 42.362919, "longitude_X": -71.05563, "year": 2015 }, "geometry": { "type": "Point", "coordinates": [ -71.05563, 42.362919 ] } },
{ "type": "Feature", "properties": { "businessname": "Tasty Burger", "dbaname": null, "legalowner": null, "namelast": "Phil Audino", "namefirst": " ", "licenseno": 68539, "issdttm": "2011-12-19T15:20:53", "expdttm": "2020-12-31T23:59:00", "licstatus": "Active", "licensecat": "FS", "descript": "Eating & Drinking", "result": "HE_Fail", "resultdttm": "2015-01-07T13:38:35", "violation": "14-4-202.11", "viollevel": "*", "violdesc": "Food Contact Surfaces Design", "violdttm": "2015-01-07T13:38:35", "violstatus": "Fail", "statusdate": null, "comments": "Cutting board at the cooking line heavily scored. Repair or replace.", "address": "1301   Boylston ST", "city": "Boston", "zip": 2215, "property_id": 162464, "latitude_Y": 42.344744, "longitude_X": -71.098289, "year": 2015 }, "geometry": { "type": "Point", "coordinates": [ -71.098289, 42.344744 ] } },
{ "type": "Feature", "properties": { "businessname": "Tatte Bakery & Cafe", "dbaname": null, "legalowner": "  ", "namelast": "Tatte Holding LLC", "namefirst": "Att: Accounts Payable", "licenseno": 359778, "issdttm": "2018-08-28T07:53:15", "expdttm": "2020-12-31T23:59:00", "licstatus": "Active", "licensecat": "FS", "descript": "Eating & Drinking", "result": "HE_Fail", "resultdttm": "2019-05-09T15:20:31", "violation": "03-3-501.16(A)", "viollevel": "***", "violdesc": "Cold Holding", "violdttm": "2019-05-09T15:20:31", "violstatus": "Fail", "statusdate": null, "comments": "Milk on counter at coffee counter at 60F. Ensure product is maintained at 41F or below. Discarded", "address": "359   Huntington AVE", "city": "Boston", "zip": 2115, "property_id": 341062, "latitude_Y": 42.340302, "longitude_X": -71.090331, "year": 2019 }, "geometry": { "type": "Point", "coordinates": [ -71.090331, 42.340302 ] } },
{ "type": "Feature", "properties": { "businessname": "Tatte Bakery & Cafe", "dbaname": null, "legalowner": "SHARRATT JOHN A", "namelast": "Tatte Holding LLC", "namefirst": "Att: Accounts Payable", "licenseno": 134181, "issdttm": "2015-03-02T08:45:19", "expdttm": "2020-12-31T23:59:00", "licstatus": "Active", "licensecat": "FT", "descript": "Eating & Drinking w/ Take Out", "result": "HE_Fail", "resultdttm": "2016-04-25T09:36:58", "violation": "24-4-904.11AB", "viollevel": "*", "violdesc": "Improper Storage of Re-usable Utensils", "violdttm": "2016-04-25T09:36:58", "violstatus": "Fail", "statusdate": null, "comments": "Ice bucket not inverted", "address": "70  Charles St", "city": "Boston", "zip": 2114, "property_id": 29173, "latitude_Y": 42.35788, "longitude_X": -71.0706, "year": 2016 }, "geometry": { "type": "Point", "coordinates": [ -71.0706, 42.35788 ] } },
{ "type": "Feature", "properties": { "businessname": "Tavern Club", "dbaname": null, "legalowner": "TAVERN CLUB INC.", "namelast": "TAVERN CLUB INC.", "namefirst": " ", "licenseno": 18117, "issdttm": "2012-02-14T09:18:43", "expdttm": "2020-12-31T23:59:00", "licstatus": "Active", "licensecat": "FS", "descript": "Eating & Drinking", "result": "HE_Pass", "resultdttm": "2015-07-08T11:41:04", "violation": "M-2-103.11", "viollevel": "***", "violdesc": "PIC Performing Duties", "violdttm": "2015-07-08T11:41:04", "violstatus": "Pass", "statusdate": "2015-07-09T08:00:47", "comments": "Retrain staff with regard to proper warewashing.", "address": "4   Boylston PL", "city": "Boston", "zip": 2116, "property_id": 156405, "latitude_Y": 42.351901, "longitude_X": -71.066169, "year": 2015 }, "geometry": { "type": "Point", "coordinates": [ -71.066169, 42.351901 ] } },
{ "type": "Feature", "properties": { "businessname": "Tea Do/ Ice Age", "dbaname": null, "legalowner": "  ", "namelast": "Poon", "namefirst": "Shi", "licenseno": 91485, "issdttm": "2014-03-18T14:52:11", "expdttm": "2020-12-31T23:59:00", "licstatus": "Active", "licensecat": "FS", "descript": "Eating & Drinking", "result": "HE_Fail", "resultdttm": "2017-06-22T13:44:25", "violation": "27-5-103.11-.12", "viollevel": "***", "violdesc": "Hot and Cold Water", "violdttm": "2017-06-22T13:44:25", "violstatus": "Fail", "statusdate": null, "comments": "Hot water faucet at back prep hand sink is broken  providing cold water only.  Second hand sink located in front service area is being used by all staff  / Repair hand sink", "address": "8   Tyler ST", "city": "Boston", "zip": 2111, "property_id": 323538, "latitude_Y": 42.35103, "longitude_X": -71.06043, "year": 2017 }, "geometry": { "type": "Point", "coordinates": [ -71.06043, 42.35103 ] } },
{ "type": "Feature", "properties": { "businessname": "Tea Forte", "dbaname": null, "legalowner": "HAMILTON JAMES A G TS", "namelast": "Tea Forte Inc.", "namefirst": "Kathleen O'Connor", "licenseno": 358391, "issdttm": "2018-05-04T15:17:23", "expdttm": "2020-12-31T23:59:00", "licstatus": "Active", "licensecat": "RF", "descript": "Retail Food", "result": "HE_Fail", "resultdttm": "2019-07-03T09:14:48", "violation": "590.002/2-501.11-PF", "viollevel": "**", "violdesc": "Clean-up of Vomiting and Diarrheal Events (Pf)", "violdttm": "2019-07-03T09:14:48", "violstatus": "Fail", "statusdate": null, "comments": "No written procedures for responding to and clean up of vomit and diarrheal incidents", "address": "91   Newbury ST", "city": "Boston", "zip": 2116, "property_id": 101996, "latitude_Y": 42.3519, "longitude_X": -71.07504, "year": 2019 }, "geometry": { "type": "Point", "coordinates": [ -71.07504, 42.3519 ] } },
{ "type": "Feature", "properties": { "businessname": "Tenoch Mexican", "dbaname": null, "legalowner": "  ", "namelast": "Tenoch Mexican Food Corp.", "namefirst": " ", "licenseno": 122265, "issdttm": "2014-02-19T11:21:49", "expdttm": "2020-12-31T23:59:00", "licstatus": "Active", "licensecat": "FT", "descript": "Eating & Drinking w/ Take Out", "result": "HE_Fail", "resultdttm": "2015-05-15T12:57:25", "violation": "08-3-305-307.11", "viollevel": "*", "violdesc": "Food Protection", "violdttm": "2015-05-15T12:57:25", "violstatus": "Fail", "statusdate": null, "comments": "Elevate all foods off the floor at least six inchesa during storage", "address": "3   Lewis ST", "city": "Boston", "zip": 2109, "property_id": 263801, "latitude_Y": 42.36328, "longitude_X": -71.05188, "year": 2015 }, "geometry": { "type": "Point", "coordinates": [ -71.05188, 42.36328 ] } },
{ "type": "Feature", "properties": { "businessname": "TERRAMIA RISTORANTE", "dbaname": null, "legalowner": "CACCIOLA EDWARD D", "namelast": "GOMES", "namefirst": "CARLA", "licenseno": 21224, "issdttm": "2011-12-09T11:00:33", "expdttm": "2020-12-31T23:59:00", "licstatus": "Active", "licensecat": "FS", "descript": "Eating & Drinking", "result": "HE_Fail", "resultdttm": "2018-10-10T18:10:34", "violation": "05-4-302.12", "viollevel": "*", "violdesc": "Food Thermometers Provided", "violdttm": "2018-10-10T18:10:34", "violstatus": "Fail", "statusdate": null, "comments": "Replace missing thermometer", "address": "98  Salem ST", "city": "Boston", "zip": 2113, "property_id": 121955, "latitude_Y": 42.36406, "longitude_X": -71.05574, "year": 2018 }, "geometry": { "type": "Point", "coordinates": [ -71.05574, 42.36406 ] } },
{ "type": "Feature", "properties": { "businessname": "Teuscher Chocolates", "dbaname": null, "legalowner": "CHATAL ASSOCS LPS", "namelast": "STEFAN BIERI", "namefirst": " ", "licenseno": 22928, "issdttm": "2012-01-05T09:51:15", "expdttm": "2020-12-31T23:59:00", "licstatus": "Active", "licensecat": "RF", "descript": "Retail Food", "result": "HE_Fail", "resultdttm": "2019-10-18T14:11:37", "violation": "590.002/2-501.11-PF", "viollevel": "**", "violdesc": "Clean-up of Vomiting and Diarrheal Events (Pf)", "violdttm": "2019-10-18T14:11:37", "violstatus": "Fail", "statusdate": null, "comments": "Provide written procedures and kit", "address": "230   Newbury ST", "city": "Boston", "zip": 2116, "property_id": 101447, "latitude_Y": 42.34967, "longitude_X": -71.08139, "year": 2019 }, "geometry": { "type": "Point", "coordinates": [ -71.08139, 42.34967 ] } },
{ "type": "Feature", "properties": { "businessname": "THAI BASIL", "dbaname": null, "legalowner": "NEWBURY STREET ASSOC LP 132", "namelast": "YEE YANG PRS.", "namefirst": " ", "licenseno": 21711, "issdttm": "2011-12-15T13:37:01", "expdttm": "2020-12-31T23:59:00", "licstatus": "Active", "licensecat": "FS", "descript": "Eating & Drinking", "result": "HE_Fail", "resultdttm": "2015-05-18T12:41:20", "violation": "08-3-302.11/3-304.11", "viollevel": "***", "violdesc": "Separation  Segregation Cross Contamination", "violdttm": "2015-05-18T12:41:20", "violstatus": "Fail", "statusdate": null, "comments": "Observered raw chicken stored over ready to eat product.PIC removed and stored properly.Maintain proper storage of raw and ready to eat product.", "address": "132   Newbury ST", "city": "Boston", "zip": 2116, "property_id": 101341, "latitude_Y": 42.35092, "longitude_X": -71.07668, "year": 2015 }, "geometry": { "type": "Point", "coordinates": [ -71.07668, 42.35092 ] } },
{ "type": "Feature", "properties": { "businessname": "THAI DISH RESTAURANT", "dbaname": null, "legalowner": "  ", "namelast": "ASDORNVUTTIKRAI", "namefirst": "BOONCHAI", "licenseno": 160956, "issdttm": "2016-01-04T08:50:23", "expdttm": "2020-12-31T23:59:00", "licstatus": "Active", "licensecat": "FS", "descript": "Eating & Drinking", "result": "HE_Fail", "resultdttm": "2016-06-28T14:30:43", "violation": "08-3-305-307.11", "viollevel": "*", "violdesc": "Food Protection", "violdttm": "2016-06-28T14:30:43", "violstatus": "Fail", "statusdate": null, "comments": "use scoops with handles for dispensing bulk food products. Discontinue use of plastic bowl.", "address": "270   Babcock ST", "city": "Boston", "zip": 2215, "property_id": 161758, "latitude_Y": 42.352661, "longitude_X": -71.121837, "year": 2016 }, "geometry": { "type": "Point", "coordinates": [ -71.121837, 42.352661 ] } },
{ "type": "Feature", "properties": { "businessname": "Thaitation", "dbaname": null, "legalowner": null, "namelast": "Thaitation L L C", "namefirst": " ", "licenseno": 31976, "issdttm": "2012-01-03T08:11:46", "expdttm": "2020-12-31T23:59:00", "licstatus": "Active", "licensecat": "FS", "descript": "Eating & Drinking", "result": "HE_Fail", "resultdttm": "2015-05-07T14:19:35", "violation": "02-3-602.11-.12/3-302.12", "viollevel": "*", "violdesc": "Food Container Labels", "violdttm": "2015-05-07T14:19:35", "violstatus": "Fail", "statusdate": null, "comments": "Bulk food bins without proper labels.Provide", "address": "129   Jersey ST", "city": "Boston", "zip": 2215, "property_id": 158053, "latitude_Y": 42.342326, "longitude_X": -71.096951, "year": 2015 }, "geometry": { "type": "Point", "coordinates": [ -71.096951, 42.342326 ] } },
{ "type": "Feature", "properties": { "businessname": "THE BARKING CRAB", "dbaname": null, "legalowner": "LEMLE DOUGLAS", "namelast": "POSEIDION ENTERPRISES", "namefirst": "INC.", "licenseno": 20104, "issdttm": "2011-12-29T13:09:48", "expdttm": "2020-12-31T23:59:00", "licstatus": "Active", "licensecat": "FS", "descript": "Eating & Drinking", "result": "HE_Fail", "resultdttm": "2017-04-19T11:46:49", "violation": "15-4-202.16", "viollevel": "*", "violdesc": "Non-Food Contact Surfaces", "violdttm": "2017-04-19T11:46:49", "violstatus": "Fail", "statusdate": null, "comments": "Resurface all exposed woodwork in the lobstÃ©r tank", "address": "88   Sleeper ST", "city": "Boston", "zip": 2210, "property_id": 128154, "latitude_Y": 42.353895, "longitude_X": -71.048576, "year": 2017 }, "geometry": { "type": "Point", "coordinates": [ -71.048576, 42.353895 ] } },
{ "type": "Feature", "properties": { "businessname": "The Beehive", "dbaname": null, "legalowner": "BOSTON CTR ARTS INC LESSEE", "namelast": "Bardy", "namefirst": "Jack", "licenseno": 26483, "issdttm": "2012-01-10T13:58:30", "expdttm": "2020-12-31T23:59:00", "licstatus": "Active", "licensecat": "FS", "descript": "Eating & Drinking", "result": "HE_Fail", "resultdttm": "2015-07-31T11:22:08", "violation": "04-3-501.15/4-301.11", "viollevel": "*", "violdesc": "Inadequate Facilities/Cooling Methods", "violdttm": "2015-07-31T11:22:08", "violstatus": "Fail", "statusdate": null, "comments": "Under counter reach drawer unit thermometer 51F severals items 49-55F for 1 hour.Repair to maintain product 41F or below.PIC removed all products to other refrigeration until proper repairs.", "address": "537  Tremont ST", "city": "Boston", "zip": 2116, "property_id": 137617, "latitude_Y": 42.344699, "longitude_X": -71.071387, "year": 2015 }, "geometry": { "type": "Point", "coordinates": [ -71.071387, 42.344699 ] } },
{ "type": "Feature", "properties": { "businessname": "THE BELVEDERE CONDOMINIUM", "dbaname": null, "legalowner": "BRAUN THERESA P TS", "namelast": "THE BELVEDERE CONDOMINIUM", "namefirst": "TRUST", "licenseno": 22285, "issdttm": "2012-02-15T10:51:12", "expdttm": "2020-12-31T23:59:00", "licstatus": "Active", "licensecat": "FS", "descript": "Eating & Drinking", "result": "HE_Fail", "resultdttm": "2015-04-03T13:21:18", "violation": "37-6-501.11-.12", "viollevel": "*", "violdesc": "Improper Maintenance of Walls/Ceilings", "violdttm": "2015-04-03T13:21:18", "violstatus": "Fail", "statusdate": null, "comments": "provide updated licensed hood cleaning sticker", "address": "100   Belvidere ST", "city": "Boston", "zip": 2116, "property_id": 14317, "latitude_Y": 42.346039, "longitude_X": -71.082237, "year": 2015 }, "geometry": { "type": "Point", "coordinates": [ -71.082237, 42.346039 ] } },
{ "type": "Feature", "properties": { "businessname": "The Best Little Restaurant", "dbaname": null, "legalowner": "MOY BING H TRSTS", "namelast": "Wong", "namefirst": "Frank", "licenseno": 26189, "issdttm": "2012-01-23T13:57:51", "expdttm": "2020-12-31T23:59:00", "licstatus": "Active", "licensecat": "FS", "descript": "Eating & Drinking", "result": "HE_Fail", "resultdttm": "2016-11-21T13:25:08", "violation": "37-6-501.11-.12", "viollevel": "*", "violdesc": "Improper Maintenance of Walls/Ceilings", "violdttm": "2016-11-21T13:25:08", "violstatus": "Fail", "statusdate": null, "comments": "Hood sticker expired in september 2016  have cleaned by licensed hood cleaning company", "address": "13   Hudson ST", "city": "Boston", "zip": 2111, "property_id": 75852, "latitude_Y": 42.3508, "longitude_X": -71.0602, "year": 2016 }, "geometry": { "type": "Point", "coordinates": [ -71.0602, 42.3508 ] } },
{ "type": "Feature", "properties": { "businessname": "The Boxer dba Finch", "dbaname": null, "legalowner": "  ", "namelast": "HHLP BULFINCH ASSOCIATES L L C", "namefirst": "Att: Brian Defrancesco", "licenseno": 80367, "issdttm": "2012-08-15T09:41:49", "expdttm": "2020-12-31T23:59:00", "licstatus": "Active", "licensecat": "FS", "descript": "Eating & Drinking", "result": "HE_Fail", "resultdttm": "2015-04-07T12:59:45", "violation": "17-4-302.14", "viollevel": "*", "violdesc": "Test Kit Provided", "violdttm": "2015-04-07T12:59:45", "violstatus": "Fail", "statusdate": null, "comments": "no test strips to measure quatenary ammonia in 3 bay sink  supply", "address": "105   Merrimac ST", "city": "Boston", "zip": 2114, "property_id": 167651, "latitude_Y": 42.363881, "longitude_X": -71.062398, "year": 2015 }, "geometry": { "type": "Point", "coordinates": [ -71.062398, 42.363881 ] } },
{ "type": "Feature", "properties": { "businessname": "The Brahmin", "dbaname": null, "legalowner": "GREG DEN HERDER/IGOR BLA TNIK", "namelast": "Brooks", "namefirst": "Ed", "licenseno": 76430, "issdttm": "2012-05-03T14:49:31", "expdttm": "2019-12-31T23:59:00", "licstatus": "Inactive", "licensecat": "FS", "descript": "Eating & Drinking", "result": "HE_Fail", "resultdttm": "2015-09-29T19:22:38", "violation": "10-4.302.11", "viollevel": "*", "violdesc": "Food Utensil Storage", "violdttm": "2015-09-29T19:22:38", "violstatus": "Fail", "statusdate": null, "comments": "bar/provide ice scoop and utensil for dispinsing of bar condiments", "address": "33   Stanhope ST", "city": "Boston", "zip": 2116, "property_id": 158118, "latitude_Y": 42.348524, "longitude_X": -71.073158, "year": 2015 }, "geometry": { "type": "Point", "coordinates": [ -71.073158, 42.348524 ] } },
{ "type": "Feature", "properties": { "businessname": "The Charles River Bistro", "dbaname": null, "legalowner": "  ", "namelast": "O'Neill", "namefirst": "Corey", "licenseno": 91465, "issdttm": "2013-07-02T08:38:33", "expdttm": "2018-12-31T23:59:00", "licstatus": "Inactive", "licensecat": "FT", "descript": "Eating & Drinking w/ Take Out", "result": "HE_Fail", "resultdttm": "2016-06-28T10:37:24", "violation": "23-4-602.13", "viollevel": "*", "violdesc": "Non-Food Contact Surfaces Clean", "violdttm": "2016-06-28T10:37:24", "violstatus": "Fail", "statusdate": null, "comments": "Clean interior of microwave oven.", "address": "0   David G Mugar WY", "city": "Boston", "zip": 2108, "property_id": 46576, "latitude_Y": 42.355594, "longitude_X": -71.074207, "year": 2016 }, "geometry": { "type": "Point", "coordinates": [ -71.074207, 42.355594 ] } },
{ "type": "Feature", "properties": { "businessname": "THE CAFE ON NEW CHARDON ST.", "dbaname": null, "legalowner": "TWENTY 5 NEW CHARDON ST LPS", "namelast": "STEPHEN N. CHOI PRES.", "namefirst": " ", "licenseno": 23741, "issdttm": "2012-01-09T11:00:10", "expdttm": "2020-12-31T23:59:00", "licstatus": "Active", "licensecat": "FT", "descript": "Eating & Drinking w/ Take Out", "result": "HE_Fail", "resultdttm": "2015-06-02T11:58:06", "violation": "06-3-501.13", "viollevel": "*", "violdesc": "PHF's Properly Thawed", "violdttm": "2015-06-02T11:58:06", "violstatus": "Fail", "statusdate": null, "comments": "raw chicken and cold cuts thawing under room tempreature  ensure proper thawing of foods", "address": "25   New Chardon ST", "city": "Boston", "zip": 2114, "property_id": 101077, "latitude_Y": 42.36211, "longitude_X": -71.06174, "year": 2015 }, "geometry": { "type": "Point", "coordinates": [ -71.06174, 42.36211 ] } },
{ "type": "Feature", "properties": { "businessname": "The Causeway", "dbaname": null, "legalowner": "  ", "namelast": "West End Dining LLC", "namefirst": " ", "licenseno": 90596, "issdttm": "2014-07-28T08:27:47", "expdttm": "2020-12-31T23:59:00", "licstatus": "Active", "licensecat": "FS", "descript": "Eating & Drinking", "result": "HE_Fail", "resultdttm": "2017-04-05T13:14:35", "violation": "23-4-602.13", "viollevel": "*", "violdesc": "Non-Food Contact Surfaces Clean", "violdttm": "2017-04-05T13:14:35", "violstatus": "Fail", "statusdate": null, "comments": "Door gaskets at cookline reach in refrigerated units with crumbs and soils in seams. Clean to remove. Shelving under basement prep tables in basement with food soils clean to remove.", "address": "65   Causeway ST", "city": "Boston", "zip": 2114, "property_id": 340675, "latitude_Y": 42.364444, "longitude_X": -71.062676, "year": 2017 }, "geometry": { "type": "Point", "coordinates": [ -71.062676, 42.364444 ] } },
{ "type": "Feature", "properties": { "businessname": "THE CHARLES PLAYHOUSE", "dbaname": null, "legalowner": null, "namelast": "Faci. Concession Serv. Inc.", "namefirst": "Dave Smalley  Owner", "licenseno": 24983, "issdttm": "2012-03-27T09:31:35", "expdttm": "2020-12-31T23:59:00", "licstatus": "Active", "licensecat": "FS", "descript": "Eating & Drinking", "result": "HE_Fail", "resultdttm": "2015-10-27T14:17:44", "violation": "15-4-202.16", "viollevel": "*", "violdesc": "Non-Food Contact Surfaces", "violdttm": "2015-10-27T14:17:44", "violstatus": "Fail", "statusdate": null, "comments": "Interior of beer reach in with stagnate water.Maintain clean and dry.", "address": "74   Warrenton ST", "city": "Boston", "zip": 2116, "property_id": 155909, "latitude_Y": 42.349952, "longitude_X": -71.066168, "year": 2015 }, "geometry": { "type": "Point", "coordinates": [ -71.066168, 42.349952 ] } },
{ "type": "Feature", "properties": { "businessname": "The Copley Square Hotel", "dbaname": null, "legalowner": "FORTY 7 HUNTINGTON AV LLC", "namelast": "Capstar Copley LLC", "namefirst": "John Maibach  GM", "licenseno": 26914, "issdttm": "2011-12-09T11:18:41", "expdttm": "2018-12-31T23:59:00", "licstatus": "Inactive", "licensecat": "FS", "descript": "Eating & Drinking", "result": "HE_Fail", "resultdttm": "2015-03-16T12:02:07", "violation": "08-3-305-307.11", "viollevel": "*", "violdesc": "Food Protection", "violdttm": "2015-03-16T12:02:07", "violstatus": "Fail", "statusdate": null, "comments": "employee meal/provide please use utensils only signage", "address": "47  Huntington AVE", "city": "Boston", "zip": 2116, "property_id": 76377, "latitude_Y": 42.348314, "longitude_X": -71.078667, "year": 2015 }, "geometry": { "type": "Point", "coordinates": [ -71.078667, 42.348314 ] } },
{ "type": "Feature", "properties": { "businessname": "The Corner Pub of Chinatown", "dbaname": null, "legalowner": "WONG KATHERINE ETAL", "namelast": "Chin Family LLC", "namefirst": " ", "licenseno": 30245, "issdttm": "2012-03-16T12:06:53", "expdttm": "2020-12-31T23:59:00", "licstatus": "Active", "licensecat": "FS", "descript": "Eating & Drinking", "result": "HE_Fail", "resultdttm": "2016-03-23T13:47:14", "violation": "36-6-501.11-.12", "viollevel": "*", "violdesc": "Improper Maintenance of Floors", "violdttm": "2016-03-23T13:47:14", "violstatus": "Fail", "statusdate": null, "comments": "Spills under freezers in basement  clean to remove", "address": "162  Lincoln ST", "city": "Boston", "zip": 2111, "property_id": 86076, "latitude_Y": 42.350779, "longitude_X": -71.058449, "year": 2016 }, "geometry": { "type": "Point", "coordinates": [ -71.058449, 42.350779 ] } },
{ "type": "Feature", "properties": { "businessname": "The Corner Tavern", "dbaname": null, "legalowner": "BACON DOUGLAS F TS", "namelast": "DOUGLAS BACON PRES.", "namefirst": " ", "licenseno": 19829, "issdttm": "2011-12-15T11:23:57", "expdttm": "2020-12-31T23:59:00", "licstatus": "Active", "licensecat": "FS", "descript": "Eating & Drinking", "result": "HE_Fail", "resultdttm": "2015-06-02T12:30:08", "violation": "04-3-501.15/4-301.11", "viollevel": "*", "violdesc": "Inadequate Facilities/Cooling Methods", "violdttm": "2015-06-02T12:30:08", "violstatus": "Fail", "statusdate": null, "comments": "Multiple products in freezer thawed out.PIC will remove product and call for repair.", "address": "421   Marlborough ST", "city": "Boston", "zip": 2115, "property_id": 91385, "latitude_Y": 42.35014, "longitude_X": -71.08944, "year": 2015 }, "geometry": { "type": "Point", "coordinates": [ -71.08944, 42.35014 ] } },
{ "type": "Feature", "properties": { "businessname": "The Delux Cafe", "dbaname": null, "legalowner": "NINTY 8 CHANDLER STREET", "namelast": "Yanney", "namefirst": "Kyle", "licenseno": 126733, "issdttm": "2014-05-01T08:21:37", "expdttm": "2020-12-31T23:59:00", "licstatus": "Active", "licensecat": "FS", "descript": "Eating & Drinking", "result": "HE_Fail", "resultdttm": "2015-10-07T17:38:31", "violation": "21-3-304.14", "viollevel": "*", "violdesc": "Wiping Cloths  Clean  Sanitize", "violdttm": "2015-10-07T17:38:31", "violstatus": "Fail", "statusdate": null, "comments": "Wiping cloths stored soiled/wet on the counters. Store properly in sanitizer solution.", "address": "100   Chandler ST", "city": "Boston", "zip": 2116, "property_id": 28615, "latitude_Y": 42.34626, "longitude_X": -71.07288, "year": 2015 }, "geometry": { "type": "Point", "coordinates": [ -71.07288, 42.34626 ] } },
{ "type": "Feature", "properties": { "businessname": "THE FLAT OF THE HILL", "dbaname": null, "legalowner": null, "namelast": "KATHERINE S. MORSE", "namefirst": " ", "licenseno": 20982, "issdttm": "2012-01-19T16:44:07", "expdttm": "2019-12-31T23:59:00", "licstatus": "Inactive", "licensecat": "RF", "descript": "Retail Food", "result": "HE_Filed", "resultdttm": "2017-04-13T08:39:24", "violation": "32-6-301.11-02.11", "viollevel": "*", "violdesc": "Hand Cleaner  Drying  Tissue Signage", "violdttm": "2017-04-13T08:39:24", "violstatus": "Fail", "statusdate": null, "comments": "No signage reminding employees to was hand before returning to work in employee bathroom", "address": "60   Charles ST", "city": "Boston", "zip": 2114, "property_id": 158080, "latitude_Y": 42.357514, "longitude_X": -71.07033, "year": 2017 }, "geometry": { "type": "Point", "coordinates": [ -71.07033, 42.357514 ] } },
{ "type": "Feature", "properties": { "businessname": "The Friendly Toast", "dbaname": null, "legalowner": "GORDON ANTHONY O", "namelast": "Pulvar", "namefirst": "Robert Scott", "licenseno": 160307, "issdttm": "2016-01-13T09:00:43", "expdttm": "2020-12-31T23:59:00", "licstatus": "Active", "licensecat": "FS", "descript": "Eating & Drinking", "result": "HE_Fail", "resultdttm": "2016-05-16T11:33:59", "violation": "02-3-602.11-.12/3-302.12", "viollevel": "*", "violdesc": "Food Container Labels", "violdttm": "2016-05-16T11:33:59", "violstatus": "Fail", "statusdate": null, "comments": "Properly label all bulk storage containers throughout.", "address": "35  Stanhope ST", "city": "Boston", "zip": 2116, "property_id": 130167, "latitude_Y": 42.34851, "longitude_X": -71.07325, "year": 2016 }, "geometry": { "type": "Point", "coordinates": [ -71.07325, 42.34851 ] } },
{ "type": "Feature", "properties": { "businessname": "The Gallery Restaurant", "dbaname": null, "legalowner": null, "namelast": "S W Boston Hotel Venture L L C", "namefirst": " ", "licenseno": 33807, "issdttm": "2012-01-13T12:06:09", "expdttm": "2020-12-31T23:59:00", "licstatus": "Inactive", "licensecat": "FS", "descript": "Eating & Drinking", "result": "HE_Fail", "resultdttm": "2015-04-07T12:03:44", "violation": "08-3-305-307.11", "viollevel": "*", "violdesc": "Food Protection", "violdttm": "2015-04-07T12:03:44", "violstatus": "Fail", "statusdate": null, "comments": "Ice cream in the freezer without a cover. Cover properly.", "address": "100  Stuart ST", "city": "Boston", "zip": 2116, "property_id": 131637, "latitude_Y": 42.350916, "longitude_X": -71.065256, "year": 2015 }, "geometry": { "type": "Point", "coordinates": [ -71.065256, 42.350916 ] } },
{ "type": "Feature", "properties": { "businessname": "The Greatest Bar", "dbaname": "The Next Place LLC", "legalowner": "ERROL APOSTOLOPOULOS  MAN AGER", "namelast": "The Greatest Bar", "namefirst": "Attn: Manager", "licenseno": 32173, "issdttm": "2012-02-13T13:08:49", "expdttm": "2020-12-31T23:59:00", "licstatus": "Active", "licensecat": "FS", "descript": "Eating & Drinking", "result": "HE_Fail", "resultdttm": "2015-07-10T07:19:23", "violation": "02-3-602.11-.12/3-302.12", "viollevel": "*", "violdesc": "Food Container Labels", "violdttm": "2015-07-10T07:19:23", "violstatus": "Fail", "statusdate": null, "comments": "1. bulk food containers not labelled  label properly", "address": "262   Friend ST", "city": "Boston", "zip": 2114, "property_id": 156272, "latitude_Y": 42.364533, "longitude_X": -71.061391, "year": 2015 }, "geometry": { "type": "Point", "coordinates": [ -71.061391, 42.364533 ] } },
{ "type": "Feature", "properties": { "businessname": "THE HARP", "dbaname": null, "legalowner": null, "namelast": "GALWAY INC.", "namefirst": " ", "licenseno": 19536, "issdttm": "2012-02-15T09:19:55", "expdttm": "2020-12-31T23:59:00", "licstatus": "Active", "licensecat": "FS", "descript": "Eating & Drinking", "result": "HE_Fail", "resultdttm": "2015-04-07T11:56:43", "violation": "37-6-501.11-.12", "viollevel": "*", "violdesc": "Improper Maintenance of Walls/Ceilings", "violdttm": "2015-04-07T11:56:43", "violstatus": "Fail", "statusdate": null, "comments": "1. Heavy grease dripping from bottom of hood  clean to remove 2. Dust build up on food display monitors  clean to remove", "address": "85  Causeway ST", "city": "Boston", "zip": 2114, "property_id": 158179, "latitude_Y": 42.364591, "longitude_X": -71.062338, "year": 2015 }, "geometry": { "type": "Point", "coordinates": [ -71.062338, 42.364591 ] } },
{ "type": "Feature", "properties": { "businessname": "THE HILL TAVERN", "dbaname": null, "legalowner": "THE HILL TAVERN: PETER CU LPO", "namelast": "THE HILL TAVERN: PETER CU", "namefirst": "LPO", "licenseno": 20416, "issdttm": "2011-12-28T11:27:56", "expdttm": "2020-12-31T23:59:00", "licstatus": "Active", "licensecat": "FS", "descript": "Eating & Drinking", "result": "HE_Fail", "resultdttm": "2015-06-05T13:26:24", "violation": "03-3-501.14", "viollevel": "***", "violdesc": "Cooling", "violdttm": "2015-06-05T13:26:24", "violstatus": "Fail", "statusdate": null, "comments": "Marinara sauce placed since yesterday in the walk-in unit at the lower level registered 50F. PIC voluntarily discarded it. Cool properly.", "address": "228   Cambridge ST", "city": "Boston", "zip": 2114, "property_id": 158062, "latitude_Y": 42.360985, "longitude_X": -71.06661, "year": 2015 }, "geometry": { "type": "Point", "coordinates": [ -71.06661, 42.360985 ] } },
{ "type": "Feature", "properties": { "businessname": "THE HUB PUB", "dbaname": null, "legalowner": null, "namelast": "ZEGHIBE", "namefirst": "ROGER", "licenseno": 20524, "issdttm": "2012-01-18T17:52:33", "expdttm": "2020-12-31T23:59:00", "licstatus": "Active", "licensecat": "FS", "descript": "Eating & Drinking", "result": "HE_Fail", "resultdttm": "2015-01-15T13:51:56", "violation": "15-4-202.16", "viollevel": "*", "violdesc": "Non-Food Contact Surfaces", "violdttm": "2015-01-15T13:51:56", "violstatus": "Fail", "statusdate": null, "comments": "Wooden shelving worn with paint chipping/ / Clean and repaint.", "address": "18   Province ST", "city": "Boston", "zip": 2108, "property_id": 157431, "latitude_Y": 42.357254, "longitude_X": -71.05958, "year": 2015 }, "geometry": { "type": "Point", "coordinates": [ -71.05958, 42.357254 ] } },
{ "type": "Feature", "properties": { "businessname": "The Inn @ St. Botolph", "dbaname": null, "legalowner": "ROIFF PAUL G TS", "namelast": "The Inn @ St. Botolph LLC", "namefirst": " ", "licenseno": 31220, "issdttm": "2011-12-09T13:53:35", "expdttm": "2020-12-31T23:59:00", "licstatus": "Active", "licensecat": "FS", "descript": "Eating & Drinking", "result": "HE_Fail", "resultdttm": "2015-11-06T13:46:20", "violation": "17-4-204.112/.115", "viollevel": "*", "violdesc": "Equipment Thermometers", "violdttm": "2015-11-06T13:46:20", "violstatus": "Fail", "statusdate": null, "comments": "dishmachine/repair wash gauge", "address": "99   Saint Botolph ST", "city": "Boston", "zip": 2116, "property_id": 120944, "latitude_Y": 42.345009, "longitude_X": -71.080893, "year": 2015 }, "geometry": { "type": "Point", "coordinates": [ -71.080893, 42.345009 ] } },
{ "type": "Feature", "properties": { "businessname": "The Kenmore", "dbaname": null, "legalowner": "GECHIJIAN ARMEN", "namelast": "Bacon", "namefirst": "Douglas", "licenseno": 423555, "issdttm": "2020-02-21T15:42:17", "expdttm": "2020-12-31T23:59:00", "licstatus": "Active", "licensecat": "FS", "descript": "Eating & Drinking", "result": "HE_Fail", "resultdttm": "2020-02-14T11:06:06", "violation": "590.006/6-101.11-C", "viollevel": "*", "violdesc": "Surface Characteristics-Indoor Areas (C)", "violdttm": "2020-02-14T11:06:06", "violstatus": "Fail", "statusdate": null, "comments": "Replace damaged ceiling tiles", "address": "476   Commonwealth AVE", "city": "Boston", "zip": 2215, "property_id": 40988, "latitude_Y": 42.34854, "longitude_X": -71.09385, "year": 2020 }, "geometry": { "type": "Point", "coordinates": [ -71.09385, 42.34854 ] } },
{ "type": "Feature", "properties": { "businessname": "The Kitchen Cafe", "dbaname": null, "legalowner": null, "namelast": "Panzica", "namefirst": "Danielle", "licenseno": 311278, "issdttm": "2017-01-09T13:31:19", "expdttm": "2020-12-31T23:59:00", "licstatus": "Active", "licensecat": "FS", "descript": "Eating & Drinking", "result": "HE_Filed", "resultdttm": "2020-07-30T14:19:55", "violation": "590.004/4-202.16-C", "viollevel": "*", "violdesc": "Nonfood-Contact Surfaces (C)", "violdttm": "2020-07-30T14:19:55", "violstatus": "Fail", "statusdate": null, "comments": "Floor of the walk-in cooler appears to be damaged and covered with card board. Address and make any necessary repairs. Walk-in refrigerator was operating below 41F.", "address": "104  South ST", "city": "Boston", "zip": 2111, "property_id": 156138, "latitude_Y": 42.35107, "longitude_X": -71.057119, "year": 2020 }, "geometry": { "type": "Point", "coordinates": [ -71.057119, 42.35107 ] } },
{ "type": "Feature", "properties": { "businessname": "The Landing", "dbaname": null, "legalowner": null, "namelast": "BOSTON HARBOR CRUISES", "namefirst": "LLC", "licenseno": 21476, "issdttm": "2012-03-07T14:05:38", "expdttm": "2020-12-31T23:59:00", "licstatus": "Active", "licensecat": "FT", "descript": "Eating & Drinking w/ Take Out", "result": "HE_Fail", "resultdttm": "2016-06-28T11:12:04", "violation": "16-4-501.11/.15", "viollevel": "*", "violdesc": "Dishwashng Facilities", "violdttm": "2016-06-28T11:12:04", "violstatus": "Fail", "statusdate": null, "comments": "Dishwasher at bar inoperable. Establishment using all disposables until unit is repaired. Food contact surfaces for fruit garnishes  being sanitized in office facility kitchen dishwasher. Pure Force on site installing new dishwasher. Too verify upon compliance inspection unit operating properly.", "address": "6  Long Wh", "city": "Boston", "zip": 2110, "property_id": 158098, "latitude_Y": 42.36014, "longitude_X": -71.050295, "year": 2016 }, "geometry": { "type": "Point", "coordinates": [ -71.050295, 42.36014 ] } },
{ "type": "Feature", "properties": { "businessname": "The Lansdowne", "dbaname": null, "legalowner": "CONCORDE ENTERTAINMENT IN C.", "namelast": "c/o Lyons Group", "namefirst": " ", "licenseno": 19580, "issdttm": "2012-02-13T13:05:25", "expdttm": "2020-12-31T23:59:00", "licstatus": "Active", "licensecat": "FT", "descript": "Eating & Drinking w/ Take Out", "result": "HE_Fail", "resultdttm": "2015-09-25T20:34:15", "violation": "14-4-202.11", "viollevel": "*", "violdesc": "Food Contact Surfaces Design", "violdttm": "2015-09-25T20:34:15", "violstatus": "Fail", "statusdate": null, "comments": "resurface worn white cutting boards ice machine/bar ice bins/provide scoop with handle provide scoop with handle for bulk food bin", "address": "9   Lansdowne ST", "city": "Boston", "zip": 2215, "property_id": 155839, "latitude_Y": 42.347341, "longitude_X": -71.095081, "year": 2015 }, "geometry": { "type": "Point", "coordinates": [ -71.095081, 42.347341 ] } },
{ "type": "Feature", "properties": { "businessname": "The Littlest Bar", "dbaname": null, "legalowner": "PABIAN JAY M TS", "namelast": "Grace Delaney L L C", "namefirst": " ", "licenseno": 31590, "issdttm": "2012-01-12T12:54:58", "expdttm": "2015-12-31T23:59:00", "licstatus": "Inactive", "licensecat": "FS", "descript": "Eating & Drinking", "result": "HE_Fail", "resultdttm": "2015-02-24T13:49:22", "violation": "14-4-202.11", "viollevel": "*", "violdesc": "Food Contact Surfaces Design", "violdttm": "2015-02-24T13:49:22", "violstatus": "Fail", "statusdate": null, "comments": "Ice bin with soda line running through it / Provide a proper sheild", "address": "102  Broad St", "city": "Boston", "zip": 2110, "property_id": 20459, "latitude_Y": 42.35736, "longitude_X": -71.05201, "year": 2015 }, "geometry": { "type": "Point", "coordinates": [ -71.05201, 42.35736 ] } },
{ "type": "Feature", "properties": { "businessname": "THE LIVING ROOM", "dbaname": null, "legalowner": null, "namelast": "JOHN HAUCK PRES.", "namefirst": " ", "licenseno": 22462, "issdttm": "2012-01-12T16:18:22", "expdttm": "2019-12-31T23:59:00", "licstatus": "Inactive", "licensecat": "FS", "descript": "Eating & Drinking", "result": "HE_Fail", "resultdttm": "2015-06-01T12:37:53", "violation": "20-4-703.11", "viollevel": "***", "violdesc": "Food Contact Surfaces Clean", "violdttm": "2015-06-01T12:37:53", "violstatus": "Fail", "statusdate": null, "comments": "Clean cutting boards - inside of all mixers from visible food soils", "address": "101   Atlantic AVE", "city": "Boston", "zip": 2110, "property_id": 156181, "latitude_Y": 42.361781, "longitude_X": -71.052341, "year": 2015 }, "geometry": { "type": "Point", "coordinates": [ -71.052341, 42.361781 ] } },
{ "type": "Feature", "properties": { "businessname": "The Market", "dbaname": null, "legalowner": "JON CRONIN JPC VENTURE CORP.", "namelast": "JON CRONIN", "namefirst": "JPC VENTURE CORP.", "licenseno": 20809, "issdttm": "2011-12-17T20:18:50", "expdttm": "2018-12-31T23:59:00", "licstatus": "Inactive", "licensecat": "FS", "descript": "Eating & Drinking", "result": "HE_Fail", "resultdttm": "2016-10-05T17:07:20", "violation": "08-3-305-307.11", "viollevel": "*", "violdesc": "Food Protection", "violdttm": "2016-10-05T17:07:20", "violstatus": "Fail", "statusdate": null, "comments": "Canned goods being stored on floor in kitchen. Elevate 6\".", "address": "21  Broad ST", "city": "Boston", "zip": 2109, "property_id": 158217, "latitude_Y": 42.358443, "longitude_X": -71.054658, "year": 2016 }, "geometry": { "type": "Point", "coordinates": [ -71.054658, 42.358443 ] } },
{ "type": "Feature", "properties": { "businessname": "The Merchant", "dbaname": null, "legalowner": "MANCEBO LLC", "namelast": "Raglin Road", "namefirst": "Frank Delaney", "licenseno": 90607, "issdttm": "2014-02-24T08:21:48", "expdttm": "2020-12-31T23:59:00", "licstatus": "Active", "licensecat": "FS", "descript": "Eating & Drinking", "result": "HE_Fail", "resultdttm": "2015-06-09T13:50:01", "violation": "10-3-304.12", "viollevel": "*", "violdesc": "Food Utensil Storage", "violdttm": "2015-06-09T13:50:01", "violstatus": "Fail", "statusdate": null, "comments": "Utensils stored in stagnant water with sanitizer  / Discontinue and properly store.", "address": "60   Franklin ST", "city": "Boston", "zip": 2110, "property_id": 60684, "latitude_Y": 42.35577, "longitude_X": -71.05838, "year": 2015 }, "geometry": { "type": "Point", "coordinates": [ -71.05838, 42.35577 ] } },
{ "type": "Feature", "properties": { "businessname": "The North Star", "dbaname": null, "legalowner": "  ", "namelast": "BK & PF L L C", "namefirst": " ", "licenseno": 77848, "issdttm": "2012-04-09T13:22:07", "expdttm": "2017-12-31T23:59:00", "licstatus": "Inactive", "licensecat": "FS", "descript": "Eating & Drinking", "result": "HE_Fail", "resultdttm": "2017-01-09T12:58:23", "violation": "35-6-501.111/.115", "viollevel": "**", "violdesc": "Insects  Rodents  Animals", "violdttm": "2017-01-09T12:58:23", "violstatus": "Fail", "statusdate": null, "comments": "Door sweep missing at rear egress. Provide pest proof door sweep on bottom of door to prevent entrance of vermin. Presence of fruit flies at time of inspection. Provide updated pest control report upon reinspection.", "address": "222   Friend ST", "city": "Boston", "zip": 2114, "property_id": 340721, "latitude_Y": 42.364131, "longitude_X": -71.061074, "year": 2017 }, "geometry": { "type": "Point", "coordinates": [ -71.061074, 42.364131 ] } },
{ "type": "Feature", "properties": { "businessname": "The Oceanaire Seafood Room", "dbaname": null, "legalowner": "PARADIGM CARLYLE COURT ST", "namelast": "Landry's Restaurants", "namefirst": "Licensing Dept.", "licenseno": 27960, "issdttm": "2012-02-13T13:02:44", "expdttm": "2020-12-31T23:59:00", "licstatus": "Active", "licensecat": "FS", "descript": "Eating & Drinking", "result": "HE_Fail", "resultdttm": "2017-03-01T10:06:39", "violation": "13-2-304/402.11", "viollevel": "*", "violdesc": "Clean Cloths  Hair Restraint", "violdttm": "2017-03-01T10:06:39", "violstatus": "Fail", "statusdate": null, "comments": "Observed food workers without proper hair restraints. Provide.", "address": "40  Court ST", "city": "Boston", "zip": 2108, "property_id": 43809, "latitude_Y": 42.35903, "longitude_X": -71.05927, "year": 2017 }, "geometry": { "type": "Point", "coordinates": [ -71.05927, 42.35903 ] } },
{ "type": "Feature", "properties": { "businessname": "THE POINT", "dbaname": null, "legalowner": "BEN SHERI TS", "namelast": "VALERIE POST MEMBER", "namefirst": " ", "licenseno": 21490, "issdttm": "2011-12-22T11:51:51", "expdttm": "2020-12-31T23:59:00", "licstatus": "Active", "licensecat": "FS", "descript": "Eating & Drinking", "result": "HE_Fail", "resultdttm": "2015-06-18T11:04:32", "violation": "02-3-602.11-.12/3-302.12", "viollevel": "*", "violdesc": "Food Container Labels", "violdttm": "2015-06-18T11:04:32", "violstatus": "Fail", "statusdate": null, "comments": "Label where needed", "address": "145   Hanover ST", "city": "Boston", "zip": 2108, "property_id": 69055, "latitude_Y": 42.36168, "longitude_X": -71.05704, "year": 2015 }, "geometry": { "type": "Point", "coordinates": [ -71.05704, 42.36168 ] } },
{ "type": "Feature", "properties": { "businessname": "The Pour House", "dbaname": null, "legalowner": "CHATAL ASSOCS MASS LP", "namelast": "TALANIAN", "namefirst": "CHARLES", "licenseno": 18127, "issdttm": "2011-12-15T11:17:40", "expdttm": "2020-12-31T23:59:00", "licstatus": "Inactive", "licensecat": "FS", "descript": "Eating & Drinking", "result": "HE_Fail", "resultdttm": "2015-05-07T11:18:09", "violation": "08-3-305-307.11", "viollevel": "*", "violdesc": "Food Protection", "violdttm": "2015-05-07T11:18:09", "violstatus": "Fail", "statusdate": null, "comments": "Some Beverage containers on the floor . Elevate 6 inches or above.", "address": "907   Boylston ST", "city": "Boston", "zip": 2115, "property_id": 18419, "latitude_Y": 42.34846, "longitude_X": -71.08432, "year": 2015 }, "geometry": { "type": "Point", "coordinates": [ -71.08432, 42.34846 ] } },
{ "type": "Feature", "properties": { "businessname": "The Q", "dbaname": null, "legalowner": "ASN PARK ESSEX LLC &", "namelast": "Ming Zhu", "namefirst": " ", "licenseno": 37338, "issdttm": "2011-12-17T21:21:37", "expdttm": "2020-12-31T23:59:00", "licstatus": "Active", "licensecat": "FS", "descript": "Eating & Drinking", "result": "HE_Fail", "resultdttm": "2015-05-28T13:40:32", "violation": "03-3-501.16(A)", "viollevel": "***", "violdesc": "Cold Holding", "violdttm": "2015-05-28T13:40:32", "violstatus": "Fail", "statusdate": null, "comments": "Sprouts in cold holding 52F / Provide proper cold holding temperatures.", "address": "640   Washington ST", "city": "Boston", "zip": 2111, "property_id": 145744, "latitude_Y": 42.35198, "longitude_X": -71.062106, "year": 2015 }, "geometry": { "type": "Point", "coordinates": [ -71.062106, 42.35198 ] } },
{ "type": "Feature", "properties": { "businessname": "The Restaurant @ Boston Athletic Club", "dbaname": null, "legalowner": "BOSTON HARBOR INDUSTRIAL", "namelast": "Boston Athletic Club Inc.", "namefirst": "Timothy A. Pappas", "licenseno": 83446, "issdttm": "2012-10-26T08:15:58", "expdttm": "2020-12-31T23:59:00", "licstatus": "Active", "licensecat": "FS", "descript": "Eating & Drinking", "result": "HE_Fail", "resultdttm": "2015-02-05T11:55:12", "violation": "15-4-202.16", "viollevel": "*", "violdesc": "Non-Food Contact Surfaces", "violdttm": "2015-02-05T11:55:12", "violstatus": "Fail", "statusdate": null, "comments": "repair gasket on door of whote freezer. Remove ice builrdup fromwhite freezer", "address": "653   Summer ST", "city": "Boston", "zip": 2210, "property_id": 132041, "latitude_Y": 42.33981, "longitude_X": -71.04354, "year": 2015 }, "geometry": { "type": "Point", "coordinates": [ -71.04354, 42.33981 ] } },
{ "type": "Feature", "properties": { "businessname": "THE TAM", "dbaname": null, "legalowner": "TWO-22 TREMONT ST LLC", "namelast": "BARRY BORNSTEIN", "namefirst": " ", "licenseno": 18981, "issdttm": "2012-01-24T14:15:18", "expdttm": "2019-12-31T23:59:00", "licstatus": "Inactive", "licensecat": "FS", "descript": "Eating & Drinking", "result": "HE_Fail", "resultdttm": "2018-11-15T08:45:55", "violation": "23-4-602.13", "viollevel": "*", "violdesc": "Non-Food Contact Surfaces Clean", "violdttm": "2018-11-15T08:45:55", "violstatus": "Fail", "statusdate": null, "comments": "Shelving of liquor bottles with soils & dust build up  clean to remove", "address": "220  Tremont ST", "city": "Boston", "zip": 2116, "property_id": 137457, "latitude_Y": 42.351506, "longitude_X": -71.064544, "year": 2018 }, "geometry": { "type": "Point", "coordinates": [ -71.064544, 42.351506 ] } },
{ "type": "Feature", "properties": { "businessname": "The Trophy Room", "dbaname": null, "legalowner": "BASILE LAWRENCE A", "namelast": "Pineapple Restaurant Group LLC", "namefirst": "Att: Accounts Payable", "licenseno": 355884, "issdttm": "2018-12-10T07:54:45", "expdttm": "2020-12-31T23:59:00", "licstatus": "Active", "licensecat": "FS", "descript": "Eating & Drinking", "result": "HE_Fail", "resultdttm": "2018-12-03T06:47:25", "violation": "17-4-204.112/.115", "viollevel": "*", "violdesc": "Equipment Thermometers", "violdttm": "2018-12-03T06:47:25", "violstatus": "Fail", "statusdate": null, "comments": "Provide working internal thermometers in all bar refrigeration units.", "address": "26  Chandler ST", "city": "Boston", "zip": 2116, "property_id": 157381, "latitude_Y": 42.346978, "longitude_X": -71.070509, "year": 2018 }, "geometry": { "type": "Point", "coordinates": [ -71.070509, 42.346978 ] } },
{ "type": "Feature", "properties": { "businessname": "The Upper Crust", "dbaname": null, "legalowner": "  ", "namelast": "Snow", "namefirst": "John", "licenseno": 140027, "issdttm": "2015-03-02T08:46:12", "expdttm": "2020-12-31T23:59:00", "licstatus": "Active", "licensecat": "FT", "descript": "Eating & Drinking w/ Take Out", "result": "HE_Fail", "resultdttm": "2015-05-11T14:52:29", "violation": "03-3-501.14", "viollevel": "***", "violdesc": "Cooling", "violdttm": "2015-05-11T14:52:29", "violstatus": "Fail", "statusdate": null, "comments": "Sausage being cooled inside a plastic bag in room temperature.PIC states it's been out for 1 hour and 45mins. It registers 80F. PIC moved it to the walk in refrigerator immediately.", "address": "20   Charles ST", "city": "Boston", "zip": 2114, "property_id": 163154, "latitude_Y": 42.356834, "longitude_X": -71.07005, "year": 2015 }, "geometry": { "type": "Point", "coordinates": [ -71.07005, 42.356834 ] } },
{ "type": "Feature", "properties": { "businessname": "The Westland", "dbaname": null, "legalowner": "TIGER LILY RESTAURANT", "namelast": "Bacon", "namefirst": "Douglas", "licenseno": 381668, "issdttm": "2019-03-05T18:50:04", "expdttm": "2020-12-31T23:59:00", "licstatus": "Active", "licensecat": "FS", "descript": "Eating & Drinking", "result": "HE_Fail", "resultdttm": "2019-03-06T09:26:24", "violation": "08-3-302.11/3-304.11", "viollevel": "***", "violdesc": "Separation  Segregation Cross Contamination", "violdttm": "2019-03-06T09:26:24", "violstatus": "Fail", "statusdate": null, "comments": "Observed employee carrying large sheet pan of products for kitchen set up. Employee placed sealed packages of raw burgers directly on top of breads. Review cross contamination with all employees", "address": "8   Westland AVE", "city": "Boston", "zip": 2115, "property_id": 157908, "latitude_Y": 42.343194, "longitude_X": -71.086481, "year": 2019 }, "geometry": { "type": "Point", "coordinates": [ -71.086481, 42.343194 ] } },
{ "type": "Feature", "properties": { "businessname": "The Wheelhouse", "dbaname": null, "legalowner": null, "namelast": "O'Donnell", "namefirst": "Abrigail", "licenseno": 128705, "issdttm": "2014-06-17T14:40:32", "expdttm": "2019-12-31T23:59:00", "licstatus": "Inactive", "licensecat": "FS", "descript": "Eating & Drinking", "result": "HE_Fail", "resultdttm": "2016-02-18T10:23:20", "violation": "08-3-305-307.11", "viollevel": "*", "violdesc": "Food Protection", "violdttm": "2016-02-18T10:23:20", "violstatus": "Fail", "statusdate": null, "comments": "Bottled beverages observed being stored directly next to the hand sink in the basement storage area. Disconintue and store all food products in a clean and protected area.", "address": "65   Broad ST", "city": "Boston", "zip": 2109, "property_id": 158095, "latitude_Y": 42.357754, "longitude_X": -71.053938, "year": 2016 }, "geometry": { "type": "Point", "coordinates": [ -71.053938, 42.357754 ] } },
{ "type": "Feature", "properties": { "businessname": "The Wild Duck", "dbaname": null, "legalowner": "DELLO RUSSO ROBERT J.", "namelast": "DELLO RUSSO", "namefirst": "ROBERT J.", "licenseno": 24436, "issdttm": "2011-12-30T11:54:12", "expdttm": "2020-12-31T23:59:00", "licstatus": "Active", "licensecat": "RF", "descript": "Retail Food", "result": "HE_Filed", "resultdttm": "2015-03-13T10:10:25", "violation": "37-6-501.11-.12", "viollevel": "*", "violdesc": "Improper Maintenance of Walls/Ceilings", "violdttm": "2015-03-13T10:10:25", "violstatus": "Fail", "statusdate": null, "comments": "Clean vent unit and ceiling in walk in.", "address": "96   Salem ST", "city": "Boston", "zip": 2114, "property_id": 156374, "latitude_Y": 42.364017, "longitude_X": -71.055759, "year": 2015 }, "geometry": { "type": "Point", "coordinates": [ -71.055759, 42.364017 ] } },
{ "type": "Feature", "properties": { "businessname": "The Wild Rover Tavern", "dbaname": null, "legalowner": "DRISCOLL SHAWN F", "namelast": "Johnson", "namefirst": "Richard", "licenseno": 79355, "issdttm": "2012-06-29T13:42:54", "expdttm": "2020-12-31T23:59:00", "licstatus": "Active", "licensecat": "FS", "descript": "Eating & Drinking", "result": "HE_Fail", "resultdttm": "2016-09-27T19:20:09", "violation": "16-4-501.11/.15", "viollevel": "*", "violdesc": "Dishwashng Facilities", "violdttm": "2016-09-27T19:20:09", "violstatus": "Fail", "statusdate": null, "comments": "Dishwasher not registering presence of chlorine sanitizer. Repair.", "address": "61   Chatham ST", "city": "Boston", "zip": 2109, "property_id": 30078, "latitude_Y": 42.35958, "longitude_X": -71.05404, "year": 2016 }, "geometry": { "type": "Point", "coordinates": [ -71.05404, 42.35958 ] } },
{ "type": "Feature", "properties": { "businessname": "The Wine Cave", "dbaname": null, "legalowner": "FIFTY 3-85 CANAL STREET LLC", "namelast": "Tarpley Enterprises Inc.", "namefirst": " ", "licenseno": 80369, "issdttm": "2012-08-15T09:55:44", "expdttm": "2018-12-31T23:59:00", "licstatus": "Inactive", "licensecat": "RF", "descript": "Retail Food", "result": "HE_Filed", "resultdttm": "2017-02-23T10:04:43", "violation": "42-6-501.113/.114", "viollevel": "*", "violdesc": "Premises Maintained", "violdttm": "2017-02-23T10:04:43", "violstatus": "Fail", "statusdate": null, "comments": "Multiple crushed cardboard boxes on sales floor. Remove.", "address": "53   Canal ST", "city": "Boston", "zip": 2114, "property_id": 25423, "latitude_Y": 42.363827, "longitude_X": -71.059088, "year": 2017 }, "geometry": { "type": "Point", "coordinates": [ -71.059088, 42.363827 ] } },
{ "type": "Feature", "properties": { "businessname": "THEO'S COZY CORNER RESTAURANT", "dbaname": null, "legalowner": "CIRIGNANO FRANK", "namelast": "CRISTO", "namefirst": "JOVENIL BATISTA", "licenseno": 26004, "issdttm": "2012-01-12T14:02:35", "expdttm": "2020-12-31T23:59:00", "licstatus": "Active", "licensecat": "FS", "descript": "Eating & Drinking", "result": "HE_Fail", "resultdttm": "2015-03-02T10:40:53", "violation": "03-3-501.16", "viollevel": "***", "violdesc": "Hot Holding", "violdttm": "2015-03-02T10:40:53", "violstatus": "Fail", "statusdate": null, "comments": "Homefries on top of the flat top grill are only 100F -maintain at 140F or above as discussed -PIC stated potatoes have only been there for an hour", "address": "162   Salem ST", "city": "Boston", "zip": 2113, "property_id": 121800, "latitude_Y": 42.366083, "longitude_X": -71.055108, "year": 2015 }, "geometry": { "type": "Point", "coordinates": [ -71.055108, 42.366083 ] } },
{ "type": "Feature", "properties": { "businessname": "Thinking Cup L L C", "dbaname": null, "legalowner": "GRANDVIEW CONDOMINIUM TR", "namelast": "Hugh Geiger", "namefirst": " ", "licenseno": 67736, "issdttm": "2011-12-06T15:26:27", "expdttm": "2020-12-31T23:59:00", "licstatus": "Active", "licensecat": "FS", "descript": "Eating & Drinking", "result": "HE_Fail", "resultdttm": "2015-04-10T11:23:10", "violation": "03-3-501.16(A)", "viollevel": "***", "violdesc": "Cold Holding", "violdttm": "2015-04-10T11:23:10", "violstatus": "Fail", "statusdate": null, "comments": "1. cooked chicken @ 50f  ensure proper cold hold of 41f or below 2. pasta salad @ 50f ensure proper cold hold of 41f or below", "address": "165   Tremont ST", "city": "Boston", "zip": 2111, "property_id": 137287, "latitude_Y": 42.35394, "longitude_X": -71.06372, "year": 2015 }, "geometry": { "type": "Point", "coordinates": [ -71.06372, 42.35394 ] } },
{ "type": "Feature", "properties": { "businessname": "Thinking Cup Newbury", "dbaname": null, "legalowner": "HAMILTON JAMES A G TS", "namelast": "Sadowski", "namefirst": "Andre", "licenseno": 127122, "issdttm": "2014-04-15T13:13:57", "expdttm": "2020-12-31T23:59:00", "licstatus": "Active", "licensecat": "FS", "descript": "Eating & Drinking", "result": "HE_Fail", "resultdttm": "2015-05-14T12:56:28", "violation": "03-3-501.16(A)", "viollevel": "***", "violdesc": "Cold Holding", "violdttm": "2015-05-14T12:56:28", "violstatus": "Fail", "statusdate": null, "comments": "Chicken salad sandwich 54F for 30minutes.PIC removed to other refrigeration.Proper cold holding was reviewed to always maintain cold product 41F or below.", "address": "85   Newbury ST", "city": "Boston", "zip": 2116, "property_id": 101995, "latitude_Y": 42.35192, "longitude_X": -71.07497, "year": 2015 }, "geometry": { "type": "Point", "coordinates": [ -71.07497, 42.35192 ] } },
{ "type": "Feature", "properties": { "businessname": "Thirst Juice Co.", "dbaname": null, "legalowner": "  ", "namelast": "C. Roche/H. Stevenson", "namefirst": " ", "licenseno": 130198, "issdttm": "2014-11-19T11:09:48", "expdttm": "2019-12-31T23:59:00", "licstatus": "Inactive", "licensecat": "FT", "descript": "Eating & Drinking w/ Take Out", "result": "HE_Fail", "resultdttm": "2016-10-18T12:41:29", "violation": "08-3-302.15", "viollevel": "*", "violdesc": "Washing fruits and veg's.", "violdttm": "2016-10-18T12:41:29", "violstatus": "Fail", "statusdate": null, "comments": "Wheat grass was not being rinsed prior to usage at the time of the inspection. After having a conversation with the owner (Heather) at that time procedures have changed and are to remain in place unless otherwise authorized by the City of Boston. Wheat Grass is now being rinsed prior to usage.", "address": "44  School ST", "city": "Boston", "zip": 2108, "property_id": 307148, "latitude_Y": 42.35768, "longitude_X": -71.05965, "year": 2016 }, "geometry": { "type": "Point", "coordinates": [ -71.05965, 42.35768 ] } },
{ "type": "Feature", "properties": { "businessname": "Thomson Reuters", "dbaname": null, "legalowner": "TF BOSTON FUNDING COMPANY IN", "namelast": "Aramark Corp.", "namefirst": " ", "licenseno": 83701, "issdttm": "2012-11-16T09:28:58", "expdttm": "2015-12-31T23:59:00", "licstatus": "Inactive", "licensecat": "FS", "descript": "Eating & Drinking", "result": "HE_Hearing", "resultdttm": "2015-04-30T11:29:32", "violation": "01-3-201.11", "viollevel": "***", "violdesc": "Approved Source", "violdttm": "2015-04-30T11:29:32", "violstatus": "Fail", "statusdate": null, "comments": "Provide information about the source of all food items sold at this \"Micro Cafe\". No information available on location.", "address": "12  Thomson Pl", "city": "Boston", "zip": 2210, "property_id": 135764, "latitude_Y": 42.35083, "longitude_X": -71.04808, "year": 2015 }, "geometry": { "type": "Point", "coordinates": [ -71.04808, 42.35083 ] } },
{ "type": "Feature", "properties": { "businessname": "Thorntons Fenway Grille", "dbaname": null, "legalowner": "THORTON MARTIN", "namelast": "Thornton Companies Inc.", "namefirst": " ", "licenseno": 76498, "issdttm": "2012-03-06T15:32:42", "expdttm": "2020-12-31T23:59:00", "licstatus": "Active", "licensecat": "FS", "descript": "Eating & Drinking", "result": "HE_Fail", "resultdttm": "2015-05-05T12:30:04", "violation": "02-3-602.11-.12/3-302.12", "viollevel": "*", "violdesc": "Food Container Labels", "violdttm": "2015-05-05T12:30:04", "violstatus": "Fail", "statusdate": null, "comments": "Bulk storage bins missing labels.Provide", "address": "100   Peterborough ST", "city": "Boston", "zip": 2215, "property_id": 158181, "latitude_Y": 42.342993, "longitude_X": -71.099359, "year": 2015 }, "geometry": { "type": "Point", "coordinates": [ -71.099359, 42.342993 ] } },
{ "type": "Feature", "properties": { "businessname": "Thornton's Restaurant", "dbaname": null, "legalowner": "THE GREENHOUSE APTS", "namelast": "ALEX PRIZAND", "namefirst": "ADMM CORP.", "licenseno": 22276, "issdttm": "2011-12-19T12:08:48", "expdttm": "2019-12-31T23:59:00", "licstatus": "Inactive", "licensecat": "FS", "descript": "Eating & Drinking", "result": "HE_Fail", "resultdttm": "2015-04-06T13:41:56", "violation": "08-3-305-307.11", "viollevel": "*", "violdesc": "Food Protection", "violdttm": "2015-04-06T13:41:56", "violstatus": "Fail", "statusdate": null, "comments": "walk in/ store all foods 6 inches off floor reach in units/properly cover all open food containers", "address": "150   Huntington AV", "city": "Boston", "zip": 2115, "property_id": 156409, "latitude_Y": 42.344906, "longitude_X": -71.081791, "year": 2015 }, "geometry": { "type": "Point", "coordinates": [ -71.081791, 42.344906 ] } },
{ "type": "Feature", "properties": { "businessname": "Tilted Kilt Pub & Eatery", "dbaname": null, "legalowner": null, "namelast": "TKBMA LLC", "namefirst": "Att: Accounts Payable", "licenseno": 312514, "issdttm": "2017-02-17T15:27:12", "expdttm": "2017-12-31T23:59:00", "licstatus": "Inactive", "licensecat": "FS", "descript": "Eating & Drinking", "result": "HE_Fail", "resultdttm": "2017-02-06T14:52:00", "violation": "23-4-602.13", "viollevel": "*", "violdesc": "Non-Food Contact Surfaces Clean", "violdttm": "2017-02-06T14:52:00", "violstatus": "Fail", "statusdate": null, "comments": "Clean and sanitize all surfaces in the kitchen before operating the kitchen", "address": "96   Brookline AVE", "city": "Boston", "zip": 2215, "property_id": 22111, "latitude_Y": 42.34612, "longitude_X": -71.09929, "year": 2017 }, "geometry": { "type": "Point", "coordinates": [ -71.09929, 42.34612 ] } },
{ "type": "Feature", "properties": { "businessname": "TRADER JOE'S No. 510", "dbaname": null, "legalowner": "GUBBINS/MCMAHON BOYLSTON LP", "namelast": "TRADER JOE'S INC.", "namefirst": "ATTN: TAX DEPT.", "licenseno": 25622, "issdttm": "2011-12-19T13:14:37", "expdttm": "2020-12-31T23:59:00", "licstatus": "Active", "licensecat": "RF", "descript": "Retail Food", "result": "HE_Fail", "resultdttm": "2016-03-11T08:42:29", "violation": "21-3-304.14", "viollevel": "*", "violdesc": "Wiping Cloths  Clean  Sanitize", "violdttm": "2016-03-11T08:42:29", "violstatus": "Fail", "statusdate": null, "comments": "Using sponges in ware washing area", "address": "893   Boylston ST", "city": "Boston", "zip": 2115, "property_id": 18417, "latitude_Y": 42.3485, "longitude_X": -71.08412, "year": 2016 }, "geometry": { "type": "Point", "coordinates": [ -71.08412, 42.3485 ] } },
{ "type": "Feature", "properties": { "businessname": "Travel Traders", "dbaname": null, "legalowner": "TRAVEL TRADERS HOTEL STORES INC.", "namelast": "TRAVEL TRADERS HOTEL STORES", "namefirst": "Attn:S. Soso", "licenseno": 23617, "issdttm": "2012-01-17T16:28:45", "expdttm": "2020-12-31T23:59:00", "licstatus": "Active", "licensecat": "RF", "descript": "Retail Food", "result": "HE_Fail", "resultdttm": "2019-05-20T14:19:53", "violation": "37-6-501.11-.12", "viollevel": "*", "violdesc": "Improper Maintenance of Walls/Ceilings", "violdttm": "2019-05-20T14:19:53", "violstatus": "Fail", "statusdate": null, "comments": "Celing above beverage display case observed leaking water.Repair PIC contacted hotel facilities", "address": "64   Arlington ST", "city": "Boston", "zip": 2116, "property_id": 157189, "latitude_Y": 42.350707, "longitude_X": -71.069921, "year": 2019 }, "geometry": { "type": "Point", "coordinates": [ -71.069921, 42.350707 ] } },
{ "type": "Feature", "properties": { "businessname": "TREMONT CAFETERIA", "dbaname": null, "legalowner": "  ", "namelast": "SODEXO OPERATIONS", "namefirst": "L L C", "licenseno": 26043, "issdttm": "2012-02-14T09:26:44", "expdttm": "2020-12-31T23:59:00", "licstatus": "Active", "licensecat": "FS", "descript": "Eating & Drinking", "result": "HE_Fail", "resultdttm": "2016-11-21T11:04:50", "violation": "29-5-201/02.11", "viollevel": "*", "violdesc": "Installed and Maintained", "violdttm": "2016-11-21T11:04:50", "violstatus": "Fail", "statusdate": null, "comments": "hand sink faucet leaking  repair", "address": "150   Tremont ST", "city": "Boston", "zip": 2111, "property_id": 320819, "latitude_Y": 42.35484, "longitude_X": -71.063219, "year": 2016 }, "geometry": { "type": "Point", "coordinates": [ -71.063219, 42.35484 ] } },
{ "type": "Feature", "properties": { "businessname": "TRIDENT BOOKSELLERS AND CAFE", "dbaname": null, "legalowner": "NEWBURY PRIME REALTY CORP", "namelast": "FLYNN", "namefirst": "BERNARD", "licenseno": 18777, "issdttm": "2011-12-30T13:11:24", "expdttm": "2020-12-31T23:59:00", "licstatus": "Active", "licensecat": "FS", "descript": "Eating & Drinking", "result": "HE_Fail", "resultdttm": "2015-12-04T11:58:34", "violation": "15-4-202.16", "viollevel": "*", "violdesc": "Non-Food Contact Surfaces", "violdttm": "2015-12-04T11:58:34", "violstatus": "Fail", "statusdate": null, "comments": "Ice machine door not sealing properly.Repair", "address": "338   Newbury ST", "city": "Boston", "zip": 2115, "property_id": 101560, "latitude_Y": 42.34823, "longitude_X": -71.0866, "year": 2015 }, "geometry": { "type": "Point", "coordinates": [ -71.0866, 42.34823 ] } },
{ "type": "Feature", "properties": { "businessname": "Trio Cafe", "dbaname": null, "legalowner": "  ", "namelast": "Tchourilkov", "namefirst": "Ilian", "licenseno": 90459, "issdttm": "2013-07-09T09:42:02", "expdttm": "2020-12-31T23:59:00", "licstatus": "Active", "licensecat": "FT", "descript": "Eating & Drinking w/ Take Out", "result": "HE_Fail", "resultdttm": "2015-02-19T10:42:37", "violation": "17-4-302.14", "viollevel": "*", "violdesc": "Test Kit Provided", "violdttm": "2015-02-19T10:42:37", "violstatus": "Fail", "statusdate": null, "comments": "Provide test kit for measuring the sanitizer used at the 3 bay sink.", "address": "212  Northern AVE", "city": "Boston", "zip": 2210, "property_id": 340132, "latitude_Y": 42.350415, "longitude_X": -71.038224, "year": 2015 }, "geometry": { "type": "Point", "coordinates": [ -71.038224, 42.350415 ] } },
{ "type": "Feature", "properties": { "businessname": "Truong Thanh", "dbaname": null, "legalowner": "LAU MEE HA WONG", "namelast": "LUU", "namefirst": "PETER", "licenseno": 19590, "issdttm": "2011-12-15T13:32:03", "expdttm": "2018-12-31T23:59:00", "licstatus": "Inactive", "licensecat": "RF", "descript": "Retail Food", "result": "HE_Fail", "resultdttm": "2017-09-21T08:59:34", "violation": "36-6-501.11-.12", "viollevel": "*", "violdesc": "Improper Maintenance of Floors", "violdttm": "2017-09-21T08:59:34", "violstatus": "Fail", "statusdate": null, "comments": "1) Floors under liquor shelving with heavy dusts and debris  clean to remove  2) Floors under racks and at back door area with heavy dusts and debris  clean to remove", "address": "65   Beach ST", "city": "Boston", "zip": 2111, "property_id": 9400, "latitude_Y": 42.35112, "longitude_X": -71.06011, "year": 2017 }, "geometry": { "type": "Point", "coordinates": [ -71.06011, 42.35112 ] } },
{ "type": "Feature", "properties": { "businessname": "T'S PUB", "dbaname": null, "legalowner": "GERALD J RLTY CO INC", "namelast": "Comm 973 Group L L C", "namefirst": " ", "licenseno": 74401, "issdttm": "2011-12-19T12:56:12", "expdttm": "2019-12-31T23:59:00", "licstatus": "Inactive", "licensecat": "FS", "descript": "Eating & Drinking", "result": "HE_Fail", "resultdttm": "2015-04-06T11:39:16", "violation": "03-3-501.16(A)", "viollevel": "***", "violdesc": "Cold Holding", "violdttm": "2015-04-06T11:39:16", "violstatus": "Fail", "statusdate": null, "comments": "The two-door sandwich unit is not working pepperoni 75F  cheese 75F.  Repair the unit to provide cold holding of 41F or below.", "address": "971   Commonwealth AVE", "city": "Boston", "zip": 2215, "property_id": 41313, "latitude_Y": 42.35198, "longitude_X": -71.11964, "year": 2015 }, "geometry": { "type": "Point", "coordinates": [ -71.11964, 42.35198 ] } },
{ "type": "Feature", "properties": { "businessname": "Tsaocaa Tea", "dbaname": null, "legalowner": "LEE ON DONG ASSOCIATION", "namelast": "Chen", "namefirst": "Qinlei", "licenseno": 396652, "issdttm": "2020-02-13T08:58:16", "expdttm": "2020-12-31T23:59:00", "licstatus": "Active", "licensecat": "FT", "descript": "Eating & Drinking w/ Take Out", "result": "HE_Fail", "resultdttm": "2020-08-27T13:11:00", "violation": "590.003/3-305.12-C", "viollevel": "*", "violdesc": "Food Storage  Prohibited Areas (C)", "violdttm": "2020-08-27T13:11:00", "violstatus": "Fail", "statusdate": null, "comments": "Packaged foods observed being stored under the drainage pipe of the single bay sink in the front service area. Discontinue and store all foods in a clean and protected area.", "address": "10   Tyler ST", "city": "Boston", "zip": 2111, "property_id": 138804, "latitude_Y": 42.35098, "longitude_X": -71.06046, "year": 2020 }, "geometry": { "type": "Point", "coordinates": [ -71.06046, 42.35098 ] } },
{ "type": "Feature", "properties": { "businessname": "Typhoon Restaurant", "dbaname": null, "legalowner": "PHAN-NGUYEN NHAN H.", "namelast": "PHAN-NGUYEN", "namefirst": "NHAN H.", "licenseno": 21524, "issdttm": "2012-01-05T10:24:04", "expdttm": "2020-12-31T23:59:00", "licstatus": "Active", "licensecat": "FS", "descript": "Eating & Drinking", "result": "HE_Fail", "resultdttm": "2015-03-11T12:13:45", "violation": "16-4-501.11/.15", "viollevel": "*", "violdesc": "Dishwashng Facilities", "violdttm": "2015-03-11T12:13:45", "violstatus": "Fail", "statusdate": null, "comments": "Low Temp Dish machine not registering any chlorine sanitizer level. Repair to maintain between 50-100ppm.", "address": "725   Boylston ST", "city": "Boston", "zip": 2116, "property_id": 157459, "latitude_Y": 42.349593, "longitude_X": -71.080258, "year": 2015 }, "geometry": { "type": "Point", "coordinates": [ -71.080258, 42.349593 ] } },
{ "type": "Feature", "properties": { "businessname": "Umai Japanese Restaurant", "dbaname": null, "legalowner": "CHATAL ASSOCIATES", "namelast": "Murasaki Inc.", "namefirst": "Florence Lee  Pres.", "licenseno": 76007, "issdttm": "2011-12-13T11:27:48", "expdttm": "2020-12-31T23:59:00", "licstatus": "Active", "licensecat": "FS", "descript": "Eating & Drinking", "result": "HE_Fail", "resultdttm": "2015-01-22T14:44:14", "violation": "14-4-202.11", "viollevel": "*", "violdesc": "Food Contact Surfaces Design", "violdttm": "2015-01-22T14:44:14", "violstatus": "Fail", "statusdate": null, "comments": "Plastic cups being used to dispense bulk food. Use handle scoops/utensils.", "address": "224  Newbury St", "city": "Boston", "zip": 2116, "property_id": 101441, "latitude_Y": 42.34973, "longitude_X": -71.08116, "year": 2015 }, "geometry": { "type": "Point", "coordinates": [ -71.08116, 42.34973 ] } },
{ "type": "Feature", "properties": { "businessname": "Union Club of Boston", "dbaname": null, "legalowner": "UNION CLUB OF BOSTON INC", "namelast": "UNION CLUB OF BOSTON INC", "namefirst": " ", "licenseno": 18725, "issdttm": "2011-12-13T11:17:44", "expdttm": "2020-12-31T23:59:00", "licstatus": "Active", "licensecat": "FS", "descript": "Eating & Drinking", "result": "HE_Fail", "resultdttm": "2017-06-16T10:28:17", "violation": "37-6-501.11-.12", "viollevel": "*", "violdesc": "Improper Maintenance of Walls/Ceilings", "violdttm": "2017-06-16T10:28:17", "violstatus": "Fail", "statusdate": null, "comments": "Dust buildup on wall and fixtures behind cookline equipment. Clean to remove.", "address": "8   Park ST", "city": "Boston", "zip": 2108, "property_id": 107194, "latitude_Y": 42.3575, "longitude_X": -71.0627, "year": 2017 }, "geometry": { "type": "Point", "coordinates": [ -71.0627, 42.3575 ] } },
{ "type": "Feature", "properties": { "businessname": "UNION OYSTER HOUSE", "dbaname": null, "legalowner": "MILANO JOSEPH A JR TRST", "namelast": "MILANO", "namefirst": "JOSEPH A.", "licenseno": 19089, "issdttm": "2011-12-14T14:11:17", "expdttm": "2020-12-31T23:59:00", "licstatus": "Active", "licensecat": "FS", "descript": "Eating & Drinking", "result": "HE_Fail", "resultdttm": "2015-10-06T16:17:47", "violation": "17-4-204.112/.115", "viollevel": "*", "violdesc": "Equipment Thermometers", "violdttm": "2015-10-06T16:17:47", "violstatus": "Fail", "statusdate": null, "comments": "no interior thermometer in shell fish walk-in   supply", "address": "41  Union ST", "city": "Boston", "zip": 2108, "property_id": 139293, "latitude_Y": 42.36127, "longitude_X": -71.05688, "year": 2015 }, "geometry": { "type": "Point", "coordinates": [ -71.05688, 42.36127 ] } },
{ "type": "Feature", "properties": { "businessname": "University Club of Boston", "dbaname": null, "legalowner": "UNIVERSITY CLUB", "namelast": "UNIVERSITY CLUB OF BOSTON", "namefirst": " ", "licenseno": 18588, "issdttm": "2012-01-10T12:17:49", "expdttm": "2020-12-31T23:59:00", "licstatus": "Active", "licensecat": "FS", "descript": "Eating & Drinking", "result": "HE_Fail", "resultdttm": "2016-06-06T12:38:45", "violation": "20-4-703.11", "viollevel": "***", "violdesc": "Food Contact Surfaces Clean", "violdttm": "2016-06-06T12:38:45", "violstatus": "Fail", "statusdate": null, "comments": "Glass washer without a chlorine reading.Repair.provide chlorine 50PPM.PIC has called for service.", "address": "426   Stuart ST", "city": "Boston", "zip": 2116, "property_id": 131661, "latitude_Y": 42.3485, "longitude_X": -71.07476, "year": 2016 }, "geometry": { "type": "Point", "coordinates": [ -71.07476, 42.3485 ] } },
{ "type": "Feature", "properties": { "businessname": "UNIVERSITY HOUSE OF PIZZA", "dbaname": null, "legalowner": "PARTHENA SAVVIDIS", "namelast": "PARTHENA SAVVIDIS", "namefirst": " ", "licenseno": 20033, "issdttm": "2011-12-16T15:30:51", "expdttm": "2020-12-31T23:59:00", "licstatus": "Active", "licensecat": "FS", "descript": "Eating & Drinking", "result": "HE_Fail", "resultdttm": "2015-02-23T10:51:54", "violation": "17-4-204.112/.115", "viollevel": "*", "violdesc": "Equipment Thermometers", "violdttm": "2015-02-23T10:51:54", "violstatus": "Fail", "statusdate": null, "comments": "No conspicuous thermometers in multiple refrigeration units- Provide", "address": "452   Huntington AVE", "city": "Boston", "zip": 2115, "property_id": 157232, "latitude_Y": 42.338552, "longitude_X": -71.092818, "year": 2015 }, "geometry": { "type": "Point", "coordinates": [ -71.092818, 42.338552 ] } },
{ "type": "Feature", "properties": { "businessname": "Uno Chicago Grill", "dbaname": null, "legalowner": "NICOLE E. ADAMS", "namelast": "Uno Chicago Grill", "namefirst": "Uno Restaurants L L C", "licenseno": 18961, "issdttm": "2012-01-09T15:57:09", "expdttm": "2020-12-31T23:59:00", "licstatus": "Inactive", "licensecat": "FT", "descript": "Eating & Drinking w/ Take Out", "result": "HE_Fail", "resultdttm": "2015-03-03T12:36:31", "violation": "15-4-202.16", "viollevel": "*", "violdesc": "Non-Food Contact Surfaces", "violdttm": "2015-03-03T12:36:31", "violstatus": "Fail", "statusdate": null, "comments": "MC Callum upright  refrigerator unit at the cooking line broken. Repair or replace.", "address": "1   Brookline AVE", "city": "Boston", "zip": 2215, "property_id": 157196, "latitude_Y": 42.34842, "longitude_X": -71.097471, "year": 2015 }, "geometry": { "type": "Point", "coordinates": [ -71.097471, 42.34842 ] } },
{ "type": "Feature", "properties": { "businessname": "Uno Chicago Grill", "dbaname": null, "legalowner": "SPENCER AARONN D", "namelast": "UNO RESTAURANTS", "namefirst": "LLC  LEGAL DEPARTMENT", "licenseno": 18958, "issdttm": "2012-01-09T15:53:57", "expdttm": "2019-12-31T23:59:00", "licstatus": "Inactive", "licensecat": "FT", "descript": "Eating & Drinking w/ Take Out", "result": "HE_Fail", "resultdttm": "2015-03-19T14:26:29", "violation": "03-3-501.16(A)", "viollevel": "***", "violdesc": "Cold Holding", "violdttm": "2015-03-19T14:26:29", "violstatus": "Fail", "statusdate": null, "comments": "Mozzarella 53F  Pesto Sauce 45F at the refrigerating unit next to the pizza station. Unit 42F. Maintain at 41F or below.", "address": "727   Boylston ST", "city": "Boston", "zip": 2116, "property_id": 18385, "latitude_Y": 42.349589, "longitude_X": -71.080292, "year": 2015 }, "geometry": { "type": "Point", "coordinates": [ -71.080292, 42.349589 ] } },
{ "type": "Feature", "properties": { "businessname": "Uno Due Go", "dbaname": null, "legalowner": "DRUKER BERTRAM A TRSTS", "namelast": "URC L L C", "namefirst": " ", "licenseno": 74800, "issdttm": "2011-12-30T13:59:52", "expdttm": "2020-12-31T23:59:00", "licstatus": "Inactive", "licensecat": "FS", "descript": "Eating & Drinking", "result": "HE_Fail", "resultdttm": "2015-03-27T13:17:33", "violation": "03-3-501.16(A)", "viollevel": "***", "violdesc": "Cold Holding", "violdttm": "2015-03-27T13:17:33", "violstatus": "Fail", "statusdate": null, "comments": "Ham 58F  Beef 57F / Provide proper cold holding temperatures.", "address": "52   Summer ST", "city": "Boston", "zip": 2110, "property_id": 132025, "latitude_Y": 42.35445, "longitude_X": -71.05881, "year": 2015 }, "geometry": { "type": "Point", "coordinates": [ -71.05881, 42.35445 ] } },
{ "type": "Feature", "properties": { "businessname": "UPTOWN CAFE", "dbaname": null, "legalowner": "  ", "namelast": "GARY FORZIATI", "namefirst": " ", "licenseno": 23109, "issdttm": "2011-12-14T11:10:59", "expdttm": "2018-12-31T23:59:00", "licstatus": "Inactive", "licensecat": "FT", "descript": "Eating & Drinking w/ Take Out", "result": "HE_Fail", "resultdttm": "2015-03-09T12:38:33", "violation": "22-4-601/602.11", "viollevel": "**", "violdesc": "Food Contact Surfaces Clean", "violdttm": "2015-03-09T12:38:33", "violstatus": "Fail", "statusdate": null, "comments": "cutting board with heavy scores and soils  clean to remove", "address": "106   Cambridge ST", "city": "Boston", "zip": 2114, "property_id": 340669, "latitude_Y": 42.361066, "longitude_X": -71.063183, "year": 2015 }, "geometry": { "type": "Point", "coordinates": [ -71.063183, 42.361066 ] } },
{ "type": "Feature", "properties": { "businessname": "Urban Lodge", "dbaname": "Boston Winter Market Village", "legalowner": "CITY OF BOSTON", "namelast": "Mass Sportservice", "namefirst": " ", "licenseno": 308974, "issdttm": "2016-12-01T14:20:29", "expdttm": "2017-12-31T23:59:00", "licstatus": "Inactive", "licensecat": "RF", "descript": "Retail Food", "result": "HE_Filed", "resultdttm": "2016-12-07T10:19:10", "violation": "36-6-501.11-.12", "viollevel": "*", "violdesc": "Improper Maintenance of Floors", "violdttm": "2016-12-07T10:19:10", "violstatus": "Fail", "statusdate": null, "comments": "Standing water on ground surface. Clean to Remove.", "address": "1  City Hall PLZ", "city": "Boston", "zip": 2108, "property_id": 32856, "latitude_Y": 42.36042, "longitude_X": -71.058274, "year": 2016 }, "geometry": { "type": "Point", "coordinates": [ -71.058274, 42.36042 ] } },
{ "type": "Feature", "properties": { "businessname": "Venice Convenience Inc.", "dbaname": null, "legalowner": "  ", "namelast": "Mohammed", "namefirst": "Hasan", "licenseno": 78579, "issdttm": "2012-04-04T09:59:33", "expdttm": "2020-12-31T23:59:00", "licstatus": "Active", "licensecat": "RF", "descript": "Retail Food", "result": "HE_Fail", "resultdttm": "2015-03-30T12:40:03", "violation": "01-3-201.11", "viollevel": "***", "violdesc": "Approved Source", "violdttm": "2015-03-30T12:40:03", "violstatus": "Fail", "statusdate": null, "comments": "Evidence of foods being purchased from Market Basket - discontinue and only purchase from a licensed wholesaler as discussed", "address": "38   Cooper ST", "city": "Boston", "zip": 2113, "property_id": 163864, "latitude_Y": 42.364347, "longitude_X": -71.057138, "year": 2015 }, "geometry": { "type": "Point", "coordinates": [ -71.057138, 42.364347 ] } },
{ "type": "Feature", "properties": { "businessname": "Victoria Seafood", "dbaname": null, "legalowner": "VICTORIA SEAFOOD RESTAURA", "namelast": "VICTORIA SEAFOOD RESTAURANT INC.", "namefirst": " ", "licenseno": 20579, "issdttm": "2011-12-15T13:59:07", "expdttm": "2020-12-31T23:59:00", "licstatus": "Active", "licensecat": "FS", "descript": "Eating & Drinking", "result": "HE_Fail", "resultdttm": "2015-02-20T12:00:07", "violation": "08-3-305-307.11", "viollevel": "*", "violdesc": "Food Protection", "violdttm": "2015-02-20T12:00:07", "violstatus": "Fail", "statusdate": null, "comments": "The sliced vegetables are stored at room temperature.  Store cut vegetables refrigerated.", "address": "1029  Commonwealth AVE", "city": "Boston", "zip": 2215, "property_id": 157604, "latitude_Y": 42.352234, "longitude_X": -71.12166, "year": 2015 }, "geometry": { "type": "Point", "coordinates": [ -71.12166, 42.352234 ] } },
{ "type": "Feature", "properties": { "businessname": "Viga", "dbaname": null, "legalowner": null, "namelast": "Viga Eatery Inc.", "namefirst": "Elizabeth Wilson", "licenseno": 125053, "issdttm": "2014-04-18T09:27:10", "expdttm": "2020-12-31T23:59:00", "licstatus": "Active", "licensecat": "FT", "descript": "Eating & Drinking w/ Take Out", "result": "HE_Fail", "resultdttm": "2015-03-09T10:34:56", "violation": "02-3-602.11-.12/3-302.12", "viollevel": "*", "violdesc": "Food Container Labels", "violdttm": "2015-03-09T10:34:56", "violstatus": "Fail", "statusdate": null, "comments": "provide proper labels on all packaged pastries", "address": "140   Clarendon ST", "city": "Boston", "zip": 2116, "property_id": 157041, "latitude_Y": 42.348611, "longitude_X": -71.074438, "year": 2015 }, "geometry": { "type": "Point", "coordinates": [ -71.074438, 42.348611 ] } },
{ "type": "Feature", "properties": { "businessname": "Viga", "dbaname": null, "legalowner": "WILSON ELIZABETH", "namelast": "WILSON", "namefirst": "ELIZABETH", "licenseno": 21090, "issdttm": "2011-12-15T14:51:06", "expdttm": "2020-12-31T23:59:00", "licstatus": "Active", "licensecat": "FT", "descript": "Eating & Drinking w/ Take Out", "result": "HE_Fail", "resultdttm": "2015-09-08T11:07:07", "violation": "05-4-302.12", "viollevel": "*", "violdesc": "Food Thermometers Provided", "violdttm": "2015-09-08T11:07:07", "violstatus": "Fail", "statusdate": null, "comments": "Thermometer missing / Provide.", "address": "291  Devonshire ST", "city": "Boston", "zip": 2110, "property_id": 157446, "latitude_Y": 42.354147, "longitude_X": -71.057948, "year": 2015 }, "geometry": { "type": "Point", "coordinates": [ -71.057948, 42.354147 ] } },
{ "type": "Feature", "properties": { "businessname": "Viga (133 Pearl Street)", "dbaname": null, "legalowner": "GOODMAN PEARLSTREET PARTNERS", "namelast": "DASILVA", "namefirst": "MATEUSIENE O.", "licenseno": 23433, "issdttm": "2011-12-20T14:12:12", "expdttm": "2020-12-31T23:59:00", "licstatus": "Active", "licensecat": "FT", "descript": "Eating & Drinking w/ Take Out", "result": "HE_Fail", "resultdttm": "2016-05-19T11:17:07", "violation": "03-3-501.16", "viollevel": "***", "violdesc": "Hot Holding", "violdttm": "2016-05-19T11:17:07", "violstatus": "Fail", "statusdate": null, "comments": "Breaded chicken inside of the stema table with a temperature of 123F. Discontinue and ensure all potentially hazardous foods are being maintained at 140F and above. Chicken to be removed and reheated to 165 F to ensure no bacterial growth.", "address": "133   Pearl ST", "city": "Boston", "zip": 2110, "property_id": 108785, "latitude_Y": 42.35474, "longitude_X": -71.05384, "year": 2016 }, "geometry": { "type": "Point", "coordinates": [ -71.05384, 42.35474 ] } },
{ "type": "Feature", "properties": { "businessname": "Villa Francesca", "dbaname": null, "legalowner": "  ", "namelast": "Tomas Salmeron", "namefirst": " ", "licenseno": 77964, "issdttm": "2012-02-14T10:08:12", "expdttm": "2020-12-31T23:59:00", "licstatus": "Active", "licensecat": "FS", "descript": "Eating & Drinking", "result": "HE_Fail", "resultdttm": "2015-04-17T11:22:25", "violation": "01-3-203.12", "viollevel": "**", "violdesc": "Tags & Records", "violdttm": "2015-04-17T11:22:25", "violstatus": "Fail", "statusdate": null, "comments": "Maintain  organized as discussed for three months", "address": "150   Richmond ST", "city": "Boston", "zip": 2113, "property_id": 169084, "latitude_Y": 42.363348, "longitude_X": -71.054559, "year": 2015 }, "geometry": { "type": "Point", "coordinates": [ -71.054559, 42.363348 ] } },
{ "type": "Feature", "properties": { "businessname": "Vintage Lounge", "dbaname": null, "legalowner": "EIGHTY BROAD STREET LLC", "namelast": "Paratore", "namefirst": "David", "licenseno": 27404, "issdttm": "2012-03-09T13:20:17", "expdttm": "2020-12-31T23:59:00", "licstatus": "Active", "licensecat": "FS", "descript": "Eating & Drinking", "result": "HE_Fail", "resultdttm": "2016-02-16T13:04:52", "violation": "37-6-501.11-.12", "viollevel": "*", "violdesc": "Improper Maintenance of Walls/Ceilings", "violdttm": "2016-02-16T13:04:52", "violstatus": "Fail", "statusdate": null, "comments": " ", "address": "72  Broad ST", "city": "Boston", "zip": 2110, "property_id": 20484, "latitude_Y": 42.35769, "longitude_X": -71.05302, "year": 2016 }, "geometry": { "type": "Point", "coordinates": [ -71.05302, 42.35769 ] } },
{ "type": "Feature", "properties": { "businessname": "VOLLE NOLLE", "dbaname": null, "legalowner": "GALVAO MANUEL ETAL", "namelast": "TORRI CROWELL", "namefirst": " ", "licenseno": 24339, "issdttm": "2012-01-05T14:36:03", "expdttm": "2020-12-31T23:59:00", "licstatus": "Active", "licensecat": "FT", "descript": "Eating & Drinking w/ Take Out", "result": "HE_Fail", "resultdttm": "2015-10-01T20:06:18", "violation": "21-3-304.14", "viollevel": "*", "violdesc": "Wiping Cloths  Clean  Sanitize", "violdttm": "2015-10-01T20:06:18", "violstatus": "Fail", "statusdate": null, "comments": "Set up as discussed", "address": "349   Hanover ST", "city": "Boston", "zip": 2113, "property_id": 69116, "latitude_Y": 42.36455, "longitude_X": -71.05348, "year": 2015 }, "geometry": { "type": "Point", "coordinates": [ -71.05348, 42.36455 ] } },
{ "type": "Feature", "properties": { "businessname": "W & A Again", "dbaname": null, "legalowner": "PAPOULIDIS KOSTA TRST", "namelast": "JEHA", "namefirst": "IBRAHIM", "licenseno": 19745, "issdttm": "2012-01-26T14:26:23", "expdttm": "2020-12-31T23:59:00", "licstatus": "Active", "licensecat": "RF", "descript": "Retail Food", "result": "HE_Filed", "resultdttm": "2018-02-12T14:23:13", "violation": "36-6-501.11-.12", "viollevel": "*", "violdesc": "Improper Maintenance of Floors", "violdttm": "2018-02-12T14:23:13", "violstatus": "Fail", "statusdate": null, "comments": "Severl tiles missing from mop sink.Replace/repair", "address": "1250   Boylston ST", "city": "Boston", "zip": 2215, "property_id": 18072, "latitude_Y": 42.344984, "longitude_X": -71.095359, "year": 2018 }, "geometry": { "type": "Point", "coordinates": [ -71.095359, 42.344984 ] } },
{ "type": "Feature", "properties": { "businessname": "WAI WAI ICE CREAM SHOP", "dbaname": null, "legalowner": "WONG SHU YING TRSTS", "namelast": "HUI", "namefirst": "DAVID", "licenseno": 24990, "issdttm": "2012-01-06T09:20:52", "expdttm": "2020-12-31T23:59:00", "licstatus": "Active", "licensecat": "FS", "descript": "Eating & Drinking", "result": "HE_Fail", "resultdttm": "2015-01-26T10:10:47", "violation": "02-3-602.11-.12/3-302.12", "viollevel": "*", "violdesc": "Food Container Labels", "violdttm": "2015-01-26T10:10:47", "violstatus": "Fail", "statusdate": null, "comments": "Food containers not labeled", "address": "26   Oxford ST", "city": "Boston", "zip": 2111, "property_id": 106209, "latitude_Y": 42.35168, "longitude_X": -71.06027, "year": 2015 }, "geometry": { "type": "Point", "coordinates": [ -71.06027, 42.35168 ] } },
{ "type": "Feature", "properties": { "businessname": "WAI'S STYLE RESTAURANT", "dbaname": null, "legalowner": null, "namelast": "DAVID HUI: WAI'S STYLE RE", "namefirst": "STAURANT", "licenseno": 20355, "issdttm": "2012-01-06T09:22:08", "expdttm": "2019-12-31T23:59:00", "licstatus": "Inactive", "licensecat": "FS", "descript": "Eating & Drinking", "result": "HE_Fail", "resultdttm": "2017-11-15T15:28:21", "violation": "22-4-601/602.11", "viollevel": "**", "violdesc": "Food Contact Surfaces Clean", "violdttm": "2017-11-15T15:28:21", "violstatus": "Fail", "statusdate": null, "comments": "Interior of microwave with soils  clean to remove", "address": "99   Harrison AVE", "city": "Boston", "zip": 2111, "property_id": 70098, "latitude_Y": 42.35081, "longitude_X": -71.06163, "year": 2017 }, "geometry": { "type": "Point", "coordinates": [ -71.06163, 42.35081 ] } },
{ "type": "Feature", "properties": { "businessname": "Walgreens No. 02933", "dbaname": null, "legalowner": "ALEXANDER ELAINE B", "namelast": "Walgreen Eastern Co.", "namefirst": "Inc.", "licenseno": 25356, "issdttm": "2012-01-18T18:09:46", "expdttm": "2020-12-31T23:59:00", "licstatus": "Active", "licensecat": "RF", "descript": "Retail Food", "result": "HE_Fail", "resultdttm": "2016-10-06T14:26:21", "violation": "17-4-204.112/.115", "viollevel": "*", "violdesc": "Equipment Thermometers", "violdttm": "2016-10-06T14:26:21", "violstatus": "Fail", "statusdate": null, "comments": "Thermometers missing from wall refrigeration unit", "address": "839   Boylston ST", "city": "Boston", "zip": 2116, "property_id": 18412, "latitude_Y": 42.34889, "longitude_X": -71.08281, "year": 2016 }, "geometry": { "type": "Point", "coordinates": [ -71.08281, 42.34889 ] } },
{ "type": "Feature", "properties": { "businessname": "Ward 8", "dbaname": null, "legalowner": "NINETY NORTH WASHINGTON", "namelast": "Anfratta LLC", "namefirst": "Nicholas Frattaroli", "licenseno": 91452, "issdttm": "2013-11-27T10:36:53", "expdttm": "2020-12-31T23:59:00", "licstatus": "Active", "licensecat": "FS", "descript": "Eating & Drinking", "result": "HE_Fail", "resultdttm": "2017-01-09T09:48:42", "violation": "17-4-204.112/.115", "viollevel": "*", "violdesc": "Equipment Thermometers", "violdttm": "2017-01-09T09:48:42", "violstatus": "Fail", "statusdate": null, "comments": "Wash gauge on main dish machine not working / Repair  Rinse verified 181F", "address": "90 N Washington ST", "city": "Boston", "zip": 2114, "property_id": 146276, "latitude_Y": 42.36541, "longitude_X": -71.05867, "year": 2017 }, "geometry": { "type": "Point", "coordinates": [ -71.05867, 42.36541 ] } },
{ "type": "Feature", "properties": { "businessname": "Warehouse Bar & Grille", "dbaname": null, "legalowner": "  ", "namelast": "Endever Hospitality Group LLC.", "namefirst": " ", "licenseno": 80225, "issdttm": "2013-09-12T08:32:41", "expdttm": "2020-12-31T23:59:00", "licstatus": "Active", "licensecat": "FS", "descript": "Eating & Drinking", "result": "HE_Fail", "resultdttm": "2016-03-09T11:19:00", "violation": "02-3-602.11-.12/3-302.12", "viollevel": "*", "violdesc": "Food Container Labels", "violdttm": "2016-03-09T11:19:00", "violstatus": "Fail", "statusdate": null, "comments": "Several sauce containers with no labels. Provide.", "address": "40   Broad ST", "city": "Boston", "zip": 2109, "property_id": 196389, "latitude_Y": 42.35839, "longitude_X": -71.05395, "year": 2016 }, "geometry": { "type": "Point", "coordinates": [ -71.05395, 42.35839 ] } },
{ "type": "Feature", "properties": { "businessname": "Wendy's", "dbaname": null, "legalowner": "SUMMER HIGH REALTY", "namelast": "Wendy's of New England LLC", "namefirst": "Att: License", "licenseno": 166541, "issdttm": "2016-03-11T15:38:25", "expdttm": "2020-12-31T23:59:00", "licstatus": "Active", "licensecat": "FT", "descript": "Eating & Drinking w/ Take Out", "result": "HE_Fail", "resultdttm": "2016-02-11T15:23:00", "violation": "M-2-103.11", "viollevel": "***", "violdesc": "PIC Performing Duties", "violdttm": "2016-02-11T15:23:00", "violstatus": "Fail", "statusdate": null, "comments": "2016 permit not paid  remit payment", "address": "71   Summer ST", "city": "Boston", "zip": 2110, "property_id": 132048, "latitude_Y": 42.35412, "longitude_X": -71.05898, "year": 2016 }, "geometry": { "type": "Point", "coordinates": [ -71.05898, 42.35412 ] } },
{ "type": "Feature", "properties": { "businessname": "WENDY'S OLD FASHIONED HAMBURERS", "dbaname": null, "legalowner": null, "namelast": "The Wendy's Company", "namefirst": "Attn: Accounting", "licenseno": 21515, "issdttm": "2012-02-24T09:41:13", "expdttm": "2020-12-31T23:59:00", "licstatus": "Active", "licensecat": "FT", "descript": "Eating & Drinking w/ Take Out", "result": "HE_Fail", "resultdttm": "2015-01-21T14:03:22", "violation": "15-4-202.16", "viollevel": "*", "violdesc": "Non-Food Contact Surfaces", "violdttm": "2015-01-21T14:03:22", "violstatus": "Fail", "statusdate": null, "comments": "Traulsen two door upright refrigerator  broken. No food stored inside. Repair or replace.", "address": "551   Boylston ST", "city": "Boston", "zip": 2116, "property_id": 161083, "latitude_Y": 42.350736, "longitude_X": -71.076005, "year": 2015 }, "geometry": { "type": "Point", "coordinates": [ -71.076005, 42.350736 ] } },
{ "type": "Feature", "properties": { "businessname": "Which Wich", "dbaname": null, "legalowner": "HJB INC TS", "namelast": "Peterson Owner", "namefirst": "Brek", "licenseno": 358371, "issdttm": "2019-05-15T08:12:42", "expdttm": "2020-12-31T23:59:00", "licstatus": "Active", "licensecat": "FS", "descript": "Eating & Drinking", "result": "HE_Fail", "resultdttm": "2019-05-13T15:21:25", "violation": "29-5-201/02.11", "viollevel": "*", "violdesc": "Installed and Maintained", "violdttm": "2019-05-13T15:21:25", "violstatus": "Fail", "statusdate": null, "comments": "Bathroom hot water at hand sinks 68 F and 71 F - Must maintain 100 F", "address": "324   Newbury ST", "city": "Boston", "zip": 2115, "property_id": 101546, "latitude_Y": 42.3484, "longitude_X": -71.08603, "year": 2019 }, "geometry": { "type": "Point", "coordinates": [ -71.08603, 42.3484 ] } },
{ "type": "Feature", "properties": { "businessname": "Whiskey's Steakhouse & Saloon", "dbaname": null, "legalowner": "C.R.T. FOOD & BEVERAGE  INC.", "namelast": "C.R.T. FOOD & BEVERAGE INC.", "namefirst": " ", "licenseno": 19890, "issdttm": "2011-12-15T11:20:01", "expdttm": "2020-12-31T23:59:00", "licstatus": "Inactive", "licensecat": "FS", "descript": "Eating & Drinking", "result": "HE_Fail", "resultdttm": "2015-04-28T12:55:56", "violation": "02-3-602.11-.12/3-302.12", "viollevel": "*", "violdesc": "Food Container Labels", "violdttm": "2015-04-28T12:55:56", "violstatus": "Fail", "statusdate": null, "comments": "Bulk Bins without labels at the prep area. Label properly.", "address": "885   Boylston ST", "city": "Boston", "zip": 2116, "property_id": 155881, "latitude_Y": 42.348617, "longitude_X": -71.083619, "year": 2015 }, "geometry": { "type": "Point", "coordinates": [ -71.083619, 42.348617 ] } },
{ "type": "Feature", "properties": { "businessname": "WICH ! T", "dbaname": null, "legalowner": "KANEGIS SIDNEY S", "namelast": "Behind The Curtain Inc.", "namefirst": " ", "licenseno": 80562, "issdttm": "2013-01-07T08:59:35", "expdttm": "2018-12-31T23:59:00", "licstatus": "Inactive", "licensecat": "FT", "descript": "Eating & Drinking w/ Take Out", "result": "HE_Fail", "resultdttm": "2015-05-28T12:33:44", "violation": "01-3-602.11 B2", "viollevel": "***", "violdesc": "Labeling of Ingredients", "violdttm": "2015-05-28T12:33:44", "violstatus": "Fail", "statusdate": null, "comments": "Multiple cookies  brownies and fruit cups without proper labels.Provide labels with all ingredients", "address": "244   Newbury ST", "city": "Boston", "zip": 2116, "property_id": 101456, "latitude_Y": 42.34941, "longitude_X": -71.0824, "year": 2015 }, "geometry": { "type": "Point", "coordinates": [ -71.0824, 42.34941 ] } },
{ "type": "Feature", "properties": { "businessname": "Wine Gallery", "dbaname": null, "legalowner": "ALEX OSTROVSKY", "namelast": "ALEX OSTROVSKY", "namefirst": "WINE GALLERY", "licenseno": 23332, "issdttm": "2012-06-06T15:07:42", "expdttm": "2018-12-31T23:59:00", "licstatus": "Inactive", "licensecat": "RF", "descript": "Retail Food", "result": "HE_Closure", "resultdttm": "2018-02-22T13:11:57", "violation": "M-2-103.11", "viollevel": "***", "violdesc": "PIC Performing Duties", "violdttm": "2018-02-22T13:11:57", "violstatus": "Fail", "statusdate": null, "comments": "8-301.11--2018 Health Permit not paid.Provide proper payment to the Health department located at 1010 Mass ave 4th floor.", "address": "516   Commonwealth AVE", "city": "Boston", "zip": 2215, "property_id": 157663, "latitude_Y": 42.348523, "longitude_X": -71.09568, "year": 2018 }, "geometry": { "type": "Point", "coordinates": [ -71.09568, 42.348523 ] } },
{ "type": "Feature", "properties": { "businessname": "Wing's Kitchen", "dbaname": null, "legalowner": "JAYNE ALLAN WONG", "namelast": "168 Inc.", "namefirst": "Xiu Ling Situ", "licenseno": 67872, "issdttm": "2011-12-22T12:14:16", "expdttm": "2020-12-31T23:59:00", "licstatus": "Active", "licensecat": "FT", "descript": "Eating & Drinking w/ Take Out", "result": "HE_Fail", "resultdttm": "2016-04-06T13:59:06", "violation": "22-4-601/602.11", "viollevel": "**", "violdesc": "Food Contact Surfaces Clean", "violdttm": "2016-04-06T13:59:06", "violstatus": "Fail", "statusdate": null, "comments": "knives and knife rack with heavey soils  clean to remove", "address": "23  Hudson ST", "city": "Boston", "zip": 2111, "property_id": 75861, "latitude_Y": 42.35052, "longitude_X": -71.06031, "year": 2016 }, "geometry": { "type": "Point", "coordinates": [ -71.06031, 42.35052 ] } },
{ "type": "Feature", "properties": { "businessname": "Wings Live Poultry", "dbaname": null, "legalowner": "CHAN KWONG CHEONG", "namelast": "Chan", "namefirst": "W. Kwok", "licenseno": 28065, "issdttm": "2012-01-03T09:57:40", "expdttm": "2020-12-31T23:59:00", "licstatus": "Active", "licensecat": "RF", "descript": "Retail Food", "result": "HE_Fail", "resultdttm": "2015-07-13T10:25:24", "violation": "03-3-501.16(A)", "viollevel": "***", "violdesc": "Cold Holding", "violdttm": "2015-07-13T10:25:24", "violstatus": "Fail", "statusdate": null, "comments": "Raw chicken 62F in low boy reach in / Ensure proper cold holding temperatures of 41F or below.", "address": "48   Beach ST", "city": "Boston", "zip": 2111, "property_id": 9391, "latitude_Y": 42.35155, "longitude_X": -71.06079, "year": 2015 }, "geometry": { "type": "Point", "coordinates": [ -71.06079, 42.35155 ] } },
{ "type": "Feature", "properties": { "businessname": "Wings Over Boston", "dbaname": null, "legalowner": "  ", "namelast": "Robert Savin Pres.", "namefirst": "Att: Nola Morrison", "licenseno": 79693, "issdttm": "2013-05-01T08:20:10", "expdttm": "2020-12-31T23:59:00", "licstatus": "Active", "licensecat": "FS", "descript": "Eating & Drinking", "result": "HE_Fail", "resultdttm": "2015-01-07T11:33:37", "violation": "03-3-501.16(A)", "viollevel": "***", "violdesc": "Cold Holding", "violdttm": "2015-01-07T11:33:37", "violstatus": "Fail", "statusdate": null, "comments": "Raw Hamburger 58F  Ribs 59F. Ensure cold holding at 41F or below. Placed in under counter refrigeration drawer 2 hours prior. Removed by PIC and placed in walkin.", "address": "325   Huntington AVE", "city": "Boston", "zip": 2115, "property_id": 255086, "latitude_Y": 42.34094, "longitude_X": -71.08811, "year": 2015 }, "geometry": { "type": "Point", "coordinates": [ -71.08811, 42.34094 ] } },
{ "type": "Feature", "properties": { "businessname": "Winter St. Express", "dbaname": null, "legalowner": "COVICH SIDNEY TRST", "namelast": "Karl Volker", "namefirst": " ", "licenseno": 75095, "issdttm": "2012-04-04T11:17:30", "expdttm": "2020-12-31T23:59:00", "licstatus": "Active", "licensecat": "RF", "descript": "Retail Food", "result": "HE_Fail", "resultdttm": "2016-12-14T10:58:58", "violation": "37-6-201.11", "viollevel": "*", "violdesc": "Walls/Ceilings Designed Constructed Installed", "violdttm": "2016-12-14T10:58:58", "violstatus": "Fail", "statusdate": null, "comments": "Ceilings tiles missing throughout store  replace", "address": "31   Winter ST", "city": "Boston", "zip": 2108, "property_id": 150874, "latitude_Y": 42.356041, "longitude_X": -71.061449, "year": 2016 }, "geometry": { "type": "Point", "coordinates": [ -71.061449, 42.356041 ] } },
{ "type": "Feature", "properties": { "businessname": "Winter Street Enterprises", "dbaname": null, "legalowner": "WINTER EIGHT ASSOCIATES", "namelast": "KARL VOKEN", "namefirst": " ", "licenseno": 20057, "issdttm": "2011-12-15T13:41:18", "expdttm": "2018-12-31T23:59:00", "licstatus": "Inactive", "licensecat": "RF", "descript": "Retail Food", "result": "HE_Fail", "resultdttm": "2016-12-14T11:09:00", "violation": "23-4-602.13", "viollevel": "*", "violdesc": "Non-Food Contact Surfaces Clean", "violdttm": "2016-12-14T11:09:00", "violstatus": "Fail", "statusdate": null, "comments": "1) cold case for sodas with soils and debris  clean remove  2) shelving with soils and debris  clean to remove", "address": "10  Winter St", "city": "Boston", "zip": 2111, "property_id": 150865, "latitude_Y": 42.35552, "longitude_X": -71.06094, "year": 2016 }, "geometry": { "type": "Point", "coordinates": [ -71.06094, 42.35552 ] } },
{ "type": "Feature", "properties": { "businessname": "WOODY'S GRILL & TAP", "dbaname": null, "legalowner": null, "namelast": "Cassidy", "namefirst": "Joann", "licenseno": 382180, "issdttm": "2018-12-18T15:54:54", "expdttm": "2020-12-31T23:59:00", "licstatus": "Active", "licensecat": "FS", "descript": "Eating & Drinking", "result": "HE_Fail", "resultdttm": "2019-08-21T12:24:55", "violation": "590.003/3-302.12-C", "viollevel": "*", "violdesc": "Food Storage Containers Identified with Common Name of Food (C)", "violdttm": "2019-08-21T12:24:55", "violstatus": "Fail", "statusdate": null, "comments": "Multiple squeeze bottles with no labels", "address": "58   Hemenway ST", "city": "Boston", "zip": 2115, "property_id": 157305, "latitude_Y": 42.344797, "longitude_X": -71.089441, "year": 2019 }, "geometry": { "type": "Point", "coordinates": [ -71.089441, 42.344797 ] } },
{ "type": "Feature", "properties": { "businessname": "Wyndham Boston Beacon Hill-The Dean's List", "dbaname": null, "legalowner": "CHARLES RIVER PLAZA CO", "namelast": "BHR Operations L.L.C.", "namefirst": " ", "licenseno": 81328, "issdttm": "2012-10-29T09:06:56", "expdttm": "2020-12-31T23:59:00", "licstatus": "Active", "licensecat": "FS", "descript": "Eating & Drinking", "result": "HE_Fail", "resultdttm": "2015-03-26T11:46:03", "violation": "16-4-501.11/.15", "viollevel": "*", "violdesc": "Dishwashng Facilities", "violdttm": "2015-03-26T11:46:03", "violstatus": "Fail", "statusdate": null, "comments": "Sanitizer not registering on all cycles  repair. Manager to utilize the dish machine in back to sanitioze all glasses until glass machine is repaired.", "address": "5   Blossom ST", "city": "Boston", "zip": 2114, "property_id": 16065, "latitude_Y": 42.36185, "longitude_X": -71.06661, "year": 2015 }, "geometry": { "type": "Point", "coordinates": [ -71.06661, 42.36185 ] } },
{ "type": "Feature", "properties": { "businessname": "Xi'an Biang Biang Noodle", "dbaname": null, "legalowner": "AGA GROUP INC", "namelast": "Chang", "namefirst": "John", "licenseno": 130007, "issdttm": "2014-12-16T14:45:03", "expdttm": "2020-12-31T23:59:00", "licstatus": "Active", "licensecat": "FS", "descript": "Eating & Drinking", "result": "HE_Fail", "resultdttm": "2016-06-15T11:12:33", "violation": "M-2-103.11", "viollevel": "***", "violdesc": "PIC Performing Duties", "violdttm": "2016-06-15T11:12:33", "violstatus": "Fail", "statusdate": null, "comments": "No allergen poster posted in employee work area", "address": "30   Massachusetts AVE", "city": "Boston", "zip": 2115, "property_id": 92024, "latitude_Y": 42.35037, "longitude_X": -71.08902, "year": 2016 }, "geometry": { "type": "Point", "coordinates": [ -71.08902, 42.35037 ] } },
{ "type": "Feature", "properties": { "businessname": "Xiong Ginseng Root", "dbaname": null, "legalowner": "CHU ROSON C TS", "namelast": "Lu", "namefirst": "Hoa Vinh", "licenseno": 164918, "issdttm": "2017-05-12T09:01:20", "expdttm": "2020-12-31T23:59:00", "licstatus": "Active", "licensecat": "RF", "descript": "Retail Food", "result": "HE_Fail", "resultdttm": "2019-06-10T13:46:30", "violation": "35-6-501.111/.115", "viollevel": "**", "violdesc": "Insects  Rodents  Animals", "violdttm": "2019-06-10T13:46:30", "violstatus": "Fail", "statusdate": null, "comments": "fruit flies found near freezer unit  clean to remove", "address": "5   Knapp ST", "city": "Boston", "zip": 2111, "property_id": 82295, "latitude_Y": 42.35122, "longitude_X": -71.06198, "year": 2019 }, "geometry": { "type": "Point", "coordinates": [ -71.06198, 42.35122 ] } },
{ "type": "Feature", "properties": { "businessname": "YADA YADA BAKERY CAFE", "dbaname": null, "legalowner": "CFS SEAPORT LLC", "namelast": "SHPRESA LOLOCI", "namefirst": " ", "licenseno": 23764, "issdttm": "2011-12-14T14:39:15", "expdttm": "2016-12-31T23:59:00", "licstatus": "Inactive", "licensecat": "FT", "descript": "Eating & Drinking w/ Take Out", "result": "HE_Fail", "resultdttm": "2015-03-12T10:31:51", "violation": "08-3-305-307.11", "viollevel": "*", "violdesc": "Food Protection", "violdttm": "2015-03-12T10:31:51", "violstatus": "Fail", "statusdate": null, "comments": "Provde protection for all pastries on display at the service counter.", "address": "34   Farnsworth ST", "city": "Boston", "zip": 2210, "property_id": 56396, "latitude_Y": 42.35191, "longitude_X": -71.04839, "year": 2015 }, "geometry": { "type": "Point", "coordinates": [ -71.04839, 42.35191 ] } },
{ "type": "Feature", "properties": { "businessname": "Yamato II", "dbaname": null, "legalowner": "  ", "namelast": "Jiang", "namefirst": "Ming", "licenseno": 137896, "issdttm": "2015-06-30T08:46:46", "expdttm": "2020-12-31T23:59:00", "licstatus": "Active", "licensecat": "FS", "descript": "Eating & Drinking", "result": "HE_Fail", "resultdttm": "2015-06-24T14:52:27", "violation": "02-3-602.11-.12/3-302.12", "viollevel": "*", "violdesc": "Food Container Labels", "violdttm": "2015-06-24T14:52:27", "violstatus": "Fail", "statusdate": null, "comments": "Bulk food items containers without proper labels. Provide.", "address": "545  Boylston ST", "city": "Boston", "zip": 2116, "property_id": 193086, "latitude_Y": 42.35081, "longitude_X": -71.07581, "year": 2015 }, "geometry": { "type": "Point", "coordinates": [ -71.07581, 42.35081 ] } },
{ "type": "Feature", "properties": { "businessname": "Yvonnes", "dbaname": null, "legalowner": "WINTER PLACE LLC", "namelast": "Coje Management", "namefirst": "Mark s. Malatesta", "licenseno": 143281, "issdttm": "2015-10-22T13:24:04", "expdttm": "2020-12-31T23:59:00", "licstatus": "Active", "licensecat": "FS", "descript": "Eating & Drinking", "result": "HE_Fail", "resultdttm": "2017-09-14T10:42:05", "violation": "35-6-501.111/.115", "viollevel": "**", "violdesc": "Insects  Rodents  Animals", "violdttm": "2017-09-14T10:42:05", "violstatus": "Fail", "statusdate": null, "comments": "1) Back door to alley with opening at bottom of door  provide door sweep to prevent access  2) Mouse droppings found in bakery prep area along walls and behind mixer  clean to remove  3) Mouse droppings found behind benches in dining room  clean to remove  4) Dead mouse found on glue trap behind bench  clean to remove and supply detailed IPM report from exterminator with findings and recommendations", "address": "3   Winter PL", "city": "Boston", "zip": 2108, "property_id": 156728, "latitude_Y": 42.355423, "longitude_X": -71.061469, "year": 2017 }, "geometry": { "type": "Point", "coordinates": [ -71.061469, 42.355423 ] } },
{ "type": "Feature", "properties": { "businessname": "Ziggy's Coffee Bar", "dbaname": null, "legalowner": "  ", "namelast": "Zeghibe", "namefirst": "Roger", "licenseno": 154404, "issdttm": "2016-05-23T08:39:02", "expdttm": "2020-12-31T23:59:00", "licstatus": "Active", "licensecat": "FT", "descript": "Eating & Drinking w/ Take Out", "result": "HE_Fail", "resultdttm": "2018-04-20T11:45:07", "violation": "21-3-304.14", "viollevel": "*", "violdesc": "Wiping Cloths  Clean  Sanitize", "violdttm": "2018-04-20T11:45:07", "violstatus": "Fail", "statusdate": null, "comments": "Keep al in use wiping cliths in a sanitizing solution when not in use.", "address": "100   Tremont ST", "city": "Boston", "zip": 2108, "property_id": 170406, "latitude_Y": 42.357144, "longitude_X": -71.060857, "year": 2018 }, "geometry": { "type": "Point", "coordinates": [ -71.060857, 42.357144 ] } }
]
}
