businessname,dbaname,legalowner,namelast,namefirst,licenseno,issdttm,expdttm,licstatus,licensecat,descript,result,resultdttm,violation,viollevel,violdesc,violdttm,violstatus,statusdate,comments,address,city,zip,property_id,latitude_Y,longitude_X,year
1000 Degrees Pizza,,KHOSLA VIPAN,Pasquriello LLC,Kenneth Pasquariello,313440,2017-08-14 08:49:37,2019-12-31 23:59:00,Inactive,FS,Eating & Drinking,HE_Fail,2018-03-20 10:54:25,M-2-103.11,***,PIC Performing Duties,2018-03-20 10:54:25,Fail,,Menu was redesigned allergy statement was removed. Provide proper allery statement for customers to read.,55   Court ST,Boston,2108,156226,42.359227,-71.058878,2018
49 Social,,,The Wine Bar L L C, ,75153,2011-12-17 21:09:17,2020-12-31 23:59:00,Active,FS,Eating & Drinking,HE_Fail,2015-10-22 18:03:36,08-3-305-307.11,*,Food Protection,2015-10-22 18:03:36,Fail,,Boiler room/Discontinue storing food in room provide covers to all employee drinks remove utensils from stagnate water store all cutting boards 6 inches off floor storage/store all opened bulk food bags in covered containers properly cool and defrost all food products in prep sink and on prep table /not at 3 bay sink,49  Temple Pl,Boston,2111,156349,42.35493,-71.061809,2015
5 Napkin Burger,,,Verdi L L C, ,74369,2012-01-26 14:18:23,2018-12-31 23:59:00,Inactive,FS,Eating & Drinking,HE_Fail,2015-03-25 11:15:38,02-3-602.11-.12/3-302.12,*,Food Container Labels,2015-03-25 11:15:38,Fail,,bar/properly label all spray bottles,101  Huntington AVE,Boston,2199,340845,42.346865,-71.080632,2015
73 Cafe,,  ,Sodexo Inc., ,68356,2012-02-27 10:52:04,2020-12-31 23:59:00,Active,FS,Eating & Drinking,HE_Fail,2018-05-01 10:52:25,15-4-202.16,*,Non-Food Contact Surfaces,2018-05-01 10:52:25,Fail,,Materials stored at front counter have no protection from the hand wash sink on the counter. Provide splash gaurds on both sides of the hand sink.,73   Tremont ST,Boston,2108,322378,42.35788,-71.06082,2018
75 CHESTNUT,,MORRIS H BARRY,THOMAS A. KERSHAW PRES., ,20638,2012-01-24 12:54:03,2020-12-31 23:59:00,Active,FS,Eating & Drinking,HE_Fail,2016-05-05 09:07:05,15-4-202.16,*,Non-Food Contact Surfaces,2016-05-05 09:07:05,Fail,,Rust on exterior of grease trap,75   Chestnut ST,Boston,2108,31472,42.356898,-71.070971,2016
89 Broad Street/Fin Point,,W-BOSTON LLC,MNM Restaurant Group LLC,Mark Grzelak,200737,2016-08-17 08:52:55,2020-12-31 23:59:00,Active,FS,Eating & Drinking,HE_Fail,2016-08-04 11:46:03,03-3-501.16,***,Hot Holding,2016-08-04 11:46:03,Fail,,Cooked rice and beans inside of the upright heating unit at 119F. Discontinue and ensure all potenitally hazardous foods are being maintained at 140F and above.,89   Broad ST,Boston,2110,20586,42.35744,-71.05316,2016
A Goodmart,,LADIES GARM WRKRS CENTER INC,Zhu' Food Trading Inc.,Att: Accounts Payable,384003,2019-03-11 14:56:10,2020-12-31 23:59:00,Active,RF,Retail Food,HE_Fail,2019-11-27 11:42:21,590.003/3-602.11-PF,**,Food Labels (Pf),2019-11-27 11:42:21,Pass,2019-11-29 08:05:14,Products on customer shelving without labels and ingredients  supply for all,27   Harrison AVE,Boston,2111,69823,42.351798,-71.061443,2019
Abby Lane,,PAULO DOMINIC,253 Tremont St. L L C, ,79241,2012-11-19 08:27:18,2020-12-31 23:59:00,Active,FS,Eating & Drinking,HE_Fail,2015-05-06 14:13:52,23-4-602.13,*,Non-Food Contact Surfaces Clean,2015-05-06 14:13:52,Fail,,Vent cover missing from ice machine.Repair 2nd vent cover soiled with heavy dust.Maintain clean,253   Tremont ST,Boston,2116,137467,42.35044,-71.06535,2015
ABE & LOUIE'S,,BOYLSTON AND GLOUCESTER LLC,BBRG TR LLC,C/O LICENSING SOLUTIONS,75242,2012-01-10 13:05:36,2020-12-31 23:59:00,Active,FS,Eating & Drinking,HE_Fail,2015-05-05 12:22:59,02-3-602.11-.12/3-302.12,*,Food Container Labels,2015-05-05 12:22:59,Fail,,Bulk food bins in the prep area not labeled. Label properly.,793   Boylston ST,Boston,2116,18399,42.34924,-71.0816,2015
Accents,,,Food Pantry LTD,Attn: Accounts Payable,125111,2013-12-27 13:36:27,2020-12-31 23:59:00,Active,RF,Retail Food,HE_Fail,2019-06-20 12:06:38,590.002/2-501.11-PF,**,Clean-up of Vomiting and Diarrheal Events (Pf),2019-06-20 12:06:38,Fail,,provide vomit and diarrhea kit and  written procedure,10   Huntington AVE,Boston,2116,76236,42.348545,-71.077314,2019
ADAMS CONVENIENCE STORE,,  ,Elseidy,Ahmad,139414,2015-01-21 11:54:02,2020-12-31 23:59:00,Active,RF,Retail Food,HE_Fail,2018-05-01 10:56:48,20-4-703.11,***,Food Contact Surfaces Clean,2018-05-01 10:56:48,Fail,,They have coffee service but there is no three compartment sink available to wash  rinse  and sanitize coffee pots.  Provide a way to clean and sanitize equipment and discontinue coffee service until it is provided.,114   Blackstone ST,Boston,2109,162104,42.361782,-71.056763,2018
AFC Sushi @ Walgreens No. 15390,,  ,Advanced Fresh Concepts Franchise Corp., ,90461,2013-05-02 09:05:55,2020-12-31 23:59:00,Active,FT,Eating & Drinking w/ Take Out,HE_Fail,2015-07-28 11:24:41,20-4-703.11,***,Food Contact Surfaces Clean,2015-07-28 11:24:41,Fail,,Single bay sink being used for cleaning food grade containers  / Discontinue and properly wash rinse and sanitize in the 3 bay sink provided in the back room or use the high temp dish machine,10   School ST,Boston,2108,169533,42.357327,-71.058968,2015
AFC SUSHI @SIMMONS COLLEGE,,SIMMONS COLLEGE,Advanced Fresh Concepts Franchise Corp., ,73444,2012-02-22 15:22:59,2020-12-31 23:59:00,Active,FS,Eating & Drinking,HE_Fail,2016-11-03 14:25:06,M-8-103.12,***,Conformance w/ Approved Procedures,2016-11-03 14:25:06,Fail,,The lab test for this location expired in August.  Provide a current lab test.,300   Fenway  ,Boston,2115,57444,42.33931,-71.09996,2016
AL CAPONE,,EIGHTY MONT SUMMER LLC,ROSE CAPONE PRES., ,22813,2012-02-22 10:44:41,2020-12-31 23:59:00,Inactive,FT,Eating & Drinking w/ Take Out,HE_Fail,2015-03-27 13:57:52,03-3-501.16(A),***,Cold Holding,2015-03-27 13:57:52,Fail,,Steak trimmings used for ground hamburger 48F / Provide proper cold holding temperatures.,80   Summer ST,Boston,2110,132052,42.35402,-71.05813,2015
AL DENTE RISTORANTE,,KEHAYIAS CHERYL TS,JOSEPH BONO, ,19660,2012-02-15 13:15:18,2020-12-31 23:59:00,Active,FS,Eating & Drinking,HE_Fail,2015-03-18 12:37:38,02-3-602.11-.12/3-302.12,*,Food Container Labels,2015-03-18 12:37:38,Fail,,Label all bulk food containers where needed,109   Salem ST,Boston,2113,121695,42.36421,-71.05536,2015
ALBA PRODUCE,,MOGAVERA ROSARIO,BRUCE ALBA, ,21026,2012-02-29 12:07:33,2020-12-31 23:59:00,Active,RF,Retail Food,HE_Filed,2017-05-18 13:40:49,08-3-305-307.11,*,Food Protection,2017-05-18 13:40:49,Fail,,"Bags of carrots stored on floor/Elevate at least 6"" off of floor",18   Parmenter ST,Boston,2113,108268,42.36382,-71.05508,2017
Alcove,,  ,Guidelli,Thomas S.,346419,2018-10-09 09:32:32,2020-12-31 23:59:00,Active,FS,Eating & Drinking,HE_Fail,2019-02-19 11:56:41,08-3-302.11/3-304.11,***,Separation  Segregation Cross Contamination,2019-02-19 11:56:41,Fail,,Different species of shell fish stacked on top of each other. Separate No commingling of shellfish  clams. oysters.,131  Beverly ST,Boston,2114,172189,42.36703,-71.060086,2019
Alibi,,,Big House Fine Dining L L C,c/o Lyons Group,77887,2012-12-18 13:03:24,2020-12-31 23:59:00,Active,FS,Eating & Drinking,HE_Fail,2016-11-17 13:57:59,35-6-501.111/.115,**,Insects  Rodents  Animals,2016-11-17 13:57:59,Fail,,Presence of fruit flies in back area. Provide updated pest control report.,215   Charles ST,Boston,2114,160740,42.36203,-71.070362,2016
All Star Pizza Bar,,RAMIN DOORANDISH  PRESIDE NT,Diamantopoulos,Kosta,308806,2016-11-22 14:22:03,2020-12-31 23:59:00,Inactive,FS,Eating & Drinking,HE_Fail,2017-04-10 11:32:16,03-3-501.16,***,Hot Holding,2017-04-10 11:32:16,Fail,,Multiple pizzas held at room tempertature lacking proper hot holding equipment. Sausage and pepper pizza 55F  spinach and feta pizza 57F. Maintain hot holding for pizza at 140F or above.,204   Cambridge ST,Boston,2114,157408,42.360955,-71.065859,2017
Al's South St. Express,,,Cucinotta,A.J.,28744,2011-12-19 10:49:52,2020-12-31 23:59:00,Active,FT,Eating & Drinking w/ Take Out,HE_Fail,2015-05-29 12:09:00,03-3-501.16,***,Hot Holding,2015-05-29 12:09:00,Fail,,egg plant sitting on top of hot hold unit @ 110f . ensure proper hot hold of 140f or above,179   Essex ST,Boston,2111,54296,42.352051,-71.057585,2015
Alta Strada Pizza Pronto,,,SRG Time Out LLC,Att: Amanda McLauglin,391968,2019-06-21 09:02:40,2019-12-31 23:59:00,Active,FT,Eating & Drinking w/ Take Out,HE_Filed,2019-08-16 12:17:35,590.004/4-601.11-C,*,(B) and (C) Equipment  Food-Contact Surfaces  Nonfood-Contact Surfaces  and Utensils (C),2019-08-16 12:17:35,Fail,,Pizza peeler stored against the wall. Store properly on a clean/sanitized surface.,201   Brookline AVE,Boston,2215,340960,42.344649,-71.102201,2019
Amateras,,,Watanabe,Koichi  Pres.,140294,2017-07-10 12:03:18,2020-12-31 23:59:00,Active,FS,Eating & Drinking,HE_Fail,2017-06-22 08:47:52,01-3-602.11 B2,***,Labeling of Ingredients,2017-06-22 08:47:52,Fail,,Provide proper Allergen verbage on menu.,112  South ST,Boston,2111,160792,42.350987,-71.057143,2017
AMC Theatres Boston Common 19,,NEW COMMONWEALTH COMMERCIAL,Amer. Multi-Cinema Inc.Lic.Div.,Att: Accounts Payable,21804,2011-12-22 12:20:29,2020-12-31 23:59:00,Active,FT,Eating & Drinking w/ Take Out,HE_Fail,2016-04-20 12:25:57,09-3-301.11(C),*,Handling of Food & Ice,2016-04-20 12:25:57,Fail,,no scoop for use at popcorn bins  supply handled scoop,175   Tremont ST,Boston,2111,137447,42.35315,-71.06403,2016
Amelia's Taqueria,,GETTLEMAN DAVID,Shiranian,Amir,371928,2019-05-28 12:08:33,2020-12-31 23:59:00,Active,FS,Eating & Drinking,HE_Fail,2019-10-18 12:27:36,590.002/2-301.14-P,***,When to Wash (P),2019-10-18 12:27:36,Fail,,Employees unable to wash hands at blocked handsinks,1076  Boylston St,Boston,2215,158326,42.346932,-71.08797,2019
Amelia's Taqueria,,LAMBRIANIDIS SOPHIA,Shiranian,Amir H.,137353,2014-11-21 15:05:19,2020-12-31 23:59:00,Active,FT,Eating & Drinking w/ Take Out,HE_Fail,2015-03-25 15:38:31,03-3-501.16,***,Hot Holding,2015-03-25 15:38:31,Fail,,Cooked chicken on counter at 87F for less than 2 hours. Ensur foods are hot held at 140F or above. Removed by PIC and reheated to 178F,309   Huntington AVE,Boston,2115,155730,42.341196,-71.087659,2015
Amici,,  ,Amici Inc., ,83699,2012-11-06 09:00:43,2018-12-31 23:59:00,Inactive,FS,Eating & Drinking,HE_Fail,2015-10-08 08:31:07,02-3-602.11-.12/3-302.12,*,Food Container Labels,2015-10-08 08:31:07,Fail,,Label all bulk food containers as discussed,111 N Washington ST,Boston,2113,340052,42.365582,-71.058131,2015
Amorino,,TWO-49 NEWBURY STREET LLC,Nimba L L C, ,129539,2015-03-27 07:57:44,2020-12-31 23:59:00,Active,FT,Eating & Drinking w/ Take Out,HE_Fail,2015-03-25 15:49:04,17-4-302.14,*,Test Kit Provided,2015-03-25 15:49:04,Fail,,No Test Kit (QUATs) to measure sanitizer in wiping cloths containers. Provide.,249   Newbury ST,Boston,2116,101461,42.349755,-71.082793,2015
AN TAIN,,THIRTY-5 INDIA STREET LLC,AILBE GLYNN, ,21024,2011-12-08 10:45:48,2019-12-31 23:59:00,Inactive,FS,Eating & Drinking,HE_Fail,2016-09-20 10:59:27,05-4-302.12,*,Food Thermometers Provided,2016-09-20 10:59:27,Fail,,No food thermometers available at the time of the inspection. Provide.,31   India ST,Boston,2110,78051,42.35823,-71.05315,2016
Anna's Taqueria,,GILLETTE CAFETERIA EDWARD C. COLEMAN,Kamio Pres.,Michael,338302,2018-01-31 09:35:20,2020-12-31 23:59:00,Active,FT,Eating & Drinking w/ Take Out,HE_Fail,2018-09-04 10:21:47,08-3-305-307.11,*,Food Protection,2018-09-04 10:21:47,Fail,,provide standard operating procedures for hot holding of pork in reusable sauce/rice/left at room temperature for minimum 2 hours provide S.O.P for el pastor on vertical broiler-cooking temperatures at all stages before service,800   Boylston ST,Boston,2199,157244,42.347296,-71.081457,2018
Anna's Taqueria,,ONE GARDEN STREET CONDO TR,Kaizen Corp. VI,Michael Kamio  Pres.,30122,2012-02-22 10:59:12,2020-12-31 23:59:00,Active,FS,Eating & Drinking,HE_Fail,2015-05-21 11:44:56,08-3-305-307.11,*,Food Protection,2015-05-21 11:44:56,Fail,,Tomato being washed at the Sanitizing Bay at the three bay sink. Wash properly at the prep sink.,242   Cambridge ST,Boston,2114,25260,42.36093,-71.0671,2015
Another Cup? Coffee House,,METROPOLITAN PRIMARY CONDO,Paul Eng, ,78515,2013-09-30 08:43:29,2016-12-31 23:59:00,Inactive,FS,Eating & Drinking,HE_Fail,2015-12-29 09:05:53,02-3-602.11-.12/3-302.12,*,Food Container Labels,2015-12-29 09:05:53,Fail,,Bulk food containers with no labels- Provide,1   Nassau ST,Boston,2111,100246,42.348583,-71.062975,2015
ANTHONY'S CAFE,,CARDONE SALVATORE,ANTHONY GAITA, ,19977,2011-12-15 14:05:37,2020-12-31 23:59:00,Active,FT,Eating & Drinking w/ Take Out,HE_Fail,2015-05-22 11:37:35,03-3-501.16,***,Hot Holding,2015-05-22 11:37:35,Fail,,Hash browns on the flat grille  120F maintain at 140F or above,252   Commercial ST,Boston,2109,36256,42.36399,-71.05137,2015
ANTICO FORNO,,,CARLA COMES, ,20296,2011-12-13 11:49:48,2020-12-31 23:59:00,Active,FS,Eating & Drinking,HE_Fail,2015-04-01 12:14:26,01-3-203.12,**,Tags & Records,2015-04-01 12:14:26,Fail,,Maintain organized and in concession as discussed during inspection,93   Salem ST,Boston,2113,157423,42.363742,-71.055591,2015
ANTONIO'S ITALIANO CUCINA,,BINA BABAK TS,DOMENIC DI CENSO, ,19837,2011-12-07 13:07:47,2020-12-31 23:59:00,Active,FS,Eating & Drinking,HE_Fail,2015-05-28 13:47:15,03-3-501.16(A),***,Cold Holding,2015-05-28 13:47:15,Fail,,Cooking Line Pasta 46  Raw Sausage 50F  Raw Pork Chops 51F. Refrigerator Unit overfilled with food. PIC removed some of the food and lowered the unit temperature.,286   Cambridge ST,Boston,2114,25272,42.360951,-71.06816,2015
Appleton Bakery & Cafe,,  ,Croissantgirl Inc., ,86765,2013-02-20 08:39:06,2017-12-31 23:59:00,Inactive,FT,Eating & Drinking w/ Take Out,HE_Fail,2015-01-07 10:57:36,08-3-305-307.11,*,Food Protection,2015-01-07 10:57:36,Fail,,remove all milk crates for food storage,75   Dartmouth ST,Boston,2116,222473,42.345259,-71.074714,2015
Appleton Cafe,,,Le Premier LLC,Maya Hachem  Sole Manager,341093,2018-06-29 08:18:12,2019-12-31 23:59:00,Inactive,FS,Eating & Drinking,HE_Fail,2017-07-31 09:21:35,08-3-305-307.11,*,Food Protection,2017-07-31 09:21:35,Fail,,Provide domed  lids on retail bakery counter products.,123   Appleton ST,Boston,2116,155986,42.345292,-71.07463,2017
April 23,,  ,April 23 Florist LLC,Att: Accounts Payable,401970,2020-11-10 11:46:33,2021-12-31 23:59:00,Active,FT,Eating & Drinking w/ Take Out,HE_Fail,2020-11-09 10:43:49,590.002/2-501.11-PF,**,Clean-up of Vomiting and Diarrheal Events (Pf),2020-11-09 10:43:49,Fail,,No kit - Written procedures provided and completed by owner,222   Newbury ST,Boston,2116,282093,42.34975,-71.08108,2020
Aramark at Houghton Mifflin,,TWO TWENTY TWO BERKELEY,ARAMARK,C/O JARED LESSARD,24693,2012-02-15 13:55:00,2016-12-31 23:59:00,Inactive,FS,Eating & Drinking,HE_Fail,2015-03-05 11:05:09,03-3-501.16,***,Hot Holding,2015-03-05 11:05:09,Fail,,portuguese kale 130 degrees/provide proper temperature of 140 degrees or above,222   Berkeley ST,Boston,2116,15007,42.35084,-71.07311,2015
ARCHIE'S NEW YORK DELI,,  ,EMILIO RUGGERI, ,19907,2012-01-06 15:19:52,2020-12-31 23:59:00,Active,FT,Eating & Drinking w/ Take Out,HE_Fail,2015-07-09 14:21:32,14-4-202.11,*,Food Contact Surfaces Design,2015-07-09 14:21:32,Fail,,Cutting boards worn and heavily scored / Replace,93   Arch ST,Boston,2110,161605,42.355042,-71.059128,2015
Archie's Place,,  ,Ymerirestaurant Group L L C, ,87069,2013-02-27 09:23:12,2020-12-31 23:59:00,Active,FT,Eating & Drinking w/ Take Out,HE_Fail,2015-03-04 13:25:30,03-3-501.16,***,Hot Holding,2015-03-04 13:25:30,Fail,,Chicken in hot holding - 103F / Provide proper hot holding temperatures (140F or above),227   Washington ST,Boston,2108,171030,42.357884,-71.058215,2015
ARTU,,,FRATTAROLI,NANCY,19399,2011-12-16 09:58:47,2020-12-31 23:59:00,Active,FS,Eating & Drinking,HE_Fail,2015-04-14 14:56:50,03-401.11-.12,***,Cooking Temperatures,2015-04-14 14:56:50,Fail,,Final cooking temperature of whole 4 pound chickens should be a minimum of 165F or higher - documented time on temperature logs read 160F - i checked the temperature during inspection and it was 155F but still had 45 minutes to cook -at 350F,6   Prince ST,Boston,2113,112966,42.36411,-71.05372,2015
ARTU,,RICCIO GERALD,NANCY FRATTAROLI, ,20046,2011-12-16 09:57:00,2020-12-31 23:59:00,Inactive,FS,Eating & Drinking,HE_Fail,2015-06-19 11:00:47,15-4-202.16,*,Non-Food Contact Surfaces,2015-06-19 11:00:47,Fail,,Refrigeration unit registering 45F(milk 46F salami45F).PIC removed to other refrigeration.Maintain all refrigeration for cold holding 41F or below,89   Charles ST,Boston,2114,29200,42.35859,-71.07049,2015
Arya Trattoria,,DESTEFANO ANTONIETTA TRSTS,Tiberi,Massimo,86940,2013-02-25 08:23:33,2020-12-31 23:59:00,Active,FS,Eating & Drinking,HE_Fail,2017-05-22 13:46:05,35-6-501.111/.115,**,Insects  Rodents  Animals,2017-05-22 13:46:05,Fail,,3 live cockroaches noted on wall over 3 bay sink / No IPM reports on site  ower reports montly exterminations / Contact pest control company and provide last 6 months of IPM reports on compliance,253   Hanover ST,Boston,2113,69071,42.363223,-71.054789,2017
Ashburton Cafe,,COMMONWEALTH OF MASS,A & R FOOD SERVICE,CORP.,25883,2012-01-05 13:39:14,2020-12-31 23:59:00,Active,FS,Eating & Drinking,HE_Fail,2015-05-04 11:40:46,37-6-501.11-.12,*,Improper Maintenance of Walls/Ceilings,2015-05-04 11:40:46,Fail,,Hood sticker expired in april  have cleaned by licensed hood cleaning company 2. service counter hood at cooking line with grease build up  clean to remove,1   Ashburton PL,Boston,2114,5052,42.359276,-71.062359,2015
ASSAGGIO RESTAURANT,,PEZZANO FRANK,FRANK PEZZANO, ,20360,2011-12-09 11:08:29,2017-12-31 23:59:00,Inactive,FS,Eating & Drinking,HE_Fail,2015-09-17 12:35:29,01-3-203.12,**,Tags & Records,2015-09-17 12:35:29,Fail,,Maintain as discussed,25   Prince ST,Boston,2113,112883,42.364563,-71.05416,2015
Assembly on 2,,ONE HUNDRED SUMMER STREET,Tavern In The Square, ,345414,2017-11-29 08:41:58,2020-12-31 23:59:00,Active,FS,Eating & Drinking,HE_Fail,2018-07-27 10:43:20,17-4-204.112/.115,*,Equipment Thermometers,2018-07-27 10:43:20,Fail,,Provide an internal thermometer for the 2 door refrigerator at the service area.,100   Summer ST,Boston,2110,131978,42.353633,-71.057366,2018
ATLANTIC FISH COMPANY,,BOYLSTON AND GLOUCESTER LLC,BBRG TR LLC,C/O LICENSING SOLUTIONS,75240,2012-01-10 13:10:09,2020-12-31 23:59:00,Active,FS,Eating & Drinking,HE_Fail,2015-03-20 14:28:31,01-3-203.12,**,Tags & Records,2015-03-20 14:28:31,Fail,,Tags for shellfish not maintaned in chronological order. Provide.,761   Boylston ST,Boston,2116,18393,42.34935,-71.08121,2015
ATRIUM CAFE/HARVARD MED.SCHOOL,,RESTAURANT ASSOCIATES,RESTAURANT ASSOCIATES, ,23925,2012-01-09 14:35:25,2020-12-31 23:59:00,Active,FS,Eating & Drinking,HE_Fail,2015-11-19 11:10:36,17-4-204.112/.115,*,Equipment Thermometers,2015-11-19 11:10:36,Fail,,No conspicuous thermometer in refrigerator at service counter- Provide,260  Longwood AVE,Boston,2115,157056,42.336981,-71.10415,2015
Au Bon Pain,,AU BON PAIN CO  INC. #508 (LAURA),AU BON PAIN CO INC. #508,(LAURA),18540,2011-12-28 10:59:26,2020-12-31 23:59:00,Active,FT,Eating & Drinking w/ Take Out,HE_Fail,2015-04-30 13:01:04,06-3-501.13,*,PHF's Properly Thawed,2015-04-30 13:01:04,Fail,,Packaged steak thawing at 3 bay in bucket with no cold water running- Properly thaw PHFs,75  Francis St,Boston,2115,158148,42.336106,-71.10748,2015
Au Bon Pain,,AU BON PAIN CO.  INC. (#117),AU BON PAIN CO. INC.,(#117),19794,2011-12-28 09:51:29,2020-12-31 23:59:00,Active,FT,Eating & Drinking w/ Take Out,HE_Fail,2016-10-31 12:10:58,37-6-501.11-.12,*,Improper Maintenance of Walls/Ceilings,2016-10-31 12:10:58,Fail,,Hood and Ventilation Tag with a past expiration date and not properly tagged. Address and provide an up to date tags for the re-inspection.,53   State ST,Boston,2109,157026,42.35875,-71.056199,2016
Au Bon Pain,,CHILDRENS HOSPITAL MED CTR,AU BON PAIN CO. INC.,(LAURA),126271,2014-05-06 12:13:53,2020-12-31 23:59:00,Active,FT,Eating & Drinking w/ Take Out,HE_Fail,2017-05-30 12:25:04,37-6-501.11-.12,*,Improper Maintenance of Walls/Ceilings,2017-05-30 12:25:04,Fail,,Replace all missing ceiling tiles.,17  Blackfan ST,Boston,2115,153922,42.337388,-71.106281,2017
Au Bon Pain,,NEW ENGLAND MEDICAL CENTER,ABP CORPORATION, ,127136,2014-05-22 12:59:26,2020-12-31 23:59:00,Active,FT,Eating & Drinking w/ Take Out,HE_Fail,2015-09-23 13:18:52,27-5-103.11-.12,***,Hot and Cold Water,2015-09-23 13:18:52,Fail,,Hand sink at 3 bay sink without hot water / Provide.,800  Washington ST,Boston,2111,145764,42.349591,-71.063586,2015
Au Bon Pain,,ONE-01 MERRIMAC LLC,AU BON PAIN #526,(LAURA),19120,2011-12-28 11:11:41,2020-12-31 23:59:00,Active,FT,Eating & Drinking w/ Take Out,HE_Fail,2016-07-27 13:48:52,04-3-501.15/4-301.11,*,Inadequate Facilities/Cooling Methods,2016-07-27 13:48:52,Fail,,Servicing line refrigerated unit not working properly per CFPM. No food currently being stored in unit with alternative means for cold holding in place. Repair unit and provide detailed report from refrigeration maintenance company.,101  Merrimac ST,Boston,2114,94693,42.36384,-71.06166,2016
Au Bon Pain,,SLOANE ENTERPRISES LLC,AU BON PAIN INC.,(LAURA),19255,2011-12-28 11:14:44,2018-12-31 23:59:00,Inactive,FT,Eating & Drinking w/ Take Out,HE_Fail,2015-01-15 13:10:53,14-4-202.11,*,Food Contact Surfaces Design,2015-01-15 13:10:53,Fail,,Several cutting boards heavily scored. Resurface or replace.,431   Boylston ST,Boston,2116,18327,42.35161,-71.07284,2015
Au Bon Pain (Joslin Pl.),,  ,Au Bon Pain Corp., ,79398,2012-06-13 11:19:12,2017-12-31 23:59:00,Inactive,FT,Eating & Drinking w/ Take Out,HE_Fail,2015-03-19 13:52:04,03-3-501.16,***,Hot Holding,2015-03-19 13:52:04,Fail,,Multiple foods in open air hot holding unit for less than 2 hours at 122F-126F. Foods must be hot held at a minimum of 140F or above. Removed by PIC and reheated.,1  Joslin PL,Boston,2215,166640,42.3386,-71.108501,2015
Au Bon Pain Kiosk@Childrens Museum,,  ,ABP CORPORATION, ,90708,2014-06-10 15:40:45,2017-12-31 23:59:00,Inactive,FS,Eating & Drinking,HE_Filed,2017-05-30 13:06:08,23-4-602.13,*,Non-Food Contact Surfaces Clean,2017-05-30 13:06:08,Fail,,Clean bread slicer from the accumulation of visible food soils - clean throughout the day on a more frequent basis,308   Congress ST,Boston,2210,163839,42.351967,-71.049777,2017
Au Bon Pain Store 511,,AU BON PAIN  CO.  INC.,AU BON PAIN CO. INC.,(LAURA),19013,2011-12-28 11:02:36,2020-12-31 23:59:00,Active,FT,Eating & Drinking w/ Take Out,HE_Fail,2016-04-25 11:29:50,03-3-501.16(A),***,Cold Holding,2016-04-25 11:29:50,Fail,,cold cuts @ 47f  cooked chicken breast @ 48f  Ensure proper cold hold of 41f or below ( manager to ensure products made in downstarirs kitchen are cooled properly before being brought to customer service level),640   Atlantic AVE,Boston,2110,156474,42.350021,-71.055941,2016
Audubon,,HERMAN THOMAS D,Thicker Than Water Inc., ,127471,2014-04-03 13:50:35,2020-12-31 23:59:00,Active,FS,Eating & Drinking,HE_Fail,2015-01-22 14:28:25,03-3-501.16,***,Hot Holding,2015-01-22 14:28:25,Fail,,The potatoes are stored out of temperature control 87F.  Provide proper hot holding of 140F or above.,838   Beacon ST,Boston,2215,12259,42.34741,-71.10321,2015
Avana Express Bar,,  ,Lin,Jin Teng,90919,2013-05-30 08:16:53,2020-12-31 23:59:00,Active,FT,Eating & Drinking w/ Take Out,HE_Fail,2015-08-11 11:57:21,15-4-202.16,*,Non-Food Contact Surfaces,2015-08-11 11:57:21,Fail,,remove ice buildup from interior of white coffin style freezer in the back storage area. Remove dirty plastic hanging on exterior of mop sink door,40   Harrison AVE,Boston,2111,340723,42.351624,-71.061017,2015
Avana Market Place,,BEACH STREET MANAGEMENT INC,Boston Chinatown Plaza Inc., ,32649,2012-01-24 08:34:33,2020-12-31 23:59:00,Active,FT,Eating & Drinking w/ Take Out,HE_Fail,2015-08-26 11:04:42,03-3-402.11-.12,***,Parasite Destruction,2015-08-26 11:04:42,Fail,,Provide up to date paperwork for all the fish that you use at location. PIC called to get new up to date paperwork.,40   Harrison AVE,Boston,2111,69834,42.351664,-71.060968,2015
Avana Sushi II,,,BoBo Sushi Inc.,Lin Jinbo,158024,2015-12-31 11:58:25,2020-12-31 23:59:00,Active,FS,Eating & Drinking,HE_Fail,2017-10-02 13:20:02,37-6-501.11-.12,*,Improper Maintenance of Walls/Ceilings,2017-10-02 13:20:02,Fail,,Ceiling tile in the mens restroom with what appears to be water damage. Replace.,58   Franklin ST,Boston,2110,156306,42.355795,-71.058451,2017
B Good,,,B.Good LLC,Anthony Ackil,303620,2017-01-12 09:32:28,2020-12-31 23:59:00,Active,FS,Eating & Drinking,HE_Fail,2018-01-17 15:16:14,16-4-501.11/.15,*,Dishwashng Facilities,2018-01-17 15:16:14,Fail,,Dishwasher in warewashing not properly operating - Repair/ Remove,369  Huntington Av,Boston,2115,155956,42.340178,-71.090231,2018
B Good Burger,,  ,B.Good LLC,Anthony Ackil,37264,2012-01-27 11:55:19,2019-12-31 23:59:00,Inactive,FS,Eating & Drinking,HE_Fail,2015-02-26 10:35:37,15-4-202.16,*,Non-Food Contact Surfaces,2015-02-26 10:35:37,Fail,,1)Shelf next to cold holding line heavily worn and peeling- Replace  2) Drawer handle on cold holding unit below grill broken and repaired with tape- Make proper repairs to ensure smooth and cleanable.,1068   Boylston ST,Boston,2215,162425,42.346999,-71.087817,2015
B. Good,,O'GANESON ANNA S.,B.Good LLC,Anthony Ackil,79213,2013-01-04 15:29:37,2020-12-31 23:59:00,Active,FS,Eating & Drinking,HE_Fail,2016-01-25 13:57:32,02-3-602.11-.12/3-302.12,*,Food Container Labels,2016-01-25 13:57:32,Fail,,Suace containers observed with no labels. Provide.,84   Summer ST,Boston,2110,155814,42.353955,-71.05802,2016
B. Good,,ONE-31 DARTMOUTH STREET LLC,B.Good LLC,Anthony Ackil,22952,2012-01-27 11:56:25,2020-12-31 23:59:00,Active,FS,Eating & Drinking,HE_Fail,2015-01-20 11:00:43,03-3-501.16(A),***,Cold Holding,2015-01-20 11:00:43,Fail,,quinoa and squash 50 degrees/provide proper temperature of 41 degrees or below,131  Dartmouth ST,Boston,2116,46311,42.34682,-71.07543,2015
B. Good Burger,,ROTENBERG FAY TRST,B.Good LLC,Anthony Ackil,126631,2014-08-06 08:17:54,2020-12-31 23:59:00,Active,FS,Eating & Drinking,HE_Fail,2015-03-11 10:56:06,08-3-305-307.11,*,Food Protection,2015-03-11 10:56:06,Fail,,Raw ground meat stored on a tray  above the waste bin. Discontinue. Store on a proper clean surface.,665   Boylston ST,Boston,2116,18372,42.34999,-71.07875,2015
B. U. Einsteins Bagels,,ARAMARK CORPORATION,Trustees of Boston University,Director of Safety & Sanitation,20734,2011-12-28 10:18:00,2020-12-31 23:59:00,Active,FT,Eating & Drinking w/ Take Out,HE_Fail,2016-10-24 12:19:13,14-4-202.11,*,Food Contact Surfaces Design,2016-10-24 12:19:13,Fail,,Cutting board at bagel prep area in kitchen is scoured and stained. Replace or resurfave cutting board.,685  Commonwealth AVE,Boston,2215,157907,42.350117,-71.104278,2016
B.U. SCHOOL OF MANAGEMENT,,,Trustees of Boston University,Director of Safety & Sanitation,22460,2012-02-15 13:51:21,2020-12-31 23:59:00,Active,FS,Eating & Drinking,HE_Fail,2015-09-23 11:42:00,20-4-703.11,***,Food Contact Surfaces Clean,2015-09-23 11:42:00,Fail,,Large High Dish Machine at the 9th floor registering 150F as sanitizing temperature. Repair to maintain between 180F-204F.,595   Commonwealth AVE,Boston,2215,155950,42.349583,-71.099785,2015
BACCO RISTORANTE & BAR,,BUBEN PATRICK,BUBEN,PATRICK,21492,2012-02-13 10:27:08,2020-12-31 23:59:00,Active,FS,Eating & Drinking,HE_Filed,2016-09-29 20:08:30,15-4-202.16,*,Non-Food Contact Surfaces,2016-09-29 20:08:30,Fail,,Provide a barrier for the hand sink located by the storage of clean pots and pans in the warewashing arae,107   Salem ST,Boston,2113,121692,42.36418,-71.05538,2016
BACCO'S WINE & CHEESE,,  ,Robert D. Bacco, ,68289,2011-12-08 14:32:43,2020-12-31 23:59:00,Active,RF,Retail Food,HE_Fail,2019-06-07 08:52:21,01-3-602.11 B2,***,Labeling of Ingredients,2019-06-07 08:52:21,Fail,,Prepackaged foods for customer self service not labeled - Retail,31   Saint James AVE,Boston,2116,304220,42.35091,-71.07152,2019
Back Bay Social Club,,DHANDA 867 BOYLSTON ST LPS,c/o Lyons Group, ,68305,2012-02-08 07:50:46,2020-12-31 23:59:00,Active,FS,Eating & Drinking,HE_Fail,2016-11-22 10:37:27,36-6-501.11-.12,*,Improper Maintenance of Floors,2016-11-22 10:37:27,Fail,,Water on floor - Basement bar,867   Boylston ST,Boston,2116,18414,42.34874,-71.083445,2016
Back Deck,,  ,Back Deck Inc.,c/o Fajitas & Ritas,77031,2012-06-29 11:30:15,2020-12-31 23:59:00,Active,FS,Eating & Drinking,HE_Fail,2015-10-05 12:10:34,36-6-501.11-.12,*,Improper Maintenance of Floors,2015-10-05 12:10:34,Fail,,Floors with visible soils / Clean to remove.,10   West ST,Boston,2111,172982,42.354426,-71.062191,2015
BackBay Wine & Spirits,,FOUR 41 STUART ST ASSOC LLC,Lama,Dawa,349828,2017-11-02 07:55:32,2020-12-31 23:59:00,Active,RF,Retail Food,HE_Fail,2020-01-16 12:47:06,590.002/2-501.11-PF,**,Clean-up of Vomiting and Diarrheal Events (Pf),2020-01-16 12:47:06,Fail,,provide clean up kit,441   Stuart ST,Boston,2116,131663,42.348624,-71.075972,2020
Backstage Hardware,,  ,JSR Enterprises,Jim Robichau,158652,2016-02-16 09:48:14,2020-12-31 23:59:00,Active,RF,Retail Food,HE_Closure,2018-02-28 11:27:08,M-2-103.11,***,PIC Performing Duties,2018-02-28 11:27:08,Fail,,8-301 Requirement 8-301.11 Prerequisite for Operation A person may not operate a food establishment without a valid permit to operate issued by the regulatory authority. Expiration and Renewal of Permit [105 CMR 590.012(G)] (1) A permit shall expire no later than one year from the date issued. (2) An annual food establishment permit may be renewed by applying at least 30 days prior to the expiration of the permit on a form provided by the FC-regulatory authority. Section 8-301.11 Prerequisite for Operation 105 CMR 590.012 (H) Conditions for Issuance  in accordance with sections 105 CMR 590.014 and 590.015.,23   Dry Dock AVE,Boston,2210,340976,42.344257,-71.029925,2018
Bailey & Sage,,BBS REAL ESTATE GROUP LLC,Michael Kaplan, ,67728,2012-02-23 11:25:48,2020-12-31 23:59:00,Active,FT,Eating & Drinking w/ Take Out,HE_Closure,2018-02-16 10:31:16,15-4-202.16,*,Non-Food Contact Surfaces,2018-02-16 10:31:16,Fail,,Tijn foil on cooking equipment on the hot line. Remove tiin foil.,103   State ST,Boston,2109,130366,42.35896,-71.05512,2018
Bailey and Sage,,ONE HUNDRED FEDERAL ST LPS,Kaplan,Michael,354301,2018-10-24 08:56:28,2020-12-31 23:59:00,Active,FT,Eating & Drinking w/ Take Out,HE_Fail,2019-02-21 10:47:28,44-4-802/03.11,*,Soiled Linen Storage,2019-02-21 10:47:28,Fail,,Provide cover for soiled linen container.,100   Federal ST,Boston,2110,57150,42.35477,-71.05613,2019
Bain Capital (40th Fl),,ONE HUNDRED & 200 CLARENDON,Group NAD,Compass,75683,2012-02-13 10:23:36,2020-12-31 23:59:00,Active,FS,Eating & Drinking,HE_Fail,2015-03-11 10:06:57,17-4-204.112/.115,*,Equipment Thermometers,2015-03-11 10:06:57,Fail,,dishmachine/repair gauges,200   Clarendon ST,Boston,2116,33209,42.34921,-71.07513,2015
BANGKOK BLUE THAI,,RULE LISA,CURRY & LIME OF SIAM LLC, ,22785,2011-12-12 14:10:08,2015-12-31 23:59:00,Inactive,FS,Eating & Drinking,HE_Fail,2015-03-19 12:22:20,03-3-501.14,***,Cooling,2015-03-19 12:22:20,Fail,,Partially cooked beef prepared yesterday 57F. Cool properly within required time and temperature intervals.,651   Boylston ST,Boston,2116,18369,42.35006,-71.0785,2015
Banh Mi House,,P & C COMPANY: TONG'S FAS T FOOD,Quoctin P. Tran, ,81142,2012-10-18 09:23:09,2016-12-31 23:59:00,Inactive,FT,Eating & Drinking w/ Take Out,HE_Fail,2016-02-23 14:17:50,31-5-204/05.11,***,Location  Accessible,2016-02-23 14:17:50,Fail,,2 hand sinks blocked by equipment  ensure hand sink clear to properly wash hands,48   Winter ST,Boston,2108,155968,42.355863,-71.061898,2016
Banners Kitchen and Tap,,  ,Patina Restaurant Group LLC,Att: Licensing,385287,2019-10-15 10:57:06,2020-12-31 23:59:00,Active,FS,Eating & Drinking,HE_Fail,2020-02-06 13:08:18,590.003/3-202.18-C,*,Shell stock Identification (C),2020-02-06 13:08:18,Fail,,Clam store in service area  without tags.. PIC remove,80   Causeway ST,Boston,2114,340676,42.365678,-71.061705,2020
Banyan Bar & Refuge,,  ,Gullo,Rebecca  Owner,141738,2015-07-15 12:36:33,2020-12-31 23:59:00,Active,FS,Eating & Drinking,HE_Fail,2015-07-10 11:57:48,04-3-501.15/4-301.11,*,Inadequate Facilities/Cooling Methods,2015-07-10 11:57:48,Fail,,Walk in temperature 44F   Salmon 44F   Duck stock 44F.Repair to hold all product 41F or below.PIC called for immediate repair.PIC will remove products to other refrigeration.,537   Tremont ST,Boston,2116,340800,42.344711,-71.071404,2015
Bar A Vin 1855,,  ,1855 Inc.,Att: Accounts Payable,383439,2019-02-06 08:21:11,2020-12-31 23:59:00,Active,FS,Eating & Drinking,HE_Fail,2019-01-30 09:01:57,15-4-202.16,*,Non-Food Contact Surfaces,2019-01-30 09:01:57,Fail,,No dividers between hand sink and prep tables and prep sink - Kitchen/prep No dividers between hand sink and storage area - Bar No divider between chemical storage and ice machine  Rust on exterior of grease trap - Ware washing,259   Newbury ST,Boston,2116,168058,42.349646,-71.083221,2019
Bar Louie,,SCALES JOHN T TRST,BL RESTAURANT Holding LLC,Accounts Payable/,81214,2013-09-17 08:53:05,2020-12-31 23:59:00,Inactive,FS,Eating & Drinking,HE_Fail,2015-04-17 16:45:31,14-4-202.11,*,Food Contact Surfaces Design,2015-04-17 16:45:31,Fail,,replace worn and heavily stained cutting boards on cold units on the hot line.,121   Brookline AVE,Boston,2215,22082,42.34575,-71.10049,2015
Bar Mercato,,  ,MHF Devonshire V LLC,Att: Accounts Payable,385609,2019-02-19 09:56:40,2020-12-31 23:59:00,Active,FS,Eating & Drinking,HE_Fail,2019-09-18 12:14:21,590.003/3-304.14-C,*,Wiping Cloths  Use Limitation (C),2019-09-18 12:14:21,Fail,,Keep all in use wiping cloths in a sanitizing solution when not in use.,54   Devonshire ST,Boston,2109,164243,42.358341,-71.057106,2019
Barcelona Restaurant,,  ,Del Frisco's Restaurant Group Inc.,Att: Accounts Payable,126674,2014-12-11 09:01:26,2020-12-31 23:59:00,Active,FS,Eating & Drinking,HE_Fail,2015-09-30 20:26:05,08-3-305-307.11,*,Food Protection,2015-09-30 20:26:05,Fail,,Observed wine bottles submerged in ice used for dispensing drinks.Discontinue.PIC removed,503  Tremont ST,Boston,2116,341128,42.344923,-71.070755,2015
Barnes & Noble College Booksellers,,EMERSON COLLEGE,Barnes & Noble College Booksellers Inc.Tax Dept., ,24745,2011-12-29 14:20:06,2018-12-31 23:59:00,Inactive,RF,Retail Food,HE_Filed,2016-05-19 13:27:25,37-6-501.11-.12,*,Improper Maintenance of Walls/Ceilings,2016-05-19 13:27:25,Fail,,Replace stained &  missing ceiling tiles,110  Boylston St,Boston,2116,17994,42.352235,-71.065554,2016
Barracuda on the Fly,,BROMFIELD REALTY LLC,Stipanov,Luka,347391,2017-10-03 08:22:50,2019-12-31 23:59:00,Inactive,FT,Eating & Drinking w/ Take Out,HE_Filed,2018-09-25 13:32:44,36-6-501.11-.12,*,Improper Maintenance of Floors,2018-09-25 13:32:44,Fail,,Clean floor under and behind the cooking equipment on the hot line. Remove buildup on floor.,53  Bromfield ST,Boston,2108,21788,42.35702,-71.06069,2018
Barrington Coffee,,,BCRC Development L L C, ,76317,2011-12-02 14:02:59,2019-12-31 23:59:00,Inactive,FT,Eating & Drinking w/ Take Out,HE_Fail,2017-06-28 12:23:35,16-4-301.12,*,Three Compartment Sink,2017-06-28 12:23:35,Fail,,Missing plugs for the three bay sink-  Provide,346  Congress ST,Boston,2210,342794,42.350637,-71.048443,2017
Barrington Coffee Roasting Co.,,  ,BCRC D2 L L C, ,130250,2015-03-05 08:56:54,2019-12-31 23:59:00,Inactive,FS,Eating & Drinking,HE_Fail,2015-03-09 12:52:53,08-3-305-307.11,*,Food Protection,2015-03-09 12:52:53,Fail,,Ice not draining as it melts.Provide proper drainage.,305   Newbury ST,Boston,2115,282437,42.34897,-71.08554,2015
BARRY'S BOOTCAMP,,  ,BBCB L L C, ,90360,2013-09-30 09:47:59,2020-12-31 23:59:00,Active,FS,Eating & Drinking,HE_Filed,2015-12-22 15:25:10,23-4-602.13,*,Non-Food Contact Surfaces Clean,2015-12-22 15:25:10,Fail,,Interiors of freezers in upstairs service area and in basement storage with heavy soils- Clean and remove ice buildup,38   Chauncy ST,Boston,2111,205525,42.3538,-71.05977,2015
Basho Express,,,Chow,Jenny,156155,2016-01-13 09:05:26,2020-12-31 23:59:00,Active,FT,Eating & Drinking w/ Take Out,HE_Fail,2017-05-10 11:55:52,03-3-501.16,***,Hot Holding,2017-05-10 11:55:52,Fail,,geilled chicken hot holding on grill top........128 AF. Provide hot holding ntemperature of 140 F or above.,685  Commonwealth Av,Boston,2215,41223,42.350149,-71.104511,2017
Basho Japanese Brasserie,,,Jack Huang, ,34664,2011-12-15 12:38:09,2020-12-31 23:59:00,Active,FS,Eating & Drinking,HE_Fail,2015-05-07 15:08:16,08-3-305-307.11,*,Food Protection,2015-05-07 15:08:16,Fail,,Bar-Bottles stored in the ice used for drinks. PIC removed. Store in separate area.,1310  Boylston ST,Boston,2215,340893,42.344147,-71.098428,2015
Basho Japanese Sushi@B.U.(G.S.U.),,ARA SERVICES /DAVID WEIR,Jack Huang, ,89888,2013-03-15 10:23:32,2020-12-31 23:59:00,Active,FT,Eating & Drinking w/ Take Out,HE_Fail,2015-11-16 12:11:36,03-3-501.16(A),***,Cold Holding,2015-11-16 12:11:36,Fail,,The retail sushi is 55F and the eel is 89F. Keep food either hot or cold below 41F or 140F or above.,775  Commonwealth AVE,Boston,2215,157395,42.350873,-71.108963,2015
Basile- Fine Italian Kitchen,,,Namaha Capital LLC,Att: Accounts Payable,393784,2019-06-03 08:06:28,2020-12-31 23:59:00,Active,FS,Eating & Drinking,HE_Hearing,2019-05-21 14:18:00,29-5-201/02.11,*,Installed and Maintained,2019-05-21 14:18:00,Fail,,Provide adequate hot water pressure in womens rest room.,162  Columbus AVE,Boston,2116,156280,42.349256,-71.070608,2019
Bastille Kitchen,,BOSTON WHARF CO GP,SCM L L C, ,86663,2014-07-21 10:39:43,2020-12-31 23:59:00,Active,FS,Eating & Drinking,HE_Fail,2019-01-10 11:42:25,M-2-103.11,***,PIC Performing Duties,2019-01-10 11:42:25,Fail,,8-303.20 Existing Establishments  Permit Renewal  and Change of Ownership. [590.008(C)](A) Copies of Permit. The permit shall be made out in duplicate. One copy shall be given to the applicant  and a paper or electronic copy shall be placed on file with the board of health.(B) Expiration and Renewal of Permit.(1) A permit shall expire no later than one year from the date issued.(2) An annual food establishment permit may be renewed by applying at least 30 days prior to the expiration of the permit on a form provided by the FC-regulatory authority.  Establishment must pay for current 2019 Health Permit @ 1010 Massachusetts Aveue 4th Floor in person ASAP. Establishment is operating without a current 2019 Health Permit.,49   Melcher ST,Boston,2127,155119,42.34942,-71.05038,2019
Battery Park Restaurant & Lounge,,  ,Battery Park Lounge & Rest. Group L L C, ,68682,2012-02-13 10:20:08,2019-12-31 23:59:00,Inactive,FS,Eating & Drinking,HE_Fail,2016-03-08 11:08:11,02-3-602.11-.12/3-302.12,*,Food Container Labels,2016-03-08 11:08:11,Fail,,Sauce containers with no labels. Provide.,31   Batterymarch ST,Boston,2109,161832,42.357376,-71.054403,2016
BATTERY WHARF HOTEL BOSTON WATERFRONT,,  ,Battery Wharf Hotel,Att: Accounts Payable,160599,2016-01-05 13:07:17,2020-12-31 23:59:00,Active,FS,Eating & Drinking,HE_Fail,2016-03-11 12:04:07,37-6-501.11-.12,*,Improper Maintenance of Walls/Ceilings,2016-03-11 12:04:07,Fail,,Hood tag missing from main kitchen hood /Hoods were cleaned in March 2016.  Unable to verify report /  Contact hood cleaning company immediately to replace sticker.,2  Battery WHF,Boston,2109,172851,42.367173,-71.050159,2016
BAUER WINES LTD.,,HJB INC,SUSAN FORTUNA, ,20856,2012-01-03 10:51:39,2018-12-31 23:59:00,Inactive,RF,Retail Food,HE_Closure,2018-02-15 15:47:48,27-5-103.11-.12,***,Hot and Cold Water,2018-02-15 15:47:48,Fail,,No hot water at hand sink - Bathroom,330   Newbury ST,Boston,2115,101552,42.34833,-71.08626,2018
Beacon Capital Market,,GETZLER EZRA,RODAN,INC.,18824,2012-01-03 11:22:22,2020-12-31 23:59:00,Active,RF,Retail Food,HE_Fail,2019-10-15 11:52:02,590.002/2-501.11-PF,**,Clean-up of Vomiting and Diarrheal Events (Pf),2019-10-15 11:52:02,Fail,,Provide written documentation and kit for clean up,32   Myrtle ST,Boston,2114,99713,42.359225,-71.065661,2019
BEACON HILL HOTEL & BISTRO,,TWENTY 5 CHARLES ST LLC,25 Charles on the Hill LLC,Alexander Saunders,166439,2016-03-09 15:51:47,2019-12-31 23:59:00,Inactive,FS,Eating & Drinking,HE_Fail,2016-01-28 15:22:45,02-3-602.11-.12/3-302.12,*,Food Container Labels,2016-01-28 15:22:45,Fail,,Bulk food containers not labeled.,25   Charles ST,Boston,2114,29144,42.35692,-71.06965,2016
Beacon St. Locale,,  ,Vinal,George,318524,2017-03-28 08:20:41,2018-12-31 23:59:00,Inactive,FS,Eating & Drinking,HE_FailExt,2018-03-23 14:23:13,13-2-304/402.11,*,Clean Cloths  Hair Restraint,2018-03-23 14:23:13,Pass,2018-03-23 15:25:48,Employee observed with no hair restraint.Provide,495  Beacon ST,Boston,2215,341117,42.350586,-71.08976,2018
Beacon Hill Pub,,BORNSTEIN BARRY,BORNSTEIN,BARRY,18310,2012-01-24 14:12:38,2019-12-31 23:59:00,Inactive,FS,Eating & Drinking,HE_Fail,2015-06-15 15:05:22,16-4-501.11/.15,*,Dishwashng Facilities,2015-06-15 15:05:22,Fail,,Three compartment sink not being used properly. Sanitizing step taking place at the Rinse compartment. Wash  Rinse and Sanitize properly in that order.,149   Charles ST,Boston,2114,158142,42.360479,-71.070569,2015
Bean & Leaf Cafe,,,CHRISTINE LEONE, ,22234,2012-02-21 09:52:36,2020-12-31 23:59:00,Active,FT,Eating & Drinking w/ Take Out,HE_Fail,2015-11-16 10:52:49,01-3-602.11 B2,***,Labeling of Ingredients,2015-11-16 10:52:49,Fail,,Yogurt and granola cups in grab and go without labels / Provide.,20   Custom House ST,Boston,2111,157482,42.358135,-71.053058,2015
BEANTOWN BURRITO,,WATERMARK DONUT COMPANY,MARLENE DAVIDOWITZ,TREAS.,20934,2011-12-14 15:00:58,2020-12-31 23:59:00,Active,FT,Eating & Drinking w/ Take Out,HE_Filed,2019-01-03 15:00:36,23-4-602.13,*,Non-Food Contact Surfaces Clean,2019-01-03 15:00:36,Fail,,Multiple surfaces with encrusted soils including door handles of refrigeration and exteriors of waste receptacles- Clean areas with proper frequency,340  Longwood AVE,Boston,2115,156613,42.338284,-71.106989,2019
Beantown Hoagie,,STEVEN KRAVETZ  C. F. O.,Juyoung Sung, ,73755,2011-12-15 13:47:17,2016-12-31 23:59:00,Inactive,FT,Eating & Drinking w/ Take Out,HE_Fail,2016-03-02 14:18:29,02-3-602.11-.12/3-302.12,*,Food Container Labels,2016-03-02 14:18:29,Pass,2016-03-03 08:54:03,Several sauce containers with no labels. Provide.,102   Water ST,Boston,2109,157376,42.35806,-71.055079,2016
Beantown Pho & Grill,,BILL FRANKLIN G TRSTS,Nutchaya,Tasanont,128432,2014-05-12 09:32:27,2020-12-31 23:59:00,Active,FS,Eating & Drinking,HE_Fail,2017-08-10 15:12:55,10-4.302.11,*,Food Utensil Storage,2017-08-10 15:12:55,Fail,,Utensils stored in stagnant water.  Discontinue.,272   Newbury ST,Boston,2116,101485,42.34912,-71.08342,2017
Beantown Pub,,COLUCCI JOSEPH,COLUCCI,JOSEPH,21058,2012-05-21 11:27:56,2020-12-31 23:59:00,Active,FT,Eating & Drinking w/ Take Out,HE_Fail,2015-06-02 11:43:17,23-4-602.13,*,Non-Food Contact Surfaces Clean,2015-06-02 11:43:17,Fail,,Condensor fan covers with visible dust build up / Clean to remove.,100   Tremont ST,Boston,2108,157329,42.357232,-71.060979,2015
Bed Bath Beyond...,,,Bed Bath Beyond,Attn: Risk Management,21397,2012-01-17 16:58:24,2018-12-31 23:59:00,Inactive,RF,Retail Food,HE_Filed,2015-12-02 12:01:26,32-6-301.11-02.11,*,Hand Cleaner  Drying  Tissue Signage,2015-12-02 12:01:26,Fail,,No signage reminding employees to wash hands.,401   Park DR,Boston,2110,156055,42.344569,-71.102711,2015
BEE'S KNEES,,CFS SEAPORT LLC,Farm To Table L L C, ,86547,2013-03-29 09:25:37,2016-12-31 23:59:00,Inactive,RF,Retail Food,HE_Fail,2015-08-10 11:33:01,17-4-204.112/.115,*,Equipment Thermometers,2015-08-10 11:33:01,Fail,,provide thermometers for all refrigerators without one,12   Farnsworth ST,Boston,2210,56390,42.35137,-71.04881,2015
Bell In Hand,,FIFTY FIVE UNION LLC,OLD COLONIAL CORP., ,18487,2011-12-09 13:30:19,2020-12-31 23:59:00,Active,FS,Eating & Drinking,HE_Fail,2016-06-13 11:43:19,03-3-501.16(A),***,Cold Holding,2016-06-13 11:43:19,Fail,,Garlic in oil mixture sitting on counter at 64F / Provide proper cold holding temperatures.,45   Union ST,Boston,2108,139294,42.3616,-71.05706,2016
Bella Arianna,,,Bella Arianna L L C, ,125210,2014-01-09 13:34:52,2016-12-31 23:59:00,Inactive,FS,Eating & Drinking,HE_Filed,2015-10-13 11:46:45,10-3-304.12,*,Food Utensil Storage,2015-10-13 11:46:45,Fail,,Utensils in stagnant water / Remove and properly store utensils while in between use.,107   South ST,Boston,2111,156281,42.351401,-71.05752,2015
Bella Vista,,PEZZANO FRANK ETAL,PEZZANO,FRANK,25721,2011-12-08 14:43:00,2020-12-31 23:59:00,Active,FS,Eating & Drinking,HE_Fail,2015-06-03 13:09:32,14-4-202.11,*,Food Contact Surfaces Design,2015-06-03 13:09:32,Fail,,Replace heavilty soiled cutting boards where needed,288   Hanover ST,Boston,2113,69101,42.36402,-71.0545,2015
Ben & Jerry's,,EURO REALTY LTD PARTNERSHIP,BOSTON SCOOP SHOPS INC., ,22630,2012-02-21 08:15:11,2020-12-31 23:59:00,Active,FT,Eating & Drinking w/ Take Out,HE_Fail,2015-05-15 14:18:16,02-3-602.11-.12/3-302.12,*,Food Container Labels,2015-05-15 14:18:16,Fail,,Bulk storage containers missing labels.Provide proper labels,174   Newbury ST,Boston,2116,101380,42.35031,-71.079,2015
Ben Cotto,,SICILINO JANICE TS,Bono Pres.,Joseph,143671,2017-05-23 09:06:17,2020-12-31 23:59:00,Active,FS,Eating & Drinking,HE_Fail,2018-04-23 11:31:56,03-3-501.16(A),***,Cold Holding,2018-04-23 11:31:56,Fail,,The items on the top of the large refrigerator are elevated; sausage 49F  pasta 50F.  Provide proper cold holding of 41F or below.  (The unit was just loaded items will be moved to other refrigeration until this refrigeration unit is maintaining temperature.),357   Hanover ST,Boston,2113,69120,42.36466,-71.05337,2018
Benevento's,,TOPWALK LLC,Joseph Bono, ,33572,2012-02-15 13:14:01,2020-12-31 23:59:00,Active,FS,Eating & Drinking,HE_Fail,2015-03-18 12:28:33,05-4-302.12,*,Food Thermometers Provided,2015-03-18 12:28:33,Fail,,Provide working food thermometers as discussed for chef and prep cooks,111   Salem ST,Boston,2113,121696,42.36427,-71.05536,2015
Bennetts Sandwich Shop,,GOMBERG WARREN I TS,Peterborough LLC,Bennetts Store of Boston,318227,2017-09-22 08:02:18,2020-12-31 23:59:00,Active,FS,Eating & Drinking,HE_Fail,2017-06-27 14:28:30,08-3-305-307.11,*,Food Protection,2017-06-27 14:28:30,Fail,,Mop sink not enclosed - Prep area No divider/splash guard between hand sink and clean equipment storage,84   Peterborough ST,Boston,2215,109880,42.343135,-71.098841,2017
Berkeley Bistro,,GUCKENHEIMER ENT. INC. RICHARD YARSHEN,11 Dining LLC,Att: Accounts Payable,413545,2019-12-20 14:34:48,2020-12-31 23:59:00,Active,FT,Eating & Drinking w/ Take Out,HE_Fail,2019-12-19 11:15:13,590.005/5-103.12-PF,**,Pressure (Pf),2019-12-19 11:15:13,Fail,,repair hot water tank to provide hot running water at 100 degrees,200   Berkeley ST,Boston,2116,156187,42.35006,-71.072919,2019
BERKELEY PERK CAFE,,TSE JORDAN,JOHN MANNING,BERKELEY PERK CAFE,20876,2012-01-03 09:47:50,2020-12-31 23:59:00,Active,FT,Eating & Drinking w/ Take Out,HE_Fail,2015-01-08 14:35:54,16-4-501.11/.15,*,Dishwashng Facilities,2015-01-08 14:35:54,Fail,,Soiled dishes stored inside the prep sink. Provide a soiled dish area/rack.,69   Berkeley ST,Boston,2116,15038,42.34678,-71.07061,2015
BERKELEY RESIDENCE YWCA,,BOSTON YOUNG WOMENS,BOSTON YWCA, ,18993,2012-02-15 10:44:07,2017-12-31 23:59:00,Inactive,FS,Eating & Drinking,HE_Filed,2015-01-12 14:29:00,17-4-204.112/.115,*,Equipment Thermometers,2015-01-12 14:29:00,Fail,,No interrior thermometer for the cold holding refrigerating unit at the lower level. Provide.,40   Berkeley ST,Boston,2116,15025,42.34594,-71.0709,2015
BERTUCCI'S BRICK OVEN PIZZA,,BERTUCCI'S REST. CORP.,BERTUCCI'S REST. CORP., ,18797,2011-12-17 21:30:49,2018-12-31 23:59:00,Inactive,FS,Eating & Drinking,HE_Fail,2016-02-03 10:02:03,02-3-602.11-.12/3-302.12,*,Food Container Labels,2016-02-03 10:02:03,Fail,,Dry ingredient storage bins in dough preperation room not labeled. Provide proper label indentifying contents.,22   Merchants ROW,Boston,2109,157866,42.359407,-71.055821,2016
Beth Israel Deaconess,,BETH ISRAEL DEACONESS,SODEXO OPERATIONS L L C, ,26033,2012-02-13 10:14:16,2020-12-31 23:59:00,Active,FS,Eating & Drinking,HE_Fail,2015-11-17 15:05:41,23-4-602.13,*,Non-Food Contact Surfaces Clean,2015-11-17 15:05:41,Fail,,Interiors of non cold holding refrigerators used for dry storage withj soils and debris- Clean,330   Brookline AVE,Boston,2115,22096,42.33982,-71.10568,2015
Biddy Earlys,,MOYLAN JOHN T,HUGH VARDEN, ,21629,2012-01-24 14:21:23,2020-12-31 23:59:00,Active,FS,Eating & Drinking,HE_Fail,2015-05-19 14:02:31,04-3-501.15/4-301.11,*,Inadequate Facilities/Cooling Methods,2015-05-19 14:02:31,Fail,,Stand up reach in 50F  / Repair or replace to provide temperatures of 41F or below at all times.,141   Pearl ST,Boston,2110,108787,42.35464,-71.05374,2015
Bijou Night Club,,,GSTH INVESTMENT GROUP L L C, ,76134,2012-02-13 10:10:56,2020-12-31 23:59:00,Active,FS,Eating & Drinking,HE_Fail,2019-04-25 17:45:28,17-4-302.14,*,Test Kit Provided,2019-04-25 17:45:28,Fail,,No sanitizer test kit on site. Provide.,51   Stuart ST,Boston,2116,155868,42.351234,-71.064128,2019
Bill's Bar,,NEW ROULET LIMITED PARTNERSH,c/o Lyons Group, ,20504,2011-12-13 10:15:00,2020-12-31 23:59:00,Active,FS,Eating & Drinking,HE_Fail,2016-10-11 19:04:55,32-6-301.11-02.11,*,Hand Cleaner  Drying  Tissue Signage,2016-10-11 19:04:55,Fail,,No paper towel dispenser at bar handsink. Provide.,7   Lansdowne ST,Boston,2215,84011,42.34733,-71.09499,2016
BILLY TSE RESTAURANT,,COMMBOS LP,TSE BILLY, ,20275,2011-12-17 20:20:05,2020-12-31 23:59:00,Active,FS,Eating & Drinking,HE_Fail,2015-02-14 11:12:46,21-3-304.14,*,Wiping Cloths  Clean  Sanitize,2015-02-14 11:12:46,Fail,,Clean and launder all wiping cloths.,240   Commercial ST,Boston,2109,36254,42.36385,-71.05146,2015
Bistro du Midi,,,Bistro Du Midi,HM Boston LLC,22642,2011-12-17 20:52:18,2020-12-31 23:59:00,Active,FS,Eating & Drinking,HE_Fail,2016-05-10 08:43:54,14-4-202.11,*,Food Contact Surfaces Design,2016-05-10 08:43:54,Fail,,Worn cutting boards,272   Boylston ST,Boston,2116,157796,42.351859,-71.069669,2016
Billy's Sub Shop,,CHIN SHEW PING ETAL,KALAITZDIS,ANASTASIOS,22062,2012-02-09 14:48:00,2020-12-31 23:59:00,Active,FT,Eating & Drinking w/ Take Out,HE_Fail,2015-02-03 14:13:29,03-401.11-.12,***,Cooking Temperatures,2015-02-03 14:13:29,Fail,,Chicken being partially cooked. Discontinue. Cook at proper temperature.,57   Berkeley ST,Boston,2116,15033,42.34659,-71.07051,2015
Bin 26 Enoteca,,DELUTY EVAN,Bina,Babak,27661,2012-02-13 10:09:28,2020-12-31 23:59:00,Active,FS,Eating & Drinking,HE_Fail,2016-12-06 12:02:26,37-6-501.11-.12,*,Improper Maintenance of Walls/Ceilings,2016-12-06 12:02:26,Fail,,Wall base in disrepair below permits/licenses,26   Charles ST,Boston,2114,158228,42.356745,-71.069988,2016
BISHOP'S MEDITERRANEAN,,,MGJG L L C, ,126040,2014-07-10 14:48:46,2020-12-31 23:59:00,Active,FT,Eating & Drinking w/ Take Out,HE_Fail,2015-03-20 10:51:07,22-4-601/602.11,**,Food Contact Surfaces Clean,2015-03-20 10:51:07,Fail,,interior of potato bulk food container with soils  clean to remove,70  Staniford St,Boston,2114,157194,42.362733,-71.06423,2015
Black Rose,,ONE 60 STATE ASSOC MASS LPS,The Black Rose Inc., ,18686,2011-12-29 14:14:49,2020-12-31 23:59:00,Active,FS,Eating & Drinking,HE_Fail,2015-01-16 11:15:26,35-6-501.111/.115,**,Insects  Rodents  Animals,2015-01-16 11:15:26,Fail,,Fruit flies in basement  clean to remove,160   State ST,Boston,2109,130383,42.35944,-71.05379,2015
Black Seeds,,,IBRAHIM,IBRAHIM,20465,2012-02-15 09:02:19,2020-12-31 23:59:00,Active,FS,Eating & Drinking,HE_Fail,2016-03-09 11:09:15,15-4-202.16,*,Non-Food Contact Surfaces,2016-03-09 11:09:15,Fail,,ice machine broken  repair,131  Tremont ST,Boston,2111,155952,42.356002,-71.062138,2016
BLACKSTONE GRILL,,FIFTEEN UNION STREET LLC,Baird Hospitality L L C, ,129200,2014-06-16 12:47:13,2020-12-31 23:59:00,Active,FS,Eating & Drinking,HE_Fail,2015-04-03 11:53:29,14-4-202.11,*,Food Contact Surfaces Design,2015-04-03 11:53:29,Fail,,Replace soiled   uncleanable cutting boards where needed [ sandwich unit on the cooking line],15   Union ST,Boston,2108,139286,42.360853,-71.056685,2015
Blaze Pizza,,,BGR Hospitality LLC,MatthewGiroux,302822,2016-12-20 08:00:49,2020-12-31 23:59:00,Active,FS,Eating & Drinking,HE_Fail,2016-12-15 09:38:28,15-4-202.16,*,Non-Food Contact Surfaces,2016-12-15 09:38:28,Fail,,No splash guard between hand sink and prep table - Serving line No splash guard between hand sink and food prep sink - Kitchen/Ware washing,123   Stuart ST,Boston,2116,156379,42.351378,-71.065729,2016
Blaze Pizza,,SPENCER BRADFORD A,BGR Hospitality LLC,MatthewGiroux,340080,2017-11-15 14:11:58,2020-12-31 23:59:00,Active,FS,Eating & Drinking,HE_Fail,2020-01-03 12:47:32,590.003/3-501.16-P,***,(A)(2) and (B) Time/Temperature Control for Safety Food  Hot and Cold Holding (P),2020-01-03 12:47:32,Fail,,Salad Section-  Ceasar Salad 53F  Arugula and Goat Cheese Salad 52F.  Unit 38F  PIC moved above items inside the refrigerating unit. Ensure that salads are chilled before placed out for cold holding  and they are maintained all the time at 41F or below.,961   Commonwealth AVE,Boston,2215,41311,42.35192,-71.11908,2020
Bleacher Bar,,JACK LYONS  MANAGER,Bleachers Bar LLC,c/o Lyons Group,29474,2012-03-07 13:19:34,2020-12-31 23:59:00,Active,FS,Eating & Drinking,HE_Fail,2015-05-12 14:42:46,17-4-204.112/.115,*,Equipment Thermometers,2015-05-12 14:42:46,Fail,,Gauge not registering on bish machine at the bar.Repair,70  Lansdowne ST,Boston,2215,156998,42.347051,-71.098327,2015
Blu,,,Equinox,Attn: Entitlements,136275,2015-03-10 10:14:06,2020-12-31 23:59:00,Active,FS,Eating & Drinking,HE_Fail,2015-02-23 15:26:50,03-3-501.16(A),***,Cold Holding,2015-02-23 15:26:50,Fail,,1) Cold hold of Chicken salad @ 46f  ensure proper cold hold of 41f or below 2) Chicken @ 50f   ensure proper cold hold of 41f or below,4  Avery ST,Boston,2111,7254,42.35307,-71.06292,2015
Blue Bottle Coffee,,EURO REALTY LTD PARTNERSHIP,Blue Bottle Cafe,Att: Accounts Payable,404530,2019-12-06 10:01:34,2020-12-31 23:59:00,Active,FT,Eating & Drinking w/ Take Out,HE_Filed,2019-12-05 10:46:36,590.005/5-501.17-C,*,Toilet Room Receptacle  Covered (C),2019-12-05 10:46:36,Fail,,No cover for waste receptacle in bathroom,163   Newbury ST,Boston,2116,101369,42.35084,-71.07879,2019
Blue Dragon,,BOSTON WHARF CO GPS,Ming Tsai, ,80794,2013-02-27 09:17:18,2020-12-31 23:59:00,Active,FS,Eating & Drinking,HE_Fail,2018-05-11 11:14:37,03-3-501.16(A),***,Cold Holding,2018-05-11 11:14:37,Fail,,Ground pork at cookline 47F. Maintain at 41F or below. PIC took steps to cool product out of temperature. Slice cucumber at bar fruit tray 52F. Bartender ice down product. Hold cut produce at 41F or below.,324  A ST,Boston,2210,30,42.349391,-71.049735,2018
Blue State Coffee,,  ,Blue State Coffee LLC,Carolyn Greenspan  CEO,87139,2014-04-15 12:43:33,2020-12-31 23:59:00,Active,FT,Eating & Drinking w/ Take Out,HE_Fail,2015-04-22 13:49:28,23-4-602.13,*,Non-Food Contact Surfaces Clean,2015-04-22 13:49:28,Fail,,clean under counter storage shelves,155   Seaport BLVD,Boston,2210,307541,42.34968,-71.04281,2015
Blue State Coffee@957 Comm. Ave. Boston,,J & M REALTY INC MASS CORP,Blue State Coffee L L C, ,73428,2012-02-13 10:08:04,2020-12-31 23:59:00,Active,FS,Eating & Drinking,HE_Fail,2016-04-05 13:35:49,14-4-202.11,*,Food Contact Surfaces Design,2016-04-05 13:35:49,Fail,,replace worn and stained cutting board on cold unit in the kitchen.,957   Commonwealth AVE,Boston,2215,41310,42.35191,-71.11889,2016
Bluestone Lane,,  ,Blackstone Lane Holding LLC,Att: Accounts Payable,391617,2019-12-17 08:45:28,2020-12-31 23:59:00,Active,FT,Eating & Drinking w/ Take Out,HE_Fail,2019-12-12 10:58:26,590.003/3-305.11-C,*,Food Storage-Preventing Contamination from the Premises (C),2019-12-12 10:58:26,Fail,,Provide a splash gaurd/barrier between the designated food prep sink and the designated dump/utility sink. Label each sink also.,125   High ST,Boston,2110,166214,42.355263,-71.053133,2019
BM1: BON ME YELLOW,,L.A. WEIGHT LOSS CENTERS  INC.,Patrick Lynch & Alson Fong, ,74694,2011-12-13 11:07:10,2020-12-31 23:59:00,Active,MFW,Mobile Food Walk On,HE_Fail,2015-03-06 11:00:00,02-3-602.11-.12/3-302.12,*,Food Container Labels,2015-03-06 11:00:00,Fail,,Bulk containers not labeled. Provide proper labeling on all food and sauces.,100   City Hall PLZ,Boston,2108,158266,42.359529,-71.05875,2015
BO9/CO9/Y7,,JACK LYONS  MANAGER,ARAMARK, ,75027,2012-02-09 12:23:49,2020-12-31 23:59:00,Active,FT,Eating & Drinking w/ Take Out,HE_Fail,2016-04-07 13:28:33,23-4-602.13,*,Non-Food Contact Surfaces Clean,2016-04-07 13:28:33,Fail,,The gaskets on the front refrigerator are soiled.  Clean to remove.,4  Jersey St,Boston,2215,156417,42.346723,-71.09868,2016
Bob's Grocery,,DEGRUTTOLA ROBERT A,HAI TRAN,PRES.,19919,2012-01-25 10:34:28,2020-12-31 23:59:00,Active,RF,Retail Food,HE_Fail,2015-03-30 11:39:05,08-3-305-307.11,*,Food Protection,2015-03-30 11:39:05,Fail,,Keep all foods elevated off the floor at least six inches during storage,160   Endicott ST,Boston,2113,53812,42.36544,-71.05756,2015
Bodega Canal,,,Frattaroli,Nicholas,350863,2017-11-17 15:35:45,2020-12-31 23:59:00,Active,FS,Eating & Drinking,HE_Fail,2018-02-21 12:54:33,03-3-501.16(A),***,Cold Holding,2018-02-21 12:54:33,Fail,, Food items out of temperature beef 47F shrimp 50F cod fish 47F . PIC returned .  Cooked shrimp was discarded was in unit over night. Product moved from main walkin to unit less than hourwill be  return to walkin.,57   Canal ST,Boston,2114,158061,42.363866,-71.059131,2018
Boloco,,B E REALTY LIMITED PARTNERSH,STELLAR RESTAURANT GROUP, INC.,24263,2011-12-16 12:43:18,2020-12-31 23:59:00,Active,FT,Eating & Drinking w/ Take Out,HE_Fail,2015-01-07 13:51:44,03-3-501.16(A),***,Cold Holding,2015-01-07 13:51:44,Fail,,Guacamole 50F / Provide proper cold holding temperatures.,133   Federal ST,Boston,2110,57153,42.35426,-71.0566,2015
Boloco,,CODMAN CHARLES R        ETAL,Stellar  Restaurant Group,Inc.,27549,2011-12-16 12:08:41,2020-12-31 23:59:00,Active,FT,Eating & Drinking w/ Take Out,HE_Fail,2015-01-22 14:00:17,03-3-501.14,***,Cooling,2015-01-22 14:00:17,Fail,,Pot of black beans began cooling at 11:30am.  Temperature taken at 1:40pm during inspection 85F / Beans brought back to stove for reheating / Ensure all staff are familiar with proper cooling requirements (140F to 70F in 2 hours  70F to 41F in 4 hours = 6 hours total),48   Congress ST,Boston,2109,42117,42.35798,-71.05599,2015
Boloco,,WINSTON DAVID TS,Boloco,John Pepper,68414,2012-02-14 14:53:25,2019-12-31 23:59:00,Inactive,FT,Eating & Drinking w/ Take Out,HE_Fail,2015-01-30 14:42:52,23-4-602.13,*,Non-Food Contact Surfaces Clean,2015-01-30 14:42:52,Fail,,Top of the knife holder soiled with dust. Clean properly.,569   Boylston ST,Boston,2116,18351,42.35064,-71.07645,2015
Boloco - Berklee,,BOYLSTON 1078 LIM PTR,STELLAR RESTAURANT GROUP INC., ,34705,2012-02-15 10:48:19,2020-12-31 23:59:00,Active,FT,Eating & Drinking w/ Take Out,HE_Fail,2015-05-07 11:23:30,17-4-204.112/.115,*,Equipment Thermometers,2015-05-07 11:23:30,Fail,,No conspicuous internal thermometers in multiple refrigerators-Provide,1080   Boylston ST,Boston,2215,17944,42.346952,-71.088046,2015
Boloco (247 Newbury St.),,LONGO E M TS,STELLAR RESTUARANT GROUP,INC.,24271,2011-12-16 12:41:30,2015-12-31 23:59:00,Inactive,FT,Eating & Drinking w/ Take Out,HE_Fail,2015-01-22 11:02:04,14-4-202.11,*,Food Contact Surfaces Design,2015-01-22 11:02:04,Fail,,Cutting board for the vegetables heavily scored. Resurface or replace.,247   Newbury ST,Boston,2116,101459,42.34978,-71.08272,2015
Boloco Inspired Burritos,,MOSKOW MICHAEL B,The Stellar Restaurant Group, ,30915,2011-12-16 12:44:44,2020-12-31 23:59:00,Active,FT,Eating & Drinking w/ Take Out,HE_Fail,2015-04-27 11:03:14,10-3-304.12,*,Food Utensil Storage,2015-04-27 11:03:14,Fail,,Tongs being stored in stagnate water.Maintain clean and dry.,2   Park PLZ,Boston,2116,107187,42.352269,-71.067108,2015
Bon Me,,,Bon Me Foods LLC,Patrick Lynch,351787,2018-10-29 09:00:43,2020-12-31 23:59:00,Active,FS,Eating & Drinking,HE_Fail,2019-03-19 14:52:24,03-3-501.14,***,Cooling,2019-03-19 14:52:24,Fail,,Bagged pork in 2 door refrigeration with sticker noting 03/18/19 at 45F. Ensure products received from commissary are at 41F or below. PIC to log receiving temperatures,415   Brookline AVE,Boston,2215,22102,42.338699,-71.107791,2019
Bon Me Restaurant,,NEW CONGRESS ASSOCIATES LLC,Lynch,Patrick,127937,2015-01-21 11:22:15,2020-12-31 23:59:00,Active,FT,Eating & Drinking w/ Take Out,HE_Fail,2018-06-12 10:17:12,25-4-904.11,*,Single Service Articles Stored Dispensed,2018-06-12 10:17:12,Fail,,"Take out containers observed stored on floor of electical room. Store elevated 6"" off the floor in protected areas.",313   Congress ST,Boston,2210,42097,42.35111,-71.0502,2018
Bonapita,,  ,Barnir,Ilan,118001,2014-06-17 14:05:54,2020-12-31 23:59:00,Active,FT,Eating & Drinking w/ Take Out,HE_Fail,2015-01-06 11:44:59,37-6-501.11-.12,*,Improper Maintenance of Walls/Ceilings,2015-01-06 11:44:59,Fail,,Hood tag expired on October 2014 / Contact hood cleaning company as soon as possible.,51   Franklin ST,Boston,2110,238222,42.35537,-71.05877,2015
Bonne Chance Cafe,,,NBC GROUP CORPORATION, ,68623,2012-02-13 10:04:05,2020-12-31 23:59:00,Active,FS,Eating & Drinking,HE_Fail,2015-04-22 13:58:44,03-3-501.16(A),***,Cold Holding,2015-04-22 13:58:44,Fail,,1. Tuna @ 48f  ensure proper cold hold of 41f or below 2. Crab meat @ 50f  ensure proper cold hold of 41f or below. (manager to potentially turn down refrigeration temperatures to ensure prpoer cold holding temperatures  also potentailly use metal containers instead of plastic food containers at cold hold self service units).,77   Canal ST,Boston,2114,155876,42.364196,-71.059521,2015
Boom Crispy Chicken,,YEE KENNETH M,AA Crispy Chicken Inc.,Li Xu,374127,2018-09-07 09:11:30,2020-12-31 23:59:00,Inactive,FT,Eating & Drinking w/ Take Out,HE_Fail,2019-01-02 08:42:58,02-3-602.11-.12/3-302.12,*,Food Container Labels,2019-01-02 08:42:58,Fail,,Bulk food containers not labelled  label properly,20   Kneeland ST,Boston,2111,82312,42.35091,-71.06207,2019
BOSTON BACK BAY HILTON,,HILTON SYSTEMS INC,PIM TRS Boston,Back Bay LLC,21118,2012-02-06 13:15:11,2020-12-31 23:59:00,Active,FS,Eating & Drinking,HE_Fail,2015-04-22 11:24:16,08-3-305-307.11,*,Food Protection,2015-04-22 11:24:16,Fail,,bulk food bins/remove cups/provide scoop with handle,40   Dalton ST,Boston,2115,45831,42.34645,-71.08526,2015
Boston Beer Works,,SLESAR BROS. BREWING CO. ,SLESAR BROS. BREWING CO.,INC.,19414,2012-01-05 21:07:59,2020-12-31 23:59:00,Active,FS,Eating & Drinking,HE_Fail,2019-10-10 12:09:42,590.004/4-202.16-C,*,Nonfood-Contact Surfaces (C),2019-10-10 12:09:42,Fail,,Soda Station- Bottom Rack rusty. Clean to remove or replace.,61   Brookline AVE,Boston,2215,156512,42.347163,-71.099081,2019
Boston Burger,,BOYLSTON 1078 LIM PTR,Beantown Burger Corp., ,76951,2012-04-26 11:29:28,2020-12-31 23:59:00,Active,FS,Eating & Drinking,HE_Fail,2015-10-30 08:03:17,37-6-201.11,*,Walls/Ceilings Designed Constructed Installed,2015-10-30 08:03:17,Fail,,Hood sticker expired August 2015 PIC states last inspection/cleaning August   2015 Provide updated sticker and/or schedule inspection/cleaning,1100   Boylston ST,Boston,2215,17996,42.346842,-71.088506,2015
BOSTON CHILDRENS POP UP TRUCK,,CHILDRENS HOSPITAL CORP THE,Boston Children's Hospital,Travis Morrow,138470,2014-12-15 09:47:07,2020-12-31 23:59:00,Active,MFW,Mobile Food Walk On,HE_Fail,2020-07-06 11:55:08,590.004/4-202.16-C,*,Nonfood-Contact Surfaces (C),2020-07-06 11:55:08,Fail,,Provide screenes for service window.,300  Longwood AVE,Boston,2115,87170,42.33692,-71.10542,2020
Boston City Hostel,,AMERICAN YOUTH HOSTELS INC,12 Hemenway LLC,David Cornish,165588,2016-03-10 08:12:41,2020-12-31 23:59:00,Active,FS,Eating & Drinking,HE_Fail,2016-12-02 10:44:22,20-4-703.11,***,Food Contact Surfaces Clean,2016-12-02 10:44:22,Fail,,There is no sanitizer reading in the three comparment sink.  Provide proper sanitizer levels to be sure that equipment is properly washed  rinsed  and sanitized.,12   Hemenway ST,Boston,2115,72605,42.3464,-71.08902,2016
Boston Common Coffee Co.,,,Femino,Peter,24654,2012-02-01 10:43:10,2019-12-31 23:59:00,Inactive,FT,Eating & Drinking w/ Take Out,HE_Fail,2015-02-05 10:47:34,12-3--301.11,***,Prevention of Contamination from Hands,2015-02-05 10:47:34,Fail,,Observed food handler preparing a breakfast sandwich with bare hands / Discontinue and provide proper restrictions of bare hand contact with Ready To Eat foods.,10   High ST,Boston,2110,156946,42.353511,-71.056728,2015
Boston Common Coffee Co.,,ALFE PETER TS,PETER FEMINO, ,23515,2012-02-13 10:35:28,2016-12-31 23:59:00,Inactive,FT,Eating & Drinking w/ Take Out,HE_Fail,2015-02-25 14:13:38,01-3-602.11 B2,***,Labeling of Ingredients,2015-02-25 14:13:38,Fail,, Label  all packaged foods out for retail sale with a proper indredient list discussed during inspection [ all peanuts ],97  Salem ST,Boston,2113,121954,42.363853,-71.055523,2015
Boston Common Coffee Co.,,LEVIN HENRY H TRSTS,Massori Pres.,Tony,31028,2012-02-01 10:44:17,2018-12-31 23:59:00,Inactive,FT,Eating & Drinking w/ Take Out,HE_Fail,2016-03-04 13:54:22,08-3-302.11/3-304.11,***,Separation  Segregation Cross Contamination,2016-03-04 13:54:22,Fail,,Raw eggs sitting above ready to eat foods  store raw below ready to eat foods,10   West ST,Boston,2111,155653,42.35443,-71.06218,2016
Boston Common Hotel & Conference Center,,  ,Trinity Stuart L L C, ,79938,2012-06-21 11:57:58,2018-12-31 23:59:00,Inactive,FS,Eating & Drinking,HE_Fail,2016-03-17 10:59:46,22-4-601/602.11,**,Food Contact Surfaces Clean,2016-03-17 10:59:46,Fail,,High temp dish machine rinse temp 140F.Repair.Maintain rinse temp 180-194F or per manufactures instructions.,40  Trinity PL,Boston,2116,341077,42.348329,-71.075011,2016
Boston Harbor Hotel Wharf Room,,  ,PF Boston Harbor TRS LLC,Att: Director of Operations,331748,2017-12-13 08:48:40,2020-12-31 23:59:00,Active,FS,Eating & Drinking,HE_Fail,2017-12-01 11:16:52,24-4-903.11,*,Clean Equipment & Utensils Storage,2017-12-01 11:16:52,Fail,,Hand sink located directly next to a clean storage rack with no splash guard. Discontinue and either relocate or provide a splash guard to enusure no contamination from washing dirty hands.,40  Rowes WHF,Boston,2110,169324,42.356672,-71.049727,2017
Boston House of Pizza,,,DeFilpo,Gimena,303293,2017-01-12 09:31:26,2020-12-31 23:59:00,Active,FS,Eating & Drinking,HE_Fail,2016-10-25 15:36:48,12-2-301.12-.15,***,Adequate Handwashing/Where/When/How,2016-10-25 15:36:48,Fail,,The handsink in the front is not working properly.  Train employees in proper handwashing.,305   Huntington AVE,Boston,2115,76353,42.341274,-71.087336,2016
Boston Kebab House,,  ,7 Liberty Corp., ,79622,2012-06-29 13:46:26,2020-12-31 23:59:00,Active,FS,Eating & Drinking,HE_Fail,2016-03-01 10:15:39,02-3-602.11-.12/3-302.12,*,Food Container Labels,2016-03-01 10:15:39,Fail,,Sauce containers with no labels.Provide for all.,44   Kilby ST,Boston,2109,166756,42.358114,-71.055317,2016
Boston Kitchen Pizza,,LEWIS ALAN E,Ziad Odeh, ,34634,2012-03-12 09:19:38,2020-12-31 23:59:00,Active,FT,Eating & Drinking w/ Take Out,HE_Fail,2015-12-01 11:20:47,31-5-204/05.11,***,Location  Accessible,2015-12-01 11:20:47,Fail,,hand sink blocked by cold unit  remove to allow access to properly wash hands,707   Washington ST,Boston,2111,145758,42.35107,-71.06308,2015
Boston Living Center,,,BOSTON LIVING CENTER,Att: Accounts Payable,20419,2011-12-13 15:01:37,2020-12-31 23:59:00,Active,FS,Eating & Drinking,HE_Fail,2015-07-13 10:11:49,04-3-501.15/4-301.11,*,Inadequate Facilities/Cooling Methods,2015-07-13 10:11:49,Fail,,2 door freezer/repair unit to maintain all foods frozen solid,29   Stanhope ST,Boston,2116,155946,42.348579,-71.07304,2015
Boston Marathon Run Base,,GATEWAY LONGWOOD INC,Peddie Pres.,Colin,142276,2015-04-15 11:48:47,2018-12-31 23:59:00,Inactive,RF,Retail Food,HE_Filed,2016-06-02 14:47:35,32-6-501.11-.12/6-202.14,*,Toilet Enclosed Clean,2016-06-02 14:47:35,Fail,,Bathroom Doors not self closing,855   Boylston ST,Boston,2116,18413,42.34882,-71.0831,2016
BOSTON MARKET,,BOSTON MARKET CORPORATION LIC. & PERMITS,BOSTON MARKET CORPORATION,BUSINESS LICENSE & PERMITS,21441,2012-02-06 13:10:01,2019-12-31 23:59:00,Inactive,FT,Eating & Drinking w/ Take Out,HE_Fail,2015-03-10 14:07:54,20-4-703.11,***,Food Contact Surfaces Clean,2015-03-10 14:07:54,Fail,,Dishes sanitizing in sanitizing bay of 3 bay with no sanitizer. Sanitizer is dispensing at 200pm. Ensure quats sanitizer is maintained at 200-400ppm for proper sanitizing.,245   Massachusetts AVE,Boston,2115,156064,42.344238,-71.0867,2015
Boston Marriott Long Wharf - FS,,LINDA EDWARD H TRSTS,MOORES,G. DOUGES,20922,2012-01-10 15:27:34,2021-12-31 23:59:00,Active,FS,Eating & Drinking,HE_Fail,2017-05-18 11:12:43,15-4-202.16,*,Non-Food Contact Surfaces,2017-05-18 11:12:43,Fail,,Basement kitchen handsink next to dry food storage rack without splash guard. Install smooth  durable  non porous easily cleanable splash guard at handsink or relocate foods away from unit.,296  State ST,Boston,2110,130424,42.36012,-71.05091,2017
Boston News Cafe,,EOP-28 STATE STREET LLC,Nabil Safwan, ,74245,2012-02-13 09:56:30,2020-12-31 23:59:00,Active,FS,Eating & Drinking,HE_Fail,2015-03-05 11:42:44,03-3-501.16(A),***,Cold Holding,2015-03-05 11:42:44,Fail,,Mozzarella cheese @ 46f  Egg salad @ 47f  Chicken salad @ 47f  ensure proper cold hold of 41f or below,28   State ST,Boston,2109,130422,42.35933,-71.05745,2015
Boston News Cafe (90 Arch St.),,,Kirsche Safwan Pres., ,77595,2012-06-13 13:07:19,2020-12-31 23:59:00,Active,FT,Eating & Drinking w/ Take Out,HE_Fail,2016-02-03 11:14:22,02-3-602.11-.12/3-302.12,*,Food Container Labels,2016-02-03 11:14:22,Fail,,Several dressing bottles with no labels. Provide.,90   Arch ST,Boston,2110,340648,42.354732,-71.058368,2016
Boston Olive Oil Co.,,NICE REALTY LLC,Boston Olive Oil Co. L L C, ,68718,2012-01-17 16:10:00,2020-12-31 23:59:00,Active,RF,Retail Food,HE_Fail,2015-03-09 14:43:50,21-3-304.14,*,Wiping Cloths  Clean  Sanitize,2015-03-09 14:43:50,Fail,,Sponges being used at warewash area.Discontinue,253   Newbury ST,Boston,2116,101469,42.34971,-71.08296,2015
Boston Park Plaza (Main Kitchen/Room Serv.),,,Boston Park Plaza Hotel & Towers, ,74592,2012-02-15 08:29:39,2020-12-31 23:59:00,Active,FS,Eating & Drinking,HE_Fail,2015-03-12 10:30:52,15-4-202.16,*,Non-Food Contact Surfaces,2015-03-12 10:30:52,Fail,,hot line handsink/provide divider ice machine/replace worn door gasket turn on all refrigeration for re-inspection,50  Park PLZ,Boston,2116,157315,42.351297,-71.069204,2015
BOSTON SAIL LOFT,,TIPPING,TIPPING,JAMES,19095,2011-12-13 13:30:48,2020-12-31 23:59:00,Active,FS,Eating & Drinking,HE_Fail,2015-05-29 13:58:04,02-3-602.11-.12/3-302.12,*,Food Container Labels,2015-05-29 13:58:04,Fail,,Label SUGAR -FLOUR-SALT as discussed,80  Atlantic AVE,Boston,2110,156482,42.362516,-71.050719,2015
Boston Wine Exchange,Devonshire Wine LLC,BOSTON DEVONSHIRE INVESTORS,Keating,Eamon,57528,2012-01-18 16:51:34,2020-12-31 23:59:00,Active,RF,Retail Food,HE_Filed,2016-12-22 14:00:32,15-4-202.16,*,Non-Food Contact Surfaces,2016-12-22 14:00:32,Fail,,Water observed dripping out of the compressor fan inside of the walk-in cooler. Address and make any necessary repairs.,181   Devonshire ST,Boston,2110,47622,42.356053,-71.057513,2016
Boston Winter Market Village,Francesco Capaldi,,Capaldi,Francesco,309673,2016-12-02 09:10:44,2017-12-31 23:59:00,Inactive,RF,Retail Food,HE_Filed,2016-12-07 13:15:57,15-4-202.16,*,Non-Food Contact Surfaces,2016-12-07 13:15:57,Fail,,Establishment has syrup boiler not in use currently. Do not use  until clearance obtained from BFD and provided in writing to health division.,1   City Hall PZ,Boston,2201,340817,42.360116,-71.0579,2016
Bostonia Public House,,ARCHSTONE SMITH OPERATING,Clover Ventures LLC,David Greaney  Mgr.,125599,2014-04-15 12:52:40,2020-12-31 23:59:00,Active,FS,Eating & Drinking,HE_Fail,2015-08-18 11:52:16,20-4-703.11,***,Food Contact Surfaces Clean,2015-08-18 11:52:16,Fail,,High temp rinse 174F-176F / Repair to provide 180F,131  State ST,Boston,2109,130372,42.358974,-71.054235,2015
BOURBON ST. CAFE,,MCCOY RICHARD,MEI,MEI,21201,2012-02-08 15:23:47,2020-12-31 23:59:00,Active,FT,Eating & Drinking w/ Take Out,HE_Fail,2015-03-24 11:10:20,03-3-501.16(A),***,Cold Holding,2015-03-24 11:10:20,Fail,,Garlic in oil mixture out on counter at 60F  Cooked chicken out on counter at 62F  Cut vegetables out on counter 58F  Raw chicken mixture out on counter at 55F  Rice out on counter at 48F / Provide proper cold holding temperatures of 41F or below at all times.,417   Washington ST,Boston,2108,157146,42.35583,-71.0604,2015
Bourbon Street Cafe,,CVS.LIC. DEPT./T.FLUETTE,BSC Longwood Galleria Inc., ,29338,2012-01-19 16:37:17,2020-12-31 23:59:00,Active,FT,Eating & Drinking w/ Take Out,HE_Fail,2015-03-20 11:43:49,03-3-501.14,***,Cooling,2015-03-20 11:43:49,Fail,,Chicken fingers cooling in covered deep plastic bins at 60F. Placed in refrigeration less than 4 hours ago. Ensure following proper coling procedures to ensure products cool to 41F or below. Removed by PIC  placed in shallow metal pans and placed in refrigerators,350  Longwood AVE,Boston,2115,156578,42.339072,-71.108098,2015
BPL Newsfeed Cafe,,,The Uncatered Affair Corp., ,32907,2011-12-13 12:49:12,2020-12-31 23:59:00,Active,FS,Eating & Drinking,HE_Fail,2015-03-13 10:48:30,08-3-305-307.11,*,Food Protection,2015-03-13 10:48:30,Fail,,remove all utensils from stagnate water,700   Boylston ST,Boston,2116,156199,42.349231,-71.078658,2015
BRADLEY LIQUORS,,HOFFMAN BARRY D TRST,DOUGLAS GORDON, ,21727,2012-01-17 16:38:30,2016-12-31 23:59:00,Inactive,RF,Retail Food,HE_Fail,2016-06-10 15:22:53,01-3-602.11 B2,***,Labeling of Ingredients,2016-06-10 15:22:53,Fail,,prepackaged food candy not labeled with Business name   address and list of ingredients,1252   Boylston ST,Boston,2215,18073,42.344737,-71.095964,2016
Breeze,,KWONG CHEUK LEUNG,Breeze Inc.,Andy LF Chan,351027,2019-09-23 12:08:34,2021-12-31 23:59:00,Active,FT,Eating & Drinking w/ Take Out,HE_Fail,2020-09-25 11:51:01,590.002(C)/2-102.12-C,*,(A) Certified Food Protection Manager (C),2020-09-25 11:51:01,Fail,,No CFPM certificate on site. Provide.,130   Jersey ST,Boston,2215,79709,42.34242,-71.09657,2020
BRICCO Restaurant/Bakery,,,DEPASQUALE,FRANK,20411,2012-01-31 14:46:44,2020-12-31 23:59:00,Active,FS,Eating & Drinking,HE_Fail,2016-11-21 09:11:17,30-5-203.14,**,Cross Connection Back Siphonage  Backflow,2016-11-21 09:11:17,Fail,,Sewage backup in basement kitchen / Establishment was not open and opertating at time / Rapid flow is on site for water removal and Master clean has been scheduled for a deep clean and sanitize after water is removed.,239   Hanover ST,Boston,2113,155944,42.363081,-71.054948,2016
BRIGHAM CIRCLE CHINESE FOOD,,,Qiu,Jia Xin,139590,2016-01-27 14:40:03,2020-12-31 23:59:00,Active,FT,Eating & Drinking w/ Take Out,HE_Fail,2015-07-01 12:58:40,22-4-601/602.11,**,Food Contact Surfaces Clean,2015-07-01 12:58:40,Fail,,clean can opener and  blade,728   Huntington AVE,Boston,2115,155913,42.333793,-71.105138,2015
Brown Brothers Harriman & Co.,,NEW ENGLAND TEL * TEL CO,Michael Dow, ,86701,2013-10-10 08:35:59,2020-12-31 23:59:00,Active,FS,Eating & Drinking,HE_Fail,2018-06-11 11:21:46,16-4-501.11/.15,*,Dishwashng Facilities,2018-06-11 11:21:46,Fail,,wash and rinse gauge currently not functioning properly. Repair both gauges.,185   Franklin ST,Boston,2110,60662,42.3554,-71.05482,2018
BROWN SUGAR CAFE,,CAROLINE S. JOLLIFFE ,CAROLINE S. JOLLIFFE,PRES.,21211,2012-01-04 19:11:17,2020-12-31 23:59:00,Active,FS,Eating & Drinking,HE_Fail,2015-11-24 12:53:47,23-4-602.13,*,Non-Food Contact Surfaces Clean,2015-11-24 12:53:47,Fail,,Exteriors of all bulk food bins soiled.Maintain clean,1033  Commonwealth AVE,Boston,2215,157617,42.352262,-71.121849,2015
Bruegger's,,IMPERIAL REALTY CO INC MASS,Bruegger's Enterprises Inc.,Attn: License & Permits,28437,2012-01-06 11:06:29,2017-12-31 23:59:00,Inactive,FT,Eating & Drinking w/ Take Out,HE_Fail,2015-10-07 13:05:31,22-4-601/602.11,**,Food Contact Surfaces Clean,2015-10-07 13:05:31,Fail,,Interior of ice machine with visible soils / Clean to remove.,91   Summer ST,Boston,2110,132057,42.353733,-71.058509,2015
Bubor Cha Cha,,YEE WILLIAM,Bubor Cha Cha Rest. Inc., ,129328,2014-06-30 12:56:41,2020-12-31 23:59:00,Active,FS,Eating & Drinking,HE_TSOP,2015-12-22 17:46:42,03-3-501.16,***,Hot Holding,2015-12-22 17:46:42,Fail,,hot hold of egg rolls @ 125f   ensure proper hot hold of 140f or above,41   Beach ST,Boston,2111,9390,42.351303,-71.060946,2015
BRUEGGER'S BAGEL BAKERY,,,Bruegger's Enterprises Inc.,Attn: License & Permits,20000,2012-01-06 11:16:59,2018-12-31 23:59:00,Inactive,FS,Eating & Drinking,HE_Fail,2016-01-12 14:03:20,13-2-304/402.11,*,Clean Cloths  Hair Restraint,2016-01-12 14:03:20,Fail,,Food handers not wearing hair restraints,644   Beacon ST,Boston,2201,158196,42.349456,-71.09557,2016
BRUEGGER'S BAGEL BAKERY No.  274,,BRUEGGERS BAGEL BAKERY #274,Bruegger's Enterprises Inc.,Attn: License & Permits,26153,2012-01-06 10:58:49,2020-12-31 23:59:00,Active,FT,Eating & Drinking w/ Take Out,HE_Fail,2016-01-28 10:16:57,17-4-302.14,*,Test Kit Provided,2016-01-28 10:16:57,Fail,,No test strips available at the time of the inspection. Provide.,7   School ST,Boston,2108,157985,42.357552,-71.058461,2016
Buco Trattoria,,ARTIST BUILDING 300 SUMMER,Hoxhallairi,Bledar,149466,2015-09-24 08:49:57,2020-12-31 23:59:00,Active,FT,Eating & Drinking w/ Take Out,HE_Fail,2015-09-17 12:40:36,16-4-501.11/.15,*,Dishwashng Facilities,2015-09-17 12:40:36,Fail,,Provide drain boards for the 3 compartment sink.,300   Summer ST,Boston,2210,131998,42.35003,-71.04923,2015
BUKOWSKI,,CAMBRIA- SCOTIA COMPANY,GORDON WILCOX, ,20751,2011-12-19 09:10:34,2020-12-31 23:59:00,Inactive,FS,Eating & Drinking,HE_Fail,2015-04-27 11:49:06,29-5-201/02.11,*,Installed and Maintained,2015-04-27 11:49:06,Fail,,restroom/repair mens room faucet,50   Dalton ST,Boston,2115,45832,42.347065,-71.085643,2015
Burger King,,JONDOC REALTY CO LLC,Two Guys Foods Inc.,Attn: Accounts Payable,20947,2012-01-12 12:00:30,2020-12-31 23:59:00,Active,FT,Eating & Drinking w/ Take Out,HE_Fail,2016-01-08 12:47:43,36-6-501.11-.12,*,Improper Maintenance of Floors,2016-01-08 12:47:43,Fail,,1. floor under fryer with grease build up  clean to remove 2. floor under counter with debris and sode spills  clean to remove,128  Tremont ST,Boston,2108,136812,42.35629,-71.06185,2016
Buttermilk & Bourbon,,,DARTCOM LLC/VENETIAN MGMNT, ,23943,2012-01-05 11:19:49,2020-12-31 23:59:00,Active,FS,Eating & Drinking,HE_Fail,2015-09-30 16:52:49,03-3-501.14,***,Cooling,2015-09-30 16:52:49,Fail,,Poatoes inside walk in unit store inside covered plastic containers registering 82F. PIC stated that have been there for about 90 minutes and moved them to the freezer. Use proper cooling equipment and follow proper cooling methods.,160   Commonwealth AVE,Boston,2116,37896,42.35128,-71.07865,2015
By Chloe,,ROCKWOOD ABBEY FEE LLC,Wasser,Samatha,354679,2018-08-28 07:54:07,2020-12-31 23:59:00,Active,FS,Eating & Drinking,HE_Filed,2018-08-27 12:47:52,02-3-602.11-.12/3-302.12,*,Food Container Labels,2018-08-27 12:47:52,Fail,,Provide labels on all bulk storage bins. PIC corrected on site.,399   Boylston ST,Boston,2116,18319,42.35179,-71.07209,2018
By Chloe`,,PAGOUNIS GEORGE,Harber,Samantha,174001,2017-06-02 13:10:24,2020-12-31 23:59:00,Active,FS,Eating & Drinking,HE_Fail,2018-01-07 08:17:55,29-5-201/02.11,*,Installed and Maintained,2018-01-07 08:17:55,Fail,,Repair broken pipe in ceiling.,1325  Boylston ST,Boston,2215,18092,42.34447,-71.09917,2018
C V S/Pharmacy No.  8988,,  ,CVS PHARMACY INC.,Lic. Dept. Mail Code 1160,34759,2011-12-28 12:25:13,2020-12-31 23:59:00,Active,RF,Retail Food,HE_Fail,2017-09-19 14:17:03,35-6-501.111/.115,**,Insects  Rodents  Animals,2017-09-19 14:17:03,Fail,,Evidence of fruit fly activity in the back storage room near recycling and mop sink. Address and provide an up to date report addressing fruit fly issues.,17   Winter ST,Boston,2108,171880,42.355916,-71.06117,2017
C V S/Pharmacy No. 4666,,WEINREB ROGER L TS,CVS PHARMACY INC.,Lic. Dept. Mail Code 1160,74388,2011-12-28 12:28:23,2020-12-31 23:59:00,Active,RF,Retail Food,HE_Fail,2015-09-24 12:53:50,08-3-302.11/3-304.11,***,Separation  Segregation Cross Contamination,2015-09-24 12:53:50,Fail,,chemicals and laundry detergent bottles stored next to food products  provide proper seperation,104   Canal ST,Boston,2114,25412,42.3643,-71.06021,2015
Cafe 24,,BOSTON CONSERVATORY,Aramark Co.,Berkeley College of Music,130888,2014-10-16 08:46:05,2020-12-31 23:59:00,Active,FT,Eating & Drinking w/ Take Out,HE_Fail,2015-03-06 10:28:44,08-3-302.15,*,Washing fruits and veg's.,2015-03-06 10:28:44,Fail,,Observed employees cutting strawberries without washing- Discontinue and ensure fruits and vegetables are washed prior to prepping.,24   Fenway  ,Boston,2215,57434,42.34589,-71.09007,2015
Cafe 26,,CATHEDERAL CHURCH OF ST PAUL,Ibrahim,Ibrahim,79463,2012-08-01 09:46:46,2020-12-31 23:59:00,Active,FT,Eating & Drinking w/ Take Out,HE_Fail,2015-11-05 14:27:50,01-3-602.11 B2,***,Labeling of Ingredients,2015-11-05 14:27:50,Fail,,Items in grab and go without labels / Provide labels with ingredients,26  Temple PL,Boston,2111,134063,42.355396,-71.062051,2015
Cafe 472,,,Ali Orgad Pres., ,75652,2011-12-21 09:20:52,2020-12-31 23:59:00,Active,FT,Eating & Drinking w/ Take Out,HE_Fail,2015-02-18 14:13:53,22-4-601/602.11,**,Food Contact Surfaces Clean,2015-02-18 14:13:53,Fail,,Can opener soiled.Clean and sanitize properly.,472   Commonwealth AVE,Boston,2215,40985,42.34855,-71.09367,2015
Cafe 939,,WILLIAM NOLAN,Mackool,Jessica,28250,2012-01-06 15:00:28,2020-12-31 23:59:00,Active,FT,Eating & Drinking w/ Take Out,HE_Fail,2015-03-30 11:21:26,21-3-304.14,*,Wiping Cloths  Clean  Sanitize,2015-03-30 11:21:26,Fail,,Sponges used to wipe three bay sink or the equipment. Discontinue. Use wiping cloths.,939   Boylston ST,Boston,2115,158135,42.348238,-71.08505,2015
CAFE AT BARNES AND NOBLE,,TRUSTEES OF BOSTON UNIV,BARNES & NOBLE, ,20111,2011-12-28 09:02:51,2018-12-31 23:59:00,Inactive,FS,Eating & Drinking,HE_Fail,2015-08-18 13:36:42,19-4-501.18-.110,*,Wash Rinse Water Clean Proper Temperature.,2015-08-18 13:36:42,Fail,,High Temp Dishwasher registering only 110F during wash cycle. Repair to maintain 150F or above.,660  Beacon St,Boston,2215,12206,42.3493,-71.09619,2015
Cafe Bonjour,,FIFTY 5 TEMPLE PLACE ASSN,El Mokri,Driss,370810,2019-12-16 08:14:51,2020-12-31 23:59:00,Active,FT,Eating & Drinking w/ Take Out,HE_Fail,2019-12-04 12:32:37,590.004/4-302.12-PF,**,Food Temperature Measuring Devices (Pf),2019-12-04 12:32:37,Fail,,Cold units missing internal thermometers  supply,55  Temple Pl,Boston,2111,134076,42.354894,-71.061756,2019
Cafe De Lulu,,SIK FAN CHOY WONG,Tianjin Inc., ,33276,2012-02-06 11:19:21,2015-12-31 23:59:00,Inactive,FT,Eating & Drinking w/ Take Out,HE_Fail,2015-05-29 11:10:31,03-3-501.16,***,Hot Holding,2015-05-29 11:10:31,Fail,,Spareribs sitting out at 114F / Provide proper holding temperatures.,40   Harrison AVE,Boston,2111,156634,42.351661,-71.060969,2015
CAFE DES ARTS,,MUSEUM OF FINE ARTS,CAFE DES ARTS, ,22245,2011-12-20 11:58:56,2017-12-31 23:59:00,Inactive,FS,Eating & Drinking,HE_Fail,2015-09-22 13:42:41,29-5-201/02.11,*,Installed and Maintained,2015-09-22 13:42:41,Fail,,Water at handwash sink 85F. Ensure water is maintained at 110F for proper handwashing- Make proper repairs,230   Fenway ,Boston,2115,57433,42.33869,-71.09664,2015
Cafe Hemsin,,LOUIS SIRIGNANO,OZA INC., ,81326,2013-04-09 13:36:24,2016-12-31 23:59:00,Inactive,FT,Eating & Drinking w/ Take Out,HE_Fail,2015-03-25 14:26:29,01-3-602.11 B2,***,Labeling of Ingredients,2015-03-25 14:26:29,Fail,,Dessert items without labels / Provide proper labels with list of ingredients.,10   City Hall AVE,Boston,2108,158384,42.357965,-71.058998,2015
Cafe Landwer,,YU SHENG HSIUNG,Cafe Landwer,Landver Investors LLC,337377,2018-01-17 15:32:36,2020-12-31 23:59:00,Active,FS,Eating & Drinking,HE_Fail,2018-11-07 12:00:48,10-3-304.12,*,Food Utensil Storage,2018-11-07 12:00:48,Fail,,Observed in use utensils stored in stagnant water at room temperature. Discontinue  store on a clean/sanitized surface.,900   Beacon ST,Boston,2215,12379,42.34679,-71.10573,2018
Cafe Marliave,,,Herritt,Scott,29315,2012-01-26 11:03:24,2020-12-31 23:59:00,Active,FS,Eating & Drinking,HE_Fail,2015-02-26 11:43:54,20-4-703.11,***,Food Contact Surfaces Clean,2015-02-26 11:43:54,Fail,,High temp rinse cycle 120-130F / Repair to provide 180F,10   Bosworth ST,Boston,2108,155889,42.356873,-71.06026,2015
Cafe Med,,RUGGERI FRANCESCO,C & M Ventures LLC,Emmanuel Linoxilakis,130617,2014-12-11 08:59:58,2020-12-31 23:59:00,Active,FT,Eating & Drinking w/ Take Out,HE_Fail,2015-02-20 12:24:57,14-4-202.11,*,Food Contact Surfaces Design,2015-02-20 12:24:57,Fail,,Several cutting boards heavily scored. Resurface or replace.,31   Saint James AVE,Boston,2116,155769,42.351109,-71.07458,2015
CAFE PODIMA,,  ,Noah Cafe Inc., ,78079,2012-03-14 09:05:04,2017-12-31 23:59:00,Inactive,FT,Eating & Drinking w/ Take Out,HE_Fail,2015-12-07 12:29:20,22-4-601/602.11,**,Food Contact Surfaces Clean,2015-12-07 12:29:20,Fail,,1. slicer with old soils  clean to remove 2. 2 can openers with old soils  clean to remove,156   Cambridge ST,Boston,2114,340670,42.360947,-71.064886,2015
CAFE POMPEI,,FEDERAL INVESTMENTS INC,FRANK PEZZANO, ,22175,2011-12-13 11:25:31,2016-12-31 23:59:00,Inactive,FS,Eating & Drinking,HE_Fail,2015-09-10 11:55:55,01-3-202.18,**,Shellstock ID,2015-09-10 11:55:55,Fail,, ,280  Hanover St,Boston,2113,69079,42.36392,-71.05459,2015
Cafe SuSu,,CIMINO JOSEPH P,De Jong,Fokke,351876,2018-06-27 15:40:07,2020-12-31 23:59:00,Active,FS,Eating & Drinking,HE_Fail,2019-11-27 10:58:03,590.004/4-501.114-P,***,Manual and Mechanical Warewashing Equipment  Chemical Sanitization-Temperature  pH  Concentration and Hardness (P),2019-11-27 10:58:03,Fail,,Chlorine sanitizer measured at 0ppm at time of inspection. Discontinue use of machine. Disposable products to be used until repairs are made. Call made to Ecolab at time of inspection,240A  Newbury St,Boston,2116,101454,42.34946,-71.08224,2019
Cafeteria Boston,,G S PARTNERS,Cameron Grob George Aboujaoude,Eric Santiago,28689,2012-02-13 10:32:07,2020-12-31 23:59:00,Active,FS,Eating & Drinking,HE_Fail,2015-01-09 13:09:27,10-3-304.12,*,Food Utensil Storage,2015-01-09 13:09:27,Fail,,Pizza peel stored on a soiled surface. Store properly.,279   Newbury ST,Boston,2116,101491,42.34938,-71.084014,2015
CAFFE BELLAVITA,,CHIU YU HSI,MOMANI,MOHAMED,19583,2012-01-12 13:08:51,2019-12-31 23:59:00,Active,FS,Eating & Drinking,HE_Fail,2015-02-19 12:25:30,02-3-602.11-.12/3-302.12,*,Food Container Labels,2015-02-19 12:25:30,Fail,,No labels on bulk food bins. Provide.,30   Charles ST,Boston,2108,29150,42.356847,-71.070066,2015
Caffe Bene,,  ,Chen & Chen Brothers Inc., ,125889,2014-08-14 10:37:36,2020-12-31 23:59:00,Active,FS,Eating & Drinking,HE_Fail,2018-08-27 14:46:46,41-7-201/04.11,***,Separation/Sanitizer Criteria,2018-08-27 14:46:46,Fail,,Chlorine sanitizer vset up in 3 bay sink at 200ppm  Maintain at 50-100ppm,333   Massachusetts AV,Boston,2115,271270,42.34224,-71.08468,2018
Caffe Lil Italy,,FINOCCHIARO LUCILLE TS,Raluca Inc.,Carla Gomes,74781,2012-02-29 12:16:04,2020-12-31 23:59:00,Active,FS,Eating & Drinking,HE_Fail,2015-03-02 13:06:43,08-3-305-307.11,*,Food Protection,2015-03-02 13:06:43,Fail,,Remove ceramic plates from on top of the ice machine,178   Salem ST,Boston,2113,121822,42.36652,-71.05478,2015
Caffe Strega,,,Varano,Nick,128585,2014-06-25 13:45:31,2020-12-31 23:59:00,Active,FT,Eating & Drinking w/ Take Out,HE_Fail,2015-10-05 12:34:49,20-4-703.11,***,Food Contact Surfaces Clean,2015-10-05 12:34:49,Fail,,repair high temp dishmachine,175  Huntington AVE,Boston,2115,344785,42.34493,-71.082807,2015
Caffe Nero,,TEN47 COMMONWEALTH LLC,Caffe Nero,Att: Accounts Payable,317664,2017-07-24 08:40:59,2020-12-31 23:59:00,Active,FS,Eating & Drinking,HE_Fail,2019-01-24 14:14:00,08-3-305-307.11,*,Food Protection,2019-01-24 14:14:00,Fail,,Clean utensils/equipment storage shelves placed next to the mops and brooms. Separate properly.  Water filter acumulating water due to what appears as condensation  and leaking on a shelf where clean equipment is stored.  Cover properly the water filters  or remove the equipment.,1047   Commonwealth AVE,Boston,2134,36982,42.35238,-71.12258,2019
Caffe Nero,,U I D C OF MASS INC,Caffe Nero Americas LTD,Att: Licensing,392803,2019-11-26 09:20:45,2020-12-31 23:59:00,Active,FS,Eating & Drinking,HE_Fail,2019-10-22 08:06:49,590.006/6-501.11-C,*,Repairing-Premises  Structures  Attachments  and Fixtures-Methods (C),2019-10-22 08:06:49,Fail,,provide smooth walls/ceiling and floor at paper storage area in rear hallway,100  Huntington AVE,Boston,2116,76237,42.34721,-71.0782,2019
Caffe Nero,,UNITED COMPANY THE,Caffe Nero,Michael F. Deegan,354434,2018-06-01 07:47:45,2020-12-31 23:59:00,Active,FS,Eating & Drinking,HE_Fail,2018-08-31 08:42:08,01-3-602.11 B2,***,Labeling of Ingredients,2018-08-31 08:42:08,Fail,,Products in grab and go cooler with no labels indicating ingredients- Provide,189   Massachusetts AVE,Boston,2115,92019,42.34531,-71.08717,2018
Caffe Strega,,GLB SUMMER I LLC,Varano,Nick,342518,2018-05-01 10:01:52,2020-12-31 23:59:00,Active,FT,Eating & Drinking w/ Take Out,HE_Fail,2018-10-11 08:30:15,03-3-501.16(A),***,Cold Holding,2018-10-11 08:30:15,Fail,,1) Salads @ 58f  ensure porper cold hold of 41f or below  2) Hard boiled Eggs @ 56f  ensure proper cold hold of 41f or below  3) Yogurt @ 58f  ensure proper cold hold of 41f or below,99  Summer ST,Boston,2110,132058,42.35349,-71.05866,2018
Caffe Vittoria,,RICCIO GENNARO,RICCIO,Gerald,18572,2011-12-15 13:35:25,2020-12-31 23:59:00,Active,FS,Eating & Drinking,HE_Fail,2015-05-13 10:09:36,01-3-201.11,***,Approved Source,2015-05-13 10:09:36,Fail,,Some foods are being purchased from Market Basket - Food code states that a restaurant shall only purchese foods from licensed wholesalers only,290   Hanover ST,Boston,2113,69102,42.364098,-71.054401,2015
CALIFORNIA PIZZA KITCHEN,,  ,CALIFORNIA PIZZA KITCHEN,INC. LIC.DIV.,19754,2012-04-03 13:47:18,2020-12-31 23:59:00,Active,FS,Eating & Drinking,HE_Fail,2015-03-31 10:04:37,23-4-602.13,*,Non-Food Contact Surfaces Clean,2015-03-31 10:04:37,Fail,,take out station/clean interior of all reach in units and silver shelving,800   Boylston ST,Boston,2199,194357,42.34716,-71.08251,2015
CANTINA ITALIANA,,FIUMARA PETER J TS,COLELLA,FLORINDO,19123,2011-12-15 11:06:27,2019-12-31 23:59:00,Inactive,FS,Eating & Drinking,HE_Fail,2016-06-23 13:25:58,10-3-304.12,*,Food Utensil Storage,2016-06-23 13:25:58,Fail,,Utensils stored in stagnant water / Discontinue and properly store.,344   Hanover ST,Boston,2113,69114,42.36503,-71.05348,2016
CAPITAL GRILLE,,MASSACHUSETTS CONVENTION,Capital Grille Holdings Inc.,Lic. Dept.,74599,2012-01-31 13:26:10,2020-12-31 23:59:00,Active,FS,Eating & Drinking,HE_Fail,2015-04-28 10:04:48,23-4-602.13,*,Non-Food Contact Surfaces Clean,2015-04-28 10:04:48,Fail,,wait station/clean interior of condensor cabinet,880  Boylston St,Boston,2199,18415,42.34753,-71.08411,2015
CAPITOL COFFEE HOUSE,,MAIONE SEBASTIANO,MAIONE,SEBASTIANO,18939,2011-12-29 10:53:33,2020-12-31 23:59:00,Active,FS,Eating & Drinking,HE_Fail,2016-03-30 13:53:15,15-4-202.16,*,Non-Food Contact Surfaces,2016-03-30 13:53:15,Fail,,Shelving in rear dry food good storage area with exposed raw wood and peeling paint. Shelving support in dishroom constructed of raw wood. Resurface to maintain smooth  durable nonaborbent and easily cleanable.,122   Bowdoin ST,Boston,2108,158010,42.358885,-71.062751,2016
CAPPY'S PIZZA & SUBS,,,CAPPY'S PIZZA & SUBS, ,23059,2012-02-21 14:24:38,2020-12-31 23:59:00,Active,FT,Eating & Drinking w/ Take Out,HE_Fail,2015-10-01 14:08:38,03-3-501.16(A),***,Cold Holding,2015-10-01 14:08:38,Fail,,Multiple sliced deli meats at 49F-54F with wax paper under product in serviceline. Discontinue and ensure product cold held at 41F or below. Sliced Turkey 49F  Sliced Roast Beef 54F.,82   Westland AVE,Boston,2115,156244,42.343727,-71.089581,2015
Carmelina's North End,,DIPAOLA CARMELA TS,Di Paola,Damien,29380,2012-02-15 13:10:51,2020-12-31 23:59:00,Active,FS,Eating & Drinking,HE_Closure,2018-02-16 13:57:54,03-3-501.16(A),***,Cold Holding,2018-02-16 13:57:54,Fail,,The items on the top of the large flip top unit on the line are elevated and containers are overstocked; risotto 48F  chicken 50F.  Provide proper cold holding of 41F or below.  (manager removed some of the product so items were below the fill lines),307   Hanover ST,Boston,2113,69105,42.36388,-71.05416,2018
Carrie Nation,,  ,Jackeens Inc., ,86539,2013-06-07 15:02:49,2020-12-31 23:59:00,Active,FS,Eating & Drinking,HE_Fail,2015-10-02 13:06:25,08-3-305-307.11,*,Food Protection,2015-10-02 13:06:25,Fail,,Ceiling tiles missing at service line  replace to avoid potentail contamination,11   Beacon ST,Boston,2108,183546,42.35838,-71.06178,2015
Casa Razbora,,KAPLANIDIS JOHN,Giancarlo Baldini/Robert Santini, ,74564,2012-02-10 08:42:20,2020-12-31 23:59:00,Active,FT,Eating & Drinking w/ Take Out,HE_Fail,2015-05-07 14:35:19,37-6-501.11-.12,*,Improper Maintenance of Walls/Ceilings,2015-05-07 14:35:19,Fail,,Hood tag expired at the end of April 2015.  Hood cleaning company scheduled for Wednesday 5-13-15.,115   Water ST,Boston,2109,146292,42.35805,-71.05461,2015
Casa Razdora,,,Casa Razdora Enterprises Inc.,Att: Accounts Payable,391438,2019-10-10 11:24:41,2020-12-31 23:59:00,Active,FT,Eating & Drinking w/ Take Out,HE_Fail,2020-01-27 11:02:07,590.003/3-304.14-C,*,Wiping Cloths  Use Limitation (C),2020-01-27 11:02:07,Fail,,Keep all in use wiping coths in a sanitizing solution when not in use.,176   Federal ST,Boston,2110,155873,42.353508,-71.055899,2020
CASA ROMERO,,THIRTY GLOUCESTER ST,Du Four's,Inc.,25332,2012-01-24 12:58:19,2020-12-31 23:59:00,Active,FS,Eating & Drinking,HE_Fail,2015-10-06 17:54:09,02-3-602.11-.12/3-302.12,*,Food Container Labels,2015-10-06 17:54:09,Fail,,Several bulk food containers missing labels. Provide.,30   Gloucester ST,Boston,2115,64941,42.349444,-71.084498,2015
CAUSEWAY CAFE,,BEVERLY-BOSTON LP,kottat,abdeslam,22613,2012-02-23 13:15:49,2019-12-31 23:59:00,Inactive,FT,Eating & Drinking w/ Take Out,HE_Fail,2016-01-25 13:10:33,04-3-501.15/4-301.11,*,Inadequate Facilities/Cooling Methods,2016-01-25 13:10:33,Fail,,Chicken being held in plastic pan in back area sandwich unit with temperature of 75F. PIC stated cooked one hour prior. Ensure proper cooling methods from 140F to 70F within two hours and from 70F to 41F or below within additional 4 hours . PIC took corrective action and immersed pan of chicken in ice bath.,239   Causeway ST,Boston,2114,26609,42.36611,-71.05943,2016
Cava,,BK BOYLSTON LLC,Cava Mezze Grill #060,c/o GFTC  LLC,342005,2018-01-18 08:10:36,2020-12-31 23:59:00,Active,FS,Eating & Drinking,HE_Fail,2020-01-02 11:57:59,590.003/3-302.12-C,*,Food Storage Containers Identified with Common Name of Food (C),2020-01-02 11:57:59,Fail,,Provide labels on all bulk storage containers.,1350  Boylston St,Boston,2215,18095,42.34381,-71.09952,2020
Center Stage @ Emerson,,,Bon Appetit Management Co.,Att: Accounts Payable,403740,2019-09-17 14:47:38,2020-12-31 23:59:00,Active,FS,Eating & Drinking,HE_Fail,2019-09-11 12:35:30,590.004/4-501.112-PF,**,Mechanical Warewashing Equipment  Hot Water Sanitization Temperatures (Pf),2019-09-11 12:35:30,Fail,,High temp dish machine hot water sanitizer temp reading 135-140F.Repair Maintain hot water sanitizer temp 180-194F or per manufactures instructions. 3 bay sink is available on site for warewashing,116   Boylston ST,Boston,2116,157533,42.352228,-71.065638,2019
Centerplate @ Blue Hills Bank Pavilion,,SHEEREE,BCG/Centerplate,Att: licensing,21400,2012-02-21 10:04:22,2020-12-31 23:59:00,Active,FT,Eating & Drinking w/ Take Out,HE_Fail,2015-06-12 11:38:06,23-4-602.13,*,Non-Food Contact Surfaces Clean,2015-06-12 11:38:06,Fail,,clean all counter tops and table tops at the Regina pizza station. Clean all cooking equipment at the Batter Up Street concession stand.,290   Northern AV,Boston,2210,157014,42.348163,-71.03656,2015
Centerplate @ ORPHEUM THEATRE,,  ,BCG/Centerplate,Att: licensing,21649,2012-02-21 10:13:23,2020-12-31 23:59:00,Active,FT,Eating & Drinking w/ Take Out,HE_Filed,2017-12-01 13:02:28,23-4-602.13,*,Non-Food Contact Surfaces Clean,2017-12-01 13:02:28,Fail,,Interior of the second floor beer cooler visibly soiled. Clean to remove.,1   Hamilton PL,Boston,2108,165924,42.356225,-71.060994,2017
Central Wharf Co.,,ONE 60-166 MILK STREET LP,CHRISTINE FREEMAN PRES., ,19691,2011-12-30 10:35:15,2020-12-31 23:59:00,Active,FS,Eating & Drinking,HE_Fail,2016-02-17 10:58:53,03-3-501.16,***,Hot Holding,2016-02-17 10:58:53,Fail,,Pulled pork in staem table at 116F. Discontinue and ensure all potentialy hazardous foods are being maintained at 140F and higher. Pulled pork to be reheated at the time of the inspection to 165F to ensure no bacterial growth.,160   Milk ST,Boston,2109,95433,42.358689,-71.052756,2016
Chandler Inn/Trophy Room,,  ,Berkely Chandler Inc.,Clifford Long,342567,2017-10-06 08:46:27,2018-12-31 23:59:00,Inactive,FS,Eating & Drinking,HE_Fail,2017-08-10 09:20:16,08-3-302.11/3-304.11,***,Separation  Segregation Cross Contamination,2017-08-10 09:20:16,Fail,,Raw fish stored on top of salad/sandwich unit with ready to eat foods - 1 st. floor prep Raw eggs stored above ready to eat foods. Raw chicken  ground beef  beef and fish stored together and with ready to eat foods - Walk in units,26  Chandler ST,Boston,2116,163125,42.346944,-71.070606,2017
CHARLES STREET LIQUORS,,,CHARLES STREET LIQUORS, ,24518,2012-01-25 15:29:46,2018-12-31 23:59:00,Inactive,RF,Retail Food,HE_Fail,2017-05-15 09:35:24,15-4-202.16,*,Non-Food Contact Surfaces,2017-05-15 09:35:24,Fail,,"Using crates for shelving - provide proper shelving 6"" above the floor - Basement",143   Charles ST,Boston,2114,157547,42.360314,-71.07057,2017
CHARLESMARK HOTEL,,HAJJAR CHARLES C TS,CHARLESMARK HOTEL LLC./MARK HAGOPIAN, ,24092,2011-12-29 13:47:56,2020-12-31 23:59:00,Active,FS,Eating & Drinking,HE_Fail,2018-01-29 11:02:53,17-4-204.112/.115,*,Equipment Thermometers,2018-01-29 11:02:53,Fail,,Provide working internal thermometers in all refrigeration units.,655   Boylston ST,Boston,2116,18370,42.35004,-71.07857,2018
Charley's Philly Steak,,  ,Charley Corner Corp.,You Qin Wu,112554,2014-05-22 12:43:43,2020-12-31 23:59:00,Active,FT,Eating & Drinking w/ Take Out,HE_Fail,2016-02-11 10:38:15,16-4-301.12,*,Three Compartment Sink,2016-02-11 10:38:15,Fail,,Drain plug for the 3 bay sink damaged. Replace.,417   Washington ST,Boston,2108,331487,42.35582,-71.0604,2016
Charlie's,,  ,Deluty,Evan,140771,2016-01-15 08:09:12,2017-12-31 23:59:00,Inactive,FS,Eating & Drinking,HE_Fail,2016-06-07 11:26:01,15-4-202.16,*,Non-Food Contact Surfaces,2016-06-07 11:26:01,Fail,,Reach in/Flip top unit registering 50-55F.Interior product 50-55F.Repair.PIC removed all product to alternate refrigeration.,429   Columbus AVE,Boston,2116,211952,42.34413,-71.07777,2016
CHART HOUSE,,,CHLN INC./LICENSING DEPT., ,22388,2012-01-12 16:34:26,2020-12-31 23:59:00,Active,FS,Eating & Drinking,HE_Fail,2016-08-26 10:48:08,37-6-201.11,*,Walls/Ceilings Designed Constructed Installed,2016-08-26 10:48:08,Fail,,Outside delivery door with loose hinges and daylighting emiting from top of door. Seal all outer openings and reinforce door(s). Repair.,60  Long WHF,Boston,2110,87098,42.360178,-71.049411,2016
CHARTWELLS @ SNELL LIBRARY,,DAKA,Chartwells,Timothy Cooney,21845,2011-12-13 12:34:22,2020-12-31 23:59:00,Active,FS,Eating & Drinking,HE_Fail,2016-02-01 12:10:25,32-6-301.11-02.11,*,Hand Cleaner  Drying  Tissue Signage,2016-02-01 12:10:25,Fail,,The handsink in the front has no soap.  Provide soap. Paper towels are outside of dispenser.  Store towels properly.,376  Huntington AVE,Boston,2115,157631,42.338435,-71.087998,2016
Chartwells Churchill Cafe,,  ,Northeastern Univ.,Chartwells,434975,2020-09-24 13:12:23,2020-12-31 23:59:00,Active,FT,Eating & Drinking w/ Take Out,HE_Fail,2020-09-14 10:23:37,590.004/4-501.11-C,*,Good Repair and Proper Adjustment-Equipment (C),2020-09-14 10:23:37,Fail,,Reach in/open top units #1 & 6 not operating.Repair. PIC states parts are on order units are out of service until full repairs are complete. Alternate refrigeration units are available for use,380  Huntington AVE,Boston,2115,166412,42.33879,-71.088872,2020
Chatime,,  ,Li,Jiawei,128825,2014-11-25 08:54:23,2020-12-31 23:59:00,Active,FS,Eating & Drinking,HE_Fail,2015-02-18 14:25:44,08-3-305-307.11,*,Food Protection,2015-02-18 14:25:44,Fail,,Observed food products being prepared in wash  rinse and sanitizing bay of 3 bay sink. Discontinue and provide proper location for food preparation or use only rinse bay after properly washing and sanitizing.,331  Huntington AVE,Boston,2115,166410,42.340892,-71.088382,2015
Chatime,,BAKAS IRENE G,Wang,Shiquan,112559,2015-01-21 10:39:24,2016-12-31 23:59:00,Inactive,FT,Eating & Drinking w/ Take Out,HE_Fail,2015-03-23 12:15:41,08-3-305-307.11,*,Food Protection,2015-03-23 12:15:41,Fail,,Several food containers storedon the floor at the warewash area. Elevate 6 inches or above.,251   Newbury ST,Boston,2116,101467,42.349732,-71.082877,2015
Chatime,,WONG JANEY,Li,Jiawei,128826,2014-11-19 11:05:05,2018-12-31 23:59:00,Inactive,FS,Eating & Drinking,HE_Fail,2015-06-17 13:19:15,08-3-305-307.11,*,Food Protection,2015-06-17 13:19:15,Fail,,"Gallons of milk stored in middle of walk in floor / Elevate at least 6"" off of floor to ensure proper protection during storage.",18  Hudson ST,Boston,2111,75857,42.35052,-71.059999,2015
"Cheeseboy ""Grilled Cheese To Go""",,GEORGE R. CHAPDELAINE ,Michael Inwald Pres., ,73921,2012-02-01 13:32:15,2016-12-31 23:59:00,Inactive,FT,Eating & Drinking w/ Take Out,HE_Fail,2016-04-29 11:56:26,35-6-501.111/.115,**,Insects  Rodents  Animals,2016-04-29 11:56:26,Fail,,1) mouse droppings found under cabinets of service area  clean to remove 2) Droppings found under one door cold unit  clean to remove 3) Droppings found throughout basement storage  clean to remove,630   Atlantic AVE,Boston,2111,157660,42.352031,-71.055038,2016
CHEQUERS EXPRESS,,,MANUEL S. SARKIS, ,20814,2012-02-13 11:08:36,2017-12-31 23:59:00,Inactive,FS,Eating & Drinking,HE_Fail,2015-11-30 13:30:08,590.009(E),*,Anti-Choking,2015-11-30 13:30:08,Fail,, ,100 E Newton ST,Boston,2118,155992,42.336297,-71.070069,2015
Chickadee,,  ,Chickadee LLC,John DaSilva,349944,2018-07-11 07:55:39,2020-12-31 23:59:00,Active,FS,Eating & Drinking,HE_Fail,2019-04-25 10:11:08,03-3-403.11,***,Reheating,2019-04-25 10:11:08,Fail,,Establishment utilizing a sous vide machine at 115F to rethermalize soft cooked boiled eggs. Discontinue. Non continous cooked foods must be rethermalized according to 3-401.11. Handout provided. Discontinue. COS. Establishment to cook soft boiled eggs to order.,21   Dry Dock AVE,Boston,2210,164542,42.344254,-71.030938,2019
Chicken and Rice Guys,,TENAGLIA RALPH,So,Ian,140159,2015-05-14 08:34:17,2020-12-31 23:59:00,Active,FT,Eating & Drinking w/ Take Out,HE_Fail,2015-04-16 11:08:56,15-4-202.16,*,Non-Food Contact Surfaces,2015-04-16 11:08:56,Fail,,Grease trap with visible soils and rusting in spots / Clean and repaint.,85   Bedford ST,Boston,2111,156236,42.353107,-71.05868,2015
CHICKEN LOU'S,,,DAVID FERRETTI, ,19797,2012-02-01 11:05:08,2020-12-31 23:59:00,Active,FT,Eating & Drinking w/ Take Out,HE_Fail,2015-09-21 11:08:00,03-3-501.16,***,Hot Holding,2015-09-21 11:08:00,Fail,,Multiple products in hot hold line at sandwich station at temperatures 0f 95F-110F. Cooked chicken 96F  Marinara 98F  Chili 100F. Products in hot hold for less than 2 hours. Removed at time of inspection and reheated to 165F. Ensure products are hot held at 140F or above.,50   Forsyth ST,Boston,2115,155870,42.33924,-71.090258,2015
Chili Duck,,EIGHT 27 BOYLSTON ST BOSTON,Happy Duck Inc., ,129102,2014-06-06 07:53:35,2018-12-31 23:59:00,Inactive,FS,Eating & Drinking,HE_Fail,2015-03-27 14:30:56,03-3-403.11,***,Reheating,2015-03-27 14:30:56,Fail,,Peanut sauce for hot holding 86F. Unit 145F.PIC stated it hasn't been re-heated. Re-heat properly at 165F or above before placing for hot holding.,829   Boylston ST,Boston,2116,18411,42.34894,-71.08267,2015
Chill Gelato,,,Turco,Vincent,361537,2018-06-20 09:22:11,2018-12-31 23:59:00,Inactive,FT,Eating & Drinking w/ Take Out,HE_Fail,2018-06-11 10:08:43,04-3-501.15/4-301.11,*,Inadequate Facilities/Cooling Methods,2018-06-11 10:08:43,Fail,,No freezers on site  no commerial refrigeration on site. Provide NSF grade commercial refrigeration.,1   Design Center PL,Boston,2210,340154,42.344195,-71.03343,2018
Chilton Club,,CHILTON CLUB,CHILTON CLUB, ,18352,2012-02-13 11:01:45,2020-12-31 23:59:00,Active,FS,Eating & Drinking,HE_Fail,2017-11-21 08:35:54,10-3-304.12,*,Food Utensil Storage,2017-11-21 08:35:54,Fail,,Utensils stored in water at 95F. Ensure stored at 140F or above  in product or clean and dry,150  Commonwealth AVE,Boston,2116,156420,42.351524,-71.077811,2017
CHINA GOURMET RESTAURANT,,GEE HOW OAK TIN ASSOC,XIAN RONG ZENG, ,22160,2012-03-09 11:38:52,2020-12-31 23:59:00,Active,FS,Eating & Drinking,HE_Fail,2016-06-29 12:24:32,08-3-302.11/3-304.11,***,Separation  Segregation Cross Contamination,2016-06-29 12:24:32,Fail,,raw squid and fish stored above ready to eat foods  store below ready to eat foods,23  Tyler St,Boston,2111,138816,42.350769,-71.060935,2016
CHINA HOUSE,,D'AMELIO GEORGE,LAUREN CHAW,CHINA HOUSE,21123,2012-05-29 11:20:00,2020-12-31 23:59:00,Active,FT,Eating & Drinking w/ Take Out,HE_Fail,2015-06-09 11:57:41,03-3-501.16,***,Hot Holding,2015-06-09 11:57:41,Fail,,Chicken fingers are 100F out at room temperature - maintain above 140F as discussed,331   Hanover ST,Boston,2113,69110,42.3642,-71.05382,2015
China King Restaurant,,YEE EDISON,Asia King Inc., ,78330,2012-03-14 08:35:13,2020-12-31 23:59:00,Active,FS,Eating & Drinking,HE_FailExt,2015-03-20 11:02:51,16-4-301.12,*,Three Compartment Sink,2015-03-20 11:02:51,Pass,2015-03-20 15:27:22,Provide plugs for each bay of 3 bay sink.,60   Beach ST,Boston,2111,9396,42.35141,-71.06013,2015
China Pearl Restaurant,,WONG FRANK,Moy,Patricia,18493,2011-12-09 09:39:36,2020-12-31 23:59:00,Active,FS,Eating & Drinking,HE_Fail,2015-06-04 13:55:11,08-3-305-307.11,*,Food Protection,2015-06-04 13:55:11,Fail,,Observed containers of raw chicken stored above containers of vegetables / Re-organize walk in to provide proper food protection during storage.,9   Tyler ST,Boston,2111,158001,42.351085,-71.060788,2015
Chinatown Cafe,,HOO SOO MARY R,Chinatown Cafe Inc., ,67821,2011-12-15 14:05:21,2020-12-31 23:59:00,Active,FS,Eating & Drinking,HE_Fail,2016-02-03 10:58:30,03-3-501.16(A),***,Cold Holding,2016-02-03 10:58:30,Fail,,1. Raw ducks @ 54f  ensure proper cold hold of 41f or below,262  Harrison Av,Boston,2111,155728,42.347469,-71.06253,2016
Chipotle Mexican Grill,,,Chipotle Mexican Grill,Att: Licensing,161316,2016-06-23 10:22:13,2020-12-31 23:59:00,Active,FS,Eating & Drinking,HE_Fail,2017-01-23 11:52:58,37-6-201.11,*,Walls/Ceilings Designed Constructed Installed,2017-01-23 11:52:58,Fail,,No hood sticker on hood from Professional Hood Company for inspection or cleaning - Provide hood sticker and report,8   Park PLZ,Boston,2116,155883,42.351362,-71.06874,2017
Chipotle Mexican Grill No. 1520,,CAPITAL CROSSING BANK,Chipotle Mexican Grill,Att: Licensing,68242,2012-02-14 14:54:25,2020-12-31 23:59:00,Active,FS,Eating & Drinking,HE_Fail,2015-12-10 11:48:53,17-4-302.14,*,Test Kit Provided,2015-12-10 11:48:53,Fail,,no test kit to measure chlorine sanitizer  supply,101   Summer ST,Boston,2110,131979,42.35362,-71.05824,2015
Chipotle Mexican Grille,,HISTORIC BOSTON INC,Chipotle Mexican Grill,Att: Licensing,75760,2012-03-14 09:38:40,2020-12-31 23:59:00,Active,FS,Eating & Drinking,HE_Fail,2015-01-20 14:22:47,03-3-501.16(A),***,Cold Holding,2015-01-20 14:22:47,Fail,,Guacamole 51F / Provide proper cold hold temperatures.,283   Washington ST,Boston,2108,144562,42.357563,-71.058423,2015
Choat Hall & Stewart,,KENWELL FITNESS PROGRAM I NC.,Lessing's Food Service Management, ,76230,2012-01-06 13:42:59,2020-12-31 23:59:00,Active,FS,Eating & Drinking,HE_Filed,2016-09-15 13:39:33,08-3-305-307.11,*,Food Protection,2016-09-15 13:39:33,Fail,,Clean pots and pans observed being stored under the pipe of the single bay sink. Discontinue and store all equipment in clean and protected area's.,150   Oliver ST,Boston,2110,156011,42.355634,-71.05221,2016
Church,,TUTUNJIAN EDWARD J TS,L L C,Alpha One,28284,2012-02-13 10:59:09,2015-12-31 23:59:00,Inactive,FS,Eating & Drinking,HE_Filed,2015-03-18 14:40:35,36-6-201.11,*,Floors Designed Constructed Installed,2015-03-18 14:40:35,Fail,,The floors are soiled in the dry storage area.  Clean to remove.,69  Kilmarnock St,Boston,2215,81581,42.34258,-71.09953,2015
Chutney's,,,Sarkar International Inc.,Sanjay Kansayra,127498,2014-11-19 11:03:38,2016-12-31 23:59:00,Inactive,FS,Eating & Drinking,HE_Fail,2015-11-12 15:15:23,02-3-602.11-.12/3-302.12,*,Food Container Labels,2015-11-12 15:15:23,Fail,,Multiple bulk food containers with no labels- Provide,173   Massachusetts AVE,Boston,2115,91978,42.34589,-71.08739,2015
Chutney's,,OMER HONCA,Kansagra,Sanjay,307281,2017-01-25 11:13:36,2020-12-31 23:59:00,Active,FS,Eating & Drinking,HE_Fail,2016-12-20 11:59:08,29-5-201/02.11,*,Installed and Maintained,2016-12-20 11:59:08,Fail,,There is only hot water in the employee bathroom.  Provide hot and cold water.,334   Massachusetts AVE,Boston,2115,156790,42.34261,-71.084169,2016
Cigar Masters,Cigar Masters,SALOMON MARISSA,Salomon,Brandon,17603,2008-07-07 14:41:26,2015-12-31 23:59:00,Inactive,FS,Eating & Drinking,HE_Closure,2015-07-01 08:59:00,02-3-305.11(2),1919,Food products protected against contamination(Properly covered/secured for overnight storage).,2015-07-01 09:01:00, ,,Test,745  Boylston ST,Boston,2116,156308,42.349421,-71.080611,2015
Cinis,,FABBO MAURIZIO A,Spagnuolo,Joe,411889,2019-11-20 08:43:13,2020-12-31 23:59:00,Active,FT,Eating & Drinking w/ Take Out,HE_Fail,2020-02-11 12:04:27,590.002(D)/2-103.11-PF,**,(A)-(P) Person-In-Charge-Duties (Pf),2020-02-11 12:04:27,Fail,,No allegen statement on menu or in restaurant.   Provide proper statement. PLEASE INFORM YOUR SERVER IF ANYONE IN YOUR PARTY HAS AND ALLEGY.,252   Friend ST,Boston,2114,60994,42.364494,-71.061192,2020
Citizen Public House & Oyster Bar,,  ,Dave Dubois, ,68543,2011-12-16 14:08:30,2020-12-31 23:59:00,Active,FS,Eating & Drinking,HE_Fail,2015-09-29 16:43:30,14-4-202.11,*,Food Contact Surfaces Design,2015-09-29 16:43:30,Fail,,Cutting boards at the cooking line heavily scored. Resurface or replace.  Plastic cups used to dispense bulk foods. Use handled cups.,1310   Boylston ST,Boston,2215,162466,42.344213,-71.097954,2015
Citra A Fresh Cafe,,BOSTON HOSPITAL FOR WOMEN,PMK FOODS INC., ,80224,2012-09-07 10:50:57,2020-12-31 23:59:00,Active,FT,Eating & Drinking w/ Take Out,HE_Fail,2015-03-09 12:28:48,23-4-602.13,*,Non-Food Contact Surfaces Clean,2015-03-09 12:28:48,Fail,,Numerous rodent droppings in area around soda lines  below equipment and on  window sills- Clean to remove,221   Longwood AVE,Boston,2115,87166,42.33724,-71.10217,2015
Citrus & Salt,,,142 Berkeley Street LLC,Jackson Gateman,97090,2013-10-21 10:24:59,2020-12-31 23:59:00,Active,FS,Eating & Drinking,HE_Fail,2015-03-09 13:45:42,15-4-202.16,*,Non-Food Contact Surfaces,2015-03-09 13:45:42,Fail,,provide adequate shelving for all condiment trays,142   Berkeley ST,Boston,2116,157823,42.348822,-71.072098,2015
City Produce,,WA IO MA  PRES.,C & W Market Inc., ,127935,2014-06-17 14:13:01,2015-12-31 23:59:00,Inactive,RF,Retail Food,HE_Fail,2015-03-12 14:22:35,17-4-204.112/.115,*,Equipment Thermometers,2015-03-12 14:22:35,Fail,,No thermometer in refrig.,231   Harrison AVE,Boston,2111,157644,42.347471,-71.063018,2015
City Sports,,,CITY SPORTS: JIM MALARKEY, ,20377,2012-01-18 18:10:17,2015-12-31 23:59:00,Inactive,RF,Retail Food,HE_Fail,2015-11-03 11:22:06,27-5-103.11-.12,***,Hot and Cold Water,2015-11-03 11:22:06,Fail,,restroom/repair hot water faucet/to provide hot running water,480   Boylston ST,Boston,2115,157318,42.350722,-71.073709,2015
City Tap House,,CFS SEAPORT LLC,CTH Holdings, ,163109,2017-01-09 16:47:50,2020-12-31 23:59:00,Active,FS,Eating & Drinking,HE_Fail,2018-07-16 13:03:40,08-3-302.11/3-304.11,***,Separation  Segregation Cross Contamination,2018-07-16 13:03:40,Fail,,Observed raw chicken being stored above ready to eat deserts in walkin cooler. Discontinue. Retrain staff. PIC took corrective action. Store raw PHF foods in a manner that prevents potential cross contamination.,374  Congress ST,Boston,2210,42114,42.34993,-71.04741,2018
Clarendon Wine Co.,,FIVE 57-561 BOYLSTON ST LLC,Kentucky Beverage Inc., ,78381,2012-03-21 12:53:32,2018-12-31 23:59:00,Inactive,RF,Retail Food,HE_Fail,2017-04-19 09:48:34,23-4-602.13,*,Non-Food Contact Surfaces Clean,2017-04-19 09:48:34,Fail,,Dusty throughout retail on shelving,561   Boylston ST,Boston,2116,18348,42.350679,-71.076273,2017
CLARKE'S,,21 MERCHANTS ROW CORP.,21 MERCHANTS ROW CORP., ,18796,2012-01-05 10:18:52,2020-12-31 23:59:00,Active,FS,Eating & Drinking,HE_Fail,2016-02-24 10:45:14,29-5-201/02.11,*,Installed and Maintained,2016-02-24 10:45:14,Fail,,Toilet in ladies room toilet flush valve in disrepair per PIC . Repair. Faucet in mens room leaking. Repair.,21   Merchants ROW,Boston,2109,156457,42.359461,-71.05548,2016
Clay Pot Cafe,,WONG JANEY,Yip Shing Corp., ,91913,2013-07-10 08:31:11,2020-12-31 23:59:00,Active,FS,Eating & Drinking,HE_Fail,2015-11-20 12:47:23,01-3-201.11,***,Approved Source,2015-11-20 12:47:23,Fail,,2 Turtles in establishment without invoices to verify species  embargo palced on Turtles until invoices presented to health department for verification,74  Kneeland St,Boston,2111,82319,42.350475,-71.060383,2015
CLERY'S,,ATG  INC.,ATG INC., ,20702,2011-12-19 12:27:12,2020-12-31 23:59:00,Active,FS,Eating & Drinking,HE_Fail,2015-01-02 10:19:51,15-4-202.16,*,Non-Food Contact Surfaces,2015-01-02 10:19:51,Fail,,walk in freezer/replace worn door gasket,331   Columbus AVE,Boston,2116,157607,42.346117,-71.075191,2015
Clover,,STARBUCKS COFFEE #7535,Muir,Ayr,156345,2016-02-01 08:32:11,2020-12-31 23:59:00,Active,FS,Eating & Drinking,HE_Fail,2016-08-11 10:34:37,17-4-302.14,*,Test Kit Provided,2016-08-11 10:34:37,Fail,,No test strips available for the sanitizer in the 3 bay sink and buckets. Provide.,27   School ST,Boston,2108,156054,42.357719,-71.05907,2016
Clover,,THE LANDMARK CONDO ASSN,Muir,Ayr,158462,2016-08-24 13:40:25,2020-12-31 23:59:00,Active,FS,Eating & Drinking,HE_Fail,2019-03-14 11:05:28,08-3-305-307.11,*,Food Protection,2019-03-14 11:05:28,Fail,,Two 2 burner ranges in use on top of the ice storage container in the service area. Remove both 2 burner ranges from use on top of the ice storage container and store only ice related materials on top of the ice storage container.,160   Federal ST,Boston,2110,57187,42.354049,-71.055925,2019
Clover Food Lab,,COMMUNITY CHURCH OF BOSTON,Clover Fast Food Inc.,Att: Accounts Payable,405568,2019-12-11 09:03:26,2020-12-31 23:59:00,Active,FT,Eating & Drinking w/ Take Out,HE_Fail,2020-10-26 10:44:08,590.002/2-501.11-PF,**,Clean-up of Vomiting and Diarrheal Events (Pf),2020-10-26 10:44:08,Fail,,No written procedures and kit is not complete I provided the operator the written procedures via email,565   Boylston ST,Boston,2116,18349,42.350654,-71.076368,2020
Club Cafe,,FRANCO CAMPANELLO/,RIBAUD,FRANK,18340,2011-12-14 11:20:25,2020-12-31 23:59:00,Active,FS,Eating & Drinking,HE_Fail,2015-06-01 12:29:41,10-3-304.12,*,Food Utensil Storage,2015-06-01 12:29:41,Fail,,bars/provide drain hoses to sosa guns,209   Columbus AVE,Boston,2116,156406,42.348549,-71.07237,2015
Cobblestones,,,Gomes,Carla,86647,2013-05-02 09:12:56,2020-12-31 23:59:00,Active,FT,Eating & Drinking w/ Take Out,HE_Fail,2015-03-31 11:13:52,10-4.302.11,*,Food Utensil Storage,2015-03-31 11:13:52,Fail,,One scoop being used to dispense eight different flavors of ice cream - was not being stored in a sanitizer - provide seperate scoops for each flavor to minimize potential allergy contamination -,227   Hanover ST,Boston,2113,156371,42.362972,-71.055089,2015
Coco Leaf,,CHATAL ASSOCS LPS,Om,Somath,395469,2019-07-03 11:26:46,2020-12-31 23:59:00,Active,FS,Eating & Drinking,HE_Fail,2019-06-03 14:58:18,05-4-302.12,*,Food Thermometers Provided,2019-06-03 14:58:18,Fail,,Provide thin probe thermometer,303   Newbury ST,Boston,2115,101539,42.34898,-71.08552,2019
College Club,,,EDITH TOTH GEN. MGR., ,18350,2011-12-07 15:04:43,2020-12-31 23:59:00,Active,FS,Eating & Drinking,HE_Fail,2015-04-02 11:45:26,14-4-202.11,*,Food Contact Surfaces Design,2015-04-02 11:45:26,Fail,,Some cutting boards heavily scored. Resurface or replace.,44   Commonwealth AVE,Boston,2116,40827,42.35273,-71.07335,2015
COLLEGE PIZZA,,,Beyaztas,Ali,93571,2013-07-30 09:42:36,2020-12-31 23:59:00,Active,FS,Eating & Drinking,HE_Fail,2017-04-03 14:04:04,17-4-302.14,*,Test Kit Provided,2017-04-03 14:04:04,Fail,,Test kit for sanitizer unavailable at time of inspection- Provide,50   Queensberry ST,Boston,2215,156080,42.342574,-71.097279,2017
Colonnade Hotel,,DRUKER,DRUKER,RONALD,18614,2012-02-06 13:15:05,2020-12-31 23:59:00,Active,FS,Eating & Drinking,HE_Fail,2015-02-24 10:09:44,08-3-305-307.11,*,Food Protection,2015-02-24 10:09:44,Fail,,provide covers to all employee drinks all walk in freezers/properly store all foods 6 inches off floor meat room/remove all employee foods employee cafe/provide dispensing utensil for bread,120   Huntington AVE,Boston,2116,76242,42.34551,-71.08107,2015
Comedy Connection @ The Wilbur Theater,Re: 3 Bars,TREMONT ENTERTAINMENT ENTERP,Bill Blumenreich, ,30417,2011-12-19 11:05:07,2020-12-31 23:59:00,Active,FS,Eating & Drinking,HE_Fail,2016-09-28 18:31:47,29-5-201/02.11,*,Installed and Maintained,2016-09-28 18:31:47,Fail,,Hand sink leaking  repair,244   Tremont ST,Boston,2116,137463,42.3507,-71.06467,2016
Community Workshop Inc.,,,Community Workshop Inc.,Att: Manager Food Safety,18746,2012-02-13 10:53:14,2020-12-31 23:59:00,Active,FS,Eating & Drinking,HE_Fail,2015-06-29 13:39:14,37-6-501.11-.12,*,Improper Maintenance of Walls/Ceilings,2015-06-29 13:39:14,Fail,,1. Hood sticker on fryer hood expired january 2015 2. hood sticker above 10 burner stove expired April 2015. Ensure hoods cleaned by licensed hood cleaning company registered with city of boston fire department.,174   Portland ST,Boston,2114,155739,42.364123,-71.061819,2015
Concession Stand North East,,MASS CONVENTION CENTER AUTH,Levy Premium Foodservice Ltd.,Att: Accounts Payable,68089,2011-12-13 16:12:34,2020-12-31 23:59:00,Active,FT,Eating & Drinking w/ Take Out,HE_Filed,2015-05-27 12:53:46,15-4-202.16,*,Non-Food Contact Surfaces,2015-05-27 12:53:46,Fail,,repair surface of the display case. Material is pulling away from unit.,415  Summer ST,Boston,2210,132014,42.344449,-71.044821,2015
Converse,,  ,Restaurant Associates,Attn: Accounts Payable,141623,2015-08-13 11:40:15,2018-12-31 23:59:00,Inactive,FT,Eating & Drinking w/ Take Out,HE_Fail,2018-02-27 14:08:29,03-3-501.16(A),***,Cold Holding,2018-02-27 14:08:29,Fail,,The refrigerator in the market is not working correctly; yogurt 51F.  Provide proper cold holding of 41F or below.  (Items discarded by manager),160 N Washington ST,Boston,2114,332878,42.36725,-71.05941,2018
COOGAN'S BLUFF,,ONE-71-173 MILK STREET L P,GLYNN,NEIL G.,20700,2011-12-30 10:00:47,2020-12-31 23:59:00,Active,FS,Eating & Drinking,HE_Fail,2015-04-15 13:13:45,10-3-304.12,*,Food Utensil Storage,2015-04-15 13:13:45,Fail,,Utensils stored in stagnant water / Discontinue and properly store.,171   Milk ST,Boston,2109,95436,42.35827,-71.0533,2015
Cookin Cafe,,OMER KARA PRESIDENT,Zadeh,Aslan,166973,2016-06-30 08:58:20,2017-12-31 23:59:00,Inactive,FT,Eating & Drinking w/ Take Out,HE_Fail,2016-06-15 12:19:13,08-3-305-307.11,*,Food Protection,2016-06-15 12:19:13,Fail,,Clean exterior of the sugar container in the basement and all other bulk storage containers. Remove heavy buildup of food encrustments and soils.,1096  Commonwealth AVE,Boston,2215,156174,42.351776,-71.12426,2016
Copley Square Hotel,,COPLEY OPERATING INC,47 Huntington Manager LLC,Att: Acccounts Payable,416024,2019-11-26 09:21:39,2020-12-31 23:59:00,Active,FS,Eating & Drinking,HE_Filed,2020-03-11 12:07:58,590.006/6-501.114-C,*,Maintaining Premises  Unnecessary Items and Litter (C),2020-03-11 12:07:58,Fail,,Remove all unused equipment from kitchen location.,47   Huntington AVE,Boston,2116,158345,42.348407,-71.078649,2020
Corner Cafe,,LONGO MARYANN,LONGO,MARYANN,18748,2011-12-30 10:39:54,2020-12-31 23:59:00,Active,FS,Eating & Drinking,HE_Fail,2015-03-27 10:18:09,17-4-204.112/.115,*,Equipment Thermometers,2015-03-27 10:18:09,Fail,,Provide equipment thermometers for all refrigeration units,87   Prince ST,Boston,2113,155740,42.36561,-71.05597,2015
Corner Store,,PALUMBO SUSAN ETAL,MARK PETRIGNO, ,19462,2012-01-31 16:41:40,2020-12-31 23:59:00,Active,RF,Retail Food,HE_Fail,2015-05-13 13:28:31,23-4-602.13,*,Non-Food Contact Surfaces Clean,2015-05-13 13:28:31,Fail,,Clean inside all refrigeration units from all visible soils,270   Hanover ST,Boston,2113,69076,42.36382,-71.05468,2015
CORNWALL'S RESTAURANT,,,PAM & JOHN BEALE,THE BRAEMORE LOUNGE  INC.,26002,2012-01-05 14:18:31,2019-12-31 23:59:00,Inactive,FS,Eating & Drinking,HE_Fail,2015-03-05 12:27:49,08-3-305-307.11,*,Food Protection,2015-03-05 12:27:49,Fail,,Hand wash sink at the cooking line  next to re-heating area without barriers. Provide proper barriers. Some food containers inside the walk-in unit stored on the floor. Elevate 6 inches or above.,654  Beacon St,Boston,2215,157694,42.349375,-71.095889,2015
Corporate Chefs @ Tufts Food 4 Thot,,,Corporate Chefs Inc., ,37177,2012-01-11 14:39:07,2019-12-31 23:59:00,Inactive,FS,Eating & Drinking,HE_Fail,2015-02-27 11:22:43,08-3-305-307.11,*,Food Protection,2015-02-27 11:22:43,Fail,,"No ""Use Utensil Sign"" at customer self service.",141   Harrison AVE,Boston,2111,69804,42.350063,-71.062279,2015
Corporate Chefs @ Plaza Cafe (Tufts),,TUFTS N E MED CNTR INC,Corporate Chefs Inc., ,37179,2012-01-11 14:47:24,2019-12-31 23:59:00,Inactive,FT,Eating & Drinking w/ Take Out,HE_Fail,2015-02-27 10:36:11,01-3-602.11 B2,***,Labeling of Ingredients,2015-02-27 10:36:11,Fail,,Individually packaged dressings/ condiments not labeled,274   Tremont ST,Boston,2116,137470,42.34992,-71.06497,2015
Corporate Chefs @ Soups On,,  ,Corporate Chefs Inc., ,37181,2012-01-11 14:50:54,2018-12-31 23:59:00,Inactive,FT,Eating & Drinking w/ Take Out,HE_Filed,2015-02-27 11:54:03,15-4-202.16,*,Non-Food Contact Surfaces,2015-02-27 11:54:03,Fail,,Peeling paint on shelving of refrigeration unit.,1   Kneeland ST,Boston,2111,261924,42.35072,-71.06272,2015
Cosi,,TST 125 HIGH STREET L L C,Hearthstone Partners,ATTN: Licenses & Permits,29858,2012-01-11 09:25:22,2020-12-31 23:59:00,Inactive,FT,Eating & Drinking w/ Take Out,HE_Filed,2015-02-05 11:49:48,29-5-201/02.11,*,Installed and Maintained,2015-02-05 11:49:48,Fail,,Cold water faucet broken / Repair.,125  High ST,Boston,2110,73281,42.355179,-71.053595,2015
Cosi No.  214,,MASS PORT AUTHORITY,Cosi,ATTN: Licenses & Permits,126317,2014-06-30 12:48:33,2020-12-31 23:59:00,Inactive,FT,Eating & Drinking w/ Take Out,HE_Fail,2015-06-19 10:52:26,08-3-305-307.11,*,Food Protection,2015-06-19 10:52:26,Fail,,provide cover for sampling tray at cold line. Remove all non ice related materials from top of ice machine.,2   Seaport LN,Boston,2210,124059,42.348928,-71.040843,2015
Cosi No. 204,,,Cosi,ATTN: Licenses & Permits,24336,2012-01-11 09:16:14,2020-12-31 23:59:00,Inactive,FS,Eating & Drinking,HE_Fail,2015-11-19 13:30:11,01-3-602.11 B2,***,Labeling of Ingredients,2015-11-19 13:30:11,Fail,,Yogurt and quinoa cups without labels / Provide.,14   Milk ST,Boston,2110,157542,42.356863,-71.057859,2015
Cosi No. 305,,GREEN,Hearthstone Partners L L C,ATTN: Licenses & Permits,335074,2017-07-14 08:30:21,2020-12-31 23:59:00,Active,FT,Eating & Drinking w/ Take Out,HE_Fail,2017-11-21 15:25:43,03-3-501.16(A),***,Cold Holding,2017-11-21 15:25:43,Fail,,Pre-cooked chicken @ 50f  ensure proper cold hold of 41f or below,640  Atlantic AVE,Boston,2111,156817,42.36293,-71.05126,2017
Courtyard Boston Downtown,,,MARRIOTT HOTEL CORP., ,20194,2012-02-07 12:51:14,2020-12-31 23:59:00,Active,FS,Eating & Drinking,HE_Fail,2015-04-07 14:20:01,03-3-501.14,***,Cooling,2015-04-07 14:20:01,Fail,,Fifth floor-Several food left for cooling in room temperature-Chicken 82F  Tortellini 93F  Chicken breast 67F. PIC states they have been out for cooling for 45 mins.PIC removed foods inside a refrigerating unit. Fourth floor- Walk-In unit -Tomato soup 92F. No charts to indicate the cooling time. Cool all foods properly with one of acceptable cooling methods  within required time and temperatures limits. Ensure that charts are used when large amounts of foods are cooled at the same time.,275   Tremont ST,Boston,2116,158150,42.350032,-71.065531,2015
COURTYARD CAFE,,,RESTAURANT ASSOCIATES, ,23923,2012-01-09 14:38:14,2020-12-31 23:59:00,Active,FS,Eating & Drinking,HE_Fail,2018-02-12 14:53:58,15-4-202.16,*,Non-Food Contact Surfaces,2018-02-12 14:53:58,Fail,,Refrigeration unit (open air) at self service area at 50F. Unit temperature lowered down to 41F/42F after defrost cycle. Ensure unit runs at 41F or below to properly cold hold foods. All refrigerated foods removed at time of inspection,200  Longwood AVE,Boston,2115,156320,42.33616,-71.10267,2018
COURTYARD MARRIOTT COPLEY,,,MJ BACK BAY LLC, ,23142,2012-05-11 13:50:16,2020-12-31 23:59:00,Active,FS,Eating & Drinking,HE_Fail,2015-03-24 12:50:33,02-3-602.11-.12/3-302.12,*,Food Container Labels,2015-03-24 12:50:33,Fail,,properly label all pre-packaged sandwiches and salads,88   Exeter ST,Boston,2116,157810,42.3486,-71.078818,2015
Crabby Jack's General Store,,CITY OF BOSTON,Color Inc.,Tom Emmons,79645,2012-06-19 08:38:33,2018-12-31 23:59:00,Inactive,RF,Retail Food,HE_Fail,2015-09-23 12:04:58,23-4-602.13,*,Non-Food Contact Surfaces Clean,2015-09-23 12:04:58,Fail,,dusts and debris on shelving and baskets  clean to remove,1  Faneuil Hall SQ,Boston,2109,154256,42.360028,-71.056245,2015
Crave Mad For Chicken,,,Cheng,Susan,126044,2014-07-10 14:19:40,2020-12-31 23:59:00,Active,FS,Eating & Drinking,HE_Fail,2015-07-13 14:04:49,03-3-501.16(A),***,Cold Holding,2015-07-13 14:04:49,Fail,,Shrimp 60F / Provide proper cold holding temperatures.,75   Kneeland ST,Boston,2111,157505,42.350178,-71.06061,2015
CRAZY DOUGH'S PIZZA COMPANY,,FERRIMAN DOUG,FERRIMAN,DOUG,21157,2012-01-13 11:34:55,2017-12-31 23:59:00,Inactive,FS,Eating & Drinking,HE_Fail,2015-05-12 13:29:48,03-3-501.16(A),***,Cold Holding,2015-05-12 13:29:48,Fail,,Tightly wrapped individual bags of precooked chicken stacked in drawer refrigeration unit 68F for less than 2 hours. Ensure foods are cooled and cold held at 41F or below. Removed by PIC  Placed on sheet pan and placed in walkin.,1124   Boylston ST,Boston,2215,158229,42.346743,-71.088918,2015
CRISPY CREPES CAFE,,KWET FONG TJONG  PRES.,BENDOK,BRAHIM,161656,2016-04-04 09:20:21,2020-12-31 23:59:00,Active,FT,Eating & Drinking w/ Take Out,HE_Fail,2018-05-17 11:21:02,02-3-602.11-.12/3-302.12,*,Food Container Labels,2018-05-17 11:21:02,Fail,,Bulk food containers without proper labeling. Provide.,714   Commonwealth AVE,Boston,2215,157171,42.349573,-71.105658,2018
Crudo,,  ,Sushi Rock LLC,Nicholas Leo,137653,2015-06-26 09:32:55,2020-12-31 23:59:00,Active,FS,Eating & Drinking,HE_Fail,2016-08-11 08:49:23,03-3-501.16(A),***,Cold Holding,2016-08-11 08:49:23,Fail,,Raw shell eggs sitting out at 54F / Provide proper cold holding temperatures.,78   Salem ST,Boston,2113,169396,42.363692,-71.05591,2016
Crush Pizza,,BBS REAL ESTATE GROUP LLC,Fire It Up State St. L L C, ,92316,2013-11-13 10:36:36,2020-12-31 23:59:00,Active,FT,Eating & Drinking w/ Take Out,HE_Fail,2015-04-23 11:46:14,02-3-602.11-.12/3-302.12,*,Food Container Labels,2015-04-23 11:46:14,Fail,,Provide labels for bulk food bins.,107   State ST,Boston,2109,130368,42.35902,-71.054927,2015
Cure Lounge (basement at Wilbur Theatre),,WILBUR THEATRE VENDORS IN C.,Paige Hospitality,Felix Paige,74267,2011-12-07 09:40:25,2020-12-31 23:59:00,Active,FS,Eating & Drinking,HE_Fail,2016-10-07 23:48:30,16-4-501.11/.15,*,Dishwashng Facilities,2016-10-07 23:48:30,Fail,,Gage not operating properly - repair,246   Tremont ST,Boston,2116,157495,42.350688,-71.064668,2016
CVS No.  1217,,FIVE 85 KOSTIGEN LLC,CVS PHARMACY INC.,Lic. Dept. Mail Code 1160,25112,2011-12-28 11:53:09,2020-12-31 23:59:00,Active,RF,Retail Food,HE_Fail,2015-04-30 13:33:20,08-3-305-307.11,*,Food Protection,2015-04-30 13:33:20,Fail,,Food/beverage containers stored on the floor at the basement level and Walk in unit at the first level. Elevate all food/beverage products 6 inches or above.,585   Boylston ST,Boston,2116,18354,42.35053,-71.07686,2015
CVS No.  260,,ONE FIFTY ONE-153 CHARLES,CVS PHARMACY INC.,Lic. Dept. Mail Code 1160,25110,2011-12-28 11:18:11,2020-12-31 23:59:00,Active,RF,Retail Food,HE_Fail,2015-09-24 13:59:46,03-3-501.16(A),***,Cold Holding,2015-09-24 13:59:46,Fail,,Lower Level -Chobani Greek yogurt registering 47F  refrigerating unit 49F. PIC states yogurt had just been placed inside that unit and removed it to the other refrigerating unit. Maintain all PHFs at 41F or below.,155   Charles ST,Boston,2114,29135,42.36065,-71.07057,2015
CVS No. 226,,CVS  LIC. DEPT. ANABELA,CVS PHARMACY INC.,Lic. Dept. Mail Code 1160,19156,2011-12-28 11:17:36,2020-12-31 23:59:00,Active,RF,Retail Food,HE_Filed,2017-02-17 14:20:15,36-6-501.11-.12,*,Improper Maintenance of Floors,2017-02-17 14:20:15,Fail,,Floor of the walk-in cooler visibly soiled and with excess card board and debris. Clean to remove.,3  Post Office SQ,Boston,2110,156487,42.356639,-71.05651,2017
CVS No. 5874,,CVS LIC.DEPT. ANABELA SA,CVS PHARMACY INC.,Lic. Dept. Mail Code 1160,22854,2011-12-28 12:21:14,2020-12-31 23:59:00,Active,RF,Retail Food,HE_Fail,2017-05-18 10:43:38,15-4-202.16,*,Non-Food Contact Surfaces,2017-05-18 10:43:38,Fail,,Cold unit for salads  sandwiches and drinks was shut down by manager at time of inspection  repair to ensure proper cold hold temperatures of 41f or below ( manager has work order in for unit to be repaired),631   Washington ST,Boston,2116,156220,42.352613,-71.06275,2017
CVS Pharmacy No. 1206,,STRATFORD TITLE HOLDING CO,CVS PHARMACY INC.,Lic. Dept. Mail Code 1160,19299,2011-12-28 11:51:27,2020-12-31 23:59:00,Active,RF,Retail Food,HE_Fail,2015-06-05 11:34:40,04-3-501.15/4-301.11,*,Inadequate Facilities/Cooling Methods,2015-06-05 11:34:40,Fail,,Open air sandwich unit 44F Turkey roll up 44F.PIC will call for repair and remove sandwiches to other refrigeration to maintain product 41F or below.Repair unit to maintain product 41F or below.,240   Newbury ST,Boston,2116,101453,42.3495,-71.08184,2015
CVS Procare Pharmacy No. 2516,,NEMC REAL ESTATE CO INC,CVS,Licensing Dept.,20974,2011-12-28 12:16:35,2017-12-31 23:59:00,Inactive,RF,Retail Food,HE_Fail,2015-02-18 14:30:32,33-5-501.116,*,Improper Cleaning of Receptacles,2015-02-18 14:30:32,Fail,,No cover on waste receptacle,35   Kneeland ST,Boston,2111,82313,42.35052,-71.06198,2015
CVS/Pharmacy No.  7530,,SWAN JOSEPH E,CVS PHARMACY INC.,Lic. Dept. Mail Code 1160,28079,2011-12-28 12:22:18,2020-12-31 23:59:00,Active,RF,Retail Food,HE_Fail,2015-06-23 13:17:06,08-3-305-307.11,*,Food Protection,2015-06-23 13:17:06,Fail,,Beverage containers stored on the floor at the retail area and storage area. Elevate 6 inches or above.,1249   Boylston ST,Boston,2215,18071,42.34543,-71.09577,2015
CVS/Pharmacy No.  8972,,,CVS PHARMACY INC.,Lic. Dept. Mail Code 1160,33075,2011-12-28 12:23:41,2020-12-31 23:59:00,Active,RF,Retail Food,HE_Fail,2015-06-05 10:41:54,08-3-305-307.11,*,Food Protection,2015-06-05 10:41:54,Fail,,retail/clean dust from all soup cans,285   Columbus AVE,Boston,2116,35578,42.34724,-71.0739,2015
CVS/PHARMACY No. 0361,,CVS  LIC. DEPT. ANABELA SA,CVS PHARMACY INC.,Lic. Dept. Mail Code 1160,21773,2011-12-28 11:23:03,2020-12-31 23:59:00,Active,RF,Retail Food,HE_Fail,2015-01-15 14:50:00,23-4-602.13,*,Non-Food Contact Surfaces Clean,2015-01-15 14:50:00,Fail,,Clean all refrigeration and freezer units Clean all shelving,55  Summer ST,Boston,2111,157467,42.354262,-71.059279,2015
CVS/PHARMACY No. 1258,,CVS  LIC. DEPT. DIANNE DU RAND,CVS PHARMACY INC.,Lic. Dept. Mail Code 1160,25116,2011-12-28 11:55:35,2020-12-31 23:59:00,Active,RF,Retail Food,HE_Fail,2016-05-04 12:54:02,08-3-305-307.11,*,Food Protection,2016-05-04 12:54:02,Fail,,"Boxes of chips being store directly on floor in back room. Elevate all foods atleast 6"" off the floor. Cases of beverages and boxes of food being stored directly on floor in dry storage room. Elevate all foods atleast 6"" off the floor.",191   Cambridge ST,Boston,2114,158059,42.362109,-71.066151,2016
CVS/Pharmacy No. 1900,,CVS  LIC. DEPT. ANABELA SA,CVS PHARMACY INC.,Lic. Dept. Mail Code 1160,19949,2011-12-28 12:03:01,2020-12-31 23:59:00,Active,RF,Retail Food,HE_Fail,2015-04-17 10:31:06,08-3-305-307.11,*,Food Protection,2015-04-17 10:31:06,Fail,,Beef hot dogs are out of code - experation was 4-15-15 [ 4 packages ] - removed from the shelf by PIC,218   Hanover ST,Boston,2113,155886,42.363056,-71.055488,2015
CVS/Pharmacy No. 2256,,,CVS PHARMACY INC.,Lic. Dept. Mail Code 1160,20670,2011-12-28 12:10:59,2020-12-31 23:59:00,Active,RF,Retail Food,HE_Fail,2016-02-23 12:52:20,01-3-101/701.11,***,Spoilage Unsafe Food,2016-02-23 12:52:20,Fail,,Product being sold as bagged ice partially melted. Remove from sale. Provide goods honestly presented for retail sale.,2   Center PLZ,Boston,2108,154960,42.359826,-71.060233,2016
Dara's Wine & Spirit,,,Full of Spirits Inc., ,33023,2011-12-12 11:12:17,2015-12-31 23:59:00,Inactive,RF,Retail Food,HE_OutBus,2015-01-14 11:32:29,23-4-602.13,*,Non-Food Contact Surfaces Clean,2015-01-14 11:32:29,Fail,,clean all shelves through-out counter area retail area and loft area,750   Huntington AVE,Boston,2115,76416,42.33355,-71.10562,2015
DAVIO'S,,DIFILLIPO STEVE PRESIDENT,DIFILLIPO STEVE,PRESIDENT,22316,2012-01-04 19:16:36,2020-12-31 23:59:00,Active,FS,Eating & Drinking,HE_Fail,2015-04-29 13:49:22,20-4-703.11,***,Food Contact Surfaces Clean,2015-04-29 13:49:22,Fail,,Dish machine at bar registering 196F for sanitizing.Maintain hot water sanitizing between 180F-194F,75   Arlington ST,Boston,2117,156164,42.350682,-71.070358,2015
DELI OF COURSE,,GIANNARIS,GIANNARIS,GEORGE,21685,2012-03-12 12:49:49,2020-12-31 23:59:00,Active,FT,Eating & Drinking w/ Take Out,HE_Fail,2016-03-28 12:07:18,M-2-102.11,***,PIC Knowledge,2016-03-28 12:07:18,Fail,,No current fod safety on site-provide,451   D ST,Boston,2127,157722,42.345194,-71.041978,2016
Delight Corner,,YEE JUNG T ETAL,Hi-Color Corp., ,92793,2014-03-12 10:13:03,2020-12-31 23:59:00,Active,RF,Retail Food,HE_Fail,2015-02-18 12:09:08,41-7-201/04.11,***,Separation/Sanitizer Criteria,2015-02-18 12:09:08,Fail,,No cover for toxic chemical,32   Oxford ST,Boston,2111,106212,42.35152,-71.06023,2015
Derne Street Deli,,MIRABELLA SALVATORE P TS,Steadfast Inc., ,81264,2013-01-07 09:41:28,2015-12-31 23:59:00,Inactive,FT,Eating & Drinking w/ Take Out,HE_Fail,2015-09-21 10:41:47,37-6-201.11,*,Walls/Ceilings Designed Constructed Installed,2015-09-21 10:41:47,Fail,,Hood sticker expired in January of 2015  have cleaned by a licensed hood cleaning compnay,14   Derne ST,Boston,2114,47444,42.35953,-71.06344,2015
Deuxave,,  ,Two Avenues Inc., ,67822,2012-01-05 15:33:44,2020-12-31 23:59:00,Active,FS,Eating & Drinking,HE_Fail,2015-10-14 20:32:26,08-3-305-307.11,*,Food Protection,2015-10-14 20:32:26,Fail,,Observed wine being stored in ice used for dispensing.PIC removed immediately,371   Commonwealth AVE,Boston,2116,163721,42.349468,-71.089075,2015
Dig Inn,,FIVE 57-561 BOYLSTON ST LLC,Eskin,Adam,161722,2016-07-08 15:25:45,2020-12-31 23:59:00,Active,FS,Eating & Drinking,HE_Fail,2016-07-06 13:51:02,08-3-305-307.11,*,Food Protection,2016-07-06 13:51:02,Fail,,Paper towel dispenser stored above prep table - Main prep,557   Boylston ST,Boston,2116,18347,42.350703,-71.076174,2016
Dig Inn,,HISTORIC BOSTON INC,Eskin,Adam,301858,2017-05-31 08:42:44,2020-12-31 23:59:00,Active,FS,Eating & Drinking,HE_Fail,2017-06-14 10:41:20,04-3-501.15/4-301.11,*,Inadequate Facilities/Cooling Methods,2017-06-14 10:41:20,Fail,,Cooked potatoes on the cold holding table at 51F. PIC stated that they had been cooked from earlier that morning. Potatoes were removed from the cold holding unit and placed into the blast chiller to bring down the temperature to below 41F. Ensure all potentially hazardous foods are being maintained at below 41F before being placed out for service.,277   Washington ST,Boston,2108,144543,42.357616,-71.058386,2017
DING HO FAST FOOD,,TINH ON,TINH ON,DING HO FAST FOOD,22819,2012-05-29 10:32:31,2020-12-31 23:59:00,Active,FT,Eating & Drinking w/ Take Out,HE_Fail,2017-08-15 11:16:09,35-6-501.111/.115,**,Insects  Rodents  Animals,2017-08-15 11:16:09,Fail,,1) Roaches seen behind 1 door cold unit and soda machine  clean to remove  2) roaches seen in trash room  clean to remove,88  Harrison Av,Boston,2111,156805,42.35073,-71.061239,2017
DINO'S CAFE,,,MOHAJ SHABAN PRES., ,21241,2012-01-05 10:45:28,2020-12-31 23:59:00,Active,FS,Eating & Drinking,HE_Fail,2016-07-14 13:34:43,03-3-501.16(A),***,Cold Holding,2016-07-14 13:34:43,Fail,,Spaghetti in top reach in 52F   Calamari in bottom reach in 53F / Provide proper cold holding temperatures.,141   Salem ST,Boston,2113,158091,42.365059,-71.055378,2016
Dip It Sweet,,ROBERTO FRANK TS,Salvatore W. Onessimo Jr., ,79069,2012-04-26 12:43:23,2016-12-31 23:59:00,Inactive,FT,Eating & Drinking w/ Take Out,HE_Fail,2015-05-20 12:10:26,16-4-301.12,*,Three Compartment Sink,2015-05-20 12:10:26,Fail,,Replace missing plugs where needed,94   Endicott ST,Boston,2113,53893,42.364175,-71.057435,2015
Discovery Cafe,,,Gerald Walba, ,92415,2013-10-24 08:45:58,2020-12-31 23:59:00,Active,FT,Eating & Drinking w/ Take Out,HE_Fail,2016-01-21 13:35:08,03-3-501.16(A),***,Cold Holding,2016-01-21 13:35:08,Fail,,The chicken in the cold holding unit 59F.  The prepared food is coming from the main location in Cambridge and is delivered daily in cambros.  Verify that the food is received either at 41F or below or 140F or above.,3   Blackfan CIR,Boston,2115,15784,42.33901,-71.104249,2016
DOLCE VITA,,GRACEFFA FRANCESCO,GRACEFFA,FRANCESCO,21662,2011-12-29 10:51:01,2020-12-31 23:59:00,Active,FS,Eating & Drinking,HE_Fail,2015-05-06 12:49:40,01-3-203.12,**,Tags & Records,2015-05-06 12:49:40,Fail,,Keep all shellstock tags in chronological order as discussed,215   Hanover ST,Boston,2113,157465,42.362753,-71.05525,2015
Dollar Tree No. 07716,,,DOLLAR TREE STORES INC, ,381582,2019-03-29 12:28:14,2020-12-31 23:59:00,Active,RF,Retail Food,HE_Fail,2020-09-10 12:27:30,590.005/5-501.113-C,*,Covering Receptacles (C),2020-09-10 12:27:30,Fail,,Dumpster is open and overflowing with trash. Keep dumpster closed at all times.,1041   Commonwealth AVE,Boston,2215,156053,42.352345,-71.122211,2020
Domenics,,,Big Bad Dog L L C, ,75858,2012-02-14 14:47:55,2020-12-31 23:59:00,Active,FS,Eating & Drinking,HE_Fail,2015-09-29 12:17:53,17-4-302.14,*,Test Kit Provided,2015-09-29 12:17:53,Fail,,Replace missing chlorine test strips,54   Salem ST,Boston,2113,156348,42.363196,-71.056279,2015
Domino's,,  ,Boston Pie Inc.,David Jenks  Pres.,352849,2017-12-13 15:47:50,2020-12-31 23:59:00,Active,FT,Eating & Drinking w/ Take Out,HE_Fail,2018-02-23 10:56:52,23-4-602.13,*,Non-Food Contact Surfaces Clean,2018-02-23 10:56:52,Fail,,Soils and food debris on exterior of refrigeration unit door and handle . Clean to remove,25   Staniford ST,Boston,2114,169966,42.362711,-71.062704,2018
Domino's Pizza,,ABEBE,Jenks,David,411782,2020-08-21 11:06:18,2020-12-31 23:59:00,Active,FT,Eating & Drinking w/ Take Out,HE_Filed,2020-08-20 10:50:13,590.003/3-304.14-C,*,Wiping Cloths  Use Limitation (C),2020-08-20 10:50:13,Fail,,keep wiping cloths in asanitizing solution when not in use.,508   Park DR,Boston,2111,157620,42.347708,-71.105821,2020
Doretta Taverna & Rawbar,,HERITAGE ON GARDEN CONDO TR,Taverna79 LLC,Michael Schlow,22194,2012-01-03 13:10:03,2018-12-31 23:59:00,Inactive,FS,Eating & Drinking,HE_Fail,2015-09-21 14:27:47,02-3-602.11-.12/3-302.12,*,Food Container Labels,2015-09-21 14:27:47,Fail,,Provide proper labels for all bulk storage containers.,300   Boylston ST,Boston,2116,18216,42.351826,-71.0699,2015
Dosa Factory,,  ,Pabla,Jaswiner,138037,2015-01-21 11:05:29,2018-12-31 23:59:00,Inactive,FS,Eating & Drinking,HE_Fail,2015-07-02 12:45:39,02-3-602.11-.12/3-302.12,*,Food Container Labels,2015-07-02 12:45:39,Fail,,Bulk food containers missing labels.Provide,316   Newbury ST,Boston,2115,168065,42.34862,-71.085413,2015
Double Chin,,ON TINH,Chin,Gloria,127722,2016-01-28 08:20:05,2020-12-31 23:59:00,Active,FS,Eating & Drinking,HE_Fail,2020-01-13 11:44:38,590.004/4-601.11-C,*,(B) and (C) Equipment  Food-Contact Surfaces  Nonfood-Contact Surfaces  and Utensils (C),2020-01-13 11:44:38,Fail,,Exterior of ice cream freezer with soils  clean to remove and defrost interior of unit,86  Harrison Av,Boston,2111,70070,42.35073,-71.06124,2020
Dragon Bowl,,NEWTON PLACE ASSOCIATES I,Chang,John,28818,2012-02-22 11:01:15,2020-12-31 23:59:00,Active,FT,Eating & Drinking w/ Take Out,HE_Fail,2015-03-18 11:06:25,08-3-302.11/3-304.11,***,Separation  Segregation Cross Contamination,2015-03-18 11:06:25,Fail,,Raw whole eggs store on seperation area between pans in cold holding sandwich line. One of the eggs cracked and was dripping on to cooked noodles. Discontinue and properly store raw foods seperated from RTE foods. Removed by PIC and equipment sanitized at time of inspection.,396   Brookline AVE,Boston,2115,22101,42.33829,-71.10695,2015
Drink,,CFS SEAPORT LLC,Bar 348 Congress  L L C, ,27324,2012-02-13 13:45:54,2020-12-31 23:59:00,Active,FS,Eating & Drinking,HE_Fail,2015-07-10 11:40:45,15-4-202.16,*,Non-Food Contact Surfaces,2015-07-10 11:40:45,Fail,,Replace missing face plate to ice machine.,348   Congress ST,Boston,2210,42106,42.35071,-71.04854,2015
DRY DOCK CAFE,,GEORGE SPIROPOULOS,GEORGE SPIROPOULOS, ,21751,2012-02-15 13:48:51,2020-12-31 23:59:00,Active,FS,Eating & Drinking,HE_Fail,2016-08-18 14:52:19,17-4-302.14,*,Test Kit Provided,2016-08-18 14:52:19,Fail,,Replace missing test strips,7  Dry Dock AVE,Boston,2210,157724,42.344287,-71.036123,2016
Dumpling Gourmet,,YI RAMON ETAL,Dumpling Gourmet,Inc.,28173,2012-05-30 15:24:00,2020-12-31 23:59:00,Active,FS,Eating & Drinking,HE_Fail,2015-03-03 10:31:54,15-4-202.16,*,Non-Food Contact Surfaces,2015-03-03 10:31:54,Fail,,Rust on shelving,52   Beach ST,Boston,2111,9393,42.35152,-71.06065,2015
Dumpling Cafe Inc.,,,Chow,Yan Long,67798,2012-02-13 12:10:38,2020-12-31 23:59:00,Active,FS,Eating & Drinking,HE_Fail,2015-11-04 11:58:19,32-6-301.11-02.11,*,Hand Cleaner  Drying  Tissue Signage,2015-11-04 11:58:19,Fail,,no soap or towels at hand sink  supply,693   Washington ST,Boston,2111,157022,42.351285,-71.063099,2015
Dumpling Palace,,EMPIRE CONDOMINIUM TRUST,Dumpling Palace Inc., ,129716,2015-05-15 08:07:36,2020-12-31 23:59:00,Active,FS,Eating & Drinking,HE_Fail,2015-05-04 10:42:04,15-4-202.16,*,Non-Food Contact Surfaces,2015-05-04 10:42:04,Fail,,Mop sink located in basement prep area not properly enclosed.  Mop sink must be located in enclosed closet as approved in plan review.,179   Massachusetts AVE,Boston,2115,91981,42.345715,-71.08731,2015
Dunkin,,ONE HUNDRED CAMBRIDGE STREET,DN Donuts Inc.,Danny Haddad,26507,2012-01-11 11:22:31,2020-12-31 23:59:00,Active,FT,Eating & Drinking w/ Take Out,HE_Fail,2016-01-21 10:34:34,36-6-201.11,*,Floors Designed Constructed Installed,2016-01-21 10:34:34,Fail,,Floor soiled behind ice machine and next to service line reach in refrigerator. Clean to remove.,100   Cambridge ST,Boston,2114,25222,42.360584,-71.062109,2016
DUNKIN',,SEVEN FIFTEEN BOYLSTON LLC,ALEPEDIS,GEORGE,18174,2012-02-09 10:46:51,2020-12-31 23:59:00,Active,FT,Eating & Drinking w/ Take Out,HE_TSOP,2015-05-31 11:40:03,36-6-501.11-.12,*,Improper Maintenance of Floors,2015-05-31 11:40:03,Fail,,Clean and sanitize all floor areas.,715   Boylston ST,Boston,2116,18382,42.34965,-71.08001,2015
DUNKIN DONUT,,NEW CONGRESS ASSOCIATES LLC,WATERMARK DONUT CO., ,20349,2012-02-13 09:47:37,2020-12-31 23:59:00,Active,FT,Eating & Drinking w/ Take Out,HE_Fail,2016-02-08 10:48:14,08-3-305-307.11,*,Food Protection,2016-02-08 10:48:14,Fail,,Remove open bag of smoked sausages stored inside a milk crate and relocate as discussed,326   Congress ST,Boston,2210,42100,42.35118,-71.04926,2016
Dunkin Donuts,,,THE WALDWIN GROUP INC.,CLAYTON TURNBULL,383538,2019-01-16 15:38:28,2020-12-31 23:59:00,Active,FT,Eating & Drinking w/ Take Out,HE_Fail,2019-08-15 11:07:58,590.005/5-205.15-C,*,System Maintained in Good Repair (C),2019-08-15 11:07:58,Fail,,Multiple pipes within and on outside of walkin freezer with leaks causing heavy ice buildup within unit,283   Huntington AVE,Boston,2115,155856,42.341932,-71.0865,2019
Dunkin Donuts,,,WATERMARK DONUT CO., ,19456,2012-02-10 13:11:58,2020-12-31 23:59:00,Active,FT,Eating & Drinking w/ Take Out,HE_Fail,2015-02-27 12:50:34,08-3-305-307.11,*,Food Protection,2015-02-27 12:50:34,Fail,,Remove all items from above ice bins.,750   Washington ST,Boston,2111,158017,42.350078,-71.063059,2015
Dunkin Donuts,,  ,@ NORTHEASTERN UNIV.,The Waldwin Group,22500,2012-02-10 13:38:40,2020-12-31 23:59:00,Active,FT,Eating & Drinking w/ Take Out,HE_Fail,2015-03-23 12:17:06,12-2-301.12-.15,***,Adequate Handwashing/Where/When/How,2015-03-23 12:17:06,Fail,,Both handwash sinks in back area not easily accessible for employees to properly wash hands- Ensure handsinks remain free accessible,115   Forsyth ST,Boston,2115,165379,42.339113,-71.088226,2015
Dunkin Donuts,,  ,WATERMARK DONUT CO,Accounts Payable,333360,2017-12-12 08:22:00,2020-12-31 23:59:00,Active,FT,Eating & Drinking w/ Take Out,HE_Fail,2018-04-11 08:54:58,29-5-201/02.11,*,Installed and Maintained,2018-04-11 08:54:58,Fail,,Condensor in freezer leaking  repair,147   Tremont ST,Boston,2111,170411,42.35511,-71.063003,2018
Dunkin Donuts,,  ,WATERMARK DONUT COMPANY,Accounts Payable,136891,2015-08-13 11:38:28,2020-12-31 23:59:00,Active,FT,Eating & Drinking w/ Take Out,HE_Fail,2019-12-24 11:40:13,590.004/4-601.11-PF,**,(A) Equipment  Food-Contact Surfaces  Nonfood-Contact Surfaces  and Utensils (Pf),2019-12-24 11:40:13,Fail,,There is pink moldlike buildup on the inside of the ice machine.  Clean to remove.,330   Washington ST,Boston,2108,171039,42.356688,-71.05869,2019
Dunkin Donuts,,BERKLEY ENT. INC.,BERKLEY ENT.,INC.,18763,2012-01-11 13:37:59,2019-12-31 23:59:00,Inactive,FT,Eating & Drinking w/ Take Out,HE_Fail,2015-04-10 09:05:43,21-3-304.14,*,Wiping Cloths  Clean  Sanitize,2015-04-10 09:05:43,Fail,,Sanitizer solution for wiping cloths heavily soiled- Change with proper frequency Changed at time of inspection,153   Massachusetts AVE,Boston,2115,156453,42.346437,-71.087599,2015
Dunkin Donuts,,COULOPOULOS CONSTANCE TRST,WATERMARK DONUT COMPANY,WILLIAM GALATIS  PRES.,20848,2012-02-13 09:15:25,2018-12-31 23:59:00,Inactive,FT,Eating & Drinking w/ Take Out,HE_Fail,2015-05-18 14:17:50,17-4-302.14,*,Test Kit Provided,2015-05-18 14:17:50,Fail,,Test kits with water damage  no back up kits available / Replace.,127  Tremont ST,Boston,2108,136811,42.356395,-71.061879,2015
Dunkin Donuts,,HOUMAN BAIANY,Moller,Jessica,165590,2016-02-23 09:30:40,2020-12-31 23:59:00,Active,FT,Eating & Drinking w/ Take Out,HE_Fail,2017-01-31 15:09:00,03-3-501.16,***,Hot Holding,2017-01-31 15:09:00,Fail,,Eggs in hot holding at 132F. Containers not fully pushed into hot holding unit. Ensure products are hot held at 140F or above. Discarded at time of inspection,530   Commonwealth AVE,Boston,2215,157953,42.348498,-71.09629,2017
Dunkin Donuts,,KAPLAN ALLAN A TRSTS,REM Central LLC,Constantine G. Scrivanos  Pres.,166686,2016-08-15 09:19:59,2020-12-31 23:59:00,Active,FT,Eating & Drinking w/ Take Out,HE_Fail,2018-01-22 08:24:10,08-3-305-307.11,*,Food Protection,2018-01-22 08:24:10,Fail,,Items stored on ice machine Mop sink not enclosed (food storage/ware washing),270   Newbury ST,Boston,2116,101483,42.34914,-71.08335,2018
Dunkin Donuts,,LEXHAM ATLANTIC LLC,WATERMARK DONUT COMPANY,WATERMARK FIN. CORP.,67481,2012-02-10 13:45:49,2020-12-31 23:59:00,Active,FT,Eating & Drinking w/ Take Out,HE_Fail,2016-04-25 12:21:11,36-6-501.11-.12,*,Improper Maintenance of Floors,2016-04-25 12:21:11,Fail,,floors of stock room with debris and unused articles un shelving  clean to remove,711   Atlantic AVE,Boston,2111,6320,42.35116,-71.05667,2016
Dunkin Donuts,,WXIII/CGS REAL ESTATE LP,Watermark Donut Company,Dunkin Donuts,27861,2012-02-10 13:28:15,2020-12-31 23:59:00,Active,FT,Eating & Drinking w/ Take Out,HE_Fail,2018-01-16 12:08:54,08-3-305-307.11,*,Food Protection,2018-01-16 12:08:54,Fail,,Non ice related materials stored on top of ice machine. Remove items from storage on top of the ice machine.,218   Congress ST,Boston,2110,42092,42.35449,-71.05422,2018
Dunkin' Donuts,,,CLAYTON TURNBULL, ,19970,2012-02-10 13:36:47,2020-12-31 23:59:00,Active,FT,Eating & Drinking w/ Take Out,HE_Fail,2015-09-25 11:47:18,15-4-202.16,*,Non-Food Contact Surfaces,2015-09-25 11:47:18,Fail,,adjust door at 2 dr. salad unit...,1131   Tremont ST,Boston,2120,158048,42.335545,-71.088188,2015
Dunkin' Donuts,,,WATERMARK DONUT CO., ,19154,2012-02-10 13:15:44,2020-12-31 23:59:00,Active,FT,Eating & Drinking w/ Take Out,HE_Fail,2016-01-20 14:25:11,14-4-202.11,*,Food Contact Surfaces Design,2016-01-20 14:25:11,Fail,,No protective barrier located between the wash bay and the hand sink. Provide som type of protective barrier change the dorection of the wash rinse and sanitize bays.,235   Washington ST,Boston,2108,158162,42.358127,-71.058161,2016
Dunkin' Donuts,,JOHN HANCOCK MUTUAL LIFE INS,WATERMARK DONUT CO. INC., ,23237,2012-02-10 13:22:00,2019-12-31 23:59:00,Inactive,FT,Eating & Drinking w/ Take Out,HE_Fail,2015-03-09 12:29:00,16-4-501.11/.15,*,Dishwashng Facilities,2015-03-09 12:29:00,Fail,,3 bay sink/provide 3rd drain plug,430  Stuart ST,Boston,2116,131662,42.34841,-71.07503,2015
Dunkin' Donuts,,WATERMARK DONUT COMPANY  INC.,WATERMARK DONUT COMPANY,INC.,23730,2012-02-10 12:22:36,2020-12-31 23:59:00,Active,FT,Eating & Drinking w/ Take Out,HE_Fail,2016-02-25 10:17:04,23-4-602.13,*,Non-Food Contact Surfaces Clean,2016-02-25 10:17:04,Fail,,Dairy dispeser with builup around where dairy product is dispensed. Clean to remove. Clean with proper frequency.,22   Beacon ST,Boston,2108,157525,42.357706,-71.062899,2016
Dunkin' Donuts,,WHVPW REAL ESTATE L P,WATERMARK DONUT CO., ,19839,2012-02-10 13:19:51,2018-12-31 23:59:00,Inactive,FT,Eating & Drinking w/ Take Out,HE_Fail,2015-01-15 11:09:08,16-4-501.11/.15,*,Dishwashng Facilities,2015-01-15 11:09:08,Fail,,Do not use milk crates to store clean equipment at the 3 compartment sink. Use the existing drain boards at the 3 compartment sinkl or provide additional drain boards.,268   Summer ST,Boston,2210,131990,42.350514,-71.050275,2015
DUNKIN DONUTS',,BOSTONIAN HOTEL ASSOCS LPS,NGP Management LLC Attn:Sandy, ,22781,2012-01-11 11:07:58,2020-12-31 23:59:00,Active,FT,Eating & Drinking w/ Take Out,HE_Fail,2016-08-29 08:46:26,03-3-501.16(A),***,Cold Holding,2016-08-29 08:46:26,Fail,,Chicken 48F  Eggs 50F / Provide proper cold holding temperatures.,20   North ST,Boston,2109,103543,42.360691,-71.056346,2016
DUNKIN DONUTS',,NEW BOS LLC DUNKIN DONUTS,N G P MANAGEMENT L L C,ATTN: SANDY,23148,2012-01-11 10:29:57,2015-12-31 23:59:00,Inactive,FT,Eating & Drinking w/ Take Out,HE_Filed,2015-01-09 14:12:54,23-4-602.13,*,Non-Food Contact Surfaces Clean,2015-01-09 14:12:54,Fail,,Interior of upright freezer with thick layer of ice at the bottom and soiled. Clean and remove ice.,333   Newbury ST,Boston,2115,156255,42.348738,-71.086508,2015
Dunkin Donuts (Canal St.),,CAUSCAN LIMITED PARTNERSHIP,Alhaddad,Adel,24637,2012-03-01 12:43:02,2020-12-31 23:59:00,Active,FT,Eating & Drinking w/ Take Out,HE_Fail,2016-05-16 13:15:40,02-3-602.11-.12/3-302.12,*,Food Container Labels,2016-05-16 13:15:40,Fail,,Bulk food container with sugar not labeled. Provide label.,168   Canal ST,Boston,2114,25420,42.365016,-71.061179,2016
Dunkin Donuts (Causeway St.),,ALHADDAD ADEL TS,Djevalikian,Bernard,25697,2012-03-01 12:41:05,2020-12-31 23:59:00,Active,FT,Eating & Drinking w/ Take Out,HE_Fail,2017-02-23 11:06:12,25-4-904.11,*,Single Service Articles Stored Dispensed,2017-02-23 11:06:12,Fail,,"Plastic cups observed being stored on floor in basement. Organinze basement and properly store single use articles in protected areas 6"" off the floor.",55   Causeway ST,Boston,2114,26612,42.36431,-71.06294,2017
Dunkin Donuts @ MBTA Station,,MASSACHUSETTS BAY,Alepedis,Efharis,29485,2012-01-05 14:58:13,2020-12-31 23:59:00,Active,FT,Eating & Drinking w/ Take Out,HE_Fail,2016-01-15 10:48:03,23-4-602.13,*,Non-Food Contact Surfaces Clean,2016-01-15 10:48:03,Fail,,Counters soiled with spills.Clean with more frquency. Exteriors of 2 portable ice bins soiled.Maintain clean.,145  Dartmouth St,Boston,2116,46313,42.34738,-71.07484,2016
DUNKIN DONUTS(FRANKLIN),,BP/CRF 265 FRANKLIN ST LLC,WATERMARK DONUT COMPANY, ,21067,2012-02-13 09:25:07,2020-12-31 23:59:00,Active,FT,Eating & Drinking w/ Take Out,HE_Fail,2017-05-11 14:21:25,08-3-305-307.11,*,Food Protection,2017-05-11 14:21:25,Fail,,Bags of frozen strawberries observed being stored in the walk -in freezer where the condensor is leaking. Address and ensure that the area where the moisture is coming from is kept clear. All foods were frozen at the time of the inspection.,265   Franklin ST,Boston,2110,60665,42.35651,-71.05332,2017
DUNKIN' DONUTS/BASKIN ROBINS,,,WATERMARK DONUT CO., ,19722,2012-02-13 09:21:58,2017-12-31 23:59:00,Inactive,FT,Eating & Drinking w/ Take Out,HE_Filed,2016-09-19 12:05:54,14-4-202.11,*,Food Contact Surfaces Design,2016-09-19 12:05:54,Fail,,Cover cracked on sugar container,80   Boylston ST,Boston,2116,155859,42.352225,-71.064909,2016
DUNKIN' DONUTS/WATERMARK,,MSP ONE SUMMER STREET LLP,WATERMARK DONUT CO.INC., ,24363,2012-02-13 09:17:44,2020-12-31 23:59:00,Active,FT,Eating & Drinking w/ Take Out,HE_Fail,2016-04-12 13:11:30,27-5-103.11-.12,***,Hot and Cold Water,2016-04-12 13:11:30,Fail,,Unable to verify hot water  all faucets are coming out cold / Provide hot running water.,1   Summer ST,Boston,2111,131977,42.3547,-71.06024,2016
DUNKIN' DONUTS-WATERMARK,,CONNIFF JAMES D,GODDESS,STEVEN,21291,2012-02-09 14:13:34,2020-12-31 23:59:00,Active,FT,Eating & Drinking w/ Take Out,HE_Fail,2018-02-16 11:56:34,37-6-201.11,*,Walls/Ceilings Designed Constructed Installed,2018-02-16 11:56:34,Fail,,missing ceiling tile on kitchen ceiling. Replace tile. Kitchen ceiling above mop sink area is missing frame. Repair ceiling area. Ceiing tiles on kitchen ceiling are soiled with spills and debris buildup. Clean the ceiling tiles as needed.,111   State ST,Boston,2109,130369,42.359035,-71.054823,2018
DUNKIN/DONUT/WATERMARK,,,WATERMARK DONUT LD., ,21213,2012-02-10 11:47:43,2020-12-31 23:59:00,Active,FT,Eating & Drinking w/ Take Out,HE_Fail,2018-11-25 17:39:16,23-4-602.13,*,Non-Food Contact Surfaces Clean,2018-11-25 17:39:16,Fail,,Ensure area in dining room where event occured had been thoroughly sanitized per requirements. Area appears clean at the time of inspection. District manager on phone with staff instructing staff in proper procedures to sanitize the area.,630   Washington ST,Boston,2111,158089,42.352216,-71.062379,2018
Durgin Park Restaurant,,  ,Weinstein,Michael,24748,2012-02-13 11:17:17,2019-12-31 23:59:00,Inactive,FS,Eating & Drinking,HE_Fail,2015-04-24 09:18:52,03-3-501.16,***,Hot Holding,2015-04-24 09:18:52,Fail,,Shepherds Pie @ 92f  ensure proper hot hold of 140f or above  Manager needs to ensure all foods are reheated rapidly for hot holding.,300  Faneuil Hall Marketplace ,Boston,2109,341035,42.360036,-71.056253,2015
Durty Nellie's,,BOURQUE LUCILLE R,SOMERS FIVE,Att: Accounts Payable,26080,2012-01-19 17:10:51,2020-12-31 23:59:00,Active,FS,Eating & Drinking,HE_Fail,2015-02-24 12:59:20,14-4-202.11,*,Food Contact Surfaces Design,2015-02-24 12:59:20,Fail,,Provide a food grade scoop with a handle for dispensing ice,108   Blackstone ST,Boston,2109,15794,42.361696,-71.056576,2015
Earl of Sandwich,,,Earl of Sandwich (Boston) L L C, ,77992,2013-01-07 09:08:03,2020-12-31 23:59:00,Active,FT,Eating & Drinking w/ Take Out,HE_Fail,2015-06-16 13:16:43,12-2-301.12-.15,***,Adequate Handwashing/Where/When/How,2015-06-16 13:16:43,Fail,,Observed no handwashing during inspection.PIC must monitor and train staff on proper handwashing between tasks.,1   Charles ST,Boston,2116,29470,42.351541,-71.067431,2015
EAST OCEAN CITY,,EAST OCEAN REALTY LLC,EDWARD LEUNG, ,19444,2012-01-09 11:24:59,2017-12-31 23:59:00,Inactive,FS,Eating & Drinking,HE_Fail,2015-12-01 14:19:21,03-3-501.16(A),***,Cold Holding,2015-12-01 14:19:21,Fail,,Bean sprouts sitting on counter 55F / Provide proper cold holding temperatures.  Manager moved to refrigeration,25   Beach ST,Boston,2111,9388,42.351311,-71.06182,2015
EASTERN STANDARD,,,HARKER,GARRETT,23802,2012-02-13 11:15:55,2020-12-31 23:59:00,Active,FS,Eating & Drinking,HE_Fail,2015-04-16 14:44:27,03-3-501.14,***,Cooling,2015-04-16 14:44:27,Fail,,Chicken pot pie cooling at room temperature 82F. PIC states it has been out of temperature for about 30 minutes. PIC removed the food to the walk in unit. Unclear how long it is left in room temperature. No loggs for the time or temperatures taken. Cool properly.,528   Commonwealth AVE,Boston,2115,156311,42.348498,-71.09622,2015
EgaliTea Organic Cafe,,FRANKLYN G BILL TRSTS,EgaliTea LLC,Att: Accounts Payable,385463,2019-07-29 08:05:17,2020-12-31 23:59:00,Inactive,FS,Eating & Drinking,HE_Fail,2019-07-25 11:18:47,590.002(D)/2-103.11-PF,**,(A)-(P) Person-In-Charge-Duties (Pf),2019-07-25 11:18:47,Fail,,Provide proper 2019 health permit payment for Milk Frozen desserts & ice cream manufacturing. PIC also instructed to submit ice cream machine SOP's & ice cream recipes for Health department review. Provide monthly ice cream lab testing reports.,248   Newbury ST,Boston,2116,101460,42.34936,-71.08253,2019
El Molino,,DERMARDEROSIAN ANTRANIG TRST,MORENO,CHRISTIAN,138280,2014-12-30 08:33:47,2015-12-31 23:59:00,Inactive,FS,Eating & Drinking,HE_Fail,2015-02-24 11:54:46,33-5-501.13-.17,*,Adequate Number  Frequency Vermin Proof,2015-02-24 11:54:46,Fail,,Provide a covered trash receptacle for restrooms.,71   Broad ST,Boston,2109,20483,42.35768,-71.05376,2015
El Pelon Taqueria,,  ,El Pelon Taqueria Inc., ,74953,2011-12-14 11:16:26,2020-12-31 23:59:00,Active,FT,Eating & Drinking w/ Take Out,HE_Fail,2015-04-28 14:41:16,08-3-302.11/3-304.11,***,Separation  Segregation Cross Contamination,2015-04-28 14:41:16,Fail,,Under grill reach in unit  observed raw chicken stored over raw beef.Discontinue and store properly,84   Peterborough ST,Boston,2115,168718,42.343077,-71.09911,2015
ELEMENT SEAPORT HOTEL BOSTON,,INTERCONTINENTAL FUND IV,DINATALE,ANTHONY,161318,2016-01-20 11:46:05,2020-12-31 23:59:00,Active,FS,Eating & Drinking,HE_Filed,2017-03-31 11:54:00,42-5-203.13,*,Mop Sink not Provided,2017-03-31 11:54:00,Fail,,Keep soiled mop and bucket stored in the slÃ³p sink area when not on use or in between usage,391   D ST,Boston,2210,45500,42.342989,-71.045087,2017
Elenas Cafe,,NEW ENGLAND COLLEGE,Myshqeri,Elena,200107,2016-10-18 08:28:38,2020-12-31 23:59:00,Active,FS,Eating & Drinking,HE_Fail,2016-09-01 10:43:14,08-3-305-307.11,*,Food Protection,2016-09-01 10:43:14,Fail,,Panini press stored above ice machine - itmes cannot be stored above the ice machine,424   Beacon ST,Boston,2115,11446,42.35185,-71.08681,2016
Elephant & Castle Pub and Restaurant,,,EC RESTAURANTS (BOSTON) CORP., ,87091,2013-03-06 13:04:07,2020-12-31 23:59:00,Active,FS,Eating & Drinking,HE_Fail,2017-01-05 13:04:51,15-4-202.16,*,Non-Food Contact Surfaces,2017-01-05 13:04:51,Fail,,Mop sink in the rear preparation room not fully enclosed. Provide enlcosure to ensure no contamination to any food products or dry storage.,161   Devonshire ST,Boston,2110,155974,42.356286,-71.0575,2017
Ellis Memorial Adult Day Health,,DELANEY LEO,Ellis Memorial, ,25471,2011-12-19 15:17:22,2017-12-31 23:59:00,Inactive,FS,Eating & Drinking,HE_Fail,2016-05-11 12:25:43,20-4-703.11,***,Food Contact Surfaces Clean,2016-05-11 12:25:43,Fail,,Provide proper method of sanitization - Using non commercial grade dishwasher,95   Berkeley ST,Boston,2116,158197,42.347281,-71.070818,2016
Emack & Bolio's,,ANDERSON LINDSEY,Garuda IC L L C, ,25678,2012-02-24 10:29:20,2020-12-31 23:59:00,Active,FT,Eating & Drinking w/ Take Out,HE_Fail,2017-02-21 10:46:39,22-4-601/602.11,**,Food Contact Surfaces Clean,2017-02-21 10:46:39,Fail,,Per PIC metal containers used for chocolate sauces left on counter overnight and reheated in morning. Per PIC containers washed weekly. Wash at end of each day,290   Newbury ST,Boston,2115,101525,42.34882,-71.08456,2017
Emerson Cafe,,WARNICK STEVEN M TS,Canario,Steve,139997,2017-10-04 15:50:12,2018-12-31 23:59:00,Inactive,FT,Eating & Drinking w/ Take Out,HE_Fail,2017-08-22 14:01:37,15-4-202.16,*,Non-Food Contact Surfaces,2017-08-22 14:01:37,Fail,,Provide barriers at front handwash sink.,2  Boylston PL,Boston,2116,18639,42.352045,-71.066135,2017
Emerson E-Kitchen Dining,,  ,Sodexo Operations LLC,Att: Patrick Griffin,175786,2017-06-29 07:47:55,2018-12-31 23:59:00,Inactive,FS,Eating & Drinking,HE_Fail,2017-06-22 10:38:00,37-6-501.11-.12,*,Improper Maintenance of Walls/Ceilings,2017-06-22 10:38:00,Fail,,Ceiling in dry goods storage not smooth  durable  easily cleanable - Chipping and peeling paint on ceiling. Basement,110   Boylston ST,Boston,2116,340862,42.352254,-71.065663,2017
Emmanuel College Bookstore No.  43,,  ,Follett Higher Education GroupInc., ,75432,2012-01-31 14:34:46,2018-12-31 23:59:00,Inactive,RF,Retail Food,HE_Fail,2016-02-25 14:36:39,M-2-103.11,***,PIC Performing Duties,2016-02-25 14:36:39,Fail,,8-303.20 The establishment has not paid for their 2016 permit.  Fulfillconditions for permit.,400   Fenway  ,Boston,2115,165238,42.340926,-71.102711,2016
EMMETS/ROXANNE'S,,MILLER NATHAN R TS,THOMAS CARLYLE, ,25516,2011-12-19 13:09:05,2020-12-31 23:59:00,Active,FS,Eating & Drinking,HE_Fail,2016-01-06 13:45:08,05-4-302.12,*,Food Thermometers Provided,2016-01-06 13:45:08,Fail,,No food thermometer. Provide.,6   Beacon ST,Boston,2108,12020,42.35799,-71.06161,2016
EMPIRE GARDEN,,,Jia Ho Restaurant Inc.,Qian Wang,345375,2017-09-28 08:43:18,2020-12-31 23:59:00,Active,FS,Eating & Drinking,HE_Fail,2017-09-19 11:11:23,02-3-602.11-.12/3-302.12,*,Food Container Labels,2017-09-19 11:11:23,Fail,,Bulk food containers without english  label with english,686  Washington ST,Boston,2111,155995,42.351311,-71.06264,2017
Equal Exchange,,CAUSEWAY PRIMARY CONDO TRST,Equal Exchange Cafe,Adena Killian,30672,2012-01-06 13:52:31,2019-12-31 23:59:00,Inactive,FT,Eating & Drinking w/ Take Out,HE_Fail,2016-08-18 13:17:58,M-2-102.11,***,PIC Knowledge,2016-08-18 13:17:58,Fail,,Allergen awareness certificate posted is from former employer. Provide current allergen awareness certifcate.,226   Causeway ST,Boston,2114,26499,42.36664,-71.05943,2016
Erbaluce,,FIFTY-7 CHURCH ST LLC,Draghi,Charles,31230,2012-02-13 11:09:57,2018-12-31 23:59:00,Inactive,FS,Eating & Drinking,HE_Fail,2016-10-04 17:22:48,08-3-305-307.11,*,Food Protection,2016-10-04 17:22:48,Fail,,properly store all cut fruits/sauces on ice during service provide covers to all employee drinks,69   Church ST,Boston,2116,32658,42.35015,-71.06839,2016
ERIC LINDEMAN,,NORTH SUFFOLK MENTAL HLTH ASSOC./DMH,FAME FOOD MANAGEMENT INC.,Attn Tax & License,22204,2012-01-12 13:42:53,2020-12-31 23:59:00,Active,FS,Eating & Drinking,HE_Fail,2016-05-04 11:22:15,12-3--301.11,***,Prevention of Contamination from Hands,2016-05-04 11:22:15,Fail,,Observed food worker crumbling cooked ground beef with bare hands. Avoid bare hand contact with ready to eat foods. Wash hands with proper frequecny and wear clean gloves.,25  Staniford ST,Boston,2114,157403,42.362154,-71.063531,2016
Ernestos Pizza,,GIORGIO LILLIAN,Radzikawski,Anthony,90022,2013-03-25 14:30:32,2020-12-31 23:59:00,Active,FS,Eating & Drinking,HE_Fail,2015-03-23 14:02:27,36-6-501.11-.12,*,Improper Maintenance of Floors,2015-03-23 14:02:27,Fail,,Clean all visible soils - especially under the pizza oven,69   Salem ST,Boston,2113,121923,42.36335,-71.05584,2015
Espresso Love Cafe,,TERRA FIRMA-33 BROAD LLC,Thomas J. McManus, ,74492,2012-01-31 16:25:38,2020-12-31 23:59:00,Active,FS,Eating & Drinking,HE_Fail,2015-11-19 14:15:29,03-3-501.16(A),***,Cold Holding,2015-11-19 14:15:29,Fail,,Pre-cooked chicken breasts 48F-50F  Roast beef 48F  Egg patties 48F  ham 48F / Items have been on line for 1 hour  as they were re-stocked during the lunch rush.  Items were returned to bottom reach in refrigeration units to cool down.  As discussed  containers on top reach in will be stocked to half - full to reduce risk of being in danger zone.  / Provide proper cold holding temperatures,33   Broad ST,Boston,2109,20466,42.35843,-71.0545,2015
FAJITAS & RITAS INC.,,CHENG HUNG TS,FREDERICKS,BRADLEY K,18841,2011-12-12 14:53:20,2020-12-31 23:59:00,Active,FS,Eating & Drinking,HE_Fail,2016-03-15 11:47:31,35-6-501.111/.115,**,Insects  Rodents  Animals,2016-03-15 11:47:31,Fail,,1) droppings found at front window  clean to remove 2) Dropping found in basement employee clothing area  clean to remove 3) droppings found in dry storage area  clean to remove,25   West ST,Boston,2111,148012,42.35485,-71.06237,2016
Falafel King,,  ,Alzubaidy,Kadhim,80809,2012-09-07 10:20:43,2020-12-31 23:59:00,Active,FT,Eating & Drinking w/ Take Out,HE_Fail,2016-02-04 12:57:34,02-3-602.11-.12/3-302.12,*,Food Container Labels,2016-02-04 12:57:34,Fail,,Suace containers with no lables. Provide.,262   Washington ST,Boston,2108,330779,42.35774,-71.05784,2016
Falafel King I I I,,,Falafel King I I I Inc., ,123545,2014-01-28 10:41:53,2020-12-31 23:59:00,Active,FS,Eating & Drinking,HE_Fail,2017-01-09 10:45:35,03-3-501.16(A),***,Cold Holding,2017-01-09 10:45:35,Fail,,Sliced tomatoes and hummus inside of the second 2 door cooler had elevated temperatures of 54F. Address and ensure all potentially hazardous foods are being maintianed at below 41F.,62   Summer ST,Boston,2110,132031,42.35432,-71.058621,2017
Fastachi Ltd.,,  ,Etyemezian,Souren,98570,2014-02-25 12:42:59,2020-12-31 23:59:00,Active,RF,Retail Food,HE_Fail,2018-07-18 13:47:24,17-4-302.14,*,Test Kit Provided,2018-07-18 13:47:24,Fail,,Provide Quats test kit,83   Charles ST,Boston,2114,204901,42.35847,-71.07047,2018
Felcaro Pizzeria,,TWO76-280 CAMBRIDGE ST LLC,Sabeur Eleuchi, ,29507,2011-12-12 14:53:48,2020-12-31 23:59:00,Active,FS,Eating & Drinking,HE_Fail,2015-05-28 14:45:44,03-3-501.14,***,Cooling,2015-05-28 14:45:44,Fail,,Chicken 85F at the pizza station refrigerating unit.Unit 61F. PIC states that had been cooling for less than 2 hours. PIC removed it to the main walk-in unit. Cool properly.,276   Cambridge ST,Boston,2114,25264,42.360949,-71.068013,2015
Fenmore American Bistro,,  ,Buckminster Restaurant Group L L C, ,86937,2013-07-29 08:50:28,2020-12-31 23:59:00,Inactive,FS,Eating & Drinking,HE_Fail,2015-06-02 13:29:49,02-3-602.11-.12/3-302.12,*,Food Container Labels,2015-06-02 13:29:49,Fail,,Bulk food bins without labeling. Provide proper labeling.,645  Beacon ST,Boston,2215,161922,42.348363,-71.097697,2015
Fenway Market,,TUTUNJIAN NANCY,Samir Shaikh, ,76109,2012-07-19 12:58:49,2020-12-31 23:59:00,Inactive,RF,Retail Food,HE_Fail,2016-08-04 11:21:59,32-6-301.11-02.11,*,Hand Cleaner  Drying  Tissue Signage,2016-08-04 11:21:59,Fail,,No hand soap at warewashing area handsink. Provide.,70  Kilmarnock St,Boston,2215,81582,42.342431,-71.099082,2016
Fidelity 245 Cafe,,BDC SUMMER ST 121A LP,Flik International Corp.,Attn: Licensing,398723,2019-09-23 13:25:15,2020-12-31 23:59:00,Active,FS,Eating & Drinking,HE_Fail,2019-07-29 11:02:55,590.002(A)/2-101.11-PF,**,Assignment (Pf),2019-07-29 11:02:55,Fail,,PIC not monitoring hot and cold holding temperatures  ensure monitoring and proper training,245   Summer ST,Boston,2210,131985,42.351395,-71.053852,2019
FIGARO'S BOSTON DELICATESSEN,,ONE 05 BEACH STREET INC,GIAVANNI MARTONE, ,22401,2012-02-14 12:45:38,2020-12-31 23:59:00,Active,FT,Eating & Drinking w/ Take Out,HE_Fail,2017-02-08 11:35:45,29-5-201/02.11,*,Installed and Maintained,2017-02-08 11:35:45,Fail,,Hot water faucet not working properly  repair or replace,105   Beach ST,Boston,2111,9279,42.35071,-71.05826,2017
FIG'S,,ZUROMSKIS J MICHAEL TRSTS,Figs,Todd English,20018,2012-02-15 10:40:25,2020-12-31 23:59:00,Active,FS,Eating & Drinking,HE_Fail,2016-04-14 08:37:14,15-4-202.16,*,Non-Food Contact Surfaces,2016-04-14 08:37:14,Fail,,Rust on exterior of grease trap,42   Charles ST,Boston,2108,29159,42.357234,-71.070195,2016
FILIPPO'S,,,FILIPPO FRATTAROLI, ,20139,2012-01-10 11:39:22,2020-12-31 23:59:00,Active,FS,Eating & Drinking,HE_Fail,2015-10-28 13:38:12,05-4-302.12,*,Food Thermometers Provided,2015-10-28 13:38:12,Fail,,Provide a working food therometer,283   Causeway ST,Boston,2114,155911,42.366963,-71.05818,2015
FILL A BUSTER,,BOSTON VIEW CORP,VAIOS GRIGAS, ,18112,2012-02-09 08:42:40,2020-12-31 23:59:00,Active,FT,Eating & Drinking w/ Take Out,HE_Fail,2015-05-07 10:40:04,37-6-501.11-.12,*,Improper Maintenance of Walls/Ceilings,2015-05-07 10:40:04,Fail,,hood sticker expired in march  have cleaned by licensed hood cleaning company,130   Bowdoin ST,Boston,2108,17550,42.35857,-71.06258,2015
Finagle A Bagel,,,FINALGE A BAGEL,ATTN: Human Resources,20653,2011-12-15 10:47:55,2020-12-31 23:59:00,Active,FT,Eating & Drinking w/ Take Out,HE_Fail,2015-03-23 10:42:25,35-6-501.111/.115,**,Insects  Rodents  Animals,2015-03-23 10:42:25,Fail,,fruit flies found in food prep and on top shelving area,275  Cambridge St,Boston,2114,155973,42.361357,-71.068227,2015
FINAGLE-A-BAGEL,,HERITAGE COMMONWEALTH CORP,Finagle A Bagel,c/o Human Resources,19886,2011-12-15 10:39:40,2020-12-31 23:59:00,Active,FT,Eating & Drinking w/ Take Out,HE_Fail,2015-02-06 12:42:53,03-3-501.16(A),***,Cold Holding,2015-02-06 12:42:53,Fail,,Cooked Bufalo Chicken 47F. Unit 39F. PIC voluntarily discarded.,535  Boylston ST,Boston,2116,18338,42.35087,-71.07558,2015
Finn McCool's Bistro & Bar,,,Finn Investments,Att: Accounts Payable,316506,2017-05-30 09:12:35,2020-12-31 23:59:00,Active,FS,Eating & Drinking,HE_Fail,2018-05-31 11:07:24,17-4-302.14,*,Test Kit Provided,2018-05-31 11:07:24,Fail,,Provide test kit for monitoring the sanitizer strength at the 2 low temp dish machines at the main bar and the main dish machine in the kitchen.,200  High ST,Boston,2110,155937,42.356773,-71.051968,2018
FIN'S SUSHI & GRILL,,,OMEGA SUSHI INC., ,76210,2012-03-06 15:30:34,2020-12-31 23:59:00,Active,FS,Eating & Drinking,HE_Fail,2015-05-13 14:52:30,02-3-602.11-.12/3-302.12,*,Food Container Labels,2015-05-13 14:52:30,Fail,,Some bulk food containers not labeled. Label properly.,240   Cambridge ST,Boston,2114,155887,42.360986,-71.066858,2015
FIN'S SUSHI & GRILL,,  ,Bento Express Inc., ,77863,2012-08-01 09:29:07,2020-12-31 23:59:00,Active,FS,Eating & Drinking,HE_Fail,2015-08-03 13:51:41,03-3-501.16(A),***,Cold Holding,2015-08-03 13:51:41,Fail,,Shrimp tempura sitting out at 105F /    Provide proper cold holding temperatures.,62   Boylston ST,Boston,2116,193139,42.35199,-71.06439,2015
Fins Sushi & Grill 2,,BELVOIR CONDO TRUST,Zheng,Sam,29357,2012-02-13 08:47:50,2020-12-31 23:59:00,Active,FS,Eating & Drinking,HE_Fail,2015-03-03 13:58:23,06-3-501.13,*,PHF's Properly Thawed,2015-03-03 13:58:23,Fail,,Raw shrimp being thawn in room temperature. Thaw properly.,636   Beacon ST,Boston,2215,12031,42.349571,-71.095239,2015
Fiouna's,,,Persian Fusion Cuisine LLC,Mehrdad Jalilan,83431,2013-05-09 09:18:46,2020-12-31 23:59:00,Active,FT,Eating & Drinking w/ Take Out,HE_Fail,2015-04-28 12:59:24,13-2-304/402.11,*,Clean Cloths  Hair Restraint,2015-04-28 12:59:24,Fail,,Observed staff without Hair restraints.PIC stated she will provide,90   Peterborough ST,Boston,2215,156232,42.343074,-71.099029,2015
Firehouse Subs,,HERITAGE COMMONWEALTH CORP,Boston Franchise Group 545 L L C, ,79730,2012-09-20 13:52:32,2015-12-31 23:59:00,Inactive,FT,Eating & Drinking w/ Take Out,HE_Fail,2015-01-23 15:06:10,03-3-501.16(A),***,Cold Holding,2015-01-23 15:06:10,Fail,,Ham 46F  Roast Beef 47F   Turkey 47F. Unit 48. Turned higher the cooling switch inside unit and temperature lowered below 41F.Maintain at 41F or below.,543  Boylston ST,Boston,2116,18339,42.35078,-71.07581,2015
FISHER COLLEGE,,FISHER SCHOOL,ARAMARK EDUCATIONAL SERVICES L L C, ,20692,2012-01-24 10:19:20,2020-12-31 23:59:00,Active,FS,Eating & Drinking,HE_Fail,2015-03-26 14:13:36,03-3-501.16(A),***,Cold Holding,2015-03-26 14:13:36,Fail,,Salad Bar- Tabuli 45F  Egg 44F  Tofu 45F. Maintain all PHFs at 41F or below.,118  Beacon ST,Boston,2116,9518,42.35525,-71.07414,2015
Five Guys,,MCDONALDS CORP,Hyde Park Burgers LLC,Att: Accounts Payable,386187,2019-10-01 09:00:29,2020-12-31 23:59:00,Active,FS,Eating & Drinking,HE_Filed,2019-07-17 10:59:36,590.006/6-201.11-C,*,Floors  Walls and Ceilings-Cleanability (C),2019-07-17 10:59:36,Fail,,Clean floor area of large basement room past the 3 bay sink room. Clean floor area of the grease trap room. Remove buildup of soils.,58   Summer ST,Boston,2110,132027,42.35439,-71.05871,2019
Five Guys Burgers & Fries,,  ,Bean Town Five I I I, ,80896,2013-04-05 12:55:07,2018-12-31 23:59:00,Inactive,FT,Eating & Drinking w/ Take Out,HE_Fail,2015-01-20 11:47:16,03-3-501.16,***,Hot Holding,2015-01-20 11:47:16,Fail,,Cooked onions in oil at 107F for less than 2 hours- Ensure hot holding at 140F or above. Reheated on grill by PIC to 165F,261   Huntington AVE,Boston,2115,341004,42.342036,-71.086429,2015
Five Spices House,,  ,Liu Owner,Chang,141870,2015-08-21 10:16:01,2020-12-31 23:59:00,Active,FS,Eating & Drinking,HE_Fail,2015-07-06 10:20:54,16-4-301.12,*,Three Compartment Sink,2015-07-06 10:20:54,Fail,,Provide warewashing instructions for the 3 compartemnt sink.,58   Beach ST,Boston,2111,340069,42.35148,-71.06045,2015
Flame Cafe,,,Aleksanyan,David,113689,2013-09-26 12:44:30,2020-12-31 23:59:00,Active,FT,Eating & Drinking w/ Take Out,HE_Fail,2015-05-07 13:17:14,37-6-501.11-.12,*,Improper Maintenance of Walls/Ceilings,2015-05-07 13:17:14,Fail,,Both hood tags are expired / Contact hood cleaning services immediately.,2   Oliver ST,Boston,2109,157798,42.357262,-71.054578,2015
Flat Black Coffee,,LEGAL SEA FOODS  INC.RISK /BENEFITS,Flat Black Coffee Co.,David House,143891,2016-01-06 08:20:15,2019-12-31 23:59:00,Inactive,FT,Eating & Drinking w/ Take Out,HE_Fail,2015-12-15 12:49:00,23-4-602.13,*,Non-Food Contact Surfaces Clean,2015-12-15 12:49:00,Fail,,3 bay sink and countertops with dust build up from construction / Clean to remove.,255   State ST,Boston,2109,158086,42.359417,-71.051129,2015
Flat Black Coffee,,TWO SIXTY FRANKLIN INC,House,Jennifer,78516,2012-10-02 09:13:40,2020-12-31 23:59:00,Active,FS,Eating & Drinking,HE_Filed,2015-06-24 14:25:22,32-6-301.11-02.11,*,Hand Cleaner  Drying  Tissue Signage,2015-06-24 14:25:22,Fail,,2 hand sinks are missing liquid soap / Provide,260   Franklin ST,Boston,2109,60664,42.35693,-71.05399,2015
Flat Black Coffee Co.  Ltd.,,BOSTON SOCIETY OF ARCHITECTS,House,Jennifer,24378,2012-02-14 12:38:22,2019-12-31 23:59:00,Inactive,FT,Eating & Drinking w/ Take Out,HE_Fail,2015-06-11 14:18:57,20-4-703.11,***,Food Contact Surfaces Clean,2015-06-11 14:18:57,Fail,,Dish machine is broken  a makeshift 3 bay sink made from a prep sink and 2 food grade containers is being used / Discontinue use of makeshift 3 bay sink and repair dish machine to provide proper sanitizing procedures.,50   Broad ST,Boston,2109,20471,42.358,-71.05376,2015
FLEMING'S PRIME STEAKHOUSE,,,Flemings Prime Steakhouse,Attn: Joe Kadow,21407,2012-01-11 14:15:06,2020-12-31 23:59:00,Inactive,FS,Eating & Drinking,HE_Fail,2016-10-04 19:04:01,03-3-501.16(A),***,Cold Holding,2016-10-04 19:04:01,Fail,,Interior product of the 6 drawer unit reading 48-54F for 90 minutes per PIC.Provide all cold holding 41F or below. PIC has instructed staff to remove products to alternate refrigeration.,217   Stuart ST,Boston,2116,156056,42.350893,-71.068129,2016
Flik @ Re:Sources Cafe,,FIDELITY NON-PROFIT MGT,Flik Hospitality,Att: Accounts Payable,373563,2019-05-23 09:10:22,2020-12-31 23:59:00,Active,FT,Eating & Drinking w/ Take Out,HE_Fail,2019-04-05 11:37:46,32-6-301.11-02.11,*,Hand Cleaner  Drying  Tissue Signage,2019-04-05 11:37:46,Fail,,Proivde hand soap  paper towels  and dispensers for both at the hand sink in the Catering room.,33   Congress ST,Boston,2109,42101,42.35785,-71.056905,2019
Flik @ Skadden  Arps  Slate,,FIVE HUNDRED BOYLSTON WEST,Flik International Corp.,Attn: Licensing,126243,2014-03-03 08:19:11,2020-12-31 23:59:00,Active,FS,Eating & Drinking,HE_Fail,2016-02-02 11:30:10,M-2-103.11,***,PIC Performing Duties,2016-02-02 11:30:10,Fail,,8-303-2  -- 2016 Permit fee unpaid.Provide payment to health Department.  Provide proper Allergy warning on menu board.PIC corrected during inspection.,500   Boylston ST,Boston,2116,18333,42.35053,-71.0739,2016
FLIK INTERNATIONAL,,ACME-PREMIER REALTY CORP,FLIK INTERNATIONAL,Attn: Licensing,19471,2012-02-09 10:06:04,2020-12-31 23:59:00,Active,FT,Eating & Drinking w/ Take Out,HE_Fail,2015-01-21 11:51:44,M-2-103.11,***,PIC Performing Duties,2015-01-21 11:51:44,Fail,,8-303.20. Non-payment of permit. ensure proper payment of 2015 Health permit,60   State ST,Boston,2109,130427,42.35927,-71.05643,2015
Flik International @ Merck & Co.,,,Flik International Corp., ,78382,2012-03-20 10:07:00,2020-12-31 23:59:00,Active,FT,Eating & Drinking w/ Take Out,HE_Fail,2015-08-05 11:55:46,03-3-501.16,***,Hot Holding,2015-08-05 11:55:46,Fail,,Fish filet at hot hold service line 125F. Ensure hot holding at 140F or above. Removed by PIC and reheated to 165F,33   Avenue Louis Pasteur  ,Boston,2115,6851,42.339769,-71.103259,2015
FLORENTINE CAFFE,,RICCIO GERALD,RICCIO,GERALD,20087,2011-12-30 12:54:51,2020-12-31 23:59:00,Active,FS,Eating & Drinking,HE_Fail,2015-05-19 12:27:52,05-4-302.12,*,Food Thermometers Provided,2015-05-19 12:27:52,Fail,,Provide,333   Hanover ST,Boston,2113,157419,42.364326,-71.053705,2015
Florina Restaurant,,PAPADOPOILOS ELIAS,Cucinatti,John,171041,2016-08-22 14:35:06,2020-12-31 23:59:00,Active,FT,Eating & Drinking w/ Take Out,HE_Fail,2016-08-19 11:29:07,19-4-501.18-.110,*,Wash Rinse Water Clean Proper Temperature.,2016-08-19 11:29:07,Fail,,Sanitizer water at 75F. Maintain water temperature for chlorine sanitizing at 120F.,16   Derne ST,Boston,2114,157366,42.359519,-71.063449,2016
FLOUR BAKERY & CAFE,,  ,Cakewalk Bakers L L C, ,81210,2013-01-24 10:45:47,2020-12-31 23:59:00,Active,FS,Eating & Drinking,HE_Fail,2015-02-05 11:16:07,03-3-501.16(A),***,Cold Holding,2015-02-05 11:16:07,Fail,,muffalleta sandwich/displayed at 60 degrees/provide prooer temperature of 41 degrees or below,131   Clarendon ST,Boston,2116,208100,42.34839,-71.07384,2015
Fomu Ice Cream,,,Fomu Tremont Street,Att: Accounts Payable,388817,2019-03-22 09:00:12,2020-12-31 23:59:00,Active,FT,Eating & Drinking w/ Take Out,HE_Fail,2020-02-25 15:08:54,590.002/2-501.11-PF,**,Clean-up of Vomiting and Diarrheal Events (Pf),2020-02-25 15:08:54,Fail,,No writen procedures  and clean-up kit for vomiting and diarrheal events. Provide.,140  Brookline Av,Boston,2215,22085,42.34489,-71.1007,2020
Fomu Ice Cream,,QUERZOLI LYNNE M,Fomu Tremont Corp.,Deena Jalal,363803,2018-06-11 09:32:32,2018-12-31 23:59:00,Inactive,FT,Eating & Drinking w/ Take Out,HE_Fail,2018-06-07 09:18:01,25-4-904.11,*,Single Service Articles Stored Dispensed,2018-06-07 09:18:01,Fail,,Storing disposable food containers in bathroom - Remove and properly store,227   Newbury ST,Boston,2116,101444,42.35001,-71.08177,2018
Food 4 Thought Cafe,,ANDREW KORN  PRES.,Poreci,Jorid,411019,2019-10-15 10:58:05,2020-12-31 23:59:00,Active,FS,Eating & Drinking,HE_Fail,2020-02-14 12:36:09,590.002(D)/2-103.11-PF,**,(A)-(P) Person-In-Charge-Duties (Pf),2020-02-14 12:36:09,Fail,,Manager/owner not ensuring proper cold and hot holding temperatures  ensure proper cold hold of 41f or below and hot hold of 135f or above,145   Harrison AVE,Boston,2118,157119,42.349909,-71.061999,2020
Fort Point Market,,BECK ISAAC TRST,Dasang Enterprises Inc.,Dawa Lama,28590,2012-03-20 10:16:09,2020-12-31 23:59:00,Active,RF,Retail Food,HE_Fail,2017-01-26 14:15:15,08-3-305-307.11,*,Food Protection,2017-01-26 14:15:15,Fail,,Keep all foods elevated off the ground during storage a minimum od six inches,369   Congress ST,Boston,2127,42113,42.34982,-71.04804,2017
Found Hotel,,PORTER J BROOKS,78 Charles Str. Propco LLC.,Att: Acc. Pay.,310633,2016-12-12 12:59:53,2020-12-31 23:59:00,Active,FS,Eating & Drinking,HE_Fail,2017-07-18 12:21:10,17-4-302.14,*,Test Kit Provided,2017-07-18 12:21:10,Fail,,No test kit,78   Charles ST,Boston,2114,29191,42.3581,-71.07068,2017
Four Seasons Hotel Boston,,FSH BOYLSTON INC,FOUR SEASONS HOTEL,BOSTON,18140,2012-02-21 12:16:45,2020-12-31 23:59:00,Active,FS,Eating & Drinking,HE_Fail,2016-12-14 12:46:33,15-4-202.16,*,Non-Food Contact Surfaces,2016-12-14 12:46:33,Fail,,Rust on shelving on cooking line,200   Boylston ST,Boston,2116,18111,42.35221,-71.06809,2016
Four Winds,,GIOIA THOMAS A,GIOIA,Thomas,18347,2012-02-15 14:10:30,2019-12-31 23:59:00,Active,FS,Eating & Drinking,HE_Fail,2015-10-08 08:00:44,17-4-302.14,*,Test Kit Provided,2015-10-08 08:00:44,Fail,,Replace missing test kits,266   Commercial ST,Boston,2109,36258,42.36432,-71.05135,2015
FOUR'S BOSTON,,CANAL ST REALTY LLC,COLTON,TIMOTHY,18990,2011-12-17 20:53:49,2020-12-31 23:59:00,Inactive,FS,Eating & Drinking,HE_Fail,2015-09-28 12:07:55,08-3-302.11/3-304.11,***,Separation  Segregation Cross Contamination,2015-09-28 12:07:55,Fail,,drinking glasses stored in drinking ice  store seperate to avoid contamination,162   Canal ST,Boston,2114,25419,42.36502,-71.06097,2015
Fresh Fuel at Granby Commons,,ARAMARK DINING SERVICES,Trustees of Boston University,Director of Safety & Sanitation,23756,2012-02-15 13:55:25,2020-12-31 23:59:00,Active,FS,Eating & Drinking,HE_Fail,2015-04-03 13:59:24,06-3-501.13,*,PHF's Properly Thawed,2015-04-03 13:59:24,Fail,,Meat packages thawing inside the prep sink in water (not runing). Thaw properly.,213   Bay State RD,Boston,2215,157671,42.350771,-71.102931,2015
Freshii,,,Red Cape Ventures L L C, ,75872,2012-02-14 14:29:41,2018-12-31 23:59:00,Inactive,FS,Eating & Drinking,HE_Fail,2015-12-02 14:27:45,20-4-703.11,***,Food Contact Surfaces Clean,2015-12-02 14:27:45,Fail,,Sanitizer at dish machine 10ppm / Repair to provide 50ppm,100  High ST,Boston,2110,342934,42.354448,-71.05536,2015
Friend Street Cafe,,MCGANN THOMAS G,Friend Street Cafe L L C, ,79345,2012-05-18 11:04:41,2014-12-31 23:59:00,Inactive,FS,Eating & Drinking,HE_OutBus,2015-10-23 09:32:03,36-6-501.11-.12,*,Improper Maintenance of Floors,2015-10-23 09:32:03,Fail,,Floor with heavy water build up from sprinkler break  clean to remove,232  Friend ST,Boston,2114,60992,42.36432,-71.06115,2015
Frost Ice Bar,,TWO-HUNDRED STATE ST CONDO,Frost Group L L C, ,90142,2013-09-05 11:18:30,2016-12-31 23:59:00,Inactive,FS,Eating & Drinking,HE_Fail,2016-09-20 12:52:38,17-4-302.14,*,Test Kit Provided,2016-09-20 12:52:38,Fail,,No test kit found for quats sanitizer at time of inspection. Provide.,200   State ST,Boston,2109,130418,42.36003,-71.05319,2016
Futago Udon,,BRAHIM BENDOK CRISPY CREPES CAFE,Futago Ya Inc.,Minh Bui,367167,2019-02-19 08:08:10,2020-12-31 23:59:00,Active,FS,Eating & Drinking,HE_Fail,2019-10-25 11:43:47,590.003/3-302.12-C,*,Food Storage Containers Identified with Common Name of Food (C),2019-10-25 11:43:47,Fail,,Some bulk food items in containers without labels. Provide.,512   Park DR,Boston,2215,156154,42.34779,-71.105861,2019
Ga Ga Seafood Restaurant,,  ,EFTSROT L L C, ,76200,2012-01-18 12:27:33,2020-12-31 23:59:00,Active,FS,Eating & Drinking,HE_Fail,2016-07-07 11:26:10,01-3-203.12,**,Tags & Records,2016-07-07 11:26:10,Fail,,No Shell stock tags for oysters on site  supply and ensure tags are maintained for 90 days,23   Tyler ST,Boston,2111,170647,42.350724,-71.060979,2016
GALLERIA UMBERTO,,EATON ELIZABETH,DEUTERIO'S INC., ,18571,2012-02-23 09:38:22,2020-12-31 23:59:00,Active,FT,Eating & Drinking w/ Take Out,HE_Fail,2015-04-29 10:44:42,08-3-305-307.11,*,Food Protection,2015-04-29 10:44:42,Fail,,Pizza on top of the front counter has no barrier to protect against the customer's potential contamination - provide a barrier as discussed or relocate pizza when dispensing,287   Hanover ST,Boston,2113,69100,42.36372,-71.05425,2015
GARDEN HALAL MEAT MARKET INC.,,CONCORD ASSOCIATES LP,CHITAOUI MOHAMED, ,25919,2012-03-07 11:28:22,2020-12-31 23:59:00,Active,RF,Retail Food,HE_Fail,2015-04-28 11:42:09,01-3-101/701.11,***,Spoilage Unsafe Food,2015-04-28 11:42:09,Fail,,Yogurt in the dairy case has an expiration of 4-1-15 - visibly spoiled inside PIC took it off the shelf,88   Blackstone ST,Boston,2109,15798,42.36142,-71.05631,2015
Garden Halal Restaurant,,,Chitaoui,Mohamed,28813,2012-02-07 13:14:23,2020-12-31 23:59:00,Active,FS,Eating & Drinking,HE_Fail,2015-04-28 12:16:31,01-3-602.11 B2,***,Labeling of Ingredients,2015-04-28 12:16:31,Fail,,Packaged breads out for retail sale are without proper labels - provide as discussed,96   Blackstone ST,Boston,2109,158261,42.361495,-71.056409,2015
Gardner Museum Cafe,,,Peter Crowley Pres., ,74435,2012-01-10 09:22:53,2020-12-31 23:59:00,Active,FS,Eating & Drinking,HE_Fail,2017-01-11 11:01:25,37-6-501.11-.12,*,Improper Maintenance of Walls/Ceilings,2017-01-11 11:01:25,Fail,,The hood vent in the downstairs kitchen is due for a cleaning.  Have the hood vent cleaned by a licensed company.,2  Palace RD,Boston,2115,344007,42.338318,-71.100359,2017
GENERAL NUTRITION CENTER No. 3096,,THREE 33 WASHINGTON ST,GENERAL NUTRITION CORP., ,20190,2012-01-09 13:51:24,2018-12-31 23:59:00,Inactive,RF,Retail Food,HE_Fail,2018-03-20 12:56:23,15-4-202.16,*,Non-Food Contact Surfaces,2018-03-20 12:56:23,Fail,,remove pipe covering hanging off of pipes in basement area.,343   Washington ST,Boston,2108,144926,42.35679,-71.05921,2018
Genji,,WHOLE FOODS MARKET GROUP  INC.,Hana Group North America,Att: Accounts Payable,24004,2012-01-03 14:17:21,2020-12-31 23:59:00,Active,RF,Retail Food,HE_Fail,2016-01-11 10:42:19,08-3-305-307.11,*,Food Protection,2016-01-11 10:42:19,Fail,,"Shelving inside walkin cooler storing pickled ginger collapsed. Repair to maintain food storage atleast 6"" off the floor.",181   Cambridge ST,Boston,2114,156327,42.362108,-71.065981,2016
Genji,,YUKO OMORI,Hana Group North America,Att: Susani Yoon,22350,2012-01-03 14:18:06,2020-12-31 23:59:00,Active,RF,Retail Food,HE_Fail,2017-04-21 11:51:02,M-8-103.12,***,Conformance w/ Approved Procedures,2017-04-21 11:51:02,Fail,,The quinoa-brown rice has a pH of 4.35 and the brown rice has a pH of 4.30  both rices are 60F so require acidification.  The HACCP plans own critical limit is below 4.2 as it's critical limit in reserve to satisfy pH 4.6.  (The manager was able to discard the rice and make a new batch),15  Westland Av,Boston,2115,157193,42.343689,-71.086548,2017
Genki Ya of Boston,,,JACK CHEUNG, ,22574,2012-03-02 15:39:06,2020-12-31 23:59:00,Active,FT,Eating & Drinking w/ Take Out,HE_Fail,2015-06-01 14:14:38,03-3-501.16(A),***,Cold Holding,2015-06-01 14:14:38,Fail,,Crab stick sitting out at 65F / Provide proper cold holding temperatures.,232  Tremont ST,Boston,2116,158131,42.351219,-71.064646,2015
Gennaro 5 North Square,,D'AMELIO GEORGE K,Riccio,Gerald,33305,2012-02-15 13:12:07,2017-12-31 23:59:00,Inactive,FS,Eating & Drinking,HE_Fail,2016-11-16 09:03:46,37-6-501.11-.12,*,Improper Maintenance of Walls/Ceilings,2016-11-16 09:03:46,Fail,,Hood tag expired in October 2016 / Hood cleaning scheduled for 11/26/16.,5   North SQ,Boston,2113,103520,42.36399,-71.05357,2016
Giacomo's,,TAGLIERI JOHN,TAGLIERI,JOHN,18579,2012-01-19 16:49:36,2019-12-31 23:59:00,Inactive,FS,Eating & Drinking,HE_Fail,2016-06-15 14:02:37,03-3-501.16(A),***,Cold Holding,2016-06-15 14:02:37,Fail,,Raw shell eggs sitting out at room temperature / Provide proper cold holding temperatures of 41F or below at all times.,353   Hanover ST,Boston,2113,155725,42.364557,-71.053439,2016
Giacomo's Restaurant,,FOUR 31 COLUMBUS AV CONDO TR,Columbus Corporation, ,29950,2012-02-15 10:52:25,2020-12-31 23:59:00,Active,FS,Eating & Drinking,HE_Fail,2015-09-30 17:55:20,15-4-202.16,*,Non-Food Contact Surfaces,2015-09-30 17:55:20,Fail,,wait station/defrost 2 door reach in wait station/resurface worn white shelving,431   Columbus AVE,Boston,2116,35703,42.344074,-71.077812,2015
Gigi Gelateria,,MARTIGNETTI CARL,DePasquale,Frank,32971,2012-04-26 11:55:57,2017-12-31 23:59:00,Inactive,FT,Eating & Drinking w/ Take Out,HE_Filed,2017-05-17 13:41:15,29-5-201/02.11,*,Installed and Maintained,2017-05-17 13:41:15,Fail,,Hand sink faucet leaking / Repair,64  Cross St,Boston,2113,155710,42.362948,-71.055959,2017
Ginger Exchange,,KAREN ALBREKTSEN,Symphony Exchange Inc., ,86534,2013-06-19 08:44:05,2020-12-31 23:59:00,Active,FS,Eating & Drinking,HE_Fail,2015-01-09 11:37:08,08-3-302.11/3-304.11,***,Separation  Segregation Cross Contamination,2015-01-09 11:37:08,Fail,,Large container of raw chicken stored above raw pork in walkin- Discontinue and store foods properly- Reviewed with PIC (Handout Given),250   Huntington AVE,Boston,2115,157713,42.342201,-71.08503,2015
GLOBE BAR & CAFE,,FIENBERG ANDREW  TS.,Cantona Inc,Globe Bar & Cafe,353804,2018-01-18 08:09:09,2019-12-31 23:59:00,Inactive,FS,Eating & Drinking,HE_Closure,2019-02-02 09:32:22,29-5-201/02.11,*,Installed and Maintained,2019-02-02 09:32:22,Fail,,repair sprinlker malfunction,384   Boylston ST,Boston,2116,18315,42.35135,-71.07187,2019
G-Mart Supermarket,,ONE25 LINCOLN ST LIABILITY,G-Mart Inc., ,93466,2013-07-19 10:17:54,2020-12-31 23:59:00,Active,RF,Retail Food,HE_Fail,2015-08-26 11:31:23,01-3-203.12,**,Tags & Records,2015-08-26 11:31:23,Fail,,Shellstock tags are not kept on file for at least 90 days. Manager stated that tags are disposed of when the shellfish batch is gone / Ensure tags are maintained on file for at least 90 days.,109   Lincoln ST,Boston,2111,86024,42.35154,-71.05857,2015
GNC,,  ,General Nutrition Corporation,Att: Accounts Payable,158037,2015-11-06 09:12:24,2018-12-31 23:59:00,Inactive,RF,Retail Food,HE_Fail,2016-12-14 10:41:30,08-3-305-307.11,*,Food Protection,2016-12-14 10:41:30,Fail,,"products in basement not stored 6"" off the floor  store 6"" off floor",52   Winter ST,Boston,2111,171883,42.35609,-71.062113,2016
GNC,,CAPITAL VIDEO CORP. ATTN EXEC OFF.,GENERAL NUTRITION CORP., ,304463,2016-11-07 10:03:02,2018-12-31 23:59:00,Inactive,RF,Retail Food,HE_Fail,2017-05-05 08:43:10,29-5-201/02.11,*,Installed and Maintained,2017-05-05 08:43:10,Fail,,Hot water temperatures at hand sinks 90 F (men's and ladies room) Hot water must maintain 110 F and meet peak demands,1258   Boylston ST,Boston,2215,156341,42.344764,-71.09583,2017
GNC,,THREE 49 NEWBURY STREET LLC,GNC Corporation,Retail Ops,333731,2017-11-06 07:59:31,2018-12-31 23:59:00,Inactive,RF,Retail Food,HE_Filed,2018-07-24 15:21:46,33-5-501.13-.17,*,Adequate Number  Frequency Vermin Proof,2018-07-24 15:21:46,Fail,,No cover for waste receptacle in unisex bathroom,349   Newbury ST,Boston,2115,101569,42.34855,-71.08726,2018
Golden Goose Cafe,,  ,Dell Russo Companies LLC,Stephen T. DeAngelis  Pres.,318663,2017-10-31 08:59:08,2019-12-31 23:59:00,Inactive,FT,Eating & Drinking w/ Take Out,HE_Fail,2017-10-19 08:38:51,12-2-301.12-.15,***,Adequate Handwashing/Where/When/How,2017-10-19 08:38:51,Fail,,Dishwasher unable to properly wash hands when going back and forth between handling dirty and clean dishes because hand sink is not properly set up.,65   Atlantic AVE,Boston,2110,180615,42.36292,-71.05126,2017
GOLDEN LEAF RESTAURANT,,CHINESE MERCHANTS ASSOC,Triple Eight Mgmt. Corp., ,129486,2014-12-23 12:17:19,2020-12-31 23:59:00,Active,FS,Eating & Drinking,HE_Fail,2015-10-22 17:29:04,15-4-202.16,*,Non-Food Contact Surfaces,2015-10-22 17:29:04,Fail,,remove/repair all non working equipment at upper bar ladies restroom/repair handsink counter ice machine/repair loose interior white panel,20  Hudson ST,Boston,2111,75859,42.350406,-71.059976,2015
Good Bite,,,Noufal Inc.,Ayman M. Noufal,401926,2019-07-16 10:29:40,2020-12-31 23:59:00,Active,FT,Eating & Drinking w/ Take Out,HE_Fail,2020-02-25 10:53:14,590.003/3-305.11-C,*,Food Storage-Preventing Contamination from the Premises (C),2020-02-25 10:53:14,Fail,,Salad sitting in sanitizer bay of 3 bay sink  ensure salads prepared @ prep sink.,2   Avenue De Lafayette ,Boston,2111,6847,42.35404,-71.0611,2020
Gourmet China House,,CHIN MICHAEL,Authentic China House,Chin Chen Chang,367154,2018-12-28 10:45:41,2020-12-31 23:59:00,Active,FS,Eating & Drinking,HE_Fail,2019-08-30 11:46:04,590.003/3-305.11-C,*,Food Storage-Preventing Contamination from the Premises (C),2019-08-30 11:46:04,Fail,,Multiple bowls of vegetables and tofu stored on floor under and around 3 bay sink  store under refrigeration and protected from contamination,55   Beach ST,Boston,2111,158134,42.351249,-71.06068,2019
Grain Exchange,,CARRIGAN CAROL A,170 L L C, ,79140,2012-10-18 09:11:47,2020-12-31 23:59:00,Active,FS,Eating & Drinking,HE_Fail,2016-09-21 13:49:43,02-3-602.11-.12/3-302.12,*,Food Container Labels,2016-09-21 13:49:43,Fail,,Sauce container in the main kitchen area observed with no labels.Provide.,168   Milk ST,Boston,2109,95435,42.358727,-71.052604,2016
Grass Roots Cafe,,  ,Min Kyu Pak, ,93145,2013-07-17 09:08:51,2020-12-31 23:59:00,Active,FT,Eating & Drinking w/ Take Out,HE_Fail,2015-01-06 14:29:34,10-3-304.12,*,Food Utensil Storage,2015-01-06 14:29:34,Fail,,Rice scoop and spoons stored in stagnant water / Discontinue and properly store.,101  Arch ST,Boston,2110,179021,42.355,-71.0587,2015
Gre.Co,,QUERZOLI LYNNE M,Tsolakis,Demetri,304015,2017-02-08 11:01:26,2020-12-31 23:59:00,Active,FT,Eating & Drinking w/ Take Out,HE_Fail,2017-06-21 12:06:55,02-3-602.11-.12/3-302.12,*,Food Container Labels,2017-06-21 12:06:55,Fail,,Bulk food containers with no labels - Provide,225   Newbury ST,Boston,2116,101442,42.35003,-71.08169,2017
GREAT BARBECU INC.,,WONG BILLY Y ETAL,CHEN,WEN DONG,26477,2012-04-26 09:15:07,2020-12-31 23:59:00,Active,FT,Eating & Drinking w/ Take Out,HE_Fail,2015-06-17 14:25:26,03-3-501.16(A),***,Cold Holding,2015-06-17 14:25:26,Fail,,Raw pork parts sitting out at room temperature / Manager moved to walk in / Provde proper cold holding.,15   Hudson ST,Boston,2111,75854,42.35074,-71.06023,2015
Great Neck Health Food Inc.,,URBAN GROWTH PROPERTY LP,Lau,Siu Mai,137724,2014-12-11 09:31:37,2018-12-31 23:59:00,Inactive,RF,Retail Food,HE_Fail,2018-02-23 14:59:04,M-2-103.11,***,PIC Performing Duties,2018-02-23 14:59:04,Fail,,8-301.11 2108 Health Permit not paid  remit payment,14   Beach ST,Boston,2111,9385,42.35164,-71.06159,2018
Great Taste Bakery and Restaurant,,CHINESE MERCHANTS ASSOC,Great Taste Corp, ,30637,2012-04-26 08:59:32,2020-12-31 23:59:00,Active,FS,Eating & Drinking,HE_Fail,2015-09-17 13:45:09,03-3-501.16(A),***,Cold Holding,2015-09-17 13:45:09,Fail,,Bean sprouts sitting out at 80F / Provide proper cold holding temperatures.,61   Beach ST,Boston,2111,9397,42.35115,-71.06025,2015
Great Taste Italian & Mexican,,ONE HUNDRED CITY HALL PZ LP,Baraka,Mohamed,74748,2012-02-13 10:12:52,2019-12-31 23:59:00,Inactive,FT,Eating & Drinking w/ Take Out,HE_Fail,2018-03-20 12:46:52,21-3-304.14,*,Wiping Cloths  Clean  Sanitize,2018-03-20 12:46:52,Fail,,Wet wiping cloths leftout of sanitizer. Remove store properly in sanitizer.,38   Cornhill  ,Boston,2108,154049,42.35952,-71.05866,2018
Greek Street,,OMNI ORTIZ,Mendez,Jon,411454,2019-10-04 15:36:38,2019-12-31 23:59:00,Active,FT,Eating & Drinking w/ Take Out,HE_Filed,2020-01-07 13:12:29,590.003/3-304.14-C,*,Wiping Cloths  Use Limitation (C),2020-01-07 13:12:29,Fail,,Wiping cloths stored wet on counters. Store properly in sanitizer solution.,401   Park DR,Boston,2115,156914,42.344534,-71.102755,2020
GREEN DRAGON TAVERN,,,JOHN J. SOMERS, ,19694,2012-01-19 17:26:42,2020-12-31 23:59:00,Active,FS,Eating & Drinking,HE_Fail,2015-04-10 12:00:04,02-3-602.11-.12/3-302.12,*,Food Container Labels,2015-04-10 12:00:04,Fail,,Label all bulk food containers where needed [ sugar - flour - salt ],11   Marshall ST,Boston,2108,158038,42.361469,-71.056839,2015
GRIDDLER'S BURGERS & DOGS,,ATRIA SALVATORE,BNV II Inc., ,32186,2011-12-30 15:12:46,2016-12-31 23:59:00,Inactive,FT,Eating & Drinking w/ Take Out,HE_Fail,2016-01-14 12:57:38,37-6-501.11-.12,*,Improper Maintenance of Walls/Ceilings,2016-01-14 12:57:38,Fail,,Hood sticker at cookline expired. Provide updated properly hole punched hood sticker reflecting current service from BFD licensed hood maintenance company.,204   Cambridge ST,Boston,2114,25253,42.36096,-71.06586,2016
GRILL 23 AND BAR,,,SBH CORP., ,19805,2011-12-29 12:43:20,2020-12-31 23:59:00,Active,FS,Eating & Drinking,HE_Fail,2015-10-06 18:30:52,02-3-602.11-.12/3-302.12,*,Food Container Labels,2015-10-06 18:30:52,Fail,,Provide proper labels on all bulk storage containers throughout all kitchens,161  Berkeley St,Boston,2116,158191,42.349397,-71.071858,2015
GROTTO,,COMMONWEALTH LAND TRUST INC,HERRITT,SCOTT,22698,2012-01-03 13:47:26,2020-12-31 23:59:00,Active,FS,Eating & Drinking,HE_Fail,2016-05-26 13:02:33,02-3-602.11-.12/3-302.12,*,Food Container Labels,2016-05-26 13:02:33,Fail,,Several squeeze bottles at cookline without labels. Provide labels.,37   Bowdoin ST,Boston,2114,17611,42.35991,-71.063085,2016
Guru The Caterer,,,Guru The Caterer Inc., ,37251,2012-04-02 12:48:26,2015-12-31 23:59:00,Inactive,FT,Eating & Drinking w/ Take Out,HE_Fail,2015-09-09 11:05:00,35-6-501.111/.115,**,Insects  Rodents  Animals,2015-09-09 11:05:00,Fail,,Fruit flies noted in back area / Contact pest control.,185   Devonshire ST,Boston,2110,158856,42.355943,-71.057564,2015
Guy Fieri's Tequilla Cocina,,  ,Big Causeway LLC,Randy Greenstein,377683,2019-10-30 09:38:07,2020-12-31 23:59:00,Active,FS,Eating & Drinking,HE_Fail,2019-12-03 12:23:35,590.006/6-201.11-C,*,Floors  Walls and Ceilings-Cleanability (C),2019-12-03 12:23:35,Fail,,Exposed piping and duckwork over bar section. Ceiling over food service area must be Smooth and easily cleanable.,100  Causeway St,Boston,2114,162913,42.365215,-71.061165,2019
Haju Kitchen,,DAVOS X YIANNIS TS,Jung,Ji Sook,348049,2018-03-14 15:27:22,2020-12-31 23:59:00,Active,FS,Eating & Drinking,HE_Fail,2018-03-08 09:03:26,08-3-302.11/3-304.11,***,Separation  Segregation Cross Contamination,2018-03-08 09:03:26,Fail,,Raw chicken stored above raw beef and vegetables in refrigeration- Store foods properly. Reviewed with PIC,175   Massachusetts AVE,Boston,2115,91979,42.34583,-71.08737,2018
Halal Indian Cuisine,,BOESEN DONALD TRSTS,Khan,Iqbal,29881,2012-03-01 10:05:31,2017-12-31 23:59:00,Inactive,FT,Eating & Drinking w/ Take Out,HE_Fail,2015-02-23 11:29:53,22-4-601/602.11,**,Food Contact Surfaces Clean,2015-02-23 11:29:53,Pass,2015-02-24 07:29:23,clean can opener and blade,724   Huntington AVE,Boston,2115,76411,42.333841,-71.105038,2015
HALF TIME,,PASQUALE DORA,PASQUALE,DORA,18260,2012-02-08 16:36:03,2020-12-31 23:59:00,Active,FT,Eating & Drinking w/ Take Out,HE_Fail,2016-02-02 13:13:44,12-2-401.11-.12,***,Good Hygienic Practices,2016-02-02 13:13:44,Fail,,Observed employee at cookline eating french fries with gloved hand and resume work. Avoid hand to mouth contact with gloves. Wash hands and change gloves with proper frequency.,113   Causeway ST,Boston,2114,155699,42.365054,-71.061409,2016
Hall,,GRIESINGER PAUL E TS,Hall Environments Inc.,Att: Albert Nichols,331354,2017-08-23 10:02:07,2019-12-31 23:59:00,Inactive,FS,Eating & Drinking,HE_Fail,2018-06-12 11:46:23,20-4-703.11,***,Food Contact Surfaces Clean,2018-06-12 11:46:23,Fail,,High temp dishmachine 0 PPM Only paper/disposables/non reusables are permitted. All food is prepared off site at a commissary kitchen. Only reheating on premises. PIC call dish washing company during inspection.,284  Newbury ST,Boston,2115,101518,42.34894,-71.08424,2018
Hampshire House Butcher Block,,KERSHAW THOMAS A,KERSHAW,THOMAS A,18057,2012-01-24 12:49:30,2020-12-31 23:59:00,Active,FS,Eating & Drinking,HE_Fail,2015-05-19 15:01:58,03-3-501.16(A),***,Cold Holding,2015-05-19 15:01:58,Fail,,Raw burger registered 50F. PIC removed it to the walk in cooler. Maintain at 41F or below.,84   Beacon ST,Boston,2108,155676,42.355981,-71.071299,2015
Happy Pills,,RECUPERO VITTORIO ETAL,Pajolek,Michael,414490,2019-12-06 10:00:32,2020-12-31 23:59:00,Active,RF,Retail Food,HE_FailExt,2019-11-27 11:54:52,590.004/4-302.14-PF,**,Sanitizing Solutions  Testing Devices (Pf),2019-11-27 11:54:52,Fail,,There are no test strips.  Provide.,121   Salem ST,Boston,2113,121723,42.36456,-71.05537,2019
HARBORSIDE INN OF BOSTON,,  ,H & H L L C, ,79028,2013-06-27 08:49:47,2020-12-31 23:59:00,Active,FS,Eating & Drinking,HE_Fail,2020-01-13 13:48:38,590.002(C)/2-102.12-C,*,(A) Certified Food Protection Manager (C),2020-01-13 13:48:38,Fail,,Post copy of at least 1 Cerified Food Manager's certificate.,185   State ST,Boston,2109,340810,42.359265,-71.052854,2020
Harborview Cafe,,NEW ENGLAND AQUARIUM,Patina Marine Life LLC,Att: Accounts Payable,381913,2019-01-15 08:04:33,2020-12-31 23:59:00,Active,FS,Eating & Drinking,HE_Fail,2019-01-01 10:17:56,23-4-602.13,*,Non-Food Contact Surfaces Clean,2019-01-01 10:17:56,Fail,,Light bulb covers observed soiled above cook line.Clean to remove soils.,250  Atlantic AVE,Boston,2110,158389,42.356944,-71.050388,2019
Hard Rock Cafe,,SULLIVAN JAMES F TRST,Hard Rock Cafe International,(STP)  Inc.,27086,2012-01-12 11:53:45,2020-12-31 23:59:00,Active,FS,Eating & Drinking,HE_Fail,2016-05-16 10:54:15,14-4-202.11,*,Food Contact Surfaces Design,2016-05-16 10:54:15,Fail,,Cutting boards at char broiler heavily scored. Resurface or replace.,20   Clinton ST,Boston,2109,34045,42.36088,-71.05498,2016
Harpoon Brewery Beer Hall,,ZANTI,MBBC INC.,Att: Felicia Ruano,79244,2013-02-01 08:49:49,2020-12-31 23:59:00,Active,FS,Eating & Drinking,HE_Filed,2019-05-02 12:49:18,590.009(E),*,Anti-Choking,2019-05-02 12:49:18,Fail,,No choke save certificate on site. Provide.,306   Northern AVE,Boston,2210,156978,42.346919,-71.034157,2019
HARRY'S COLD CUT CENTER,,,ROY FOURNIER, ,22372,2012-01-13 11:49:43,2020-12-31 23:59:00,Active,RF,Retail Food,HE_Fail,2015-03-24 10:55:48,02-3-602.11-.12/3-302.12,*,Food Container Labels,2015-03-24 10:55:48,Fail,,Label all clear plastic spray bottles - label all bulk food containers to properly identify the product,98   Blackstone ST,Boston,2109,156171,42.361523,-71.056428,2015
HARVARD BUS./ALDRICH HALL,,RESTAURANT ASSOCIATES,RESTAURANT ASSOCIATES, ,24027,2012-02-15 13:57:39,2020-12-31 23:59:00,Active,FS,Eating & Drinking,HE_Fail,2018-10-24 13:02:46,01-3-602.11 B2,***,Labeling of Ingredients,2018-10-24 13:02:46,Fail,,Provide Proper labels on packaged items listing all ingredients.,35   Harvard WAY,Boston,2163,156898,42.365895,-71.12208,2018
HARVARD BUS./BAKER FACULTY,,RESTAURANT ASSOCIATES,RESTAURANT ASSOCIATES, ,24025,2012-02-15 13:57:12,2020-12-31 23:59:00,Active,FS,Eating & Drinking,HE_Fail,2018-10-24 12:50:43,29-5-201/02.11,*,Installed and Maintained,2018-10-24 12:50:43,Fail,,Hot water fixture at dish room hand sink not operating properly.Repair,25  Harvard WAY,Boston,2163,157094,42.366436,-71.122758,2018
HARVARD CLUB OF BOSTON,,GILLBERG,GEORGE,LAHAM,18356,2012-02-15 13:40:29,2020-12-31 23:59:00,Active,FS,Eating & Drinking,HE_Fail,2016-03-09 08:50:17,15-4-202.16,*,Non-Food Contact Surfaces,2016-03-09 08:50:17,Fail,,No divider/splash guards between hand sink and clean equipment storage.,374  Commonwealth AVE,Boston,2215,157068,42.349462,-71.089418,2016
HARVARD CLUB OF BOSTON,,JAMESTOWN ONE FEDERAL LP,GEORGE,LAHAM,18521,2012-02-14 09:01:30,2020-12-31 23:59:00,Active,FS,Eating & Drinking,HE_Filed,2018-09-17 10:57:17,15-4-202.16,*,Non-Food Contact Surfaces,2018-09-17 10:57:17,Fail,,remove rust buildup on top of the grease trap.,1   Federal ST,Boston,2110,57149,42.3561,-71.05695,2018
Harvard Gardens,,COULOURAS LOUIS,c/o Lyons Group, ,30610,2011-12-13 10:13:13,2020-12-31 23:59:00,Active,FS,Eating & Drinking,HE_Fail,2015-06-19 12:26:17,17-4-204.112/.115,*,Equipment Thermometers,2015-06-19 12:26:17,Fail,,Provide working internal thermometers for all refrigeration,310   Cambridge ST,Boston,2114,25286,42.36093,-71.06901,2015
Healthy Blends,,BOSTON UNIVERSITY TRSTS,Trustees of Boston University,Director of Safety & Sanitation,83792,2013-03-25 14:39:48,2020-12-31 23:59:00,Active,FT,Eating & Drinking w/ Take Out,HE_Fail,2016-10-24 11:46:38,15-4-202.16,*,Non-Food Contact Surfaces,2016-10-24 11:46:38,Fail,,Provide splash gaured for hand sink at the service area. Splash Gaurd will seperate hand washing area from food prep area.,700   Commonwealth AVE,Boston,2115,41232,42.34936,-71.10402,2016
HENNESSY'S OF BOSTON,,DENORMANDIE PHILIP Y,SOMERS,JOHN,21261,2012-01-11 15:16:24,2020-12-31 23:59:00,Active,FS,Eating & Drinking,HE_Fail,2015-04-28 13:56:59,16-4-301.12,*,Three Compartment Sink,2015-04-28 13:56:59,Fail,,Replace missing plugs where needed,25   Union ST,Boston,2108,139290,42.361014,-71.056731,2015
Hei La Moon Restaurant,,CHIN LAURA J.,88 Beach L L C, ,129343,2014-07-16 08:26:27,2020-12-31 23:59:00,Active,FS,Eating & Drinking,HE_Fail,2015-03-20 11:52:11,02-3-602.11-.12/3-302.12,*,Food Container Labels,2015-03-20 11:52:11,Fail,,Bulk food containers not labeled.,88  Beach ST,Boston,2111,156305,42.351328,-71.059821,2015
Heng Fat,,  ,Lun Fat Produce Inc.,Att: Accounts Payable,384033,2019-01-25 08:04:25,2019-12-31 23:59:00,Inactive,RF,Retail Food,HE_Fail,2019-01-18 11:11:44,37-6-501.11-.12,*,Improper Maintenance of Walls/Ceilings,2019-01-18 11:11:44,Fail,,Walls and ceiling of wlak-in cooler with dusts and mold like build up  clean to remove,231   Harrison AVE,Boston,2111,247843,42.34747,-71.06302,2019
HERRERA'S MEXICAN GRILL  INC.,,HENRY HERRERA,HENRY HERRERA, ,21294,2012-02-16 12:53:44,2020-12-31 23:59:00,Active,FT,Eating & Drinking w/ Take Out,HE_Fail,2016-05-31 12:01:34,37-6-501.11-.12,*,Improper Maintenance of Walls/Ceilings,2016-05-31 12:01:34,Fail,,Hood sticker expired in April of 2016  Have cleaned by licensed hood cleaning company with BFD.,11  Temple Pl,Boston,2111,157714,42.355262,-71.062458,2016
HIGH SPOT DELI,,,FRED MESGARZADEH, ,20492,2012-01-31 16:27:35,2016-12-31 23:59:00,Inactive,FS,Eating & Drinking,HE_Fail,2016-05-20 11:31:55,13-2-304/402.11,*,Clean Cloths  Hair Restraint,2016-05-20 11:31:55,Fail,,Cookline employees observed without hair restraints. Provide.,8   Beacon ST,Boston,2108,155953,42.358141,-71.06179,2016
HIGH SPOT DELI,,OLLIVIERRE HERBERT TRSTS,Beddiar,Nathalie,302286,2017-01-04 14:49:36,2020-12-31 23:59:00,Active,FS,Eating & Drinking,HE_Fail,2017-06-28 11:10:27,01-3-602.11 B2,***,Labeling of Ingredients,2017-06-28 11:10:27,Fail,,Grab and go lentil salad without label or ingredients or allergens and origin. Provide proper lable with ingredients and address of the business.,10   Beacon ST,Boston,2108,9476,42.3581,-71.06184,2017
Hing Sing Pastry,,LEE SHUE PON TRSTS,LEUNG,HUNG PONG,18075,2011-12-28 14:36:55,2020-12-31 23:59:00,Active,RF,Retail Food,HE_Fail,2015-06-22 11:31:40,15-4-202.16,*,Non-Food Contact Surfaces,2015-06-22 11:31:40,Fail,,Front doors open  allowing for fly entry / Provide a screen door for front entrance or keep door closed.,67   Beach ST,Boston,2111,9401,42.3511,-71.06004,2015
Hissho Sushi @ Suffolk Univ.,,COMMWLTH OF MASS,Maung Pres.,Phone Lwin,148222,2015-09-14 14:48:48,2020-12-31 23:59:00,Active,FS,Eating & Drinking,HE_Fail,2016-09-08 13:01:52,M-2-103.11,***,PIC Performing Duties,2016-09-08 13:01:52,Fail,,Sushi bar permited for sushi only and serving rice bowls and additional menu items. Verify proper permits for additional menu items offered at health division.,20  Somerset ST,Boston,2108,128378,42.35969,-71.06179,2016
Hojoko,,PURO MICHAEL TS,Hojoko LLC,Nancy Cushman c/o Oya,135902,2015-08-07 14:34:43,2020-12-31 23:59:00,Active,FS,Eating & Drinking,HE_Fail,2015-08-03 10:57:48,03-3-501.14,***,Cooling,2015-08-03 10:57:48,Fail,,Chicken and shrimp at in undercounter unit at the sushi bar registered 62F. PIC voluntatily discarded them. Maintain at 41F or below.,1271  Boylston ST,Boston,2215,18077,42.3452,-71.09676,2015
Honest Market,,NIKOLAS PSEUDOIKONOMOU,Losoon Water Park LLC,Att: Manager,434134,2020-09-18 13:15:06,2020-12-31 23:59:00,Inactive,RF,Retail Food,HE_Fail,2020-09-09 14:06:54,590.002(D)/2-103.11-PF,**,(A)-(P) Person-In-Charge-Duties (Pf),2020-09-09 14:06:54,Fail,,Change of ownership--PIC instructed to post proper signage of the new Business name at the entrance to the establishment. Business DBA--Honest market,90   Westland AVE,Boston,2115,156827,42.343755,-71.089729,2020
Honeygrow,,,Honeygrow,Att: Facilities,333091,2017-10-11 09:37:43,2020-12-31 23:59:00,Active,FS,Eating & Drinking,HE_Fail,2018-03-16 10:59:33,03-3-501.16(A),***,Cold Holding,2018-03-16 10:59:33,Fail,,Chopped garlic at cookline 50F  Red coconut curry sauce 48F. Maintain cold holding temperature at 41F or below. PIC placed product out of temperature for one hour  on ice to maintain at 41F or below.  Roasted tofu sitting out at room temperature 64F. Maintain cold holding temperatures at 41F or below.,100  Northern AVE,Boston,2210,172336,42.352856,-71.043074,2018
Hong Kong Eatery,,,Kuang,Benny,139599,2015-10-23 13:02:09,2020-12-31 23:59:00,Active,FS,Eating & Drinking,HE_Filed,2017-09-22 10:30:04,36-6-501.11-.12,*,Improper Maintenance of Floors,2017-09-22 10:30:04,Fail,,Remove cardboard from floors.,79   Harrison AVE,Boston,2111,70061,42.35101,-71.06162,2017
Hopsters,,SLEEPER STREET BOSTON LLC,Hopsters LLC,Karen Cooper,336327,2017-12-29 11:41:07,2020-12-31 23:59:00,Active,FS,Eating & Drinking,HE_Fail,2020-01-28 13:57:16,590.003/3-501.16-P,***,(A)(2) and (B) Time/Temperature Control for Safety Food  Hot and Cold Holding (P),2020-01-28 13:57:16,Fail,,Dressing at cookline flip top unit 50F.,51  Sleeper ST,Boston,2210,128151,42.35245,-71.04855,2020
Hot Pot Buffet,,WONG KONG HAR ASSOCIATION,Hot Pot Buffet Inc., ,67628,2011-12-07 14:10:14,2020-12-31 23:59:00,Active,FS,Eating & Drinking,HE_Fail,2016-01-13 12:06:50,06-3-501.13,*,PHF's Properly Thawed,2016-01-13 12:06:50,Fail,,Beef and Fish thawing in stagnant water  thaw under refrigeration or cold running water,70   Beach ST,Boston,2111,9403,42.351353,-71.059891,2016
House of Blues,,LANSDOWNE  35-41 LLC,Lyons Group, ,30509,2012-01-09 15:00:29,2020-12-31 23:59:00,Active,FS,Eating & Drinking,HE_Fail,2015-10-23 19:24:09,02-3-602.11-.12/3-302.12,*,Food Container Labels,2015-10-23 19:24:09,Fail,,Provide proper labels on all bulk storage containers throughout kitchen and storage areas.,35   Lansdowne ST,Boston,2215,84007,42.347388,-71.09615,2015
Howl at the Moon,,  ,High Street Restaurant Group LLC, ,73439,2011-12-30 11:46:55,2020-12-31 23:59:00,Active,FS,Eating & Drinking,HE_Fail,2016-10-05 18:10:42,15-4-202.16,*,Non-Food Contact Surfaces,2016-10-05 18:10:42,Fail,,Dump sink next to ice machine without splash guard. Provide smooth  durable  cleanable  non porous splash guard to prevent potential contamination of ice.,184   High ST,Boston,2110,251577,42.35668,-71.05257,2016
Hsin Hsin,,TUEN-NG AU,TUEN-NG AU, ,20345,2012-01-18 16:19:03,2018-12-31 23:59:00,Inactive,FS,Eating & Drinking,HE_Fail,2015-01-13 12:40:30,08-3-305-307.11,*,Food Protection,2015-01-13 12:40:30,Fail,,Raw meats stored behind and between the vegetables in the cold holding unit at the cooking line. Store separated or in front.,25   Massachusetts AVE,Boston,2115,158381,42.350505,-71.089578,2015
Hulun Beir,,GENBRIDGE LLC,Inner Mongolia Xiao Wei Yang USA Inc., ,80678,2013-05-03 09:34:56,2019-12-31 23:59:00,Inactive,FS,Eating & Drinking,HE_Fail,2015-05-06 14:58:04,06-3-501.13,*,PHF's Properly Thawed,2015-05-06 14:58:04,Fail,,Fish being thawed in stagnant water. Thaw properly in runing water or under temperature control.,326   Cambridge ST,Boston,2114,25290,42.360929,-71.069218,2015
Hungry I,,BALLARIN PETER J JR,BOLLARIN JR,PETER,18306,2012-02-21 10:57:51,2019-12-31 23:59:00,Inactive,FS,Eating & Drinking,HE_Fail,2015-08-06 14:15:32,01-3-101/701.11,***,Spoilage Unsafe Food,2015-08-06 14:15:32,Fail,,Stuffed onions with mold on them. PIC  voluntarily discarded them. Ensure that all food is unadulterated and wholesome.,71  Charles ST,Boston,2114,29174,42.35819,-71.07029,2015
HURRICANE O'REILLY'S,,LOMBARD BARBARA A,150 Canal St. Inc.,Austin O'Connor  CEO,348914,2017-10-19 10:12:02,2020-12-31 23:59:00,Active,FS,Eating & Drinking,HE_Fail,2018-10-18 16:42:45,02-3-602.11-.12/3-302.12,*,Food Container Labels,2018-10-18 16:42:45,Fail,,Provide labels on all bulk storage bins.,150   Canal ST,Boston,2114,25417,42.3648,-71.0608,2018
HURRICANE O'REILLY'S,,LOMBARD BARBARA A,PHIL SWEENEY - OPERATIONS,MANAGER,22043,2011-12-30 10:33:58,2017-12-31 23:59:00,Inactive,FS,Eating & Drinking,HE_Fail,2016-01-29 13:00:10,08-3-305-307.11,*,Food Protection,2016-01-29 13:00:10,Fail,,"Bags of ice being stored directly on floor in walkin freezer. Store elevated 6"" off the floor.",144   Canal ST,Boston,2114,25416,42.36476,-71.060746,2016
Hyatt Regency Boston,,,HYATT REGENCY BOSTON, ,23618,2011-12-20 11:02:52,2020-12-31 23:59:00,Active,FS,Eating & Drinking,HE_Fail,2015-12-29 14:51:15,15-4-202.16,*,Non-Food Contact Surfaces,2015-12-29 14:51:15,Fail,,Shelving in walkin located at banquet area soiled and worn- Repair or replace Blast chiller with water buildup at bottom- Make proper repairs,1  Avenue De Lafayette ,Boston,2111,156352,42.353254,-71.061258,2015
I-CE-NY,,GREENHOOD ERNEST J TRSTS,Corp.,L&G Group,348095,2018-08-10 15:32:47,2020-12-31 23:59:00,Active,FT,Eating & Drinking w/ Take Out,HE_Fail,2018-07-24 15:30:32,05-4-302.12,*,Food Thermometers Provided,2018-07-24 15:30:32,Fail,,No food thermometer,217   Newbury ST,Boston,2116,101434,42.35013,-71.08137,2018
Ichiban Yakitori Sushi House,,,D & G Brothers L L C, ,90209,2013-11-13 08:12:20,2020-12-31 23:59:00,Active,FS,Eating & Drinking,HE_Fail,2015-03-02 11:43:12,03-3-501.16(A),***,Cold Holding,2015-03-02 11:43:12,Fail,,Fried sweet potatoes on back of flip top unit at 52F- Ensure cold holding at 41F or below. Discarded by PIC,14   Westland AVE,Boston,2115,148476,42.343206,-71.086749,2015
Icon,Paga Inc.,,Paige,Felix,20680,2011-12-07 09:39:08,2020-12-31 23:59:00,Active,FS,Eating & Drinking,HE_TSOP,2016-10-07 23:41:40,10-4.302.11,*,Food Utensil Storage,2016-10-07 23:41:40,Fail,,ice machines/provide scoop with handle and ics scoop holder,100   Warrenton ST,Boston,2116,155721,42.350776,-71.066229,2016
IL MONDO,,ELIAS PAPADOPOULOS  PRES.,Othman,Naser,33361,2012-02-22 11:14:03,2017-12-31 23:59:00,Inactive,FT,Eating & Drinking w/ Take Out,HE_Fail,2015-02-17 12:09:27,21-3-304.14,*,Wiping Cloths  Clean  Sanitize,2015-02-17 12:09:27,Fail,,keep all wiping cloths in sanitizer at all times,682   Huntington AVE,Boston,2120,156833,42.334854,-71.102439,2015
Il Mondo Pizza,,MANSOUR MOUSSAVI  PRES.,Naser Othman, ,80044,2013-01-04 15:20:37,2018-12-31 23:59:00,Inactive,FS,Eating & Drinking,HE_Fail,2015-04-01 09:56:05,03-3-501.16(A),***,Cold Holding,2015-04-01 09:56:05,Fail,,Cooke chicken tenders cooked within 2 hours on counter next to cookline at 78F. Ensure cold holding at 41F or below. Placed in walkin by PIC,182   Massachusetts AVE,Boston,2115,156751,42.345747,-71.086679,2015
IL NIDO,,,ANTHONY OLIVIERO, ,19672,2011-12-12 10:46:24,2020-12-31 23:59:00,Active,FS,Eating & Drinking,HE_Filed,2016-09-29 18:46:18,02-3-602.11-.12/3-302.12,*,Food Container Labels,2016-09-29 18:46:18,Fail,,Label all bulk food containers to properly identify the contents,257   North ST,Boston,2113,157407,42.363673,-71.051898,2016
Il Panino Restaurant,,PASQUALE FRANK,PASQUALE,FRANK,18730,2012-01-05 14:47:45,2020-12-31 23:59:00,Active,FS,Eating & Drinking,HE_Fail,2015-06-18 12:59:06,05-4-302.12,*,Food Thermometers Provided,2015-06-18 12:59:06,Fail,,Provide,7   Parmenter ST,Boston,2113,155738,42.363904,-71.054768,2015
India Quality,,,INDIA QUALITY RESTAURANT, ,21037,2012-01-31 15:21:04,2020-12-31 23:59:00,Active,FT,Eating & Drinking w/ Take Out,HE_Pass,2016-04-01 07:56:08,14-4-202.11,*,Food Contact Surfaces Design,2016-04-01 07:56:08,Pass,2016-04-15 08:06:47,Using bowl to scoop condiments,484   Commonwealth AVE,Boston,2215,40997,42.34854,-71.09422,2016
Insomnia Cookies,,BOSTON UNIVERSITY TRSTS OF,Berkowitz,Seth,90212,2013-09-06 11:04:52,2020-12-31 23:59:00,Active,FT,Eating & Drinking w/ Take Out,HE_Fail,2015-06-24 14:09:06,17-4-302.14,*,Test Kit Provided,2015-06-24 14:09:06,Fail,,There is no test kit available for quats sanitizer.  Provide a quats test kit and review with employees instructions for properly cleaning and sanitizing equipment.  (left handouts with employee),708   Commonwealth AVE,Boston,2215,41235,42.34954,-71.1054,2015
Intercontinental Boston - Clipper Room,,,Helen Douglas,Dir. of Food & Bev.,26243,2011-12-20 14:13:42,2020-12-31 23:59:00,Active,FS,Eating & Drinking,HE_TSOP,2017-06-28 08:30:47,29-5-201/02.11,*,Installed and Maintained,2017-06-28 08:30:47,Fail,,repair/replace damaged sprinkler head,500   Atlantic AVE,Boston,2210,6181,42.3541,-71.05228,2017
Institute Of Contemporary Art/Water Cafe,,,Compass Group, ,17610,2012-01-09 13:11:58,2017-12-31 23:59:00,Inactive,FS,Eating & Drinking,HE_Fail,2015-05-21 12:40:40,08-3-305-307.11,*,Food Protection,2015-05-21 12:40:40,Fail,,remove non related ice materials from the top of the ice machine.,70   Northern AV,Boston,2210,103901,42.352885,-71.043012,2015
Intelligentsia Coffee,,SODEXHO OPERATIONS LLC LICENSING,Coffee LLC,Intelligentsia,358048,2018-08-13 09:24:27,2020-12-31 23:59:00,Active,FS,Eating & Drinking,HE_Fail,2019-05-15 12:36:12,08-3-305-307.11,*,Food Protection,2019-05-15 12:36:12,Fail,,In the basement  remove all non ice related materials form storage on top of the ice machine.,225   Franklin ST,Boston,2110,158047,42.356135,-71.054068,2019
INTERMISSION TAVERN,,PRESET LLC,MICHAEL CONNORS,INTERMISSION TAVERN,23823,2011-12-29 12:51:58,2018-12-31 23:59:00,Inactive,FS,Eating & Drinking,HE_Fail,2015-08-11 13:17:00,03-3-501.16,***,Hot Holding,2015-08-11 13:17:00,Fail,,Chili 122F  Chowder 120F in hot holding / Provide proper hot holding temperatures,228   Tremont ST,Boston,2116,137460,42.351346,-71.064584,2015
Internal Matter,,THIRTY-5 CHANNEL CTR CONDO,Brian Bresnahan, ,78424,2015-02-23 09:06:37,2016-12-31 23:59:00,Inactive,FS,Eating & Drinking,HE_Fail,2016-02-25 10:55:57,01-3-602.11 B2,***,Labeling of Ingredients,2016-02-25 10:55:57,Fail,,Providse a complete list of ingredients for pastry items sold prepackaged by the front counter,35   Channel Center ST,Boston,2210,28931,42.346397,-71.050561,2016
Irashai Sushi and Teriyaki,,,Chang Liu & Shu J. Chen, ,75249,2012-02-14 14:48:34,2020-12-31 23:59:00,Active,FS,Eating & Drinking,HE_Fail,2015-05-28 14:22:11,03-3-501.16(A),***,Cold Holding,2015-05-28 14:22:11,Fail,,Cooked shrimp tempura sitting out at 70F  Crab stick sitting out at 70F / Provide proper cold holding temperatures.,8  Kneeland ST,Boston,2111,156344,42.351008,-71.062428,2015
Island Creek Oyster Bar,,THE TRUSTEES OF BOSTON/LU,Jeremy Sewall, ,68416,2012-02-06 10:11:59,2020-12-31 23:59:00,Active,FS,Eating & Drinking,HE_Fail,2015-09-30 19:25:44,01-3-203.12,**,Tags & Records,2015-09-30 19:25:44,Fail,,Tags not  maintained in chronological order. Maintain properly.,500   Commonwealth AVE,Boston,2215,157943,42.348521,-71.095099,2015
Island Creek Oysters,,HOMAN TRACIE L,Bennett,William,416232,2019-11-29 15:48:20,2020-12-31 23:59:00,Inactive,RF,Retail Food,HE_Fail,2019-11-29 10:03:44,590.005/5-203.13-C,*,Service Sink (C),2019-11-29 10:03:44,Fail,,No service sink - Install or request a variance,299   Newbury ST,Boston,2115,101534,42.349057,-71.085305,2019
Itadaki,,PETRUZIELLO FELICIANO TRST,Itadaki L L C, ,75738,2011-12-19 15:32:17,2020-12-31 23:59:00,Active,FS,Eating & Drinking,HE_Fail,2015-01-22 12:29:54,06-3-501.13,*,PHF's Properly Thawed,2015-01-22 12:29:54,Fail,,Raw Salmon being thawed in room temperature.PIC placed it under refrigeration. Thaw properly.,269   Newbury ST,Boston,2116,101482,42.349544,-71.083565,2015
J M Curley,,THE TEXTILE BLDG TRUST 2005,D A Crossing L L C,Babak Bina,76198,2012-03-21 08:43:04,2020-12-31 23:59:00,Active,FS,Eating & Drinking,HE_Fail,2015-11-30 11:34:17,17-4-302.14,*,Test Kit Provided,2015-11-30 11:34:17,Fail,,Provide proper test kits for bar glass machine / Unable to test chlorine at time of inspection.  All glasware will be brought to main dish machine until test kits arrive and machine is verified for proper chlorine levels.,21  Temple Pl,Boston,2111,134061,42.3552,-71.06239,2015
J P Licks @ Charles Street,,CIRCLE COMPANY INC MASS CORP,J P Licks at Charles Street Inc., ,78337,2012-05-08 10:09:24,2020-12-31 23:59:00,Active,FT,Eating & Drinking w/ Take Out,HE_Fail,2015-06-01 10:45:44,10-3-304.12,*,Food Utensil Storage,2015-06-01 10:45:44,Fail,,Utensil used to dispense ice cream stored in warm water (90F). Store properly under running water (71F or below) or at 140F or above.,144   Charles ST,Boston,2114,29126,42.35998,-71.071,2015
J P Licks@Boylston St.,,WK MILLENNIUM BOYLSTON LLC,J P Licks@Boylston St. Inc., ,81090,2013-02-27 09:29:35,2020-12-31 23:59:00,Active,FT,Eating & Drinking w/ Take Out,HE_Fail,2015-10-26 11:46:52,23-4-602.13,*,Non-Food Contact Surfaces Clean,2015-10-26 11:46:52,Fail,,Shelving below counters with food spills and debris Front panels of soft serve machines with food splashes and spills Clean,1106   Boylston ST,Boston,2215,17997,42.346828,-71.08857,2015
J. Pace & Son Uptown,,,J. Pace & Son Uptown Inc., ,32435,2012-01-11 13:15:33,2020-12-31 23:59:00,Active,FT,Eating & Drinking w/ Take Out,HE_Fail,2016-05-02 11:36:10,01-3-602.11 B2,***,Labeling of Ingredients,2016-05-02 11:36:10,Fail,,Label packaged cookies being sold at the front counter - [ peanut butter - chocolate chip - sugar ] with ingredients as discussed,225  Northern AVE,Boston,2210,103889,42.348075,-71.039263,2016
Jacob Wirth Restaurant,,FITZGERALD WILLIAM J TRSTS,FITZGERALD,W. KEVIN,18694,2012-05-22 11:28:33,2019-12-31 23:59:00,Inactive,FS,Eating & Drinking,HE_Fail,2016-04-07 11:14:10,05-4-302.12,*,Food Thermometers Provided,2016-04-07 11:14:10,Fail,, ,31   Stuart ST,Boston,2116,131648,42.35126,-71.06375,2016
Jacques,,,ESTATE OF ANGELINA,VERA,18200,2011-12-29 13:53:25,2020-12-31 23:59:00,Active,FS,Eating & Drinking,HE_Filed,2015-06-18 11:01:23,32-6-301.11-02.11,*,Hand Cleaner  Drying  Tissue Signage,2015-06-18 11:01:23,Fail,,Provide Hand Wash only signs at all Bar handsinks.,77   Broadway ,Boston,2215,157703,42.349957,-71.06744,2015
Jade Garden Restaurant,LCY  Inc.,YEE KENNETH M TRST,LCY Inc.,Cao Yu   Pres.,33233,2011-12-17 21:15:48,2020-12-31 23:59:00,Active,FS,Eating & Drinking,HE_Fail,2015-01-22 14:00:35,02-3-602.11-.12/3-302.12,*,Food Container Labels,2015-01-22 14:00:35,Fail,,Food containers not labeled,20   Tyler ST,Boston,2111,138814,42.35069,-71.06057,2015
Jaho Coffee Roaster & Wine Bar,,HUNTINGTON AVENUE LPS,Weiss,Michael,346564,2018-11-05 08:38:14,2020-12-31 23:59:00,Active,FS,Eating & Drinking,HE_Fail,2018-09-14 12:19:30,05-4-302.12,*,Food Thermometers Provided,2018-09-14 12:19:30,Fail,,provide metal stem cooks thermometer,116   Huntington AVE,Boston,2116,76240,42.34651,-71.07976,2018
Jaho Coffee Roaster & Wine Bar,,SIX65 WASHINGTON ST LP,Weiss,Michael,138262,2016-12-21 14:26:51,2020-12-31 23:59:00,Active,FT,Eating & Drinking w/ Take Out,HE_Fail,2015-08-17 11:42:54,37-6-201.11,*,Walls/Ceilings Designed Constructed Installed,2015-08-17 11:42:54,Fail,,Provide ceiling above the coffee service station and the coffee bar. Ceiling surface should be smooth  durable  non porus and easy to clean to provide minimum protection of the food service at the service station and coffee bar.,659  Washington ST,Boston,2116,155660,42.35183,-71.06321,2015
Jia Ho Supermarket,,  ,Wang,Qian,98329,2013-10-24 08:29:58,2020-12-31 23:59:00,Active,RF,Retail Food,HE_Fail,2016-05-18 12:22:15,08-3-305-307.11,*,Food Protection,2016-05-18 12:22:15,Fail,,"food products stored on floor  elevate 6"" off floor",692   Washington ST,Boston,2111,332074,42.35122,-71.06266,2016
Jillian's Billiard Club,,TROY KEVIN,TROY,KEVIN,18674,2012-02-15 09:32:59,2020-12-31 23:59:00,Active,FS,Eating & Drinking,HE_Fail,2015-01-26 11:19:23,15-4-202.16,*,Non-Food Contact Surfaces,2015-01-26 11:19:23,Fail,,Freezer at the top level kitchen with a broken lid. Repair or replace.,145   Ipswich ST,Boston,2215,157262,42.347411,-71.094422,2015
JIMMY JOHN'S,,BOWNE OF BOSTON INC,Spin The Planet Enterprises, ,128325,2014-09-04 11:54:34,2019-12-31 23:59:00,Inactive,FT,Eating & Drinking w/ Take Out,HE_Fail,2015-05-14 10:39:51,08-3-305-307.11,*,Food Protection,2015-05-14 10:39:51,Fail,,remove all non ice related materials from the top of the ice machine. Keep only ice related materials on top of the ice machine.,409   D ST,Boston,2210,45501,42.344756,-71.043343,2015
JOE'S AMERICAN BAR & GRILL,,,BBRG WATERFRONT TR L L C,C/O LICENSING SOLUTIONS,75246,2012-01-10 13:15:15,2020-12-31 23:59:00,Active,FS,Eating & Drinking,HE_Fail,2015-06-01 11:52:17,02-3-602.11-.12/3-302.12,*,Food Container Labels,2015-06-01 11:52:17,Fail,,Label all bulk food containers as well as clear plastic spray bottes on the cooking line to properly identify product,100   Atlantic AVE,Boston,2111,155959,42.361967,-71.050671,2015
JOE'S AMERICAN BAR & GRILL,,EXETER THEATRE CORPORATION,BBRG NEWBURY TR LLC,c/o licensing Solutions,75244,2012-01-10 13:19:41,2020-12-31 23:59:00,Active,FS,Eating & Drinking,HE_Fail,2015-06-01 12:22:45,02-3-602.11-.12/3-302.12,*,Food Container Labels,2015-06-01 12:22:45,Fail,,Several bulk storage bins missing labels.Provide,26   Exeter ST,Boston,2116,55335,42.35061,-71.07967,2015
John Jeffries House,,  ,1700 Charles LLC, ,311854,2017-03-10 13:50:53,2017-12-31 23:59:00,Inactive,FS,Eating & Drinking,HE_Fail,2016-12-30 10:58:24,15-4-202.16,*,Non-Food Contact Surfaces,2016-12-30 10:58:24,Fail,,Carpeting on shelving,14  David G Mugar WAY,Boston,2114,172253,42.36058,-71.071306,2016
Jonquils Cafe,,NINE COMMONWEALTH CORP,Alshihabi,Ehab,378553,2019-06-17 13:44:30,2020-12-31 23:59:00,Active,FT,Eating & Drinking w/ Take Out,HE_Fail,2019-06-03 14:50:20,37-6-501.11-.12,*,Improper Maintenance of Walls/Ceilings,2019-06-03 14:50:20,Fail,,Exposed pipes/etc above ice machine and food storage - Basement,125   Newbury ST,Boston,2116,101336,42.35141,-71.07664,2019
Jook Sing Cafe,,HING SOO HOO,HING SOO HOO, ,21797,2012-05-03 08:31:22,2020-12-31 23:59:00,Active,FT,Eating & Drinking w/ Take Out,HE_Fail,2016-04-11 12:42:14,08-3-305-307.11,*,Food Protection,2016-04-11 12:42:14,Fail,,Open bags of rice and flour  once opened store in closed covered labelled containers,177   Harrison AVE,Boston,2111,156715,42.349154,-71.062307,2016
Josephine,,FOUR 68 COMMONWEALTH AV LLC,Gosselin Owner,Samuel,141852,2015-06-17 11:01:09,2016-12-31 23:59:00,Inactive,FS,Eating & Drinking,HE_Fail,2015-06-15 11:02:24,08-3-305-307.11,*,Food Protection,2015-06-15 11:02:24,Fail,,Dry food containers stored on shelves next to the mop sink. Remove. Store at the approved area.,468   Commonwealth AVE,Boston,2215,40980,42.34855,-71.09348,2015
Joshua's Deli,,BAYLE SHIRLEY D,Pluhm,Joshua,90916,2013-06-07 14:53:33,2020-12-31 23:59:00,Active,FS,Eating & Drinking,HE_Fail,2015-03-27 08:31:08,28-5-402.13,**,Sewage and Waste Water,2015-03-27 08:31:08,Fail,,Sewage back up coming from the Restrooms and flooding the basement level. Repair to provide proper sewage disposal.,42   Batterymarch ST,Boston,2110,8804,42.35757,-71.05385,2015
Joy Luck Restaurant,,,Lian Lin,Chun,158699,2016-04-27 09:32:17,2018-12-31 23:59:00,Inactive,FS,Eating & Drinking,HE_Fail,2017-05-04 11:50:58,37-6-501.11-.12,*,Improper Maintenance of Walls/Ceilings,2017-05-04 11:50:58,Fail,,1) hood vents with grease build up  clean to remove   2) hood sticker expired in January of 2017  ensure hood cleaned by licensed hood cleaning company with BFD.,680  Washington ST,Boston,2111,158290,42.351393,-71.062629,2017
JP LICKS,,K&G PROPERTIES INC,Petreyk,Vincent,358739,2018-10-22 08:04:57,2020-12-31 23:59:00,Active,FT,Eating & Drinking w/ Take Out,HE_Fail,2019-03-28 11:05:41,M-2-103.11,***,PIC Performing Duties,2019-03-28 11:05:41,Fail,,No allergen warning posted No allergen poster posted in employee work area,173   Newbury ST,Boston,2116,101379,42.35072,-71.07921,2019
Jugos,,MASS. GENERAL HOSPITAL  (SS/INDOOR),Marcos,Ronald A.,200728,2016-08-10 15:47:45,2018-12-31 23:59:00,Inactive,FT,Eating & Drinking w/ Take Out,HE_Fail,2016-08-05 08:21:17,15-4-202.16,*,Non-Food Contact Surfaces,2016-08-05 08:21:17,Fail,,Gasket on door of double door reach in unit broken  held together with duct tape. Replace.,10  Whittier PL,Boston,2114,157202,42.365678,-71.066648,2016
Juice Republic,,  ,Qian Jiang Xie & Zhao Yu Jiang, ,130105,2015-05-14 08:39:16,2017-12-31 23:59:00,Inactive,FT,Eating & Drinking w/ Take Out,HE_Fail,2015-11-12 12:28:51,08-3-305-307.11,*,Food Protection,2015-11-12 12:28:51,Fail,,"1. open bags of food prodcuts and products stored on floor  store in closed covered container with label once open and elevate products 6"" off floor. 2. food products stored on grease trap remove to protect food products",24  Kneeland ST,Boston,2111,166795,42.350851,-71.061825,2015
Juicy Spot,,YEE KENNETH M TRST,Eng,Lori,201042,2017-03-01 10:09:48,2020-12-31 23:59:00,Active,FT,Eating & Drinking w/ Take Out,HE_Fail,2017-02-21 10:32:36,17-4-204.112/.115,*,Equipment Thermometers,2017-02-21 10:32:36,Fail,,No thermometer in stand up cooler in back area  supply,16   Tyler ST,Boston,2111,138811,42.3508,-71.06052,2017
Kamakura,,NATRAC EQUITIES CORP,LDJ Development,Rob Weintraub,175306,2018-10-29 07:55:34,2020-12-31 23:59:00,Inactive,FS,Eating & Drinking,HE_Fail,2019-02-07 13:11:55,01-3-203.12,**,Tags & Records,2019-02-07 13:11:55,Fail,,Shell fish stored in refrigerature units without tags. Provide tags. Store tag with shell fish .,150   State ST,Boston,2109,130375,42.3594,-71.05408,2019
Kaze Shabu Shabu,,V&L REALTY CORPORATION,Edward Leung,Pres.,27819,2012-01-24 10:29:35,2020-12-31 23:59:00,Active,FS,Eating & Drinking,HE_Fail,2015-05-28 11:29:47,15-4-202.16,*,Non-Food Contact Surfaces,2015-05-28 11:29:47,Fail,,Discontinue use of cardboard in upstairs kitchen.,41   Essex ST,Boston,2111,54334,42.35235,-71.06158,2015
KING AND I CORP.,,PENDLETON LEIGH,NANDHAVAN,KAMODLHEP,18988,2011-12-30 13:19:41,2020-12-31 23:59:00,Active,FS,Eating & Drinking,HE_Fail,2015-06-15 14:20:03,03-3-501.16(A),***,Cold Holding,2015-06-15 14:20:03,Fail,,Refrigerating unit at the cooking line- Ham 55F Chicken 46F  Shrimp 45F. Maintain at 41F or below.,145   Charles ST,Boston,2114,29131,42.360364,-71.070575,2015
Kingston Station,,SAMAAN JOHN TS,Nguyen,Ky,26465,2012-01-09 10:37:41,2016-12-31 23:59:00,Inactive,FT,Eating & Drinking w/ Take Out,HE_Fail,2016-08-11 11:44:07,03-3-501.16(A),***,Cold Holding,2016-08-11 11:44:07,Fail,,Tuna loins @ 55f-60f  ensure proper cold hold of 41f or below  (kitchen staff discarded unsafe foods at time of inspection voluntarily (3 loins about 4-6 oz )).,23  Kingston ST,Boston,2111,82006,42.353772,-71.059213,2016
Krasi,,SANDER DANIEL TS,Mitsos LLC,Att: Accounts Payable,393006,2020-02-26 08:24:50,2020-12-31 23:59:00,Active,FS,Eating & Drinking,HE_Fail,2020-02-14 08:48:50,590.003/3-305.11-C,*,Food Storage-Preventing Contamination from the Premises (C),2020-02-14 08:48:50,Fail,,Open foods not stored in food grade covered containers - Kitchen/prep ware washing,48   Gloucester ST,Boston,2115,64954,42.348681,-71.084102,2020
L.A. Burdick Chocolate,,  ,Walpole Handmade Chocolates LLC,L.A. Burdick Chocolate,76420,2012-05-03 15:28:29,2020-12-31 23:59:00,Active,FT,Eating & Drinking w/ Take Out,HE_Fail,2015-05-12 14:49:45,22-4-601/602.11,**,Food Contact Surfaces Clean,2015-05-12 14:49:45,Fail,,Ice machine interior soiled. Clean and sanitize properly.,224   Clarendon ST,Boston,2116,340972,42.351219,-71.075653,2015
LA FAMIGLIA RISTORANTE,,GIORGIO ALBERT,GIORGIO,MARYANN,19067,2012-01-09 15:08:47,2020-12-31 23:59:00,Active,FS,Eating & Drinking,HE_Fail,2017-03-28 14:20:26,03-3-501.16(A),***,Cold Holding,2017-03-28 14:20:26,Fail,,Anchioves in top reach in 46F / Discussed keeping top lid down as often as possible to keep temperatures down.  Anchioves were moved to bottom reach in to cool down / Provide proper cold holding temperatures.,112   Salem ST,Boston,2113,121697,42.36455,-71.05571,2017
La Galleria 33,,D'AMORE GRACE,Paolina Corp. Inc., ,30085,2012-06-05 11:01:21,2019-12-31 23:59:00,Inactive,FS,Eating & Drinking,HE_Fail,2015-07-22 12:50:47,02-3-602.11-.12/3-302.12,*,Food Container Labels,2015-07-22 12:50:47,Fail,,Label where needed - FLOUR - SUGAR -SALT - MESA,123   Salem ST,Boston,2113,121740,42.36466,-71.05536,2015
LA SUMMA,,PIZZUTI DONATO F,Barbara Sullivan 30 Fleet St. Corp., ,25474,2012-01-03 10:16:30,2020-12-31 23:59:00,Active,FS,Eating & Drinking,HE_Fail,2015-09-29 17:49:28,02-3-602.11-.12/3-302.12,*,Food Container Labels,2015-09-29 17:49:28,Fail,,Label all bulk food containers to properly identify the product,26   Fleet ST,Boston,2113,58635,42.36459,-71.05254,2015
La Voile Brasserie,,DER HAGOPIAN NUBAR TS,Bato L L C, ,28359,2011-12-16 14:06:23,2020-12-31 23:59:00,Active,FS,Eating & Drinking,HE_Fail,2015-05-28 11:47:48,17-4-302.14,*,Test Kit Provided,2015-05-28 11:47:48,Fail,,No test kit for testing of sanitizers at time of inspection- Provide,257   Newbury ST,Boston,2116,101472,42.34966,-71.08314,2015
LaColombe Torrefaction Inc.,,LOU 754 ATLANTIC PROPERTY,LaColombe Torrefaction Inc.,Gregory Smith,167659,2016-04-27 09:33:49,2020-12-31 23:59:00,Active,FS,Eating & Drinking,HE_Fail,2020-08-11 12:07:23,590.002(C)/2-102.12-C,*,(A) Certified Food Protection Manager (C),2020-08-11 12:07:23,Fail,,At the time of the inspection there was no Food Allergen Certification on site. Provide.,745   Atlantic AVE,Boston,2111,6354,42.35031,-71.0571,2020
LALA ROKH,,BAMFORTH JEAN S,BFAM INC., ,20077,2012-01-10 12:50:33,2018-12-31 23:59:00,Inactive,FS,Eating & Drinking,HE_Filed,2015-10-07 16:42:04,08-3-305-307.11,*,Food Protection,2015-10-07 16:42:04,Fail,,Some food products stored on the floor inside the Walk-In unit. Elevate 6 inches or above.,97   Mount Vernon ST,Boston,2108,98801,42.35806,-71.06972,2015
Langham Hotel,,CHRISTINE GILPIN  CONTROL LER,CHRISTINE GILPIN CONTROL,LER,23003,2012-01-11 08:50:36,2019-12-31 23:59:00,Inactive,FS,Eating & Drinking,HE_Fail,2015-04-21 14:05:12,03-3-501.16,***,Hot Holding,2015-04-21 14:05:12,Fail,,Rice 129F / Provide proper hot holding temperatures.,250   Franklin ST,Boston,2110,157806,42.35663,-71.054279,2015
Lanta Asian Cuisine,,,Yee Yang,J & Y Enterperises Inc.,84979,2013-01-03 15:06:25,2020-12-31 23:59:00,Active,FT,Eating & Drinking w/ Take Out,HE_Fail,2015-07-10 13:54:55,02-3-602.11-.12/3-302.12,*,Food Container Labels,2015-07-10 13:54:55,Fail,,Provide labels for rice bins.,38   Batterymarch ST,Boston,2110,157539,42.357589,-71.053939,2015
Laugh Boston,,,Wicked Comedy L L C, ,86989,2013-09-17 08:52:02,2020-12-31 23:59:00,Active,FS,Eating & Drinking,HE_Fail,2015-06-03 13:47:46,14-4-202.11,*,Food Contact Surfaces Design,2015-06-03 13:47:46,Fail,,replace woen and stained cutting boards on the cold uinit in the kitchen.,425   Summer ST,Boston,2210,344059,42.346219,-71.043099,2015
Laughing Monk Cafe,,,Nakapakorn,Dome,316715,2017-04-10 13:18:00,2020-12-31 23:59:00,Active,FS,Eating & Drinking,HE_Fail,2017-10-03 12:51:02,15-4-202.16,*,Non-Food Contact Surfaces,2017-10-03 12:51:02,Fail,, No protective enclosure for mop sink  provide.,737   Huntington AVE,Boston,2115,156156,42.334069,-71.105529,2017
Legal Crossing,,BOSTON REDEVELOP AUTHORITY,Legal Sea Foods L L C, ,95921,2014-03-12 10:05:33,2020-12-31 23:59:00,Active,FS,Eating & Drinking,HE_Fail,2020-09-09 13:58:53,590.004/4-602.13-C,*,Nonfood Contact Surfaces (C),2020-09-09 13:58:53,Fail,,Second compressor of the walk-in refrigerator with excess frost byuild-up. Defrost and clean to remove. Unit was functioning at below 41F at the time of the inspection.,558   Washington ST,Boston,2111,145729,42.353432,-71.0622,2020
Legal Harborside,,,Legal Sea Foods LLC,Roger Berkowitz,68424,2012-01-11 08:01:24,2020-12-31 23:59:00,Active,FS,Eating & Drinking,HE_Filed,2015-06-11 11:34:12,21-3-304.14,*,Wiping Cloths  Clean  Sanitize,2015-06-11 11:34:12,Fail,,Keep all in use wiping cloths in a sanitizing solution when not in use.,242   Northern AV,Boston,2210,103892,42.34903,-71.03882,2015
LEGAL SEAFOODS,,LEGAL SEAFOODS INC.RISK/B,Legal Sea Foods LLC,Donna Cruz,21132,2012-01-11 07:39:48,2020-12-31 23:59:00,Inactive,FS,Eating & Drinking,HE_Fail,2015-09-03 12:37:56,08-3-305-307.11,*,Food Protection,2015-09-03 12:37:56,Fail,,Observed plastic sqeeze bottles stored in ice for dispensing.Discontinue.Store properly in refrigeration.PIC corrected during inspection,26   Park SQ,Boston,2116,157711,42.351363,-71.069099,2015
Lenox Hotel (5 Food Serv. Loc.),,LENOX HOTEL LLC,GLENBEG INC., ,22241,2012-02-14 09:30:48,2020-12-31 23:59:00,Active,FS,Eating & Drinking,HE_Fail,2015-02-25 10:13:16,14-4-202.11,*,Food Contact Surfaces Design,2015-02-25 10:13:16,Fail,,solas kitchen/resurface all worn cutting boards,704   Boylston ST,Boston,2116,18381,42.349278,-71.079625,2015
LES ZYGOMATES,,,In Vino Veritas Bistro L L C, ,125208,2014-01-09 13:37:54,2020-12-31 23:59:00,Inactive,FS,Eating & Drinking,HE_Fail,2015-05-12 12:12:24,08-3-305-307.11,*,Food Protection,2015-05-12 12:12:24,Fail,,At the back bar  do not store anyting in the customers ice.,129   South ST,Boston,2111,155931,42.351209,-71.057569,2015
L'Espalier,,,New France Back Bay,L L C,28553,2012-01-12 12:50:03,2018-12-31 23:59:00,Inactive,FS,Eating & Drinking,HE_Fail,2015-04-06 11:11:20,08-3-305-307.11,*,Food Protection,2015-04-06 11:11:20,Fail,,move electric friolator into kitchen area and out of non approved hallway,772   Boylston ST,Boston,2116,18395,42.348701,-71.081632,2015
LICKS CAFE,,,ARAMARK, ,21050,2012-01-09 08:35:00,2020-12-31 23:59:00,Active,FT,Eating & Drinking w/ Take Out,HE_Fail,2016-02-11 13:56:42,03-3-501.16(A),***,Cold Holding,2016-02-11 13:56:42,Fail,,The upright refrigerator is reading 54F and the cream cheese is 48F.  Provide proper cold holding of 41F or below.,1140  Boylston St,Boston,2115,156962,42.346689,-71.089011,2016
LIMONCELLO,,RISTORANTE LIMONCELLO. IN C.,RISTORANTE LIMONCELLO. IN,C.,22537,2011-12-29 14:48:50,2020-12-31 23:59:00,Active,FS,Eating & Drinking,HE_Fail,2015-05-12 12:01:34,01-3-202.18,**,Shellstock ID,2015-05-12 12:01:34,Fail,, ,190   North ST,Boston,2113,158273,42.363379,-71.053961,2015
Lime Red Tea House,,  ,Lee,Raymond,310228,2017-06-20 08:42:37,2020-12-31 23:59:00,Active,FS,Eating & Drinking,HE_Fail,2017-06-09 13:33:32,08-3-305-307.11,*,Food Protection,2017-06-09 13:33:32,Fail,,Provide splash gaurds on both sides of hand sink in the service area.,1092   Commonwealth AVE,Boston,2215,163736,42.351738,-71.124257,2017
LIMELIGHT STAGE & STUDIOS  INC.,,,MARTHA SPERANZA PRES., ,23403,2012-02-15 08:36:41,2018-12-31 23:59:00,Inactive,FS,Eating & Drinking,HE_Fail,2015-10-07 17:19:09,15-4-202.16,*,Non-Food Contact Surfaces,2015-10-07 17:19:09,Fail,,cardboard lining shelves ion kitchen  remove to allow a cleanable  smooth surface,204   Tremont ST,Boston,2116,157516,42.351757,-71.064491,2015
LIR,,KING LIU REALTY INC,JOSEPH DUNNE PRES., ,22680,2012-01-10 12:45:36,2020-12-31 23:59:00,Inactive,FS,Eating & Drinking,HE_Fail,2015-05-05 15:13:14,15-4-202.16,*,Non-Food Contact Surfaces,2015-05-05 15:13:14,Fail,,Ice Machine cover broken. Repair.,903   Boylston ST,Boston,2115,18418,42.348481,-71.084239,2015
Little Miss Cupcape,,DAMORE JOSEPHINE TRST,Stump,Taylor,413050,2019-11-20 15:42:30,2020-12-31 23:59:00,Active,RF,Retail Food,HE_Fail,2019-11-06 12:53:01,590.003/3-602.11-PF,**,Food Labels (Pf),2019-11-06 12:53:01,Fail,,Multiple jarred candy items observed missing proper labels.Provide proper labels on all jarred candy items. PIC to remove items & dispense from behind the counter. PIC instructed to submit label information with all ingredients to the Health division for review.,250   Newbury ST,Boston,2116,101466,42.34935,-71.0826,2019
Little Steve's Pizza,,,Essber,Gabi,67615,2012-02-21 12:49:44,2020-12-31 23:59:00,Active,FT,Eating & Drinking w/ Take Out,HE_Fail,2015-03-06 11:57:10,02-3-602.11-.12/3-302.12,*,Food Container Labels,2015-03-06 11:57:10,Fail,,Bulk food containers with no proper labeling- Provide,1114   Boylston ST,Boston,2115,157702,42.34677,-71.088759,2015
Liuyishon Hotpot Boston,,CHIN VERN & CAROL,Liuyishon Hot Pot LLC,Li Wang,379260,2019-01-03 08:40:25,2020-12-31 23:59:00,Active,FS,Eating & Drinking,HE_Fail,2018-12-31 08:31:42,20-4-703.11,***,Food Contact Surfaces Clean,2018-12-31 08:31:42,Fail,,No Chlorine sanitizer registering @ low temperature machine  supply proper sanitzer,702  Washington ST,Boston,2111,155789,42.351037,-71.06269,2018
Lobstah On A Roll,,SAYEH MOULDI,Spinney,David,410917,2019-10-03 10:26:37,2020-12-31 23:59:00,Active,FS,Eating & Drinking,HE_Fail,2020-08-26 12:31:48,590.005/5-205.15-C,*,System Maintained in Good Repair (C),2020-08-26 12:31:48,Fail,,Prep sink drain pipe leaking. Repair.,254   Newbury ST,Boston,2116,101470,42.34931,-71.08274,2020
Locale,,DICENSO EDWARD F,Jennifer Pittore, ,79138,2013-09-05 11:24:48,2020-12-31 23:59:00,Active,FS,Eating & Drinking,HE_Fail,2016-10-11 18:26:32,02-3-602.11-.12/3-302.12,*,Food Container Labels,2016-10-11 18:26:32,Fail,,Label all bulk food containers as well as all clear plastic spray bottles to properly identify the contents,350   Hanover ST,Boston,2113,69117,42.36512,-71.05339,2016
LOCONTES RESTAURANT,,,BROOK FARM INC., ,19366,2011-12-29 14:31:28,2020-12-31 23:59:00,Active,FS,Eating & Drinking,HE_Fail,2015-10-06 12:11:19,15-4-202.16,*,Non-Food Contact Surfaces,2015-10-06 12:11:19,Fail,,Resurface visibly soiled grease trap in the kitchen,116   Salem ST,Boston,2113,157396,42.364676,-71.055658,2015
Loews Boston Hotel,,BERKELEY HOTEL ASSOC LLC,L.B.V. Hotel L L C, ,116086,2013-09-24 08:47:00,2020-12-31 23:59:00,Active,FS,Eating & Drinking,HE_Fail,2015-07-24 10:06:14,03-3-501.16(A),***,Cold Holding,2015-07-24 10:06:14,Fail,,2 door reach in/breading and peppers 45 degrees/provide proper temperature of 41degrees or below lobster meat 46 degrees/provide temperature of 41 degrees or below,350   Stuart ST,Boston,2116,131656,42.34924,-71.07244,2015
Lolita Cocina & Tequila Bar,,BOSTON HSR SOUTH BOSTON LLC,Coje Management,Mark s. Malatesta,199400,2017-10-13 09:54:35,2020-12-31 23:59:00,Active,FS,Eating & Drinking,HE_Fail,2018-04-10 10:44:28,04-3-501.15/4-301.11,*,Inadequate Facilities/Cooling Methods,2018-04-10 10:44:28,Fail,,Facility observed cooling cooked chicken @ 100F in deep plastic container in walk in cooler. Cool product using indirect contact with ice or increasing the surface area.,253   Summer ST,Boston,2127,131986,42.35017,-71.05127,2018
Lolita Cocina & Tequila Bar,,COPLEY CONDOMINIUM TRUST,Coje Management,Mark s. Malatesta,74560,2012-02-08 15:00:30,2020-12-31 23:59:00,Active,FS,Eating & Drinking,HE_Fail,2015-09-30 17:46:51,02-3-602.11-.12/3-302.12,*,Food Container Labels,2015-09-30 17:46:51,Fail,,Some bulk food items without proper labeling . Provide.,265   Dartmouth ST,Boston,2116,46340,42.35074,-71.07729,2015
LONGWOOD HOTEL CORP.,,,Thomas E. Wheaton,Accounts Payable,20461,2011-12-17 20:55:28,2020-12-31 23:59:00,Active,FS,Eating & Drinking,HE_Fail,2015-03-19 11:27:02,03-3-501.16,***,Hot Holding,2015-03-19 11:27:02,Fail,,Home fried potatoes held under heat lamp on counter 112F- Ensure hot holding at 140F or above. Discarded by PIC,342   Longwood AVE,Boston,2115,157428,42.338216,-71.106561,2015
Lorettas Last Call,,IPSWICH ENTERTAINMENT  IN C.,Ipswich Entertainment L L C,c/o Lyons Group,22648,2011-12-13 10:20:33,2020-12-31 23:59:00,Active,FT,Eating & Drinking w/ Take Out,HE_Fail,2015-09-25 19:22:20,03-3-501.16(A),***,Cold Holding,2015-09-25 19:22:20,Fail,,potato salad and mac and cheese 47 degrees/provide proper temperature of 41 degees or below,1   Lansdowne ST,Boston,2215,156198,42.347312,-71.094489,2015
L'OSTERIA RESTAURANT,,,DIPIETRANTONIO,PAOLINA,19651,2012-02-15 09:18:25,2020-12-31 23:59:00,Active,FS,Eating & Drinking,HE_Fail,2015-05-01 13:49:34,20-4-703.11,***,Food Contact Surfaces Clean,2015-05-01 13:49:34,Fail,,Blade on the meat slicer is heavily soiled underneath - clean to remove all visible soils on a more frequent basis,104  Salem ST,Boston,2113,157357,42.364291,-71.055638,2015
Lucca North End,,,KENNEDY,TED,21545,2011-12-19 11:11:13,2020-12-31 23:59:00,Active,FS,Eating & Drinking,HE_Fail,2015-07-22 13:49:35,02-3-602.11-.12/3-302.12,*,Food Container Labels,2015-07-22 13:49:35,Fail,,Label where needed,226   Hanover ST,Boston,2113,161061,42.363199,-71.055433,2015
Lucia Ristorante,,  ,Frattaroli,Anna,301099,2016-09-14 11:27:11,2020-12-31 23:59:00,Active,FS,Eating & Drinking,HE_Fail,2018-06-06 13:17:56,29-5-201/02.11,*,Installed and Maintained,2018-06-06 13:17:56,Fail,,The hot water at the handsink is over 135F.  Provide proper water temperature.,415   Hanover ST,Boston,2113,165989,42.365578,-71.052718,2018
LUCKY'S,,E F & C  LLC,c/o Lyons Group, ,21613,2011-12-13 10:17:48,2020-12-31 23:59:00,Active,FS,Eating & Drinking,HE_Fail,2015-08-31 10:59:56,06-3-501.13,*,PHF's Properly Thawed,2015-08-31 10:59:56,Fail,,discontinue defrosting food items in 3 bay sink with dirty dishes in the othr compartments.,355   Congress ST,Boston,2127,42108,42.350051,-71.04848,2015
Lulu's Sweet Shoppe,,FIFTY 7-61 SALEM ST CONDO TR,Sandra Russo, ,37163,2012-02-29 13:55:52,2016-12-31 23:59:00,Inactive,RF,Retail Food,HE_Fail,2015-03-06 14:20:02,13-2-304/402.11,*,Clean Cloths  Hair Restraint,2015-03-06 14:20:02,Fail,,No hair restraint worn by prep baker- corrected during inspection,57   Salem ST,Boston,2113,121884,42.363122,-71.056018,2015
M G NEWS,,SEVENTY 5-101 FEDERAL ST LLC,GREEN,MARTIN,22958,2011-12-28 13:07:26,2020-12-31 23:59:00,Active,RF,Retail Food,HE_Fail,2017-11-03 14:19:57,01-3-101/701.11,***,Spoilage Unsafe Food,2017-11-03 14:19:57,Fail,,8 packages of Chobani yogurt's withg a past expiration date of n10/6/17. Discontinue and ensure that all products are being checked for past expiration dates prior to being placed out for service. PIC removed all expired items at the time of the inspection.,75   Federal ST,Boston,2110,57320,42.35516,-71.05703,2017
M.J. O'CONNOR'S,,O'CONNOR AUSTIN,O'CONNOR,AUSTIN,21420,2012-02-15 13:48:07,2020-12-31 23:59:00,Active,FS,Eating & Drinking,HE_Fail,2015-12-22 14:13:11,03-3-501.16(A),***,Cold Holding,2015-12-22 14:13:11,Fail,,Cooking line refrigerating unit- Raw Chicken 48F  Raw  Burger 45F  Pasta 45F. Unit 54F. PIC removed food to another unit. Maintain all PHFs at 41F or below.,27   Columbus AVE,Boston,2116,156059,42.351143,-71.068949,2015
M/V MAJESTY,,,Boston Harbor Cruises, ,129217,2014-06-19 15:09:08,2020-12-31 23:59:00,Active,FS,Eating & Drinking,HE_Filed,2016-08-16 11:17:10,08-3-305-307.11,*,Food Protection,2016-08-16 11:17:10,Fail,,Boxes of food observed being stored on the ground of the walk-in freezer. Discontinue and store all foods elevated  a minimum of 6 inches off the ground.,1  Long WHF,Boston,2110,156129,42.360005,-71.051226,2016
Ma Maison,,DEFILIPPIS MICHAEL,Nedialkova,Stanishlava,23336,2011-12-29 13:51:39,2020-12-31 23:59:00,Active,FS,Eating & Drinking,HE_Fail,2015-09-30 14:51:16,08-3-302.15,*,Washing fruits and veg's.,2015-09-30 14:51:16,Fail,,Carrots being peeled without being washed. Wash properly before peeling.,272   Cambridge ST,Boston,2114,25263,42.36095,-71.06795,2015
MANGIA MANGIA,,PIZZUTI DONATO F TS,PAGLIUKA,JOHN,18497,2012-07-06 08:15:40,2020-12-31 23:59:00,Active,FT,Eating & Drinking w/ Take Out,HE_Fail,2015-03-30 10:29:51,12-2-301.12-.15,***,Adequate Handwashing/Where/When/How,2015-03-30 10:29:51,Fail,,Not washing hands in betwen tasks - wash hands on a more frequent basis as discussed,145   Endicott ST,Boston,2113,53806,42.365007,-71.057242,2015
MANULIFE,,MANUFACTURERS LIFE INSURANCE,ARAMARK SERVICES,Attn: Carolyn E. Colton,23358,2012-03-13 13:53:06,2018-12-31 23:59:00,Inactive,FT,Eating & Drinking w/ Take Out,HE_Fail,2018-04-18 11:14:14,03-3-501.16(A),***,Cold Holding,2018-04-18 11:14:14,Fail,,Sushi tuna roll 47F  maki roll 50F. Grilled chicken at salad bar 47F  raw swordfish at grill station 45F. Maintain cold holding temperatures at 41F or below. PIC took corrective action to cool product to 41F or below. Products not out of temperature for more than one hour. PIC provided recieving log for sushi temped at 34F upon receipt two hours prior.,601   Congress ST,Boston,2210,42119,42.347435,-71.039879,2018
MARCO POLO,,TWO 74 SUMMER STREET NOMINEE,MARCO POLO INC., ,19376,2012-03-20 11:14:27,2017-12-31 23:59:00,Inactive,FT,Eating & Drinking w/ Take Out,HE_Fail,2015-02-02 09:33:11,32-6-301.11-02.11,*,Hand Cleaner  Drying  Tissue Signage,2015-02-02 09:33:11,Fail,,In the main kitchen  keep the hand sink clean at alll times.,274   Summer ST,Boston,2127,131992,42.35043,-71.05007,2015
MARE,,  ,De Pasquale,Frank,122501,2015-07-28 08:12:58,2020-12-31 23:59:00,Active,FS,Eating & Drinking,HE_Fail,2019-06-04 12:58:28,01-3-203.12,**,Tags & Records,2019-06-04 12:58:28,Fail,,Tags are unorganized.  Organize the tags so they can be found in traceback and date them when the bag is emptied.,3   Mechanic ST,Boston,2113,273628,42.362858,-71.055056,2019
Maria's Taqueria,,MOY RUTH TRST,Mancia,Christian,29359,2011-12-02 10:06:22,2020-12-31 23:59:00,Active,FS,Eating & Drinking,HE_Fail,2016-09-09 10:58:13,03-3-501.16,***,Hot Holding,2016-09-09 10:58:13,Fail,,1)Pulled Pork @ 80f  ensure proper hot hold of 140f or above   2) pinto beans @ 125f   ensure proper hot hold of 140f or above,226   Tremont ST,Boston,2116,137459,42.35139,-71.06457,2016
Mariel,,WALTON10-TEN PO INV III LLC,CMG Post Office Sq. LLC, ,386730,2019-10-01 09:09:35,2020-12-31 23:59:00,Active,FS,Eating & Drinking,HE_Filed,2019-09-27 10:52:20,590.006/6-101.11-C,*,Surface Characteristics-Indoor Areas (C),2019-09-27 10:52:20,Fail,,Repir small section of ceiling above bar. Ensure that all ceiling surfaces above the bar are smooth  durable  non porus  and easy to clean.,10  Post Office SQ,Boston,2109,112362,42.35751,-71.056025,2019
Market Cafe,,SHERATON BOSTON CORP,Sheraton Boston, ,352070,2018-02-15 15:33:17,2020-12-31 23:59:00,Active,FS,Eating & Drinking,HE_Fail,2018-02-14 16:33:14,02-3-602.11-.12/3-302.12,*,Food Container Labels,2018-02-14 16:33:14,Fail,,Individual ceasar dressing containers with no labels inside of the Coke cooler. Provide.,39   Dalton ST,Boston,2116,45830,42.34657,-71.08384,2018
Marriott Copley Plaza (28th Fl.),,,Marriott Copley Plaza, ,78359,2012-06-11 08:22:59,2020-12-31 23:59:00,Active,FS,Eating & Drinking,HE_Fail,2017-09-06 12:25:15,22-4-601/602.11,**,Food Contact Surfaces Clean,2017-09-06 12:25:15,Fail,,Interior panel of ice machine observed with soils.Clean to remove.Maintain cleaned & sanitized.,110  Huntington AVE,Boston,2116,76238,42.347082,-71.078373,2017
Marshalls No.  1190,,  ,Marshalls of Ma Inc., ,80858,2013-01-07 09:46:07,2018-12-31 23:59:00,Inactive,RF,Retail Food,HE_Fail,2017-04-14 13:50:18,29-5-201/02.11,*,Installed and Maintained,2017-04-14 13:50:18,Fail,,Delay valves on hand sinks not maintain 15 seconds No hot water at hand sinks,126   Brookline AVE,Boston,2215,197495,42.34533,-71.10015,2017
MASA,,DAVIS JONATHAN G,AVILES,PHILLIP,21279,2012-01-09 14:21:51,2020-12-31 23:59:00,Inactive,FS,Eating & Drinking,HE_Fail,2015-09-30 18:04:04,03-3-501.16(A),***,Cold Holding,2015-09-30 18:04:04,Fail,,SEveral items temped 46-49F held on ice at hot line.PIC removed to properly cool to 41F or below.Maintain all cold holding 41F or below.,1   Appleton ST,Boston,2116,3816,42.346725,-71.069653,2015
MASS ART DINING COMMONS,,,CHARTWELLS,Compass Group USA  INC.,22181,2011-12-14 10:14:27,2020-12-31 23:59:00,Active,FS,Eating & Drinking,HE_Fail,2015-03-09 11:17:09,15-4-202.16,*,Non-Food Contact Surfaces,2015-03-09 11:17:09,Fail,,Shelving in produce walkin peeling and rusted- Repair to make smooth  durable and cleanable.,625  Huntington AVE,Boston,2115,156149,42.336736,-71.099529,2015
Mass Bay Lines/Freedom,,MASS BAY LINES INC. FREEDOM,MASS BAY LINES INC., ,21863,2012-02-15 08:49:27,2020-12-31 23:59:00,Active,FS,Eating & Drinking,HE_Filed,2018-05-24 11:43:00,37-6-501.11-.12,*,Improper Maintenance of Walls/Ceilings,2018-05-24 11:43:00,Fail,,Missing ceiling tiles on ceiling at entrance to galley. Missing ceiling tiles also observed in the room right before the galley. Also observed broken and damaged ceiling tiles in the galley area. Replace missing and damaged ceiling tiles on ceiling of the noted areas. Replace cracked light shield to light fixture in galley nesr the dish machine.,60  Rowes WHF,Boston,2110,156112,42.356532,-71.050251,2018
MASS EYE AND EAR INFIRMARY,,MASS GEN EYE * EAR INF,MASS EYE AND EAR,Att: Joanna Ioannidis,21972,2012-02-15 13:18:30,2020-12-31 23:59:00,Active,FS,Eating & Drinking,HE_Fail,2017-11-14 10:12:24,03-3-501.16,***,Hot Holding,2017-11-14 10:12:24,Fail,,Cooked chicken meat at service line 130F. Maintain hot holding temperatures at 140F or above. PIC corrective action and reheated product cooked one hour prior to 140F or above.,243   Charles ST,Boston,2114,29143,42.36275,-71.07009,2017
Mass Gen. Hosp./Tea Leaves & Coffee Beans,,MGH NUTRITION & FOOD SER VICE,Mass General Hospital-Nutrition & Food Serv., ,32914,2012-02-27 12:40:24,2020-12-31 23:59:00,Active,FT,Eating & Drinking w/ Take Out,HE_Fail,2018-04-19 12:33:14,03-3-501.16,***,Hot Holding,2018-04-19 12:33:14,Fail,,Cheeseburger 119F  jamaican  patties 132F   PIC voluntarily discarded out of temperature. Al hot holding must maintain 140F and above.,55  Fruit ST,Boston,2114,155723,42.36259,-71.07014,2018
MASS. COLLEGE OF PHARMACY,,,CHARTWELLS,Compass Group USA  Inc.,21456,2012-02-17 14:34:42,2020-12-31 23:59:00,Active,FS,Eating & Drinking,HE_Fail,2016-02-26 11:58:43,03-3-501.16(A),***,Cold Holding,2016-02-26 11:58:43,Fail,,The refrigerator in the back storage area is running at 45F; milk is 47F  cream cheese 45F.  Provide proper cold holding of 41F or below.  (The manager was able to take corrective action and discarded all the food in the refrigerator),179  Longwood AVE,Boston,2115,87164,42.33688,-71.10112,2016
Massachusetts Eye & Ear EyeOpener Cafe,,  ,Mass. Eye & Ear,Dir. Food Serv.,80711,2012-11-08 13:58:44,2020-12-31 23:59:00,Active,FT,Eating & Drinking w/ Take Out,HE_Fail,2018-08-09 13:45:20,M-3-603.11,***,Consumer Advisories,2018-08-09 13:45:20,Fail,,New chalkboard menu's do not have the proper disclosure / reminder necessary when particular foods are offered undercooked  address as discussed during inspection,800   Huntington AVE,Boston,2115,166438,42.333002,-71.107495,2018
Massachusetts Eye & Ear Infirmary Eye Opener Cafe,,,Ioannidis Operations Mgr.,Joanna,67651,2012-01-19 16:33:56,2020-12-31 23:59:00,Active,FT,Eating & Drinking w/ Take Out,HE_Fail,2016-05-25 13:53:08,04-3-501.15/4-301.11,*,Inadequate Facilities/Cooling Methods,2016-05-25 13:53:08,Fail,,Sanwich at grab and go with holding temperature of 47F. Ensure incorporation of cooling step during preparation to 41F before being presented for retail sale.,243  Charles ST,Boston,2114,163139,42.362781,-71.070319,2016
Massiminos Cucina,,D'AMORE MASSIMINO,D'AMORE,MASSIMINO,18499,2012-01-05 09:50:28,2020-12-31 23:59:00,Active,FS,Eating & Drinking,HE_Fail,2016-03-09 14:14:51,03-3-501.16(A),***,Cold Holding,2016-03-09 14:14:51,Fail,,Prosciutto in back top reach in 53F / Discontinue stacking containers on the top row of the reach in.  Container was moved to bottom refrigeration after the cook said it had been out for the lunch rush.,207   Endicott ST,Boston,2113,155718,42.366578,-71.057928,2016
Mast' Restaurant,,,Strada 45 L L C, ,121529,2014-12-11 09:49:43,2020-12-31 23:59:00,Active,FS,Eating & Drinking,HE_Fail,2015-01-15 13:16:59,31-5-204/05.11,***,Location  Accessible,2015-01-15 13:16:59,Fail,,Utensils noted in hand sink basin / Remove and discontinue.  Hand sink must be kept free and clear at all times.,45  Province ST,Boston,2108,156036,42.357037,-71.06017,2015
MASTER WOK,,SANTA FE CAFE  INC.,Wong,Donald C.,23954,2012-05-31 08:43:59,2020-12-31 23:59:00,Active,FT,Eating & Drinking w/ Take Out,HE_Closure,2019-02-05 08:19:14,23-4-602.13,*,Non-Food Contact Surfaces Clean,2019-02-05 08:19:14,Fail,,Fan and motor for ice machine with heavy dust build up  clean to remove,650   Atlantic AVE,Boston,2110,157899,42.351914,-71.055389,2019
MATTHEWS ARENA CONCESSION,,NORTHEASTERN UNIVERSITY,Chartwells,Timothy Cooney,20372,2011-12-16 11:08:46,2020-12-31 23:59:00,Active,FS,Eating & Drinking,HE_Fail,2019-03-20 15:10:29,23-4-602.13,*,Non-Food Contact Surfaces Clean,2019-03-20 15:10:29,Fail,,Cabinets below service line with soils and evidence of pest activity- Clean,238   Saint Botolph ST,Boston,2115,120806,42.341323,-71.084481,2019
MAURIZIO'S,,DEBICCARI NICHOLAS R TRST,LINDA LODDO, ,19689,2012-01-13 11:29:32,2017-12-31 23:59:00,Inactive,FS,Eating & Drinking,HE_Fail,2015-10-06 14:22:04,06-3-501.13,*,PHF's Properly Thawed,2015-10-06 14:22:04,Fail,,Thawing out seafood in stagnant water,364   Hanover ST,Boston,2113,69123,42.36535,-71.0532,2015
Mcdonalds,,  ,Vern Chin, ,76336,2012-01-10 11:32:01,2020-12-31 23:59:00,Active,FT,Eating & Drinking w/ Take Out,HE_Fail,2015-02-12 13:17:11,22-4-601/602.11,**,Food Contact Surfaces Clean,2015-02-12 13:17:11,Fail,,Interior of ice machine with visible soils / Clean to remove.,315   Washington ST,Boston,2108,171038,42.35705,-71.059182,2015
Mcdonalds,,SHUBERT FOUNDATION INC,Daymarcon L L C,Patrick Treffilletti,128202,2014-05-06 08:38:01,2016-12-31 23:59:00,Inactive,FT,Eating & Drinking w/ Take Out,HE_Fail,2015-08-11 14:30:02,15-4-202.16,*,Non-Food Contact Surfaces,2015-08-11 14:30:02,Fail,,Refrigerating unit at the prep area broken. Not being used to store food at this time. Repair or replace.,540   Commonwealth AVE,Boston,2215,41097,42.348492,-71.096725,2015
McDonald's,,  ,Selhi Associates LLC,Vijay Selhi,158509,2016-01-27 14:24:53,2020-12-31 23:59:00,Active,FT,Eating & Drinking w/ Take Out,HE_Fail,2017-02-02 12:18:35,22-4-601/602.11,**,Food Contact Surfaces Clean,2017-02-02 12:18:35,Fail,,interior of ice machine with mold like substance  clean to remove,750   Atlantic AVE,Boston,2111,161712,42.350063,-71.056123,2017
MCGANN'S BOSTON,,PIZZUTI DONATO F,JOSEPH DUNNE,PRES.,20185,2011-12-29 13:05:19,2020-12-31 23:59:00,Active,FS,Eating & Drinking,HE_Fail,2016-01-22 13:33:59,08-3-305-307.11,*,Food Protection,2016-01-22 13:33:59,Fail,,Raw shell eggs stored above ready to eat produce in walkin. Raw chicken stored above raw pork in walkin. Store raw meats properly according to final cooking temperature. Store raw and RTE foods seperately. PIC took immediate corrective action and stored products properly.,197   Portland ST,Boston,2114,112330,42.36451,-71.06171,2016
McGreevys,,FINE MURRAY C,JOSEPH CIMINO, ,23710,2012-02-15 11:14:12,2020-12-31 23:59:00,Inactive,FS,Eating & Drinking,HE_Closure,2018-02-15 12:51:54,01-3-202.18,**,Shellstock ID,2018-02-15 12:51:54,Fail,,Chef on site unable to produce shell stock tags.Provide shell stock tags stored in chronological order for minimum 90 days.,911   Boylston ST,Boston,2115,18420,42.348439,-71.084391,2018
MEDITERRANEAN GRILL,,JAMM LLC,KESARIS,STAVROS,21447,2012-02-08 18:30:10,2019-12-31 23:59:00,Inactive,FT,Eating & Drinking w/ Take Out,HE_Fail,2016-02-12 12:22:14,03-401.11-.12,***,Cooking Temperatures,2016-02-12 12:22:14,Fail,,Buffalo chicken being cooked partially then cooled in the walk-in cooler. Discotinue and ensure all chicken is being cooked fully before being placed into the walk-in cooler.,281   Franklin ST,Boston,2110,60666,42.35693,-71.05306,2016
Mei Mei Restaurant,,CURTIS THOMAS E,Li,Irene & Andrew,92188,2013-11-06 08:27:34,2020-12-31 23:59:00,Active,FS,Eating & Drinking,HE_Fail,2015-01-21 13:03:53,03-3-501.16,***,Hot Holding,2015-01-21 13:03:53,Fail,,Scallion pancakes at 126F - 140F. Maintain at or above 140F.,506   Park DR,Boston,2215,106917,42.34766,-71.105821,2015
METRO SUBWAY INC.,,  ,JOSEPH CONNOLLY,PRES.,23824,2012-01-12 14:23:30,2020-12-31 23:59:00,Active,FT,Eating & Drinking w/ Take Out,HE_Fail,2018-02-13 10:35:03,32-6-301.11-02.11,*,Hand Cleaner  Drying  Tissue Signage,2018-02-13 10:35:03,Fail,,Soap dispenser is common area restroom no functioning properly. Raepair dispenser. Paper towel dispenser to hand sink in kitchen not functioning properly. Repair dispenser,274   Franklin ST,Boston,2110,165422,42.356987,-71.053538,2018
METRO SUBWAY INC.,,TWO05 PORTLAND STREET LLC,ALEX LEE PRES.,# 8-8V,22490,2012-01-12 14:17:33,2020-12-31 23:59:00,Active,FT,Eating & Drinking w/ Take Out,HE_Fail,2016-01-15 10:50:25,17-4-204.112/.115,*,Equipment Thermometers,2016-01-15 10:50:25,Fail,,No equipment thermometer for service line cold holding unit. Provide.,203   Portland ST,Boston,2114,112332,42.36471,-71.06196,2016
Mighty Love Food,,  ,155 Milk Street LLC,Cameron Grob,357774,2018-08-28 08:57:28,2020-12-31 23:59:00,Active,FS,Eating & Drinking,HE_Fail,2018-08-22 10:52:50,16-4-204.117,*,Low Sanitizer Alarm,2018-08-22 10:52:50,Fail,,Repair/finish molding around the grab and go case at the point of sale.,30   Batterymarch ST,Boston,2109,341033,42.35771,-71.054141,2018
Mike and Patty's,,,Zaroda,Anna,125718,2015-01-23 08:58:13,2020-12-31 23:59:00,Active,FT,Eating & Drinking w/ Take Out,HE_Fail,2016-05-13 11:11:17,21-3-304.14,*,Wiping Cloths  Clean  Sanitize,2016-05-13 11:11:17,Fail,,Discontinue using sponges,12   Church ST,Boston,2116,158302,42.348532,-71.06792,2016
Mike's Cafe,,DONOGHUE KEVIN F,King Pres.,Kerry M.,142842,2015-07-15 12:35:09,2020-12-31 23:59:00,Active,FT,Eating & Drinking w/ Take Out,HE_Fail,2015-08-12 14:14:46,32-6-301.11-02.11,*,Hand Cleaner  Drying  Tissue Signage,2015-08-12 14:14:46,Fail,,Provide liquid hand soap to hand sinks.,190   High ST,Boston,2110,73286,42.35672,-71.05226,2015
MILK ST CAFE,,TGC 50 MILK STREET LLC,EPSTEIN,MARC S,18815,2012-02-15 13:05:09,2020-12-31 23:59:00,Active,FS,Eating & Drinking,HE_Fail,2015-09-09 14:31:06,22-4-601/602.11,**,Food Contact Surfaces Clean,2015-09-09 14:31:06,Fail,,stoves and fryers with ansul discharge  wash rinse and sanitize,50   Milk ST,Boston,2109,95446,42.35701,-71.05761,2015
MILNER HOTEL,,  ,MILNER HOTELS INC., ,21308,2012-02-15 08:52:18,2016-12-31 23:59:00,Inactive,FS,Eating & Drinking,HE_Fail,2015-04-24 10:48:19,04-3-501.15/4-301.11,*,Inadequate Facilities/Cooling Methods,2015-04-24 10:48:19,Fail,,Small reach in unit registering 56F.(Yogurt 47F).Repair.PIC immediately removed product to other refrigeration. Milk 54F from dispensing thermos.Maintain 41F or below.PIC removed,71   Charles St South ST,Boston,2114,163193,42.350101,-71.066844,2015
Ming Kee Poultry,,CHIN CHONG YUEN TRSTS,Newman Tam, ,76737,2011-12-12 14:03:40,2020-12-31 23:59:00,Active,RF,Retail Food,HE_Fail,2015-07-13 10:51:34,05-4-302.12,*,Food Thermometers Provided,2015-07-13 10:51:34,Fail,,provide thermometer to reach in,52  Kneeland St,Boston,2111,82315,42.35066,-71.06114,2015
Mirabella Pool Concession,,CITY OF BOSTON,Nazzaro Center Council,Accounts Payable,92178,2013-07-02 13:31:49,2020-12-31 23:59:00,Active,FT,Eating & Drinking w/ Take Out,HE_Fail,2016-06-20 14:17:13,17-4-302.14,*,Test Kit Provided,2016-06-20 14:17:13,Fail,,No test kits on site / Provide.,471  Commercial ST,Boston,2109,36766,42.368749,-71.055051,2016
MOBYDICK,,MOHAMMED K. RAHMANIZ,Bakhtiari,Mohtaram,19817,2012-01-31 15:29:47,2020-12-31 23:59:00,Active,FT,Eating & Drinking w/ Take Out,HE_Fail,2015-01-12 12:02:15,08-3-305-307.11,*,Food Protection,2015-01-12 12:02:15,Fail,,"Multiple large containers of food stored on  floor of walkin- Ensure products are stored 6"" off of floor",269   Huntington AVE,Boston,2115,156555,42.342178,-71.08624,2015
Modern Pastry Shop I I,,KELLY JAMES E,Modern Pastry Shop Inc., ,122431,2014-05-09 08:13:21,2020-12-31 23:59:00,Active,FT,Eating & Drinking w/ Take Out,HE_Fail,2015-04-22 12:24:44,20-4-703.11,***,Food Contact Surfaces Clean,2015-04-22 12:24:44,Fail,,Blade on meat slicer in the basement - - clean to remove all previous food soils and deposits -  Clean after each shift,261   Hanover ST,Boston,2113,69074,42.36329,-71.0547,2015
MONICA'S RESTAURANT,,MENDOZA JORGE,MENDOZA,JORGE,21063,2012-01-13 12:16:48,2020-12-31 23:59:00,Active,FS,Eating & Drinking,HE_Fail,2015-07-08 13:28:41,01-3-202.18,**,Shellstock ID,2015-07-08 13:28:41,Fail,,Do  not remove shell fish tags from original containers,143   Richmond ST,Boston,2113,156019,42.363408,-71.054261,2015
Montecristo Mexican Grill,,SOLTANI MICHEL,Lilian Argueta/Otto G. Hernandez, ,29782,2012-02-21 13:24:37,2020-12-31 23:59:00,Active,FT,Eating & Drinking w/ Take Out,HE_Fail,2016-03-25 12:38:06,08-3-302.11/3-304.11,***,Separation  Segregation Cross Contamination,2016-03-25 12:38:06,Fail,,Raw fish stored over cheese  store properly  ready to eat over raw.,746   Huntington AVE,Boston,2115,76415,42.33363,-71.10549,2016
MONTIEN RESTAURANT,,,PANJA S. LYMSWAN, ,20866,2012-02-08 15:16:50,2016-12-31 23:59:00,Inactive,FS,Eating & Drinking,HE_Fail,2015-06-05 12:24:44,17-4-302.14,*,Test Kit Provided,2015-06-05 12:24:44,Fail,,no chlorine test kit to measure sanitizer in low temp dish machine,63   Stuart ST,Boston,2116,155998,42.351263,-71.064339,2015
Mooncusser Fish House & Moon Bar,,  ,Calhoun Owner,Ian,168085,2017-07-20 15:29:35,2020-12-31 23:59:00,Active,FS,Eating & Drinking,HE_Fail,2017-07-18 12:13:25,32-6-301.11-02.11,*,Hand Cleaner  Drying  Tissue Signage,2017-07-18 12:13:25,Fail,,"Provide ""employees must wash hands ""signage in all rest rooms.",129   Columbus AVE,Boston,2116,163644,42.349822,-71.070622,2017
Mooo...,,FIFTEEN BEACON STREET LLC,Bovine L L C, ,26729,2011-12-17 20:21:07,2020-12-31 23:59:00,Active,FS,Eating & Drinking,HE_Closure,2019-02-21 09:34:26,22-4-601/602.11,**,Food Contact Surfaces Clean,2019-02-21 09:34:26,Fail,,Non-potable water has leaked into first floor kitchen. Clean and sanitize all affected areas.,15   Beacon ST,Boston,2108,9666,42.35841,-71.06197,2019
MOOYAH,,LAMBERT GREGORY,Tremont Street Burger L L C, ,67693,2011-12-19 13:53:23,2020-12-31 23:59:00,Active,FS,Eating & Drinking,HE_Fail,2015-12-16 11:56:33,36-6-501.11-.12,*,Improper Maintenance of Floors,2015-12-16 11:56:33,Fail,,Floors throughout establishment including prep area  warewashing and basement with soils and debris-Clean,140   Tremont ST,Boston,2111,156397,42.355646,-71.062559,2015
MORGAN HALL COFFEE CART,,BARNES & NOBLE BOOKSTORE/,RESTAURANT ASSOCIATES, ,22917,2012-02-14 12:42:38,2020-12-31 23:59:00,Active,FT,Eating & Drinking w/ Take Out,HE_Fail,2019-03-18 09:41:41,01-3-602.11 B2,***,Labeling of Ingredients,2019-03-18 09:41:41,Fail,,Prepackaged foods missing labels in refrigeration unit for customer self service - Removed by PIC,117   Western AVE,Boston,2135,156711,42.365174,-71.122227,2019
MOTHER ANNA'S,,CAPARELLA ROBERT A,MOTHER ANNA'S RESTAURANT,INC.,26094,2011-12-13 11:41:28,2020-12-31 23:59:00,Active,FS,Eating & Drinking,HE_Fail,2015-04-02 10:38:59,01-3-203.12,**,Tags & Records,2015-04-02 10:38:59,Fail,,Keep tags on site for at least three months as discussed,211   Hanover ST,Boston,2113,157787,42.362698,-71.055309,2015
Mother Juice Inc.,,TWO91 NEWBURY ST LLC,Fitzgerald,Ellen,174004,2016-09-22 15:52:52,2020-12-31 23:59:00,Active,FT,Eating & Drinking w/ Take Out,HE_Fail,2016-09-21 15:23:43,32-6-501.11-.12/6-202.14,*,Toilet Enclosed Clean,2016-09-21 15:23:43,Fail,,Restroom doors not self closing- Repair,291   Newbury ST,Boston,2115,101526,42.349137,-71.084995,2016
MR. DOOLEYS BOSTON TAVERN,,,THE SOMERS CORP, ,19327,2012-02-15 09:22:07,2020-12-31 23:59:00,Active,FS,Eating & Drinking,HE_Fail,2015-06-11 13:38:51,03-3-501.16(A),***,Cold Holding,2015-06-11 13:38:51,Fail,,Chicken salad 50F  Sliced corned beef 51F / Provide proper cold holding temperatures.,77   Broad ST,Boston,2109,155809,42.357643,-71.053639,2015
MRS. B'S CAFE,,A STREET PROPERTIES II LLC,Lin Van Inc., ,74757,2012-01-31 15:09:39,2019-12-31 23:59:00,Inactive,FT,Eating & Drinking w/ Take Out,HE_Fail,2019-01-28 12:05:20,03-3-501.16,***,Hot Holding,2019-01-28 12:05:20,Fail,,Chicken pasta dish 116F. Maintain hot holding above 135F. COS,20   Channel Center ST,Boston,2127,28853,42.3457,-71.05182,2019
Mulligans,,TERRAZANO RALPH,Kiakotos,Marion,172743,2016-05-23 15:41:50,2019-12-31 23:59:00,Inactive,FT,Eating & Drinking w/ Take Out,HE_Fail,2016-12-05 13:20:45,03-3-501.16(A),***,Cold Holding,2016-12-05 13:20:45,Fail,,Chicken salad at servicing line 47F. Maintain PHF foods at 41F or below. Corrective action taken to cool product to 41F or below.,83   Canal ST,Boston,2114,158274,42.364307,-71.059631,2016
Museum of Fine Arts Cafeteria,,MUSEUM OF FINE ARTS,Museum of Fine Arts,Boston,28124,2012-01-19 18:21:18,2020-12-31 23:59:00,Active,FS,Eating & Drinking,HE_Fail,2015-01-22 13:19:22,M-2-103.11,***,PIC Performing Duties,2015-01-22 13:19:22,Fail,,8-303.20 Violation is a condition of issuance for non payment of 2015 Health Permit. Contact Health Department to make payment,465   Huntington AVE,Boston,2115,76372,42.33927,-71.09405,2015
Museum of Fine Arts-Taste D/B/A No. 19285,,,MUSEUM OF FINE ARTS BOSTON, ,19285,2012-01-19 16:22:41,2020-12-31 23:59:00,Active,FS,Eating & Drinking,HE_Fail,2015-01-22 13:26:47,M-2-103.11,***,PIC Performing Duties,2015-01-22 13:26:47,Fail,,8-303.20 Condition of issuance for nonpayment of 2015 Health Permit.  Contact Health Department to make payment,465  Huntington AVE,Boston,2115,76373,42.331977,-71.101647,2015
Museum of Science,,  ,COMPASS GROUP USAINC., ,23721,2012-01-18 17:16:00,2020-12-31 23:59:00,Active,FS,Eating & Drinking,HE_Fail,2015-07-09 12:58:03,03-3-501.16(A),***,Cold Holding,2015-07-09 12:58:03,Fail,,1. Raw burgers on counter @ 50f  ensure proper cold hold of 41f or below  2. Chicken wrap @ 48f in one door upright  ensure proper cold hold of 41f or below,10   Charles River DM,Boston,2114,163190,42.367043,-71.070312,2015
MY COUSIN'S PLACE,,DENORMANDIE PHILIP Y TRST,Ralph and Dan L L C, ,78520,2012-03-23 13:25:54,2019-12-31 23:59:00,Active,FT,Eating & Drinking w/ Take Out,HE_Fail,2015-05-18 13:47:30,02-3-602.11-.12/3-302.12,*,Food Container Labels,2015-05-18 13:47:30,Fail,,Label all bulk food containers,396   Hanover ST,Boston,2113,69130,42.36602,-71.05296,2015
My Thai Cafe Vegetarian & Bubble Tea Bristro,,,CUONG VAN TRAN, ,23643,2011-12-28 09:38:49,2020-12-31 23:59:00,Active,FS,Eating & Drinking,HE_Fail,2016-01-12 11:25:59,08-3-305-307.11,*,Food Protection,2016-01-12 11:25:59,Fail,,open bags of flour  store in closed covered containers once opened,3  Beach ST,Boston,2111,157523,42.351421,-71.062558,2016
N.U. Stetson Hall East,,DAKA,Chartwells,Timothy Cooney,19006,2011-12-13 12:32:00,2020-12-31 23:59:00,Active,FS,Eating & Drinking,HE_Fail,2015-04-14 15:24:07,03-3-501.16(A),***,Cold Holding,2015-04-14 15:24:07,Fail,,Honeydew melon at salad bar 48F- Removed by PIC and placed  in blast chiller Tuna at sandwich station 50F- Removed by PIC and placed in blast chiller Ensure cold holding at 41F or below,11   Speare PL,Boston,2115,157869,42.34104,-71.090231,2015
Nahita,,BOSTON RENAISSANCE CHARTER,Liquid Art Boston L L C, ,117291,2014-04-29 09:38:37,2020-12-31 23:59:00,Inactive,FS,Eating & Drinking,HE_Fail,2015-10-14 17:27:10,05-4-302.12,*,Food Thermometers Provided,2015-10-14 17:27:10,Fail,,Provide proper metal stem thermometers for all staff.,100   Arlington ST,Boston,2116,4809,42.35002,-71.0695,2015
Nebo Ristorante/Enoteca,,,Jimmy Jumbo Enterprises L L C, ,83438,2013-06-07 15:05:03,2020-12-31 23:59:00,Active,FS,Eating & Drinking,HE_Fail,2015-02-23 14:05:45,19-4-501.18-.110,*,Wash Rinse Water Clean Proper Temperature.,2015-02-23 14:05:45,Fail,,High temp dish machine wash 131F / Repair (Need 150F),520  Atlantic AVE,Boston,2110,6313,42.353337,-71.052914,2015
Neighborhoods,,HUANG FRANKIE S.,Betsy Hill, ,79718,2013-01-07 09:04:20,2020-12-31 23:59:00,Active,FT,Eating & Drinking w/ Take Out,HE_Fail,2015-04-30 14:44:42,08-3-305-307.11,*,Food Protection,2015-04-30 14:44:42,Fail,,Product stored under waste pipes on shelving.Remove and store away from pipes.,96   Peterborough ST,Boston,2116,156955,42.34302,-71.099229,2015
NEPTUNE RESTAURANT,,BOSTONIAN LLC,JEFF NACE, ,23410,2012-01-05 11:24:28,2020-12-31 23:59:00,Active,FS,Eating & Drinking,HE_Filed,2015-04-01 11:26:59,23-4-602.13,*,Non-Food Contact Surfaces Clean,2015-04-01 11:26:59,Fail,,Clean exterior of ice machine from visible soils,63   Salem ST,Boston,2113,121913,42.36323,-71.05594,2015
New Dong Khanh Restaurant,,LUU TAM CAM,LUU CAM TAM & NGUYEN VAN TUNG, ,18590,2012-03-20 10:19:59,2019-12-31 23:59:00,Inactive,FT,Eating & Drinking w/ Take Out,HE_Fail,2016-01-25 08:54:34,03-3-501.16(A),***,Cold Holding,2016-01-25 08:54:34,Fail,,Bean sprouts in water @ 46f-50f on cooking line  store at 41f or below,81   Harrison AVE,Boston,2111,70064,42.35093,-71.06158,2016
NEW GOLDEN GATE RESTAURANT,,LEE  PRESIDENT BILLY,May-Deng PRESIDENT,Emily,23089,2011-12-30 13:04:42,2020-12-31 23:59:00,Active,FS,Eating & Drinking,HE_Fail,2016-01-22 13:14:25,02-3-602.11-.12/3-302.12,*,Food Container Labels,2016-01-22 13:14:25,Fail,,bulk food containers not labelled  label properly in chinese and english,66   Beach ST,Boston,2111,156250,42.351383,-71.060028,2016
New Jumbo Seafood,,SPEARS CRAIG TRUSTEE,ST ORIENTAL,CORPORATION,25316,2012-01-10 13:27:24,2020-12-31 23:59:00,Active,FS,Eating & Drinking,HE_Fail,2015-01-08 11:32:55,14-4-202.11,*,Food Contact Surfaces Design,2015-01-08 11:32:55,Fail,,Worn cutting boards,5   Hudson ST,Boston,2111,75863,42.350966,-71.060128,2015
NEW MEAT MARKET,,MUY THAM M,Molly Tham, ,74176,2012-01-04 18:40:41,2019-12-31 23:59:00,Inactive,RF,Retail Food,HE_Fail,2015-03-24 11:54:52,10-3-304.12,*,Food Utensil Storage,2015-03-24 11:54:52,Fail,,Cleaver [ in use ] discarded on the bloody floor - clean and sanitize and store as discussed,94   Blackstone ST,Boston,2109,155828,42.361468,-71.056369,2015
New Moon Villa Restaurant,,LEUNG VIRGINIA G TS,Jian Hung,Inc.,26941,2012-01-05 11:02:08,2020-12-31 23:59:00,Active,FS,Eating & Drinking,HE_Fail,2016-01-06 12:56:53,15-4-202.16,*,Non-Food Contact Surfaces,2016-01-06 12:56:53,Fail,,gaskets on 2 door Randell broken   replace,15   Edinboro ST,Boston,2111,51249,42.352008,-71.059912,2016
NEW SAIGON SANDWICH INC.,,,JASON V. PHU PRES., ,23016,2012-02-14 12:41:23,2020-12-31 23:59:00,Active,FT,Eating & Drinking w/ Take Out,HE_Fail,2015-12-01 11:54:33,01-3-602.11 B2,***,Labeling of Ingredients,2015-12-01 11:54:33,Fail,,yogurts in self service case without labels or ingredients  supply,696  Washington ST,Boston,2111,158284,42.351119,-71.062679,2015
New Shanghai,,JAYNE ALLAN WONG,Hong Ze Restaurant Inc., ,30967,2011-12-23 13:01:17,2019-12-31 23:59:00,Inactive,FS,Eating & Drinking,HE_Fail,2015-11-17 13:42:33,03-3-501.16(A),***,Cold Holding,2015-11-17 13:42:33,Fail,,Sprouts 50F / Provide proper cold holding temperatures.,21  Hudson ST,Boston,2111,75860,42.35058,-71.06029,2015
New York Pizza,,AXIOTIS STEPHEN TS,Axiotis,Stephen,27856,2012-06-13 14:17:45,2020-12-31 23:59:00,Active,FT,Eating & Drinking w/ Take Out,HE_Fail,2015-08-14 10:25:48,02-3-602.11-.12/3-302.12,*,Food Container Labels,2015-08-14 10:25:48,Fail,,display case/provide proper labels for pre packaged salads and pastries properly label all bulk food bins,224   Tremont ST,Boston,2116,137458,42.35145,-71.06456,2015
News Room Cafe,,GERALD WALBA  PRES.,Zaghloul,Ahmed,389162,2019-03-19 09:46:22,2020-12-31 23:59:00,Active,FS,Eating & Drinking,HE_Fail,2019-09-20 11:28:47,590.002/2-402.11-C,*,Effectiveness-Hair Restraints (C),2019-09-20 11:28:47,Fail,,Staff without hair restraint .,7  Bulfinch Pl,Boston,2114,156763,42.361814,-71.06131,2019
Nico Restaurant,,DYER DENNIS A,VARANO,NICK  GM,31037,2012-01-09 16:04:10,2020-12-31 23:59:00,Active,FS,Eating & Drinking,HE_Fail,2015-05-11 14:15:45,01-3-203.12,**,Tags & Records,2015-05-11 14:15:45,Fail,, ,417   Hanover ST,Boston,2113,69140,42.36564,-71.0527,2015
Night Shift Brewing,,N WASHINGTON WHARF LLC,Night Shift Brewing Inc. Parent Co.,Att: Accounts Payable,360287,2019-03-11 09:19:15,2020-12-31 23:59:00,Active,FS,Eating & Drinking,HE_Fail,2019-05-23 13:52:38,03-3-501.16(A),***,Cold Holding,2019-05-23 13:52:38,Fail,,Two of the refrigerators on the line have tripped and turned off; hamburger 52F  sprouts 54F  chicken 50F.  Provide proper cold holding of 41F or below.  (The manager discarded all the items in the refrigerator),160 N Washington ST,Boston,2114,146266,42.367388,-71.059184,2019
Nine Bar Espresso,,,Vlassidis,Erick,383523,2019-04-22 09:52:33,2020-12-31 23:59:00,Active,FT,Eating & Drinking w/ Take Out,HE_Fail,2019-04-17 10:39:46,37-6-501.11-.12,*,Improper Maintenance of Walls/Ceilings,2019-04-17 10:39:46,Fail,,reseal the wall behind the hand sink.,45   Bromfield ST,Boston,2109,158316,42.356956,-71.060529,2019
NINE ZERO HOTEL,,TREMONT PROPERTY LIMITED PARTNERSHIP,KHP,Boston Hotel LLC,24677,2012-01-25 09:17:30,2016-12-31 23:59:00,Inactive,FS,Eating & Drinking,HE_Fail,2015-05-19 09:11:11,10-3-304.12,*,Food Utensil Storage,2015-05-19 09:11:11,Fail,,Knives stored in between equipment/ Discontinue and store properly.,90   Tremont ST,Boston,2109,157247,42.35745,-71.0607,2015
Nino's Pizza,,INDICIANI NINO TS,INDICIANI,NINO,18937,2012-01-09 11:20:45,2020-12-31 23:59:00,Active,FT,Eating & Drinking w/ Take Out,HE_Fail,2017-03-13 10:52:29,16-4-301.12,*,Three Compartment Sink,2017-03-13 10:52:29,Fail,,No drainboard at 3 bay sink to allow for proper ware washing,79   Charles ST,Boston,2114,29192,42.35838,-71.07042,2017
NIXON & PEABODY,,EOP - 100 SUMMER ST LLC,NIXON & PEABODY ATT: LAUR,A BARTEAUX,23087,2012-02-13 13:47:21,2018-12-31 23:59:00,Inactive,FS,Eating & Drinking,HE_Filed,2018-06-13 10:41:55,37-6-501.11-.12,*,Improper Maintenance of Walls/Ceilings,2018-06-13 10:41:55,Fail,,Replace stained ceiling tiles on ceiling of hallway where food is stored,100   Summer ST,Boston,2110,155609,42.35356,-71.05736,2018
NO NAME,,CONTOS NICK,CONTOS,NICK,18970,2011-12-08 10:33:49,2019-12-31 23:59:00,Inactive,FS,Eating & Drinking,HE_Fail,2016-10-14 12:31:03,02-3-602.11-.12/3-302.12,*,Food Container Labels,2016-10-14 12:31:03,Fail,,Label all bulk food containers - label any and all clear plastic spray bottles to properly identify the contents,15  Boston Fish Pier ,Boston,2210,157302,42.348585,-71.039261,2016
No. 9 Park LLC,,BROWN MARITZA TRSTS,NO. 9 PARK,L L C,20839,2012-02-13 13:39:08,2020-12-31 23:59:00,Active,FS,Eating & Drinking,HE_Fail,2016-09-28 16:48:16,08-3-305-307.11,*,Food Protection,2016-09-28 16:48:16,Fail,,Dry food goods being stored under what appears to be a waste drain in basement. Relocate.,9   Park ST,Boston,2108,107195,42.35762,-71.06279,2016
NOODLE STREET RESTAURANT,,,TANAKRIT CHANPREECHAKUL, ,23155,2012-01-24 11:15:08,2020-12-31 23:59:00,Active,FS,Eating & Drinking,HE_Fail,2015-03-05 14:24:03,14-4-202.11,*,Food Contact Surfaces Design,2015-03-05 14:24:03,Fail,,Knifes stored soiled on the magnetic knife holder. Clean and sanitize properly.  Cutting board at the cooking line heavily scored. Repair or replace.,627  Commonwealth AVE,Boston,2215,41174,42.34978,-71.10161,2015
Noon Mediterranean Grill,,,Rivera,Mark,311704,2017-08-11 08:48:19,2018-12-31 23:59:00,Inactive,FS,Eating & Drinking,HE_Filed,2017-12-05 11:12:52,02-3-602.11-.12/3-302.12,*,Food Container Labels,2017-12-05 11:12:52,Fail,,Several squueze bottles containing dressings with no labels. Provide.,262  Washington ST,Boston,2108,341600,42.357712,-71.057835,2017
NORTH STREET GRILLE & CAFE,,DUMALAC JOHN MICHAEL JR,NEEL SCHMOLL, ,20342,2012-01-25 15:15:02,2020-12-31 23:59:00,Active,FS,Eating & Drinking,HE_Fail,2016-10-26 10:01:10,03-3-501.16(A),***,Cold Holding,2016-10-26 10:01:10,Fail,,Cut canteloupe and honeydew melon 48F.  Stored on top of other containers in the top reach in unit / Discussed the need for the cut fruit to be placed directly in the top reach in holders / Fruit was disposed of as establishment was nearing end of breakfast and lunch service / Provide proper cold holding temperatures.,229   North ST,Boston,2113,103562,42.36339,-71.05252,2016
NORTHEASTERN UNIV. RYDER HALL,,  ,Chartwells,Timothy Cooney,20098,2011-12-13 12:32:50,2020-12-31 23:59:00,Active,FS,Eating & Drinking,HE_Fail,2015-10-27 13:56:45,03-3-501.16(A),***,Cold Holding,2015-10-27 13:56:45,Fail,,Tuna on serviceline and in refrigeration bbelow serviceline 51F  prepared 3 hours earlier per PIC. Ensure products are cooled and held at 41F or below. Removed by PIC at time of inspection  placed in shallow pans and placed in walkin.,11   Leon ST,Boston,2115,340856,42.33662,-71.09091,2015
Northeastern University/Cafe Crossing,,,Northeastern University/Chartwells, ,33011,2011-12-13 12:25:44,2020-12-31 23:59:00,Active,FS,Eating & Drinking,HE_Fail,2016-01-26 12:25:19,03-3-501.16(A),***,Cold Holding,2016-01-26 12:25:19,Fail,,guacamole 46 degrees/provide proper temperature of 41 degrees or below,1175  Tremont ST,Boston,2120,160935,42.334987,-71.089493,2016
Nourish Your Soul,,PARCEL 7 PROPERTY LLC,Cabana,Susan,117870,2014-02-13 11:22:52,2016-12-31 23:59:00,Inactive,FT,Eating & Drinking w/ Take Out,HE_Fail,2015-04-14 11:43:12,17-4-302.14,*,Test Kit Provided,2015-04-14 11:43:12,Fail,,Provide a test kit for measuring the sanitizer at the 3 bay sink.,15   Channel Center ST,Boston,2127,28851,42.345668,-71.05112,2015
Nunzio's Pizzeria,,KESARIS STATHIS(STEVE),On To The Next L L C, ,76004,2012-03-09 12:01:28,2017-12-31 23:59:00,Inactive,FT,Eating & Drinking w/ Take Out,HE_Fail,2015-01-02 14:02:41,01-3-602.11 B2,***,Labeling of Ingredients,2015-01-02 14:02:41,Fail,,Brownies in grab and go without labels / Properly label all grab and go items.,195   State ST,Boston,2110,157503,42.359176,-71.052618,2015
O YA RESTAURANT,,HADAYA LOUIS S TS,Cushman,Nancy,25259,2012-01-05 11:05:55,2020-12-31 23:59:00,Active,FS,Eating & Drinking,HE_Fail,2015-03-04 08:31:50,22-4-601/602.11,**,Food Contact Surfaces Clean,2015-03-04 08:31:50,Fail,,interior of ice machine with mold-like build up  clean to remove,9   East ST,Boston,2111,50799,42.35135,-71.05694,2015
ODB LIQUORS,,HAHANG TRAN  PRES.,HAHANG TRAN PRES., ,24362,2011-12-12 11:21:58,2018-12-31 23:59:00,Inactive,RF,Retail Food,HE_Fail,2015-02-23 13:39:05,23-4-602.13,*,Non-Food Contact Surfaces Clean,2015-02-23 13:39:05,Fail,,clean all shelves through-out counter area and behind retail area and basement area,732   Huntington AVE,Boston,2115,156923,42.333738,-71.10525,2015
Ogawa Coffee,,TRACY HOLLANDER 7-ELEVEN,Ogawa Coffee USA Inc.,Takako Oji,133955,2015-05-14 08:40:45,2020-12-31 23:59:00,Active,FT,Eating & Drinking w/ Take Out,HE_Fail,2017-02-17 11:39:48,02-3-602.11-.12/3-302.12,*,Food Container Labels,2017-02-17 11:39:48,Fail,,Several sauce contianers with no labels. Provide.,10   Milk ST,Boston,2108,157351,42.356891,-71.057958,2017
OMNI PARKER HOUSE,,,OMNI BOSTON CORPORATION, ,18954,2012-01-12 16:14:35,2020-12-31 23:59:00,Active,FS,Eating & Drinking,HE_Fail,2015-04-21 12:20:36,29-5-201/02.11,*,Installed and Maintained,2015-04-21 12:20:36,Fail,,Hand sink faucet with leak / Repair.,56   School ST,Boston,2108,158012,42.357778,-71.060109,2015
O'Saraceno,,FEDERAL INVESTMENTS INC,PEZZANO,FRANK,18569,2011-12-13 11:43:30,2020-12-31 23:59:00,Active,FS,Eating & Drinking,HE_Fail,2015-06-10 13:00:53,01-3-203.12,**,Tags & Records,2015-06-10 13:00:53,Fail,,Keep tags on site - not at another location,284   Hanover ST,Boston,2113,69085,42.36397,-71.05454,2015
Our House,,LEVINS PATRICIA A TRSTS,GAINSBORO RESTURANT INC., ,18555,2011-12-19 14:04:26,2017-12-31 23:59:00,Inactive,FS,Eating & Drinking,HE_Fail,2015-11-17 10:36:50,03-3-501.16(A),***,Cold Holding,2015-11-17 10:36:50,Fail,,Multiple products in refrigerator above 41F. Macaroni and cheese 46F  White Rice 47F. Discarded at time of inspection by PIC. Ensure products are held at 41F or below,54  Gainsborough ST,Boston,2115,61852,42.34177,-71.08728,2015
PAD THAI CAFE,,SATAHHURAKSA MONTANA,MONTANA SATAYAHURAKSA, ,21688,2011-12-19 12:25:29,2017-12-31 23:59:00,Inactive,FS,Eating & Drinking,HE_Fail,2015-05-14 11:20:48,03-3-501.16(A),***,Cold Holding,2015-05-14 11:20:48,Fail,,Fried eggs prepared previous day and wrapped in plastic 58F. Removed and discarded by PIC. Ensure properly cooling and cold holding at 41F or below,1116   Boylston ST,Boston,2115,157188,42.34677,-71.088788,2015
Pagliuca's Restaurant,,PAGLIUCA GIUSEPPE,PAGLIUCA,ANGELA,18731,2012-02-13 14:55:56,2020-12-31 23:59:00,Active,FS,Eating & Drinking,HE_Fail,2015-04-08 14:05:31,21-3-304.14,*,Wiping Cloths  Clean  Sanitize,2015-04-08 14:05:31,Fail,,Set up as discussed,14  Parmenter ST,Boston,2113,108266,42.36375,-71.05496,2015
Palm  Restaurant  (1 International Place),,RUGGERI,Palm Management Corp., ,80063,2013-05-17 13:56:37,2020-12-31 23:59:00,Active,FS,Eating & Drinking,HE_Fail,2016-06-01 12:07:49,04-3-501.15/4-301.11,*,Inadequate Facilities/Cooling Methods,2016-06-01 12:07:49,Fail,,Cooked chicken in metal pan at 85F sitting on ice cooling. Discontinue and ensure proper cooling methods are in place.,90  Oliver ST,Boston,2110,156963,42.35635,-71.051804,2016
Panera Bread,,,Panera Bread L L C, ,87131,2014-03-04 08:52:21,2015-12-31 23:59:00,Inactive,FS,Eating & Drinking,HE_Fail,2015-09-29 08:35:50,29-5-201/02.11,*,Installed and Maintained,2015-09-29 08:35:50,Fail,,heating an AC vents leaking into salad prep area thru ceiling tiles  reapir,1  Union ST,Boston,2109,155717,42.36066,-71.056626,2015
Panera Bread,,,PR Restaurant LLC, ,159472,2016-06-03 09:30:02,2020-12-31 23:59:00,Active,FS,Eating & Drinking,HE_Fail,2016-10-12 14:15:42,03-3-501.16(A),***,Cold Holding,2016-10-12 14:15:42,Fail,,Cut tomatoes  51Â°F,115   Stuart ST,Boston,2116,156115,42.351377,-71.065481,2016
Panera Bread No.  1636,,CENTER PLAZA ASSOC MASS LPS,Panera L L C, ,78451,2013-01-24 10:48:41,2019-12-31 23:59:00,Inactive,FS,Eating & Drinking,HE_Fail,2015-01-14 11:16:23,41-7-201/04.11,***,Separation/Sanitizer Criteria,2015-01-14 11:16:23,Fail,,Sanitizer at low temperature machine @ 200+ppm of Chlorine  Repair. Eco lab has been called to repair machine and manager will call upon completion. Utilizing 3 bay sink for all equipment. Quats sanitizer @ 200ppm OK.,3  Center Pz,Boston,2108,154961,42.35918,-71.06004,2015
Panera Bread No. 1415,,BURGER KING CORP. 4454,Panera L L C, ,74672,2012-01-31 13:38:11,2015-12-31 23:59:00,Inactive,FS,Eating & Drinking,HE_Fail,2015-03-05 10:51:30,12-2-301.12-.15,***,Adequate Handwashing/Where/When/How,2015-03-05 10:51:30,Fail,,Multiple handsinks with no soap available- Provide and ensure employees are properly washing hands,289   Huntington AVE,Boston,2115,156440,42.341768,-71.086701,2015
Panza,,,JOSEPH DINNERELLO PRES., ,20137,2012-02-15 09:04:18,2020-12-31 23:59:00,Active,FS,Eating & Drinking,HE_Fail,2016-11-09 09:22:29,03-3-501.16(A),***,Cold Holding,2016-11-09 09:22:29,Fail,,Garlic in oil mixture sitting out at 64F / Provide proper cold holding temperatures.  Mixture was voluntarily disposed of due to being out of temperature for an undetermined amount of time.,326   Hanover ST,Boston,2113,155910,42.364668,-71.05383,2016
Papa Razzi,,,B.B.R.G. Operating Inc., ,73750,2012-02-13 14:53:55,2015-12-31 23:59:00,Inactive,FS,Eating & Drinking,HE_Fail,2015-05-15 13:23:55,02-3-602.11-.12/3-302.12,*,Food Container Labels,2015-05-15 13:23:55,Fail,,Bulk food storage bin without label.Maintain proper labels on all bulk storage containers.,157   Newbury ST,Boston,2116,101356,42.35089,-71.07854,2015
Papagayo,,,Max and Dylans City Sq. Inc., ,30905,2012-02-15 08:54:30,2020-12-31 23:59:00,Active,FS,Eating & Drinking,HE_Fail,2017-01-26 12:20:43,35-6-501.111/.115,**,Insects  Rodents  Animals,2017-01-26 12:20:43,Fail,,Roaches found in prep area near water heater  clean to remove,15   West ST,Boston,2111,156014,42.354739,-71.06211,2017
Papagayo,,BOSTON WHARF CO GPS,Brad Dalbeck Pres., ,74335,2012-01-08 14:59:29,2017-12-31 23:59:00,Inactive,FS,Eating & Drinking,HE_Fail,2017-08-02 14:08:26,02-3-602.11-.12/3-302.12,*,Food Container Labels,2017-08-02 14:08:26,Fail,,Identify as discussed,281   Summer ST,Boston,2210,131994,42.34984,-71.05006,2017
PARADISE,,HARRIS MAE TS,DECLAN MEHIGAN PRES., ,21693,2011-12-16 13:56:56,2020-12-31 23:59:00,Active,FS,Eating & Drinking,HE_Fail,2015-10-08 17:27:24,15-4-202.16,*,Non-Food Contact Surfaces,2015-10-08 17:27:24,Fail,,Provide a divider between hand sink and ice at front bar area as discussed.,963  Commonwealth AVE,Boston,2215,41312,42.35194,-71.11926,2015
PARAMOUNT,,,MICHAEL G. CONLON JR., ,20157,2012-01-06 14:41:42,2020-12-31 23:59:00,Active,FS,Eating & Drinking,HE_Fail,2016-02-24 14:15:00,02-3-602.11-.12/3-302.12,*,Food Container Labels,2016-02-24 14:15:00,Fail,,Bulk food containers not labeled,44   Charles ST,Boston,2114,158202,42.35724,-71.070269,2016
Parish Cafe,,KAHN ABBOTT N TRSTS,WILCOX,GORDON,19504,2011-12-07 14:35:36,2020-12-31 23:59:00,Active,FS,Eating & Drinking,HE_Fail,2015-01-15 14:32:29,03-3-501.14,***,Cooling,2015-01-15 14:32:29,Fail,,Chicken wings  prepared at around 11:00 registered 92F. PIC voluntarily discarded them. Cool properly.,359   Boylston ST,Boston,2116,18311,42.35193,-71.07166,2015
Park Street Express,,  ,Volker,Karl,134139,2014-11-19 11:12:32,2020-12-31 23:59:00,Active,RF,Retail Food,HE_Fail,2018-06-15 12:51:51,36-6-201.11,*,Floors Designed Constructed Installed,2018-06-15 12:51:51,Fail,,clean floor throughout back storage area. Raemove heavy buildup of trash and debris.,0   Tremont ST,Boston,2108,136756,42.35829,-71.059846,2018
Parkside Cafe 1,,FLIK INTERNATIONAL CORP.,FLIK INTERNATIONAL CORP., ,20647,2012-02-08 18:09:42,2018-12-31 23:59:00,Inactive,FS,Eating & Drinking,HE_Filed,2016-05-25 13:30:25,15-4-202.16,*,Non-Food Contact Surfaces,2016-05-25 13:30:25,Fail,,Gasket around the single door upright refrigerator near the dish machine torn and damaged. Replace.,1   Post Office SQ,Boston,2109,158388,42.356797,-71.054981,2016
PARLA,,TWO-THIRTY HANOVER ST CP,KHALED MOHEYDEEN, ,20280,2011-12-09 11:36:30,2020-12-31 23:59:00,Active,FS,Eating & Drinking,HE_Fail,2015-10-01 17:48:40,05-4-302.12,*,Food Thermometers Provided,2015-10-01 17:48:40,Fail,,Provide a working food thermometer,230  Hanover ST,Boston,2113,69065,42.363343,-71.055353,2015
Party City No. 6070,,DRUKER RONALD M TS,Party City Corp., ,121788,2013-10-30 08:11:46,2016-12-31 23:59:00,Inactive,RF,Retail Food,HE_Fail,2015-09-02 13:22:46,29-5-201/02.11,*,Installed and Maintained,2015-09-02 13:22:46,Fail,,One of the sinks at the Women's Restroom without proper  hot water pressure and leaking. Repair.,352   Boylston ST,Boston,2116,18308,42.3515,-71.07133,2015
Pasta Beach,,DAVID A. WILLIAMS THE BOSTON GONDOLA,Pasta Beach L L C, ,67788,2011-12-17 20:23:36,2020-12-31 23:59:00,Active,FS,Eating & Drinking,HE_Fail,2015-03-30 14:19:22,03-3-501.16(A),***,Cold Holding,2015-03-30 14:19:22,Fail,,Eggplant at 55F / Provide proper cold holding temperature.,30  Rowes WHF,Boston,2110,156152,42.356587,-71.05038,2015
Paul,,SODEXHO INC. C/O MELLON F INANCIAL,Paul One Boston Place LLC,Attn: Ty Sales,126346,2015-05-14 08:37:46,2018-12-31 23:59:00,Inactive,FS,Eating & Drinking,HE_Fail,2015-04-27 10:28:38,15-4-202.16,*,Non-Food Contact Surfaces,2015-04-27 10:28:38,Fail,,Ovens not installed in the proper location - relocate to the second floor as discussed,201   Washington ST,Boston,2108,156952,42.358621,-71.058261,2015
Pauli's,,SIXTY FIVE SALEM ST CONDO TR,Pace Management Corp Inc., ,74064,2011-12-28 09:28:56,2020-12-31 23:59:00,Active,FT,Eating & Drinking w/ Take Out,HE_Fail,2015-03-20 12:55:03,05-4-302.12,*,Food Thermometers Provided,2015-03-20 12:55:03,Fail,,Provide,65   Salem ST,Boston,2113,121915,42.36327,-71.0559,2015
Pavement Coffee House,,KELLEHER JOHN F JR TS,LAWRENCE MARGULIES PRESIDENT, ,24479,2012-02-21 14:39:34,2020-12-31 23:59:00,Active,FS,Eating & Drinking,HE_Fail,2015-12-07 10:35:16,M-2-103.11,***,PIC Performing Duties,2015-12-07 10:35:16,Fail,,No Allergy warning on menu board.PIC corrected at the time of inspection.,286   Newbury ST,Boston,2115,101520,42.34886,-71.0844,2015
Pavement Coffeehouse,,LAWRENCE MARGULIES  PRES IDENT,LAWRENCE MARGULIES PRESIDENT, ,24478,2012-02-10 08:51:18,2020-12-31 23:59:00,Active,FS,Eating & Drinking,HE_Fail,2015-09-02 09:21:59,03-3-501.16(A),***,Cold Holding,2015-09-02 09:21:59,Fail,,Multiple products in under counter refrigeration 44F-45F. Yogurt 45F  Milk 44F. Ensure products are maintained at 41F or below. Products in unit for less than 2 hours. Remove and placed in alternative refrigeration,44   Gainsborough ST,Boston,2115,157067,42.341632,-71.08698,2015
Pavement Coffeehouse,,YETMAN KENNETH C TS,MARGULIES,LAWRENCE,34773,2012-04-10 11:30:57,2020-12-31 23:59:00,Active,FS,Eating & Drinking,HE_Fail,2015-05-06 11:05:45,21-3-304.14,*,Wiping Cloths  Clean  Sanitize,2015-05-06 11:05:45,Fail,,Multiple soiled wet wiping cloths not in sanitizer solution- Discontinue Sanitizer solution for equipment with heavy food soils- Clean with proper frequency,1096   Boylston ST,Boston,2215,17993,42.346864,-71.088419,2015
Pavia,,STELLAR RESTAURANT GROUP  INC.,Water Street Deli LLC,Lauriene O. DaSilva,73872,2011-12-21 08:58:09,2020-12-31 23:59:00,Active,FT,Eating & Drinking w/ Take Out,HE_Fail,2016-01-25 10:19:43,02-3-602.11-.12/3-302.12,*,Food Container Labels,2016-01-25 10:19:43,Fail,,Sauce containers with no labels. Provide.,82   Water ST,Boston,2109,157541,42.357708,-71.05628,2016
PEACH FARM RESTAURANT,,WONG WUN SUN ASSOC INC,MUI LING LEUNG PRES., ,19983,2012-02-15 11:03:29,2020-12-31 23:59:00,Active,FS,Eating & Drinking,HE_Fail,2018-01-23 08:48:41,15-4-202.16,*,Non-Food Contact Surfaces,2018-01-23 08:48:41,Fail,,Cardboard on shelving   remove to allow a smooth cleanable  durable surface,4   Tyler ST,Boston,2111,138819,42.35115,-71.0604,2018
Peet's Coffee & Tea,,  ,PEET'S OPERATING CO. INC., ,117274,2014-04-09 09:01:40,2020-12-31 23:59:00,Active,FT,Eating & Drinking w/ Take Out,HE_Fail,2016-09-14 14:18:21,03-3-501.16(A),***,Cold Holding,2016-09-14 14:18:21,Fail,,Bacon egg and cheese/sausage with elevated temperatures of 50-55F. Discontinue and ensure all potentially hazardous foods are being maintained at below 41F.,129  Tremont ST,Boston,2108,170408,42.356217,-71.061937,2016
Peet's Coffee & Tea,,HENNESSEY NANCY L TS,Business Licenses LLC, ,113991,2014-02-19 10:43:38,2020-12-31 23:59:00,Active,FT,Eating & Drinking w/ Take Out,HE_Fail,2016-05-20 13:00:31,M-2-103.11,***,PIC Performing Duties,2016-05-20 13:00:31,Fail,,No allergen poster posted in employee work area.,795   Boylston ST,Boston,2116,18400,42.349217,-71.081684,2016
Peet's Coffee & Tea,,RUGGERIO JOSEPH S,Peet's Operating Company Inc.,Att: Accounts Payable,148351,2015-12-21 09:35:12,2018-12-31 23:59:00,Inactive,FS,Eating & Drinking,HE_Fail,2016-02-17 14:31:15,17-4-302.14,*,Test Kit Provided,2016-02-17 14:31:15,Fail,,Provide test kits for both the 3 bay sink and the dish machine,48   Salem ST,Boston,2113,121881,42.36316,-71.05631,2016
Peet's Coffee & Tea,,SOUTHLAND CORPORATION,Rizzo,Jim,139304,2015-03-13 09:58:16,2019-12-31 23:59:00,Inactive,FT,Eating & Drinking w/ Take Out,HE_Fail,2016-04-06 15:21:44,32-6-301.11-02.11,*,Hand Cleaner  Drying  Tissue Signage,2016-04-06 15:21:44,Fail,,No signage reminding employees to wash hands before returning to work.,62   Charles ST,Boston,2108,29169,42.357627,-71.070407,2016
Pellinos Ristorante,,KARLL DARIA B,Franco L L C, ,78422,2012-03-23 13:33:49,2020-12-31 23:59:00,Active,FS,Eating & Drinking,HE_Fail,2015-04-24 12:47:44,05-4-302.12,*,Food Thermometers Provided,2015-04-24 12:47:44,Fail,,Replace missing thermometer,2   Prince ST,Boston,2113,112876,42.36403,-71.05363,2015
PENNYPACKERS,,,Pennypackers Fine Food Inc.,Att: Accounts Payable,367152,2018-07-02 08:09:45,2018-12-31 23:59:00,Inactive,FT,Eating & Drinking w/ Take Out,HE_Filed,2018-08-31 11:59:19,23-4-602.13,*,Non-Food Contact Surfaces Clean,2018-08-31 11:59:19,Fail,,Soils and buildup of grease along cookline and in between equipment and  deep fryer area. Clean to remove,8  Whittier PL,Boston,2114,157409,42.365437,-71.068189,2018
Peregrine,,MASS CHARITABLE EYE & EAR,RREF II 170 Charles LLC,Att: Accounts Payable,372938,2019-07-03 11:30:33,2020-12-31 23:59:00,Active,FS,Eating & Drinking,HE_Fail,2019-09-16 11:45:30,590.004/4-302.14-PF,**,Sanitizing Solutions  Testing Devices (Pf),2019-09-16 11:45:30,Fail,,Provide Quats test kit on site. (Quats test done with inspectors test kit),170  Charles St,Boston,2114,29138,42.36061,-71.07144,2019
PHO AND I  INC.,,NAPAT SRIWANNAVIT  PRES.,NAPAT SRIWANNAVIT PRES., ,24402,2011-12-07 14:58:21,2020-12-31 23:59:00,Active,FS,Eating & Drinking,HE_Fail,2015-01-12 11:28:28,03-3-501.16(A),***,Cold Holding,2015-01-12 11:28:28,Fail,,Multiple foods in small flip top refrigerator at temperatures of 43F- 46F. Ensure cold holding at 41F or below.,267   Huntington AVE,Boston,2115,157103,42.342206,-71.086199,2015
Piadina Cafe,,WFP 75 STATE STREET CO LP,PC Boston One LLC,*,120118,2014-03-12 08:55:59,2018-12-31 23:59:00,Inactive,FT,Eating & Drinking w/ Take Out,HE_Fail,2015-01-09 13:30:55,02-3-602.11-.12/3-302.12,*,Food Container Labels,2015-01-09 13:30:55,Fail,,Provide labels to bulk food bin,75  State ST,Boston,2109,130428,42.35863,-71.05534,2015
Piattini,,CHATAL ASSOCS LPS,JOSEPHINE OLIVIERO MEGWA, ,21713,2012-01-10 12:52:50,2020-12-31 23:59:00,Active,FS,Eating & Drinking,HE_Fail,2015-05-27 12:20:45,02-3-602.11-.12/3-302.12,*,Food Container Labels,2015-05-27 12:20:45,Fail,,Bulk storage flour bin missing label.Provide,226   Newbury ST,Boston,2116,101443,42.34971,-71.08124,2015
Pinkberry,,KELLEHER JOHN F JR TS,N E Frog Pond L L C, ,73671,2012-02-08 16:27:15,2017-12-31 23:59:00,Inactive,FT,Eating & Drinking w/ Take Out,HE_Fail,2015-08-04 14:29:31,36-6-501.11-.12,*,Improper Maintenance of Floors,2015-08-04 14:29:31,Fail,,Observed several broken floor tiles in front of and around ice machine area.Repair,288   Newbury ST,Boston,2115,101522,42.34884,-71.08449,2015
Pinkberry,,TWO 83-285 HANOVER ST,Lonian,Anderson,140708,2015-03-11 09:31:37,2016-12-31 23:59:00,Inactive,FT,Eating & Drinking w/ Take Out,HE_Fail,2015-04-21 10:37:24,36-6-501.11-.12,*,Improper Maintenance of Floors,2015-04-21 10:37:24,Fail,,Pooling water in basement in back storage area  clean to remove,283  Hanover ST,Boston,2113,69080,42.36363,-71.05441,2015
Piperi Restaurant,,PRUDENTIAL INSURANCE CO TS,Piperi Restaurants L L C, ,80872,2013-04-25 15:15:41,2019-12-31 23:59:00,Inactive,FT,Eating & Drinking w/ Take Out,HE_Fail,2015-01-15 11:34:46,23-4-602.13,*,Non-Food Contact Surfaces Clean,2015-01-15 11:34:46,Fail,,shelf under grill with debris and grease build up  clean to remove,1   Beacon ST,Boston,2108,9475,42.35845,-71.06084,2015
Pita (RAA Eatery),,CSTONE-BOSTON INC,Ouassaidi,Radouan,151170,2015-10-23 13:23:20,2015-12-31 23:59:00,Inactive,FT,Eating & Drinking w/ Take Out,HE_Fail,2015-08-27 10:37:10,35-6-501.111/.115,**,Insects  Rodents  Animals,2015-08-27 10:37:10,Fail,,2 live roaches noted on the ceiling / Paramount provides weekly extermination services for restaurant / Restaurant is part of a large office building  provide pest control reports for the building upon compliance.,125  Summer ST,Boston,2111,131981,42.353033,-71.057556,2015
Pita Thyme,,  ,Louma Khoury Pres, ,81048,2013-01-24 10:58:00,2020-12-31 23:59:00,Active,FT,Eating & Drinking w/ Take Out,HE_Fail,2017-06-21 13:24:31,03-3-501.16(A),***,Cold Holding,2017-06-21 13:24:31,Fail,,Salad greens in pastic containers with an elevated temperature of 54F. Discontinue and ensure all potentially hazardous foods are being maintianed at below 41F. Feta cheese inside of the Spartan unit at 48F.,112   Water ST,Boston,2109,332905,42.35819,-71.05486,2017
Pizzeria Regina,,  ,Ocean Inc.,Peter Salas CEO,25769,2012-02-09 14:52:01,2020-12-31 23:59:00,Active,FS,Eating & Drinking,HE_Fail,2015-05-01 11:10:07,15-4-202.16,*,Non-Food Contact Surfaces,2015-05-01 11:10:07,Fail,,Re-grout the hand sink in the woman's room - sink is starting to seperate,11H   Thacher ST,Boston,2113,170324,42.365446,-71.0569,2015
Playa Bowls,PB Husky  LLC,  ,Lam,Hung,410606,2019-12-18 08:57:46,2020-12-31 23:59:00,Active,FS,Eating & Drinking,HE_Fail,2020-06-10 13:37:59,590.002/2-501.11-PF,**,Clean-up of Vomiting and Diarrheal Events (Pf),2020-06-10 13:37:59,Fail,,Provide vomit/diarrhea clean up kit on site.,277   Huntington AVE,Boston,2115,255002,42.34205,-71.08639,2020
Poke Bar & Kitchen,,  ,Pokeman Inc.,Rong Gao,379262,2018-11-15 07:44:26,2020-12-31 23:59:00,Active,FS,Eating & Drinking,HE_Fail,2019-01-24 09:34:33,06-3-501.13,*,PHF's Properly Thawed,2019-01-24 09:34:33,Fail,,Observed multiple products on back counter in various stages of defrosting- Defrost foods properly,309   Huntington AVE,Boston,2115,166407,42.341186,-71.087647,2019
Poke Bento,,EIGHT 27 BOYLSTON ST BOSTON,Wang,Benjamin,312614,2017-10-17 08:14:05,2018-12-31 23:59:00,Inactive,FS,Eating & Drinking,HE_Fail,2017-09-22 08:25:16,02-3-602.11-.12/3-302.12,*,Food Container Labels,2017-09-22 08:25:16,Fail,,Bottles used at service line with no labels- Provide,827   Boylston ST,Boston,2116,18410,42.34897,-71.08257,2017
Popeyes,,BOSTON KENMORE CONDO TR,Pavikn,Amish,152984,2015-11-23 12:51:01,2019-12-31 23:59:00,Inactive,FT,Eating & Drinking w/ Take Out,HE_Closure,2018-02-21 11:52:25,03-3-501.16(A),***,Cold Holding,2018-02-21 11:52:25,Fail,,Pecan pie 60F cole slaw 50-60F for 60 min per PIC.Maintain cold holding 41F or below. PIC to remove items to alternate unit to cool/hold 41F or below.,645   Beacon ST,Boston,2215,12067,42.34834,-71.0977,2018
Popover King,,RANELLI LOUIS A,Coco Cabuquit,John Love,360852,2019-03-14 09:35:04,2020-12-31 23:59:00,Active,FS,Eating & Drinking,HE_Fail,2020-01-30 12:13:25,590.002/2-103.11-PF,**,(O) Person in Charge-Duties (Pf),2020-01-30 12:13:25,Fail,,PIC not monorting handwashing  payment of permit.general maintance and cleaning  pest control.,74  Canal ST,Boston,2114,25424,42.3638,-71.05966,2020
PORTERS BAR & GRILL,,WISE JOHN B,SCOTT NOGUEIRA, ,21355,2012-01-26 14:39:38,2020-12-31 23:59:00,Active,FS,Eating & Drinking,HE_Fail,2015-04-01 13:11:11,37-6-501.11-.12,*,Improper Maintenance of Walls/Ceilings,2015-04-01 13:11:11,Fail,,1. Hood sticker expired 2-28-15  ensure hood cleaned by licensed hood cleaning company. 2. Hood with carbon and grease buiold up  clean to remove 3. Wall near trash barrel and hand sink with soils  clean to remove,173   Portland ST,Boston,2114,112323,42.364374,-71.061546,2015
Porto,,AVALON BAY BFG LPS,GRIFFING,SEAN,160374,2016-07-12 08:04:18,2020-12-31 23:59:00,Active,FS,Eating & Drinking,HE_Fail,2016-07-01 12:45:40,15-4-202.16,*,Non-Food Contact Surfaces,2016-07-01 12:45:40,Fail,,Provide proper barriers at handsink located next to raw bar.,780  Boylston St,Boston,2199,18397,42.348135,-71.080855,2016
Potbelly Sandwich Shop (275 Washington St.),,,Charlie Talbot, ,78517,2012-09-05 14:44:05,2020-12-31 23:59:00,Active,FS,Eating & Drinking,HE_Fail,2019-03-18 10:43:40,15-4-202.16,*,Non-Food Contact Surfaces,2019-03-18 10:43:40,Fail,,RAemove heavy ice buildup from ice cream freezer.,275   Washington ST,Boston,2108,157049,42.357825,-71.058248,2019
Potluck Cafe,,CHU CHUNG S TS,Chun Zheng, ,26197,2011-12-02 11:58:20,2020-12-31 23:59:00,Active,FS,Eating & Drinking,HE_Fail,2016-02-01 11:03:24,01-3-602.11 B2,***,Labeling of Ingredients,2016-02-01 11:03:24,Fail,,products in self service cold unit without labels and ingredients  supply,7   Knapp ST,Boston,2111,82296,42.35117,-71.06197,2016
Pressed,,FINE PHIL D TRSTS,David Clendenin/Ashley Gleeson, ,127832,2015-03-16 09:12:08,2018-12-31 23:59:00,Inactive,FT,Eating & Drinking w/ Take Out,HE_Pass,2016-10-28 15:01:05,05-4-302.12,*,Food Thermometers Provided,2016-10-28 15:01:05,Pass,2016-10-31 15:07:21,"Provide 5"" metal stem thermometer",120   Charles ST,Boston,2114,29078,42.35922,-71.07094,2016
Pret A Manger,,,Pret A Manger,Attn: Finance,80798,2012-11-15 08:03:26,2020-12-31 23:59:00,Inactive,FT,Eating & Drinking w/ Take Out,HE_Fail,2015-03-16 14:27:06,03-3-501.16(A),***,Cold Holding,2015-03-16 14:27:06,Fail,,Cold Holding-Falafel 45F  Sweet Chilli Sauce 46F. Unit 40F. Maintain at 41F or below.,501   Boylston ST,Boston,2116,162443,42.351285,-71.07467,2015
Pret A Manger,,ONE 76 HOLDINGS LLC,Pret A Manger,Attn: Finance,127174,2014-09-08 12:04:17,2020-12-31 23:59:00,Active,FT,Eating & Drinking w/ Take Out,HE_Fail,2015-10-01 13:57:29,35-6-501.111/.115,**,Insects  Rodents  Animals,2015-10-01 13:57:29,Fail,,5+ small and large flies noted in the basement prep area / Steritech provides monthly extermination services.  Last known visit 7/29/15.  Contact pest control.,265   Purchase ST,Boston,2110,113564,42.353493,-71.055829,2015
Pret A Manger,,STATE HOUSE LLC,Pret A Manger,Attn: Finance,129264,2014-11-19 11:05:31,2018-12-31 23:59:00,Inactive,FS,Eating & Drinking,HE_Fail,2016-09-07 10:15:17,23-4-602.13,*,Non-Food Contact Surfaces Clean,2016-09-07 10:15:17,Fail,,Lower shelf of the upright Hoshizaki freezer in the main service area with excess ice build-up. Defrost to remove.,1   State ST,Boston,2108,130353,42.358456,-71.057646,2016
PREZZA,,DELLO-RUSSO ROBERT,Canturano,ANTHONY,21384,2012-01-05 21:58:25,2020-12-31 23:59:00,Active,FS,Eating & Drinking,HE_Filed,2015-09-29 16:47:35,15-4-202.16,*,Non-Food Contact Surfaces,2015-09-29 16:47:35,Fail,,Replace matts on the kitchen floor by the back door,24   Fleet ST,Boston,2113,58634,42.36467,-71.05276,2015
PRIMO'S RESTAURANT,,POULADIAN YAGHOOB B TS,SOHAN L. SAINI, ,21579,2011-12-22 13:43:20,2020-12-31 23:59:00,Active,FS,Eating & Drinking,HE_Fail,2015-03-17 11:26:48,03-3-501.16(A),***,Cold Holding,2015-03-17 11:26:48,Fail,,The under counter Unit at the serving line-Mortadella 46F  Genoa Salami 45F. Unit 39F. Maintain at 41F or below.,28   Myrtle ST,Boston,2114,99693,42.35922,-71.06557,2015
PROVINCE PLACE,,LAGBASSA SALVATORE,LAGBASSA,SALVATORE,19276,2012-02-14 14:15:36,2020-12-31 23:59:00,Active,FT,Eating & Drinking w/ Take Out,HE_Fail,2016-05-26 10:19:14,04-3-501.15/4-301.11,*,Inadequate Facilities/Cooling Methods,2016-05-26 10:19:14,Fail,,Sliced tomatoes inside of the deli cooler with an elevated temperature. Management stated that the tomatoes were sliced from earlier in the morning (approximately an 1.5 earlier). Discontinue and ensure all potentially hazardous foods are being maintained at below 41F prior to being placed out for service.,44  Province ST,Boston,2108,155800,42.356871,-71.059919,2016
Prow/Max Cafe @Emerson,,EMERSON COLLEGE,Bon Appetit,ATTN: Licensing,364821,2018-06-22 15:49:33,2020-12-31 23:59:00,Active,FS,Eating & Drinking,HE_Filed,2018-06-22 11:41:27,38-6-303.11,*,Inadequate Lighting,2018-06-22 11:41:27,Fail,,Light bulb out at cook line.Replace,150   Boylston ST,Boston,2116,18104,42.352266,-71.066497,2018
Puro,,LAWLESS JAMES C TS,A & C Newbury Street L L C, ,28822,2012-02-24 13:47:10,2020-12-31 23:59:00,Active,FT,Eating & Drinking w/ Take Out,HE_Fail,2015-05-28 10:47:53,03-3-501.14,***,Cooling,2015-05-28 10:47:53,Fail,,Bolognese sauce in deep plastic containers in 2 door refrigerator 55F for less than 4 hours. Ensure proper cooling methods are used for cooling of all foods. Removed by PIC and placed in shallow metal containers and placed in refrigeration.,264   Newbury ST,Boston,2116,101477,42.3492,-71.08312,2015
PUSHCART CAFE,,,R & T PARTNERSHIP, ,20022,2011-12-07 12:52:27,2019-12-31 23:59:00,Inactive,FS,Eating & Drinking,HE_Fail,2015-03-13 11:08:07,15-4-202.16,*,Non-Food Contact Surfaces,2015-03-13 11:08:07,Fail,,Repair door seal to reach in refrigerator.,117   Salem ST,Boston,2113,157417,42.364427,-71.055371,2015
Qdoba Mexican Eats No. 2207,,CHAIR 5 RESTAURANTS LLC,Qdoba Mexican Grill #,Attn: Restaurant Accounting,75515,2012-01-05 13:57:51,2020-12-31 23:59:00,Active,FT,Eating & Drinking w/ Take Out,HE_Fail,2015-03-23 15:30:43,03-3-501.16,***,Hot Holding,2015-03-23 15:30:43,Fail,,Brown rice 132F  White rice 129F Must maintain foods hot held at 140F or above. Removed by PIC and reheated to 163F,393   Huntington AVE,Boston,2115,157313,42.339776,-71.090882,2015
Qdoba Mexican Eats No. 2592,,PIZZUTI DONATO F TS,Qdoba Mexican Grill #,Attn: Restaurant Accounting,32975,2012-02-14 12:39:14,2020-12-31 23:59:00,Active,FT,Eating & Drinking w/ Take Out,HE_Fail,2016-01-25 13:54:51,13-2-304/402.11,*,Clean Cloths  Hair Restraint,2016-01-25 13:54:51,Fail,,At the time of inspection observed employee preparing food for customers without proper hair restraint. Took corrective action and wore hat.,101   Causeway ST,Boston,2114,26496,42.36486,-71.06185,2016
Quality Mart,,  ,Quality Mart Inc.,Aymen J. Rajeh,78588,2013-02-27 09:34:48,2016-12-31 23:59:00,Inactive,FT,Eating & Drinking w/ Take Out,HE_Fail,2015-05-22 11:20:05,01-3-101/701.11,***,Spoilage Unsafe Food,2015-05-22 11:20:05,Fail,,Sliced Cucumber has visibly spoiled. Provide wholesome food,21   Massachusetts AVE,Boston,2115,167468,42.350608,-71.089638,2015
QUATTRO RISTORANTE  GRILL & PIZZERIA,,DIPASQULI FRANK,DEPASQUALE,FRANK,20550,2012-01-05 14:53:31,2020-12-31 23:59:00,Active,FS,Eating & Drinking,HE_Fail,2015-06-24 11:39:05,08-3-302.11/3-304.11,***,Separation  Segregation Cross Contamination,2015-06-24 11:39:05,Fail,,RAW SHELL FISH STORED IN WITH BONELESS WHITE FISH - SEA SCALLOPS - TUNA - SWORDFISH     DO NOT COMINGUL SEAFOOD STORE SEPERATE AS DISCUSSED,264   Hanover ST,Boston,2113,155960,42.363585,-71.054861,2015
Quic Pic BBQ,,LEE KIM JOE TRSTS,Kuang President,Benny,128996,2014-06-17 14:53:31,2020-12-31 23:59:00,Active,FT,Eating & Drinking w/ Take Out,HE_Pass,2015-04-02 11:24:14,15-4-202.16,*,Non-Food Contact Surfaces,2015-04-02 11:24:14,Pass,2015-04-03 08:26:20,Defrost interior of chest type freezer,50   Beach ST,Boston,2111,9392,42.35154,-71.06073,2015
R. DEL GARDIO GIFT SHOP,,RALPH DEL GARDIO,RALPH,DEL GARDIO,21902,2012-04-03 09:43:43,2018-12-31 23:59:00,Inactive,RF,Retail Food,HE_Fail,2015-05-08 07:55:45,17-4-204.112/.115,*,Equipment Thermometers,2015-05-08 07:55:45,Fail,,Provide a equipment thermometerfor the only refrigeration unit,17   North SQ,Boston,2113,157928,42.363762,-71.053688,2015
Rabia's Dolce Fumo,,  ,Dolce Fumo Restaurant Group,Kim  Fontaine,432379,2020-10-21 14:50:00,2020-12-31 23:59:00,Active,FS,Eating & Drinking,HE_Fail,2020-07-08 04:51:28,590.002(B)/2-102.11-PF,**,(A)  (B) and (C)(1)  (4)-(16) Demonstration (Pf),2020-07-08 04:51:28,Fail,,8-301.11 Current ownwer operating without vaild permit. Report to 1010Mass Ave tomorrow morning 4th fl Health Division.,71   Salem ST,Boston,2113,169394,42.363371,-71.055799,2020
RABIA'S RESTAURANT,,GIUFFRE FRANK A ETAL,AHMAD HAYEK, ,19867,2012-01-09 15:28:30,2020-12-31 23:59:00,Inactive,FS,Eating & Drinking,HE_Fail,2015-03-17 13:13:35,05-4-302.12,*,Food Thermometers Provided,2015-03-17 13:13:35,Fail,,Broken food thermometer -replace,73   Salem ST,Boston,2113,121925,42.363427,-71.055787,2015
Raising Cane's,,BOSTON UNIVERSITY TRSTS OF,Trustees of Boston University,Director of Safety & Sanitation,33611,2011-12-23 13:17:38,2020-12-31 23:59:00,Active,FS,Eating & Drinking,HE_Fail,2015-06-03 11:30:50,35-6-501.111/.115,**,Insects  Rodents  Animals,2015-06-03 11:30:50,Fail,,Multiple small black flies observed in basement prep/warewashing area and upstairs prep area- Provide updated pest control report to Health Department,949   Commonwealth AVE,Boston,2215,41309,42.351888,-71.118709,2015
RAY'S TOBACCO,,FIFTY-FIVE COURT LLC,Gaurav Khosla, ,74948,2011-12-09 11:11:22,2018-12-31 23:59:00,Inactive,RF,Retail Food,HE_Filed,2016-05-04 11:00:05,36-6-501.11-.12,*,Improper Maintenance of Floors,2016-05-04 11:00:05,Fail,,Broken tiles on floor behind sales counter. Replace.,25   Court ST,Boston,2108,43808,42.35919,-71.05877,2016
Rebecca's Cafe,,ARCH ST TOWER LLC,REBECCA'S CAFE INC., ,37307,2012-01-05 14:23:56,2016-12-31 23:59:00,Inactive,FT,Eating & Drinking w/ Take Out,HE_Fail,2015-05-05 14:20:12,03-3-501.16,***,Hot Holding,2015-05-05 14:20:12,Fail,,Steak 117F   Chicken tenders 103F / Provide proper hot holding temperatures.,33   Arch ST,Boston,2110,4547,42.3562,-71.05804,2015
Rebecca's Cafe,,ROSEMARY JORDANO  PRES. CHILDREN FIRST  INC.,Rebecca's Cafe Inc.,Michael McAdam  C E O,33944,2012-01-05 14:25:02,2020-12-31 23:59:00,Inactive,FS,Eating & Drinking,HE_Fail,2018-11-21 09:27:24,03-3-501.16,***,Hot Holding,2018-11-21 09:27:24,Fail,,1) Eggplant hot held @ 115f-125f  ensure proper hot hold of 140f or above  2) Meatballs & Sausages hot held @ 112f-125f  ensure proper hot hold fo 140f or above,1  Financial Ct,Boston,2111,155875,42.352467,-71.056269,2018
Rebel's Guild,,JPA IV MGMT COMPANY INC TS,NKOTB Lessee LLC,Attn: Accounts Payable,138612,2015-02-06 09:35:44,2020-12-31 23:59:00,Active,FS,Eating & Drinking,HE_Fail,2015-11-03 12:58:21,17-4-204.112/.115,*,Equipment Thermometers,2015-11-03 12:58:21,Fail,,Provide working internal thermometer for walk in refrigeration unit.,196   Stuart ST,Boston,2116,131640,42.35053,-71.06757,2015
Red Hat Cafe,,SCHIFINO GRACE,S N P Restaurant Group,L L C,26373,2011-12-08 11:46:42,2020-12-31 23:59:00,Active,FS,Eating & Drinking,HE_Fail,2016-02-03 13:42:24,04-3-501.15/4-301.11,*,Inadequate Facilities/Cooling Methods,2016-02-03 13:42:24,Fail,,Chicken wings boiled and cooled night prior per line cook being portioned for frying with temperature of 54F. PIC volluntarilly discarded of 10LBs of chicken wings on site.,9   Bowdoin ST,Boston,2114,17618,42.36102,-71.06319,2016
Red Lantern,,STUART CLARENDON ASSOCS,Big Night Boston 1 L L C, ,74550,2012-02-13 13:53:53,2020-12-31 23:59:00,Active,FS,Eating & Drinking,HE_Fail,2015-09-29 16:15:41,03-3-501.16,***,Hot Holding,2015-09-29 16:15:41,Fail,,chicken/beef skewer 112 degrees/provide proper hot holding at 140 degrees or above,39   Stanhope ST,Boston,2116,130168,42.348486,-71.07334,2015
Red White,,PROVIDENCE DEVELOPMENT GROUP,Red White LLC,Nao Rouhana,374146,2019-04-05 07:59:06,2019-12-31 23:59:00,Active,FT,Eating & Drinking w/ Take Out,HE_Fail,2020-10-30 14:06:13,590.002(C)/2-102.12-C,*,(A) Certified Food Protection Manager (C),2020-10-30 14:06:13,Fail,,No current Alllergen Awareness Certificate. Provide.,294   Newbury ST,Boston,2115,101529,42.348776,-71.084719,2020
Renaissance Hotel (Club Lounge),,MASS PORT AUTHORITY,Marriott International Inc., ,123162,2014-01-07 10:57:23,2020-12-31 23:59:00,Active,FS,Eating & Drinking,HE_Fail,2017-06-06 13:45:28,08-3-305-307.11,*,Food Protection,2017-06-06 13:45:28,Fail,,Cover all baked goods ( cookies ) when out for self service,606  Congress St,Boston,2210,42120,42.348192,-71.03913,2017
Residence Inn by Marriott,,,Norwich Partners of Boston LLC,Attn: Manager,91293,2013-06-20 10:17:41,2018-12-31 23:59:00,Inactive,FS,Eating & Drinking,HE_Fail,2018-11-20 10:53:33,M-2-103.11,***,PIC Performing Duties,2018-11-20 10:53:33,Fail,,Establishment operating under license from former owner. Provide current health permit under current owner @ 1010 Massachusetts Avenue 4th floor by next business day. Issued paper next day closure notice to the on site PIC.,364   Congress ST,Boston,2210,42112,42.35022,-71.04786,2018
Residence Inn Fenway - Boston,,  ,Bam Hotel L L C, ,78341,2013-07-09 09:47:27,2020-12-31 23:59:00,Active,FS,Eating & Drinking,HE_Fail,2016-07-20 11:07:40,17-4-204.112/.115,*,Equipment Thermometers,2016-07-20 11:07:40,Fail,,Repair wash cycle temperature gauge to the high temp under counter hobart dish machine.,121   Brookline AV,Boston,2215,172842,42.345729,-71.100303,2016
RESTAURANT CLIO,,ELIOT HOTEL ASSOCIATES,ULLIAN,ARTHUR D.,20558,2012-01-13 12:19:39,2016-12-31 23:59:00,Inactive,FS,Eating & Drinking,HE_Fail,2015-04-01 14:46:28,08-3-305-307.11,*,Food Protection,2015-04-01 14:46:28,Fail,,Some food containers and a bag of clean linens stored on the floor. Elevate 6 inches or above.,370   Commonwealth AVE,Boston,2215,40432,42.34859,-71.08869,2015
Revolution Health Kitchen,,  ,Costa,Dominic & Heather,130942,2015-06-10 08:36:38,2020-12-31 23:59:00,Active,FT,Eating & Drinking w/ Take Out,HE_Fail,2015-03-02 10:57:42,17-4-204.112/.115,*,Equipment Thermometers,2015-03-02 10:57:42,Fail,,high temp/repair rinse gauge,150  Huntington AVE,Boston,2115,340095,42.34491,-71.08179,2015
Rhetts West,Trustees of Boston University,,Trustees of Boston University,Director of Safety & Sanitation,32862,2012-02-06 08:23:07,2019-12-31 23:59:00,Inactive,FS,Eating & Drinking,HE_Fail,2015-02-17 08:37:38,03-3-501.16(A),***,Cold Holding,2015-02-17 08:37:38,Fail,,Steak cooked and placed in lift top sandwich unit at 119F- Ensure properly cooling foods to 41F or below. Removed by PIC and placed in refrigeration to cool.,275   Babcock ST,Boston,2215,158177,42.352916,-71.12052,2015
RICCARDO'S RISTORANTE,,TRAAGLIONE RICHARD M TS,RICHARD TRAVAGLIONE, ,19888,2011-12-17 21:16:51,2020-12-31 23:59:00,Active,FS,Eating & Drinking,HE_Fail,2015-05-08 14:01:08,01-3-202.18,**,Shellstock ID,2015-05-08 14:01:08,Fail,,Keep tags in order as discussed during inspection - keep on site for a minimum of 90 days,175   North ST,Boston,2113,103529,42.36318,-71.05376,2015
Rice Bowl,,M B H ASSOCIATES LPS,Mon Chin Pres., ,32475,2011-12-08 13:51:18,2017-12-31 23:59:00,Inactive,FS,Eating & Drinking,HE_Fail,2015-04-03 14:51:02,10-3-304.12,*,Food Utensil Storage,2015-04-03 14:51:02,Fail,,Knives stored in between equipment- Discontinue and store properly,2   Hemenway ST,Boston,2115,72724,42.346566,-71.089039,2015
Richdale Food Shops 110/City Conveince,,  ,Khan,Barznab,343284,2017-08-16 09:47:10,2020-12-31 23:59:00,Active,RF,Retail Food,HE_Fail,2018-04-09 10:26:31,17-4-204.112/.115,*,Equipment Thermometers,2018-04-09 10:26:31,Fail,,display cases/provide accurate internal thermometers to register 41 degrees or below,345   Columbus AVE,Boston,2116,163600,42.346266,-71.076261,2018
Rigoletto,,ONE15 SALEM ST CONDO TR,Salem Group Inc., ,90242,2013-04-03 09:50:15,2020-12-31 23:59:00,Active,FS,Eating & Drinking,HE_Fail,2016-06-07 13:25:23,17-4-302.14,*,Test Kit Provided,2016-06-07 13:25:23,Fail,,Provide test kits for quaternary ammonia,115   Salem ST,Boston,2113,121701,42.364414,-71.055372,2016
Rina's,,DIPPOLITO MARIA,Nick & Michele Varano, ,127238,2015-05-06 10:33:08,2020-12-31 23:59:00,Active,FT,Eating & Drinking w/ Take Out,HE_Fail,2015-10-01 13:36:54,03-3-501.16,***,Hot Holding,2015-10-01 13:36:54,Fail,,Several hot holding foods out of temperature - lasagna 120F - stuffed shells 120F Re-heat to 165F and maintain at 140F of above,371   Hanover ST,Boston,2113,69124,42.36488,-71.05315,2015
RISTORANTE EUNO,,REGNETTA LEIZE,RISTORANTE,EUNO,20538,2012-02-13 14:19:04,2020-12-31 23:59:00,Active,FS,Eating & Drinking,HE_Fail,2015-04-02 13:52:14,42-6-501.113/.114,*,Premises Maintained,2015-04-02 13:52:14,Fail,,Keep soiled mop elevated off the floor during storage or when it is not in use -  store inside the bucket,119   Salem ST,Boston,2113,121721,42.364531,-71.055371,2015
RISTORANTE LUCIA,,FRATTAROLI FILIPPO TS,FRATTAROLI,DONATO,24179,2012-01-17 16:49:10,2016-12-31 23:59:00,Inactive,FS,Eating & Drinking,HE_Filed,2015-05-19 11:52:00,16-4-301.12,*,Three Compartment Sink,2015-05-19 11:52:00,Fail,,Missing plugs for the three bay sink -  replace where needed,415   Hanover ST,Boston,2113,69138,42.36558,-71.05272,2015
Ristorante Toscano Inc.,,MARKS ROBERT A,RISTORANTE TUSCANO INC, ,18300,2012-01-10 11:14:54,2020-12-31 23:59:00,Active,FS,Eating & Drinking,HE_Fail,2015-06-01 11:52:05,10-3-304.12,*,Food Utensil Storage,2015-06-01 11:52:05,Fail,,Knifes stored on a soiled towel. Store on a clean and sanitized surface.,41   Charles ST,Boston,2114,29158,42.357406,-71.069855,2015
RITZ-CARLTON BOSTON COMMON,,MPE HOTEL I BOSTON COMMONS,HOTEL CO. LLC,RITZ-CARLTON,21833,2012-02-13 14:18:01,2020-12-31 23:59:00,Active,FS,Eating & Drinking,HE_Fail,2016-05-05 11:52:30,03-3-501.16(A),***,Cold Holding,2016-05-05 11:52:30,Fail,,Pulled pork @ 50f  Pork au Jus @ 58f  Ensure proper cold hold of 41f or below. Chef to ensure proper cooling methods. Chef discarded 10 gallons of Pork Au jus and 8-10pds of pulled pork at time of inspection.,10   Avery ST,Boston,2111,7013,42.353086,-71.063336,2016
RIVERSIDE CAFE-LEV1,,,MGH NUTRITION & FOOD SERVICE, ,23568,2012-02-23 13:08:05,2020-12-31 23:59:00,Active,FS,Eating & Drinking,HE_Fail,2018-04-19 13:18:17,03-3-501.16,***,Hot Holding,2018-04-19 13:18:17,Fail,,Salmon 115F to 130F  PIC voluntarily dicarded out of temperature food. All hot holding must maintain 140F or above.,32  Fruit ST,Boston,2114,158296,42.362202,-71.068988,2018
Roast Beast of Boston,,,Michelle Lawton, ,68449,2012-01-18 17:07:38,2019-12-31 23:59:00,Inactive,FS,Eating & Drinking,HE_Pass,2016-10-03 14:11:04,15-4-202.16,*,Non-Food Contact Surfaces,2016-10-03 14:11:04,Pass,2016-10-04 08:42:49,repair hand sink in the kitchen. Secure sink to the walll.,1082   Commonwealth AVE,Boston,2134,36989,42.35168,-71.12366,2016
Rocco's Cucina & Bar,,ZAGARELLA ANTONETTA,ROCCO ZAGARELA, ,21999,2012-01-18 16:20:15,2020-12-31 23:59:00,Active,FS,Eating & Drinking,HE_Fail,2015-05-26 11:34:25,01-3-201.11,***,Approved Source,2015-05-26 11:34:25,Fail,,Some foods have been purchases from non-wholesale companies [ Market Basket ] 	Only purchased foods from a licensed wholesaler as discussed,450   Commercial ST,Boston,2109,36762,42.36732,-71.05335,2015
Rooftop @ Revere Hotel,,JPA 1 MANAGEMENT COMPANY INC.,NKOTB Lessee LLC,Attn: Accounts Payable,146976,2015-08-28 15:41:40,2020-12-31 23:59:00,Active,FS,Eating & Drinking,HE_Fail,2015-07-23 11:49:30,37-6-201.11,*,Walls/Ceilings Designed Constructed Installed,2015-07-23 11:49:30,Fail,,Overhead protection of bar area missing.Provide proper protection.,200   Stuart ST,Boston,2116,155726,42.350534,-71.06757,2015
Row 34,,CFS SEAPORT LLC,Virginica L L C, ,90328,2013-11-29 09:43:39,2020-12-31 23:59:00,Active,FS,Eating & Drinking,HE_Fail,2015-10-14 11:57:29,08-3-302.11/3-304.11,***,Separation  Segregation Cross Contamination,2015-10-14 11:57:29,Fail,,Dry oysters (not stored in ice)  from different batches and species are stored in self draining bins on top of one another / Discontinue and properly separate all batches and species so that there is no chance of drainage into one another to eliminate risk of cross-contamination.,381   Congress ST,Boston,2110,42115,42.349586,-71.047643,2015
Royale,,BOSTON BALLROOM CORP LOU DELIPIDIO,BOSTON BALLROOM CORP, ,19264,2012-02-13 14:16:53,2020-12-31 23:59:00,Active,FS,Eating & Drinking,HE_FailExt,2018-11-01 08:52:46,21-3-304.14,*,Wiping Cloths  Clean  Sanitize,2018-11-01 08:52:46,Pass,2018-11-02 09:00:50,Sponge at 2 bay sink - Kitchen/prep,279  Tremont ST,Boston,2116,155798,42.34995,-71.065539,2018
RUCKUS NOODLES,,  ,Moy,Brian,130835,2017-06-02 09:38:16,2020-12-31 23:59:00,Active,FS,Eating & Drinking,HE_Fail,2018-03-20 09:01:47,31-5-204/05.11,***,Location  Accessible,2018-03-20 09:01:47,Fail,,Hand sink blocked by equipment  remove to allow access to properly wash hands,5   Tyler ST,Boston,2111,340774,42.351122,-71.060955,2018
Ruggles Pizza and Cafe,,,Yotel LLC,Brook Yohannes,137384,2016-03-10 09:32:08,2020-12-31 23:59:00,Active,FT,Eating & Drinking w/ Take Out,HE_Fail,2016-03-04 11:53:57,17-4-204.112/.115,*,Equipment Thermometers,2016-03-04 11:53:57,Fail,,provide internal thermometer to register 41 degrees or below at front display case,249  Ruggles ST,Boston,2115,119460,42.33743,-71.08798,2016
Ruth Mulan Chu Chao Center,,  ,Restaurant Associates,Todd Mulder  GM,130633,2016-05-05 09:31:58,2020-12-31 23:59:00,Active,FS,Eating & Drinking,HE_Fail,2018-10-24 13:07:13,03-3-501.16,***,Hot Holding,2018-10-24 13:07:13,Fail,,Chicken 120F sliced beef 109F Duck leg  115f Salmon  125F for 30 min per PIC.maintain hot holding 140F or above. PIC removed to re-heat/hold at proper temp,49  Harvard WAY,Boston,2163,341114,42.366649,-71.119992,2018
Ruth's Chris Steak House,,BOSTON REDEVELOPMENT AUTH,Ruth's Chris Steak House,Licensing & Compliance,24055,2012-02-13 14:14:30,2020-12-31 23:59:00,Active,FS,Eating & Drinking,HE_Fail,2016-09-07 11:31:39,04-3-501.15/4-301.11,*,Inadequate Facilities/Cooling Methods,2016-09-07 11:31:39,Fail,,Cooked eggs inside of the salad preparation cooler with an elevated temperature of 55F. Discontinue and ensure proper cooling methods are in place. Eggs were removed at the time of the inspection.,45   School ST,Boston,2108,123779,42.35811,-71.05933,2016
Sa Pa,,FORTY THREE KINGSTON ST,Ky Nguyen, ,81199,2013-02-26 08:39:45,2020-12-31 23:59:00,Active,FS,Eating & Drinking,HE_Fail,2016-06-03 13:34:14,29-5-201/02.11,*,Installed and Maintained,2016-06-03 13:34:14,Fail,,hot water is intermittent at establishment  repair,43  Kingston ST,Boston,2111,82025,42.35345,-71.05947,2016
Saladworks,,EIGHTEEN TREMONT HOLDINGS,Lai,Tien-tien,130380,2015-03-13 13:22:48,2016-12-31 23:59:00,Inactive,FT,Eating & Drinking w/ Take Out,HE_Fail,2015-03-09 10:47:53,17-4-302.14,*,Test Kit Provided,2015-03-09 10:47:53,Fail,,No test kits on site for low temp machine / Provide.,18  Tremont ST,Boston,2108,137451,42.35873,-71.05948,2015
Salem Market,,FUSCO CHARLES G TS,Bilodariya Pres.,RJ,168648,2017-03-28 10:35:41,2020-12-31 23:59:00,Active,RF,Retail Food,HE_Fail,2018-01-03 12:29:45,08-3-302.11/3-304.11,***,Separation  Segregation Cross Contamination,2018-01-03 12:29:45,Fail,,There are foods in the refrigerator that are past the sell by date and expiration dates.  Remove all expired food products.,170   Salem ST,Boston,2113,121814,42.36623,-71.05497,2018
Saloniki,,WABAN-132 LLC,Greek Modern Kitchen LLC,Eric Papachristos  CEO,155271,2016-03-07 13:55:53,2020-12-31 23:59:00,Active,FS,Eating & Drinking,HE_Fail,2016-07-28 09:44:16,03-3-501.16,***,Hot Holding,2016-07-28 09:44:16,Fail,,Lamb meatball 124 F - (PIC removed food product from service),132  Brookline AVE,Boston,2215,22084,42.34516,-71.10041,2016
Sals Lunch,,ARENIELLO LUIGI ETAL,LUIGI ARENIELLO, ,18606,2012-02-24 10:54:15,2020-12-31 23:59:00,Active,FS,Eating & Drinking,HE_Fail,2015-03-25 10:49:48,01-3-201.11,***,Approved Source,2015-03-25 10:49:48,Fail,,Some foods being purchased fro Market Basket - discontinue [ licensed wholesalers only ],31   Thacher ST,Boston,2113,134649,42.36536,-71.05793,2015
SAL'S PIZZA,,,Lupoli,Sal,135357,2015-04-16 09:54:45,2020-12-31 23:59:00,Active,FT,Eating & Drinking w/ Take Out,HE_Fail,2015-12-28 11:18:50,03-3-501.16,***,Hot Holding,2015-12-28 11:18:50,Fail,,They are keeping logs and discarding pizza after four hours but the manger is not sure of they have a variance for time as a public health control.  The bbq chicken pizza is 110F and the sausage pepperoni is 78F.  Provide proper hot holding of 140F or above or apply for a variance for time as a public health control.,51   Brookline AVE,Boston,2215,22106,42.347328,-71.098676,2015
Sal's Pizza/Bakery,,,S J P Inc., ,67640,2012-02-14 12:27:44,2020-12-31 23:59:00,Active,FT,Eating & Drinking w/ Take Out,HE_Fail,2015-12-21 11:19:07,03-3-501.16(A),***,Cold Holding,2015-12-21 11:19:07,Fail,,Multiple products in lift top sandwich unit above 41F. Salads 50F  Cheese 49F. REmoved at time of inspection and placed in walkin (39F),150   Tremont ST,Boston,2111,155980,42.354798,-71.063101,2015
Saltie Girl,,,Met LLC,Carl Goldberg  Tres.,201186,2016-08-26 15:13:08,2020-12-31 23:59:00,Active,FS,Eating & Drinking,HE_Fail,2016-08-12 11:31:06,31-5-203.11,***,Number  Convenient,2016-08-12 11:31:06,Fail,,Provide additional handwash sink at front bar area.Handwash Sink will be reviewed at ISD office.PIC will be notified.,277  Dartmouth ST,Boston,2116,158145,42.35112,-71.07758,2016
Salty Pig,,SHERRY BERGER FIREFLY AN AMERICAN BISTR,Trivr Inc., ,75013,2012-03-01 09:53:39,2020-12-31 23:59:00,Active,FS,Eating & Drinking,HE_Fail,2016-01-11 12:21:53,17-4-204.112/.115,*,Equipment Thermometers,2016-01-11 12:21:53,Fail,,Wash/Rinse guage not operating.Repair.maintain was/rinse temp minimum 120/120F or per maufactures instructions.,130   Dartmouth ST,Boston,2116,158249,42.346779,-71.0761,2016
SALUMERIA ITALIANA,,MARTIGNETTI WANDA M,MARTIGNETTI,GUY,18710,2012-06-18 11:12:53,2020-12-31 23:59:00,Active,RF,Retail Food,HE_Fail,2015-11-04 11:32:58,03-3-501.16(A),***,Cold Holding,2015-11-04 11:32:58,Fail,,cheeses out at room temperature for an undetermined amount of time,151   Richmond ST,Boston,2109,115752,42.36352,-71.05437,2015
Sams,,,Debra Greenberg, ,67430,2011-12-27 11:22:30,2015-12-31 23:59:00,Inactive,FS,Eating & Drinking,HE_Filed,2015-08-18 12:12:57,21-3-304.14,*,Wiping Cloths  Clean  Sanitize,2015-08-18 12:12:57,Fail,,Keep all in use wiping cloths in a sanitizing solution when not in use.,28   Northern AV,Boston,2210,103894,42.352802,-71.044535,2015
Santouka,,ENGEL LUCY,Plenty USA Inc.,Jun Yoneda,160691,2016-10-19 09:08:08,2020-12-31 23:59:00,Active,FS,Eating & Drinking,HE_Fail,2016-06-24 12:56:05,20-4-703.11,***,Food Contact Surfaces Clean,2016-06-24 12:56:05,Fail,,High temp dish machine not maintaining 180 F -  All ware washing will be performed in 3 bay sink in ware washing area (using quats sanitizer at 3 bay sink),66   Hereford ST,Boston,2115,73018,42.34846,-71.08534,2016
Sarafina,,,Greenberg,Seth,337786,2019-01-31 15:40:20,2020-12-31 23:59:00,Active,FS,Eating & Drinking,HE_Fail,2020-09-03 13:42:16,590.002(C)/2-102.12-C,*,(A) Certified Food Protection Manager (C),2020-09-03 13:42:16,Fail,,No CFPM or Allergen Certificate posted. Provide.,237   Newbury ST,Boston,2116,157460,42.349901,-71.082039,2020
Sate Grill,,TSNE NON PROFIT CENTER LLC,Smart Gourmet L L C, ,85009,2013-05-17 10:28:37,2020-12-31 23:59:00,Active,FT,Eating & Drinking w/ Take Out,HE_Fail,2016-10-03 11:27:19,03-3-501.16,***,Hot Holding,2016-10-03 11:27:19,Fail,,Curry Chicken @ 125f  Rice @ 120f  Beef @ 133f in steam table  Ensure proepr hot hold of 140f or above ( foods in steam table reheated to 145f-160f at time of inspection).,89   South ST,Boston,2111,155646,42.35192,-71.05795,2016
Saus Boston,,DE NORMANDIE PHILIP Y,Kropinicki,Tanya R.,68342,2012-01-03 10:19:08,2020-12-31 23:59:00,Active,FS,Eating & Drinking,HE_Fail,2015-04-17 13:06:17,02-3-602.11-.12/3-302.12,*,Food Container Labels,2015-04-17 13:06:17,Fail,,Label all bulk food containers to identify the product,31   Union ST,Boston,2108,139291,42.36117,-71.05678,2015
Savenor's Market,,,SAVENOR,RONALD,19539,2012-01-09 15:21:35,2020-12-31 23:59:00,Active,RF,Retail Food,HE_Fail,2015-06-17 12:20:53,01-3-602.11 B2,***,Labeling of Ingredients,2015-06-17 12:20:53,Fail,,Fresh fruit cups and packaged soups not labeled properly.Provide proper labels with all ingrediants and allergen information.,160   Charles ST,Boston,2114,155831,42.360371,-71.07104,2015
Savory Food Truck No.  3 (P-33-235),,  ,Enterprises Management Co.  L L C, ,77583,2011-12-07 13:42:34,2020-12-31 23:59:00,Active,MFW,Mobile Food Walk On,HE_Fail,2015-08-27 14:14:48,03-3-501.16(A),***,Cold Holding,2015-08-27 14:14:48,Fail,,Cut cabbage  83F  cut -up broccoli 77F cooked at commissary  then placed on ice in truck. All cold holding must be at 41F or below. digarded by PIC,0   Blossom ST,Boston,2114,16059,42.362741,-71.066147,2015
Savvor Restaurant & Lounge,,CRAWFORD BUILDING LPS,Firmin,Francois,125501,2014-04-03 10:51:52,2020-12-31 23:59:00,Active,FS,Eating & Drinking,HE_Fail,2016-10-13 19:21:47,03-3-501.16(A),***,Cold Holding,2016-10-13 19:21:47,Fail,,Salmon @ 46f  ensure proper cold hold of 41f or below,174   Lincoln ST,Boston,2111,86078,42.350585,-71.058431,2016
Scali Deli Cafe,,,Chehwan,Mary,25982,2012-02-21 13:52:22,2020-12-31 23:59:00,Active,FT,Eating & Drinking w/ Take Out,HE_Fail,2015-04-06 13:37:43,03-3-501.16(A),***,Cold Holding,2015-04-06 13:37:43,Fail,,Tuna 55F  / Provide proper cold holding temperatures.,147   Pearl ST,Boston,2110,158265,42.35457,-71.053679,2015
Scampo,,MASSACHUSETTS GENERAL HOSP,c/o Lyons Group, ,28926,2011-12-13 10:14:02,2020-12-31 23:59:00,Active,FS,Eating & Drinking,HE_Fail,2016-06-03 13:01:51,12-3--301.11,***,Prevention of Contamination from Hands,2016-06-03 13:01:51,Fail,,Observed Bar tender dispesning fruit for drinks with bare hands. Discontinue. PIC took immediate corrective action and supplied gloves for dispensing fruit garnishes at bar. Too order utensils.,215   Charles ST,Boston,2114,29141,42.361968,-71.070175,2016
Scholars Restaurant,,FLATLEY THOMAS J,Leinster Group, ,75200,2012-01-13 10:12:02,2020-12-31 23:59:00,Active,FS,Eating & Drinking,HE_Fail,2015-03-25 13:50:21,15-4-202.16,*,Non-Food Contact Surfaces,2015-03-25 13:50:21,Fail,,Grease trap is rusted / Repaint,23   School ST,Boston,2108,123777,42.3577,-71.05896,2015
SCOLA'S CAFE,,AMB FUND III,Phan Le L L C, ,129367,2014-09-11 13:41:45,2020-12-31 23:59:00,Active,FS,Eating & Drinking,HE_Fail,2015-04-17 10:51:20,08-3-305-307.11,*,Food Protection,2015-04-17 10:51:20,Fail,,clean interior of the ice machine,88  Black Falcon AVE,Boston,2210,155126,42.3439,-71.02251,2015
SCOLLAY SQUARE,,DROOKER STEVEN TRST,DALBECK,BRAD,23009,2012-02-13 14:08:50,2018-12-31 23:59:00,Inactive,FS,Eating & Drinking,HE_Fail,2015-06-24 12:31:44,03-3-501.16(A),***,Cold Holding,2015-06-24 12:31:44,Fail,,lobster @ 48f-54f  ensure proper cold hold of 41f or below (Chef discraded unsafe foods at time of inspection).,21   Beacon ST,Boston,2108,10099,42.3582,-71.06238,2015
Scoozi,,  ,JD Restaurant Group Inc.,James Deveney,67670,2011-12-13 11:59:09,2020-12-31 23:59:00,Inactive,FS,Eating & Drinking,HE_Fail,2015-03-04 11:55:56,06-3-501.13,*,PHF's Properly Thawed,2015-03-04 11:55:56,Fail,,Raw meat  thawing inside the prep sink filled with water.Water not runing. Thaw properly.,580  Commonwealth AVE,Boston,2215,340121,42.348814,-71.099357,2015
Scopa,,,Riccio,Cennaro,169485,2016-05-11 09:48:16,2020-12-31 23:59:00,Active,FS,Eating & Drinking,HE_Pass,2016-05-10 11:48:54,17-4-302.14,*,Test Kit Provided,2016-05-10 11:48:54,Pass,2016-05-11 08:22:09,Provide proper test kits for dish machines and 3 bay sink.,319   Hanover ST,Boston,2113,155821,42.364038,-71.054008,2016
Seaport Hotel,,MASS PORT AUTHORITY,SEAPORT HOTEL LIMITED PARTNERSHIP, ,20783,2012-01-05 13:53:04,2020-12-31 23:59:00,Active,FS,Eating & Drinking,HE_Fail,2015-04-29 13:50:13,08-3-305-307.11,*,Food Protection,2015-04-29 13:50:13,Fail,,keep all bulk food items in covered containers.,1  Seaport LN,Boston,2210,124057,42.349316,-71.041743,2015
Second Cup Coffee Co.,,,Patel,Smitesh N.,348190,2019-06-11 08:38:28,2020-12-31 23:59:00,Active,FT,Eating & Drinking w/ Take Out,HE_Fail,2020-02-24 11:20:08,590.002/2-501.11-PF,**,Clean-up of Vomiting and Diarrheal Events (Pf),2020-02-24 11:20:08,Fail,,No noro/virus cleaning . Provide,91   Causeway ST,Boston,2114,162912,42.364712,-71.061931,2020
Select Oyster Bar,,DERGARABEDIAN RICHARD TS,Select Oyster LLC,Michael Serpa,136059,2015-03-30 08:40:41,2020-12-31 23:59:00,Active,FS,Eating & Drinking,HE_Fail,2015-06-26 14:19:37,08-3-302.11/3-304.11,***,Separation  Segregation Cross Contamination,2015-06-26 14:19:37,Fail,,(1) Raw shell eggs stored above ready to eat product.PIC corrected during inspection.Maintain proper storage (2)Raw fish stored with ready to eat product in the top portion of the reach in unit across from the 6 burner range.PIC removed to lower refrigeration unit.Maintain proper storage,50   Gloucester ST,Boston,2115,64957,42.34862,-71.08407,2015
Seoul,,,Boryung Inc.,HeeYoung Jang,350028,2018-05-03 09:30:35,2020-12-31 23:59:00,Active,FS,Eating & Drinking,HE_Fail,2018-04-30 08:46:23,03-3-501.16(A),***,Cold Holding,2018-04-30 08:46:23,Fail,,Octupus 51F Shrimp 52F PIC stated less than one hour out of temperature . Remove place in walkin  until 41F or below . Cold holding must maintain 41F or below.,156   Cambridge ST,Boston,2114,157515,42.360978,-71.064668,2018
Seven's Ale House,,KILEY JOHN D TRST,KILEY,JOHN D,18308,2011-12-29 10:36:10,2020-12-31 23:59:00,Active,FS,Eating & Drinking,HE_Fail,2015-06-01 13:54:31,22-4-601/602.11,**,Food Contact Surfaces Clean,2015-06-01 13:54:31,Fail,,Slicer with dried up food debris. Clean and sanitize properly. Ice Machine interior soiled. Clean and sanitize properly.,77   Charles ST,Boston,2114,29190,42.35833,-71.07039,2015
Shabu-Zen,,  ,SZC LLC,Att: Accounta Payable,390469,2019-09-23 12:18:12,2020-12-31 23:59:00,Active,FS,Eating & Drinking,HE_Fail,2020-07-22 11:31:08,590.002(C)/2-102.12-C,*,(A) Certified Food Protection Manager (C),2020-07-22 11:31:08,Fail,,At the time of the inspection there was no evidence of a Food Allergen Certification. Provide.,14  Tyler St,Boston,2111,170646,42.350861,-71.060487,2020
Shojo,,,Moy,Brian,23746,2011-12-09 09:39:28,2020-12-31 23:59:00,Active,FS,Eating & Drinking,HE_TSOP,2017-12-18 16:37:43,17-4-302.14,*,Test Kit Provided,2017-12-18 16:37:43,Fail,,3 bay sink/provide proper quat test kit,11   Tyler ST,Boston,2111,157824,42.351057,-71.060789,2017
Shake Shack,,STAFFORDSHIRE LLC A MASS,Shake Shack Massachusetts LLC,ATTN: Permits & Licenses,383447,2019-12-11 09:06:37,2020-12-31 23:59:00,Active,FS,Eating & Drinking,HE_Fail,2019-10-30 11:26:31,590.006/6-201.11-C,*,Floors  Walls and Ceilings-Cleanability (C),2019-10-30 11:26:31,Fail,,Clean tops of pipes on ceiling of hallway. Remove dust buildup. In the basement storage areas  keep all supplies 6 inches off the floor.,332   Washington ST,Boston,2108,144698,42.356696,-71.058725,2019
Shaking Crab,,VENTOURIS EMILIOS TS,Chan,Susan,335940,2018-01-22 08:50:26,2020-12-31 23:59:00,Active,FS,Eating & Drinking,HE_Fail,2018-01-08 11:15:30,16-4-501.11/.15,*,Dishwashng Facilities,2018-01-08 11:15:30,Fail,,3 bay sink compartments are leaking into each other.Properly seal all compartments to provide adequate seperation of wash/rinse/sanitizer water,140   Boylston ST,Boston,2116,18101,42.35228,-71.06622,2018
Shawarma Falafel,,,Daaboul,Serge,122199,2013-12-19 11:05:11,2020-12-31 23:59:00,Active,FT,Eating & Drinking w/ Take Out,HE_Fail,2015-01-15 11:41:13,37-6-501.11-.12,*,Improper Maintenance of Walls/Ceilings,2015-01-15 11:41:13,Fail,,Hood tag expired in December 2014 / Contact hood cleaning company immediately.,26   Province ST,Boston,2108,157832,42.357172,-71.059651,2015
Shing Hong Trading  Inc.,,LAU WAI KUENG TS,Angel Q. Feng Pres., ,29179,2011-12-19 14:11:36,2020-12-31 23:59:00,Active,RF,Retail Food,HE_Fail,2016-09-20 12:26:06,01-3-602.11 B2,***,Labeling of Ingredients,2016-09-20 12:26:06,Fail,,Packaged foods on counters and shelkvinf without labels and ingredient  supply for all,66  Kneeland St,Boston,2111,82318,42.35053,-71.06053,2016
SHRINERS' HOSP. FOR CHILDREN,,SHRINERS HOSPITAL,SHRINERS' HOSPITAL FOR CHILDREN, ,20822,2012-02-13 14:04:17,2020-12-31 23:59:00,Active,FS,Eating & Drinking,HE_Fail,2015-03-26 13:17:13,03-3-501.16,***,Hot Holding,2015-03-26 13:17:13,Fail,,Chicken @ 120f  ensure proper hot holding of 140f or above,51   Blossom ST,Boston,2114,16066,42.36308,-71.06645,2015
Siam Bistro,,  ,Pat Vivatyukan, ,33534,2012-03-01 14:39:44,2020-12-31 23:59:00,Active,FT,Eating & Drinking w/ Take Out,HE_Fail,2015-05-19 13:29:20,03-3-501.16(A),***,Cold Holding,2015-05-19 13:29:20,Fail,,Cut eggplant 66F  Fried chicken 65F  Beef 55F  Raw shell eggs 60F / Provide proper cold holding temperatures.,151   Pearl ST,Boston,2110,291646,42.35453,-71.05363,2015
SILVERTONE BAR & GRILL,,,KATY K. CHILDS, ,20502,2011-12-19 12:44:45,2016-12-31 23:59:00,Inactive,FS,Eating & Drinking,HE_Fail,2015-08-20 14:20:57,17-4-302.14,*,Test Kit Provided,2015-08-20 14:20:57,Fail,,Test kits on site are for Peracitic acid / Provide proper test kits.  Ecolab has been contacted.,69   Bromfield ST,Boston,2108,155955,42.357122,-71.060928,2015
Sip Wine Bar & Kitchen,,MILLENNIUM PLACE PRIMARY,Brad Dalbeck Pres., ,79728,2012-07-05 13:27:11,2020-12-31 23:59:00,Active,FS,Eating & Drinking,HE_Fail,2018-10-19 17:29:34,14-4-202.11,*,Food Contact Surfaces Design,2018-10-19 17:29:34,Fail,,Replace scoured and stained cutting board on the salad unbit in the kitchen.,1  Avery St,Boston,2111,6879,42.353458,-71.062852,2018
Slate,,BRIGHAM'S INC.  #713 MS. COUGHLIN,Lower Middle Corp., ,77128,2012-04-26 11:25:18,2020-12-31 23:59:00,Active,FS,Eating & Drinking,HE_Fail,2015-12-03 14:19:17,10-3-304.12,*,Food Utensil Storage,2015-12-03 14:19:17,Fail,,Utensils stored in stagnant water / Discontinue and properly store.,109   High ST,Boston,2110,157372,42.354737,-71.05434,2015
SMITH & WOLLENSKY OF BOSTON,,SMITH & WOLLENSKY OF BOST ON  LLC,SMITH & WOLLENSKY OF BOSTON LLC, ,23333,2012-02-13 14:45:38,2018-12-31 23:59:00,Inactive,FS,Eating & Drinking,HE_Fail,2015-09-29 18:56:53,02-3-602.11-.12/3-302.12,*,Food Container Labels,2015-09-29 18:56:53,Fail,,Bulk storage bins missing labels.Provide proper labeling.,101   Arlington ST,Boston,2116,157513,42.34972,-71.070009,2015
Smoke Shop BBQ,,RNI CONGRESS STREET LLC,Lesser,Brian,81223,2013-03-18 13:37:39,2020-12-31 23:59:00,Active,FS,Eating & Drinking,HE_Fail,2019-08-06 10:00:55,590.006/6-501.111-PF,**,Controlling Pests (Pf),2019-08-06 10:00:55,Fail,,Flies evident in bar area. Provide updated IPM pest control report upon reinspection.,343   Congress ST,Boston,2210,42103,42.35059,-71.04938,2019
Smoothie King,,TALANIAN NEVART TS,Juice Bar I L L C, ,74837,2012-03-05 09:39:25,2017-12-31 23:59:00,Inactive,FT,Eating & Drinking w/ Take Out,HE_Fail,2015-06-02 14:20:55,15-4-202.16,*,Non-Food Contact Surfaces,2015-06-02 14:20:55,Fail,,Mop sink door is broken of the hinges.Repair,314   Newbury ST,Boston,2115,101543,42.348617,-71.085334,2015
Snappy Sushi,,,74 LTD, ,74268,2011-12-29 11:34:44,2018-12-31 23:59:00,Inactive,FS,Eating & Drinking,HE_Fail,2015-05-21 12:53:51,16-4-501.11/.15,*,Dishwashng Facilities,2015-05-21 12:53:51,Fail,,Temperature gauges registering 105F for wash/rinse.Maintain wash/rinse temperature 120/120F     Chlorine 50PPM OK,108   Newbury ST,Boston,2116,156038,42.351223,-71.075671,2015
Society On High,,,Ian Just, ,80151,2013-06-07 15:06:51,2020-12-31 23:59:00,Active,FS,Eating & Drinking,HE_Fail,2015-12-03 13:17:58,20-4-703.11,***,Food Contact Surfaces Clean,2015-12-03 13:17:58,Fail,,Low temperature glass machine sanitizer not registering / Repair / Glassware will be washed in the second machine.,99   High ST,Boston,2110,158117,42.354245,-71.05484,2015
SODEXO @STATE ST. FINANCIAL-EX. DINING,,FIRST STATES INVESTORS 228,SODEXO OPERATIONS,L L C,25019,2012-02-15 13:05:41,2020-12-31 23:59:00,Active,FS,Eating & Drinking,HE_Fail,2017-01-23 12:14:41,M-3-502.11-.12,**,Reduced Oxygen Packaging,2017-01-23 12:14:41,Fail,,Evidence of cryovacing in zip lock bags of scallops and meats  supply documentaion from supplier or discontinue process until proper variance is applied and approved,1   Lincoln ST,Boston,2111,86009,42.352886,-71.058695,2017
Sodexo FRESHII @ BIDMC,,STEVEN KRAVETZ ,SODEXO OPERATIONS,L L C,359124,2018-10-22 08:03:39,2020-12-31 23:59:00,Active,FS,Eating & Drinking,HE_Fail,2019-03-13 08:26:53,03-3-501.16(A),***,Cold Holding,2019-03-13 08:26:53,Fail,,Bagged salads dumped in hotel pans in refrigerated salad unit at 50F. Product over filled at time of inspection. Ensure product is filled to line on container and maintained at 41F or below,364   Brookline AVE,Boston,2215,158379,42.339039,-71.106419,2019
SODEXO Wheelock College Dining Room 2nd Fl.,,WHEELOCK COLLEGE,Sodexo Inc.,LIC. DEPT 866-372-3035,28929,2012-02-24 10:00:55,2020-12-31 23:59:00,Active,FS,Eating & Drinking,HE_Fail,2015-04-10 15:08:38,03-3-501.16(A),***,Cold Holding,2015-04-10 15:08:38,Fail,,Shrimp at stir fry station 55F for less than 1 hour. Removed by PIC and placed in ice bath to 39F. Ensure cold holding at 41F or below.,200   Riverway  ,Boston,2215,117006,42.34175,-71.106442,2015
Sol Azteca,,DIVAIO HENRY J TS,MAYASOL INC.,RAFAEL OSORNIO,18060,2011-12-28 12:46:12,2020-12-31 23:59:00,Active,FS,Eating & Drinking,HE_Fail,2015-10-08 16:29:47,02-3-602.11-.12/3-302.12,*,Food Container Labels,2015-10-08 16:29:47,Fail,,Replace any missing labels on bulk food containers in kitchen and prep areas.,914   Beacon ST,Boston,2215,12401,42.34666,-71.10626,2015
Somerset Club,,SOMERSET CLUB,THE SOMERSET CLUB, ,18055,2012-01-03 13:58:49,2020-12-31 23:59:00,Active,FS,Eating & Drinking,HE_Fail,2016-03-07 13:41:28,31-5-203.11,***,Number  Convenient,2016-03-07 13:41:28,Fail,,No hand sink in bakery area,42   Beacon ST,Boston,2108,11441,42.35699,-71.06671,2016
Sons of Boston,,DE NORMANDIE PHILIP Y,Sons of Boston Ventures LLC, ,369631,2018-07-20 15:52:06,2020-12-31 23:59:00,Active,FS,Eating & Drinking,HE_Fail,2019-03-26 14:24:28,21-3-304.14,*,Wiping Cloths  Clean  Sanitize,2019-03-26 14:24:28,Fail,,There was no sanitizer reading in the buckets.  Provide proper sanitizer levels (the manager manually set up the buckets because the automatic system doesn't appear to be working properly),17   Union ST,Boston,2108,139287,42.360898,-71.056708,2019
SONSIE,,,Sonsie,c/o The Lyons Group,19856,2011-12-13 10:21:24,2020-12-31 23:59:00,Active,FS,Eating & Drinking,HE_Fail,2015-05-27 12:42:39,03-3-501.16(A),***,Cold Holding,2015-05-27 12:42:39,Fail,,Anchovies in oil in flip top sandwich unit at 55F for less than 4 hours. Wrapped sandwich in drawer refrgeration 46F. Ensure products are at 41F or below before placing in service line. Removed by PIC and placed in walkin,327   Newbury ST,Boston,2115,157115,42.348792,-71.086271,2015
SORELLINA RESTAURANT,,BODYSCAPES II  LLC,SORELLINA,L L C,24296,2011-12-16 12:32:37,2020-12-31 23:59:00,Active,FS,Eating & Drinking,HE_Fail,2015-09-30 18:45:32,08-3-305-307.11,*,Food Protection,2015-09-30 18:45:32,Fail,,hot line/properly submerge all condiments in ice,1  Huntington AVE,Boston,2116,156748,42.348762,-71.077999,2015
SOUPER SALAD,,STEVEN KRAVETZ  C. F. O.,Minich,Pete,140269,2015-03-03 09:51:28,2015-12-31 23:59:00,Inactive,FT,Eating & Drinking w/ Take Out,HE_Pass,2015-04-17 12:02:08,16-4-301.12,*,Three Compartment Sink,2015-04-17 12:02:08,Pass,2015-04-22 08:01:30,Rinse bay is used as wash bay. Use three bay sink properly.,209   Berkeley ST,Boston,2116,155858,42.350717,-71.07254,2015
South St. Diner,,,SOLOMON SIDELL, ,20566,2012-01-05 10:52:56,2020-12-31 23:59:00,Active,FS,Eating & Drinking,HE_Fail,2015-11-13 11:26:22,03-3-501.16(A),***,Cold Holding,2015-11-13 11:26:22,Fail,,Shelled Eggs @ 50f  Corn beef @ 51f  Ensure proper cold hold of 41f or below,178  Kneeland St,Boston,2111,157323,42.349893,-71.057819,2015
Spagnoulos,,IAMDOLI CLOTILDE S,IANDOLI,CLOTILDE,18565,2011-12-13 13:44:21,2020-12-31 23:59:00,Active,FS,Eating & Drinking,HE_Fail,2015-03-31 12:10:03,01-3-101/701.11,***,Spoilage Unsafe Food,2015-03-31 12:10:03,Fail,,Raw poultry appears to be rotten in the walk-in - odorous smell - visible slime on product - Voluntarily Discarded during inspection,240   Hanover ST,Boston,2113,69066,42.36338,-71.05517,2015
Spicy World,,CHINAGATE HOUSING ASSOCS LPS,Huang,Fan,146585,2016-01-11 10:12:43,2020-12-31 23:59:00,Active,FS,Eating & Drinking,HE_Fail,2016-01-20 12:17:53,02-3-602.11-.12/3-302.12,*,Food Container Labels,2016-01-20 12:17:53,Fail,,bulk food containers without labels  label properly,7  Beach ST,Boston,2111,9402,42.35137,-71.06236,2016
Sports Grille,,COLANGELO KAREN,Glynn,Michael,155648,2015-10-23 13:45:29,2020-12-31 23:59:00,Active,FT,Eating & Drinking w/ Take Out,HE_Fail,2015-09-28 12:23:50,M-2-103.11,***,PIC Performing Duties,2015-09-28 12:23:50,Fail,,Establishment under New managment. New owner operating under old owners license. Management to apply for new permits.,132   Canal ST,Boston,2114,157468,42.36464,-71.060628,2015
Squeeze Juice Company,,  ,Gehrlein,Rich,167480,2016-04-04 08:27:46,2020-12-31 23:59:00,Active,FT,Eating & Drinking w/ Take Out,HE_Fail,2018-03-21 11:26:34,32-6-301.11-02.11,*,Hand Cleaner  Drying  Tissue Signage,2018-03-21 11:26:34,Fail,,Hand sink in kitchen has no hand soap and no hand soap dispenser. Provide both for this hand sink. Eamployees have been washing thier hands at the service area. Provide splash gaurds for the hand sinks at the service area and discontinue storing food at and around the hand sink. Provide paper towels for the hand sink at the service area.,53   State ST,Boston,2109,314209,42.35876,-71.0562,2018
St Botolph Club Inc,,ST BOTOLPH CLUB INC MASS,ST. BOTOLPH CLUB INC., ,18354,2012-01-05 10:46:42,2020-12-31 23:59:00,Active,FS,Eating & Drinking,HE_Fail,2015-04-27 11:49:52,08-3-305-307.11,*,Food Protection,2015-04-27 11:49:52,Fail,,Some food boxes stored on the floor inside the Basement Walk-In unit. Elevate 6 inches or above.,199   Commonwealth AVE,Boston,2116,39151,42.351588,-71.08093,2015
Stadium Sports Bar & Grille,,ONE 48 STATE STREET LPS,Stadium State Street LLC,John McGrail,87003,2013-02-13 08:39:35,2014-12-31 23:59:00,Inactive,FS,Eating & Drinking,HE_OutBus,2015-10-23 09:33:51,03-3-501.16,***,Hot Holding,2015-10-23 09:33:51,Fail,,1) chili @ 125f   Ground beef @ 120f  ensure 140f or above,148   State ST,Boston,2109,130373,42.359387,-71.054174,2015
STAGE,,  ,BROOKS,EDWARD,138625,2015-03-16 09:22:04,2016-12-31 23:59:00,Inactive,FS,Eating & Drinking,HE_Fail,2015-10-23 23:39:18,15-4-202.16,*,Non-Food Contact Surfaces,2015-10-23 23:39:18,Fail,,Gasket around door broken.Repair Replace vent cover on left side ice machine.,120   Boylston ST,Boston,2116,192845,42.35224,-71.06572,2015
Star Markets No. 2576,,ADVANCED FRESH CONCEPTS C ORP,Shaw's Supermarket Inc.,Tax Div.,25671,2012-01-10 14:27:55,2020-12-31 23:59:00,Active,RF,Retail Food,HE_Fail,2015-02-17 12:26:57,01-3-101/701.11,***,Spoilage Unsafe Food,2015-02-17 12:26:57,Fail,,Cucumber and onions dried up at the refrigerating unit. PIC discarded them. Monitor properly.,33  Kilmarnock ST,Boston,2215,157991,42.343682,-71.100161,2015
Starbucks,,GOODYEAR TIRE & RUBBER,Target Corporation,Att: Manager,144417,2015-07-20 08:04:14,2020-12-31 23:59:00,Active,FS,Eating & Drinking,HE_Fail,2016-03-17 15:19:23,590.009(E),*,Anti-Choking,2016-03-17 15:19:23,Fail,,While food is being served there shall be an employee on the premises trained in Anti-Choking,1341   Boylston ST,Boston,2215,18094,42.34442,-71.09961,2016
Starbucks Coffee,,  ,Starbucks Coffee Inc., ,24842,2012-02-29 13:33:39,2020-12-31 23:59:00,Active,FT,Eating & Drinking w/ Take Out,HE_Filed,2017-11-15 11:45:30,21-3-304.14,*,Wiping Cloths  Clean  Sanitize,2017-11-15 11:45:30,Fail,,keep all in use wiping cloths in a sanitizing solution when not in use.,140   Brookline AV,Boston,2135,340900,42.344895,-71.100697,2017
Starbucks Coffee,,  ,Starbucks Corporation,Accounts Payable,144552,2015-11-10 08:19:46,2020-12-31 23:59:00,Active,FT,Eating & Drinking w/ Take Out,HE_Filed,2018-06-15 13:53:23,23-4-602.13,*,Non-Food Contact Surfaces Clean,2018-06-15 13:53:23,Fail,,clean shelving below sink at the seervice area. Remove buildup.,45   Broad ST,Boston,2109,196395,42.35818,-71.05438,2018
Starbucks Coffee,,CONGRESS VENTURES LLC,Starbucks Corporation,Accounts Payable,158961,2016-04-08 09:46:18,2020-12-31 23:59:00,Active,FT,Eating & Drinking w/ Take Out,HE_Filed,2018-10-05 10:03:39,13-2-304/402.11,*,Clean Cloths  Hair Restraint,2018-10-05 10:03:39,Fail,,Food workers observed without hair restraints. Provide.,305   Congress ST,Boston,2210,42094,42.351231,-71.050594,2018
Starbucks Coffee,,SISCOE ENTERPRISES INC.,Starbucks Coffee Company, ,23054,2012-02-07 13:22:03,2020-12-31 23:59:00,Active,FT,Eating & Drinking w/ Take Out,HE_Fail,2016-11-09 11:00:57,15-4-202.16,*,Non-Food Contact Surfaces,2016-11-09 11:00:57,Fail,,The freezer is running at 40F.  Repair the freezer so that if products are going to be stored as frozen they are frozen solid.,273   Huntington AVE,Boston,2115,157756,42.342124,-71.086311,2016
STARBUCKS COFFEE CO.,,STARBUCKS CORP.(#857) /STAX,STARBUCKS CORPORATION,LICENSE SERVICES,26056,2012-02-07 13:13:52,2020-12-31 23:59:00,Active,FT,Eating & Drinking w/ Take Out,HE_Fail,2017-06-07 08:33:18,03-3-501.16(A),***,Cold Holding,2017-06-07 08:33:18,Fail,,2 door refrigeration unit 48 F/ Milk in unit 46 F,222   Cambridge ST,Boston,2114,155907,42.360985,-71.066481,2017
Starbucks Coffee Co. No. 872,,SPRING PHYLLIS T,Starbucks Coffee Co.,Stephen Delrose,25659,2012-02-06 13:49:14,2020-12-31 23:59:00,Active,FT,Eating & Drinking w/ Take Out,HE_Fail,2015-05-15 11:35:19,17-4-204.112/.115,*,Equipment Thermometers,2015-05-15 11:35:19,Fail,,No conspicuous thermometers in multiple refrigerators- Provide,350   Newbury ST,Boston,2115,101571,42.34811,-71.08715,2015
Starbucks Coffee Co. No. 875,,ROTHENBERG HARVEY E TRSTS,Starbucks Coffee Co.,Stephen Delrose,25657,2012-02-06 13:52:10,2020-12-31 23:59:00,Active,FT,Eating & Drinking w/ Take Out,HE_Fail,2018-10-24 13:19:03,21-3-304.14,*,Wiping Cloths  Clean  Sanitize,2018-10-24 13:19:03,Fail,,Keep all in use wipijng cloths in a sanitizing solution when not in use,228   Washington ST,Boston,2109,144485,42.358088,-71.057656,2018
Starbucks Coffee No.  7234,,FIRST FENWAY COOPERATIVE INC,STARBUCKS CORPORATION,LICENSE SERVICES,26638,2012-02-06 15:07:57,2020-12-31 23:59:00,Active,FT,Eating & Drinking w/ Take Out,HE_Fail,2015-10-02 15:39:32,15-4-202.16,*,Non-Food Contact Surfaces,2015-10-02 15:39:32,Fail,,Automatic dispenser for sanitizer not properly working- Sanitizer 0ppm- Repair,147  Massachusetts AVE,Boston,2115,91973,42.34669,-71.0877,2015
Starbucks Coffee No.  7531,,S S PARTNERS LP,STARBUCKS CORPORATION,LICENSE SERVICES,26640,2012-02-07 12:57:13,2020-12-31 23:59:00,Active,FT,Eating & Drinking w/ Take Out,HE_Fail,2017-08-28 12:36:45,35-6-501.111/.115,**,Insects  Rodents  Animals,2017-08-28 12:36:45,Fail,,Fruit flies seen at drain and bag storage area  clean to remove and supply detailed extermionation report with findings and recommendations,12   Winter ST,Boston,2108,150866,42.35557,-71.06107,2017
Starbucks Coffee No.  7544,,SEVEN 55 BOYLSTON LLC,STARBUCKS CORPORATION,LICENSE SERVICES,26644,2012-02-07 13:02:24,2020-12-31 23:59:00,Active,FT,Eating & Drinking w/ Take Out,HE_Fail,2015-03-20 13:32:19,08-3-305-307.11,*,Food Protection,2015-03-20 13:32:19,Fail,,No barrier between the hand wash sink and the air dry area of three compartment sink. Provide.,755   Boylston ST,Boston,2116,18389,42.34938,-71.0811,2015
Starbucks Coffee No.  830,,DRUKER RONALD M TRSTS,STARBUCKS COFFEE,COMPANY,26665,2012-02-06 13:38:44,2020-12-31 23:59:00,Active,FT,Eating & Drinking w/ Take Out,HE_Fail,2018-08-03 10:50:00,15-4-202.16,*,Non-Food Contact Surfaces,2018-08-03 10:50:00,Fail,,Commercial sanitizer dispenser not operating.Repair PIC instructed staff to manuelly set up sanitizer solution. Sanitizer(Quats)  200PPM,443   Boylston ST,Boston,2116,18328,42.351561,-71.073022,2018
STARBUCKS COFFEE No.  864,,BRUSH EDWIN F JR TRSTS,STARBUCKS CORPORATION,LICENSE SERVICES,26058,2012-02-06 14:32:38,2020-12-31 23:59:00,Active,FT,Eating & Drinking w/ Take Out,HE_Fail,2017-03-13 11:22:20,15-4-202.16,*,Non-Food Contact Surfaces,2017-03-13 11:22:20,Fail,,Exposed wood on shelving next to ice machine,97   Charles ST,Boston,2114,29220,42.35889,-71.07056,2017
Starbucks Coffee No.  869,,75-101 FEDERAL ST LLC,STARBUCKS CORPORATION,LICENSE SERVICES,26667,2012-02-06 14:37:37,2020-12-31 23:59:00,Active,FT,Eating & Drinking w/ Take Out,HE_Filed,2018-04-27 11:32:29,23-4-602.13,*,Non-Food Contact Surfaces Clean,2018-04-27 11:32:29,Fail,,clean shelving below the rinse sink at the service area.Remove buildup of soils.,101   Federal ST,Boston,2110,57151,42.35492,-71.05659,2018
STARBUCKS COFFEE No.  870,,MACK WILLIAM E,STARBUCKS CORPORATION,LICENSE SERVICES,26064,2012-02-06 13:59:12,2019-12-31 23:59:00,Inactive,FT,Eating & Drinking w/ Take Out,HE_Fail,2015-05-18 14:21:18,13-2-304/402.11,*,Clean Cloths  Hair Restraint,2015-05-18 14:21:18,Fail,,Observed staff without proper hair restraints.Provide,165   Newbury ST,Boston,2116,101371,42.35082,-71.07887,2015
Starbucks Coffee No.  883,,SIXTY3-65 COURT ST LLC,STARBUCKS CORPORATION,LICENSE SERVICES,26066,2012-02-06 14:03:03,2020-12-31 23:59:00,Active,FT,Eating & Drinking w/ Take Out,HE_Fail,2016-04-05 12:54:02,13-2-304/402.11,*,Clean Cloths  Hair Restraint,2016-04-05 12:54:02,Fail,,Observed multiple food employees without hair restraints. Provide proper hair restraints.,63  Court ST,Boston,2203,43810,42.359381,-71.059193,2016
Starbucks Coffee No. 22566,,  ,Starbucks Corporation, ,127085,2014-11-19 11:01:26,2020-12-31 23:59:00,Active,FT,Eating & Drinking w/ Take Out,HE_Fail,2015-05-14 12:14:09,08-3-305-307.11,*,Food Protection,2015-05-14 12:14:09,Fail,,remove all items stored on top of the ice machine. Keep only ice related materials on top of the ice machine.,48  Northern AVE,Boston,2210,168260,42.353557,-71.046142,2015
Starbucks Coffee No. 9463,,MELINDA TAM  STORE MANAGE R,Starbucks Coffee,Company,24038,2012-02-06 13:31:35,2020-12-31 23:59:00,Active,FT,Eating & Drinking w/ Take Out,HE_Fail,2015-08-04 12:59:00,15-4-202.16,*,Non-Food Contact Surfaces,2015-08-04 12:59:00,Fail,,1. Top of shelving worn  repalce shelving 2. Door of cabinet broken   rapir or replace,84   State ST,Boston,2109,156331,42.359133,-71.055738,2015
State Street Express @MBTA State St. Line,,CITY OF BOSTON,Karl Volker, ,67600,2012-03-01 15:13:01,2020-12-31 23:59:00,Active,FT,Eating & Drinking w/ Take Out,HE_Fail,2016-03-25 14:29:44,08-3-305-307.11,*,Food Protection,2016-03-25 14:29:44,Fail,,Bottles of gatorade observed being stored under a leaking pipe. Discontinue and store all foods in a clean and protected area.,208   Washington ST,Boston,2109,144460,42.358721,-71.057477,2016
State Street Sushi,,  ,Ling Chai Zheng, ,117752,2016-05-31 08:03:47,2020-12-31 23:59:00,Active,FT,Eating & Drinking w/ Take Out,HE_Fail,2016-04-15 09:53:10,17-4-302.14,*,Test Kit Provided,2016-04-15 09:53:10,Fail,, ,92  State ST,Boston,2109,170003,42.359232,-71.05532,2016
STEPHANIE'S ON NEWBURY,,,Met Club Manager LLC,Att: Accounts Payable,390653,2019-04-17 08:10:35,2020-12-31 23:59:00,Active,FS,Eating & Drinking,HE_Closure,2019-03-28 11:24:21,02-3-602.11-.12/3-302.12,*,Food Container Labels,2019-03-28 11:24:21,Fail,,Food containers not labeled - Prep/cookin line and storage areas,190   Newbury ST,Boston,2116,155892,42.350167,-71.079588,2019
Steve & Kates Camp @ Winsor Sch.,,  ,Susskind,Steve,174616,2016-10-19 09:39:16,2020-12-31 23:59:00,Active,FS,Eating & Drinking,HE_Fail,2016-06-20 08:33:03,03-3-501.16,***,Hot Holding,2016-06-20 08:33:03,Fail,,The cambro is 104F and the sandwiches are not reaching 140F.  Provide proper hot holding and receiving temperatures.,102  Pilgrim RD,Boston,2215,168763,42.340783,-71.106765,2016
Stillwater,,RESHA JOSEPH JR TS,Stillwater Boston,Sarah Wade,403654,2019-09-23 14:16:48,2020-12-31 23:59:00,Active,FS,Eating & Drinking,HE_Fail,2020-08-07 14:06:26,590.003/3-501.16-P,***,(A)(2) and (B) Time/Temperature Control for Safety Food  Hot and Cold Holding (P),2020-08-07 14:06:26,Fail,,Cooked mashed potatoes and chicken chili inside of the deli style cooler with elecated temperatures between 48-56F. Discontinue and ensure all TCS foods are being maintained at below 41F. All other foods inside of the unit were at below 41F. Foods that were not at the appropriate temperature were removed at the time of the inspection,120  Kingston ST,Boston,2111,82003,42.35228,-71.0591,2020
Stoddard's Fine Food & Ale,,TEMPLE EAGLE REALTY LLC,Stoddard's Pub Inc., ,29834,2011-12-28 14:34:53,2020-12-31 23:59:00,Active,FS,Eating & Drinking,HE_Fail,2018-04-11 08:25:22,08-3-302.11/3-304.11,***,Separation  Segregation Cross Contamination,2018-04-11 08:25:22,Fail,,Wine bottles stored in drinking ice bin without proper seperation  supply proper seperation to avoid contamination,48  Temple Pl,Boston,2111,134069,42.355214,-71.061622,2018
STREGA,,VARANO NICK  GM,VARANO,NICK  GM,23804,2012-01-08 15:07:14,2020-12-31 23:59:00,Active,FS,Eating & Drinking,HE_Fail,2015-05-11 12:46:38,05-4-302.12,*,Food Thermometers Provided,2015-05-11 12:46:38,Fail,,Provide working food thermometer,379   Hanover ST,Boston,2113,157826,42.364967,-71.053051,2015
Su Su Gourmet,,,LI,Su He,138408,2015-01-05 08:54:38,2020-12-31 23:59:00,Active,FS,Eating & Drinking,HE_Fail,2016-05-10 13:51:37,08-3-302.11/3-304.11,***,Separation  Segregation Cross Contamination,2016-05-10 13:51:37,Fail,,raw eggs sitting above ready to eat foods  store below ready to eat foods,70   Tyler ST,Boston,2111,155947,42.349248,-71.061208,2016
Subway,,,Samir El Boukrouni, ,33472,2012-02-14 12:25:51,2017-12-31 23:59:00,Inactive,FT,Eating & Drinking w/ Take Out,HE_Fail,2016-08-22 13:14:20,06-3-501.13,*,PHF's Properly Thawed,2016-08-22 13:14:20,Fail,,Packaged meats observed being left out on counter top to defrost. Discontinue and ensure proper cooling methods are in place.,121  High ST,Boston,2110,156284,42.355037,-71.05402,2016
Subway,,  ,Fritschler,Charles,139592,2015-03-13 12:40:01,2017-12-31 23:59:00,Inactive,FT,Eating & Drinking w/ Take Out,HE_Fail,2016-02-01 14:39:20,M-2-102.11,***,PIC Knowledge,2016-02-01 14:39:20,Fail,,There is no full time employee with a current Food Safety Certification.  Provide documentation of at least one full time employee who has been enrolled in some form of Food Safety Course prior to the re-inspection being conducted.,153   Milk ST,Boston,2109,275464,42.35772,-71.05414,2016
Subway,,MOSKOW KENNETH A TS,NMB Commons Inc.,Bakula Patel,75046,2012-02-13 14:39:14,2017-12-31 23:59:00,Inactive,FT,Eating & Drinking w/ Take Out,HE_Fail,2016-02-25 12:22:22,37-6-501.11-.12,*,Improper Maintenance of Walls/Ceilings,2016-02-25 12:22:22,Fail,,oven exhaust hood with dust build up  clean to remove,144  Tremont St,Boston,2111,136830,42.355314,-71.062825,2016
Subway,,WESTWATER RUTH M,SHAMSUDDIN KARIN, ,20347,2011-12-13 11:14:30,2020-12-31 23:59:00,Active,FS,Eating & Drinking,HE_Fail,2016-05-19 13:08:06,04-3-501.15/4-301.11,*,Inadequate Facilities/Cooling Methods,2016-05-19 13:08:06,Fail,,Sliced tomatoes inside of the upright single door cooler with an elevated temperature of 48F. Discontinue and ensure all potentially hazardous foods are being maintained at below 41F. Tomatoes were removed at the time of the inspection.,230   Tremont ST,Boston,2116,137461,42.35129,-71.0646,2016
Subway & Auntie Anne's,,  ,G & V Sub and Ice Cream Inc., ,34696,2012-02-08 17:21:41,2020-12-31 23:59:00,Active,FT,Eating & Drinking w/ Take Out,HE_Fail,2015-05-12 14:20:26,03-3-501.16,***,Hot Holding,2015-05-12 14:20:26,Fail,,No water in bottom of steam well at service line. Meatballs 130F  Chicken 135F. Removed by CFPM and reheated to 170F. Foods must be hot held at 140F or above,1120  Boylston ST,Boston,2215,162429,42.346763,-71.088948,2015
Subway (138 Cambridge St.),,,Cambridge Sub L L C, ,90317,2013-05-17 09:45:51,2020-12-31 23:59:00,Active,FT,Eating & Drinking w/ Take Out,HE_Fail,2016-03-08 13:48:28,03-3-501.16(A),***,Cold Holding,2016-03-08 13:48:28,Fail,,Tuna 50F  sliced turkey 46F  Jalepenos 53F. Maintain cold holding temperatures at 41F or below. PIC stated product out of temperature for 30 minutes and took corrective action to cool product to 41F or below.,138   Cambridge ST,Boston,2114,157200,42.361003,-71.063928,2016
Subway (76 Summer St.),,  ,Saikrupa Inc.,Shree,80490,2013-01-07 09:00:44,2018-12-31 23:59:00,Inactive,FT,Eating & Drinking w/ Take Out,HE_Filed,2015-04-03 14:16:07,32-6-301.11-02.11,*,Hand Cleaner  Drying  Tissue Signage,2015-04-03 14:16:07,Fail,,Provide paper towels to hand sink area.,76  Summer St,Boston,2110,315711,42.35405,-71.05822,2015
SUFFOLK U. LAW BOOKSTORE,,,CAMPUS STORES OF MASS.,Att: Tax Department,24349,2012-01-31 14:37:44,2018-12-31 23:59:00,Inactive,RF,Retail Food,HE_Fail,2018-01-10 10:52:33,M-2-103.11,***,PIC Performing Duties,2018-01-10 10:52:33,Fail,,8-301.20- Post 2018 Health Permit or provide proof of payment of 2018 Health Permit fees. If 2018  permit fees have not been paid  submit paymet ASAP.,120   Tremont ST,Boston,2108,156030,42.356767,-71.061448,2018
SUFFOLK UNIV. SOMERSET CAFE,,,SODEXO OPERATIONS L L C, ,22771,2012-02-27 10:57:08,2020-12-31 23:59:00,Active,FS,Eating & Drinking,HE_Fail,2016-01-21 13:04:03,08-3-305-307.11,*,Food Protection,2016-01-21 13:04:03,Fail,,Canned goods on storage rack with water damaged labels due to above leak in ceiling per PIC. Discontinue storing foods under where leak in ceiling occured. Store all foods away from potential sources of contamination. PIC volluntarilly discarded  water damaged canned goods.,10   Somerset ST,Boston,2114,128377,42.35878,-71.06183,2016
SUFFOLK UNIVERSITY CAFE,,SODEXHO OPERATIONS,SODEXO OPERATIONS,L L C,26052,2012-01-11 11:52:35,2020-12-31 23:59:00,Active,FS,Eating & Drinking,HE_Fail,2016-01-20 11:16:54,01-3-602.11 B2,***,Labeling of Ingredients,2016-01-20 11:16:54,Fail,,Grab and go sandwiches not labeled properly. Provide proper label of ingredients and origin.,8   Ashburton PL,Boston,2108,156690,42.358992,-71.061988,2016
Sufra,,D'ALELIO ANTONIO,Hamed,Jehad,365332,2019-01-08 07:55:22,2020-12-31 23:59:00,Active,FS,Eating & Drinking,HE_Fail,2020-08-13 13:57:33,590.002(C)/2-102.12-C,*,(A) Certified Food Protection Manager (C),2020-08-13 13:57:33,Fail,,Allergen certificates posted are not state approved. Handout provided. Provide Massachusetts Allergen Awareness Certificate.,52   Queensberry ST,Boston,2115,157535,42.342574,-71.097319,2020
SUISHAYA RESTAURANT,,WONG AY-CHI TS,CHAN,ROMAN,20584,2012-05-07 13:50:45,2020-12-31 23:59:00,Active,FT,Eating & Drinking w/ Take Out,HE_Fail,2016-01-08 14:26:15,08-3-302.11/3-304.11,***,Separation  Segregation Cross Contamination,2016-01-08 14:26:15,Fail,,no seperation of raw and ready to eat foods at sushi case  supply seperation to avoid cross contamination,2   Tyler ST,Boston,2111,138813,42.35121,-71.06037,2016
Sulgrave News,,,AMM BUSINESS CORP., ,68208,2012-02-06 13:20:12,2018-12-31 23:59:00,Inactive,RF,Retail Food,HE_Filed,2015-08-17 12:52:33,36-6-501.11-.12,*,Improper Maintenance of Floors,2015-08-17 12:52:33,Fail,,Floors throughout and along walls with visible soils and debris / Clean to remove,6   Milk ST,Boston,2108,157508,42.356865,-71.058188,2015
Sullivan's Castle Isl. @ The Milk Bottle,,CHILDRENS MUSEUM LESSEE,Sullivan's Castle Island LLC,Brendan M. Sullivan,336036,2017-07-10 12:14:49,2018-12-31 23:59:00,Inactive,FT,Eating & Drinking w/ Take Out,HE_Fail,2017-06-26 11:18:11,05-4-302.12,*,Food Thermometers Provided,2017-06-26 11:18:11,Fail,,Provide a working foodt thermometer,308   Congress ST,Boston,2210,42095,42.351883,-71.049569,2017
Sulmona Meat Market,,TERMINE CHARLES E TS,SUSI,DOMENICO,25329,2012-01-25 15:23:10,2020-12-31 23:59:00,Active,RF,Retail Food,HE_Fail,2015-04-08 12:11:58,13-2-304/402.11,*,Clean Cloths  Hair Restraint,2015-04-08 12:11:58,Fail,,No hair restraint worn by butcher - corrected during interview,32   Parmenter ST,Boston,2113,108274,42.363987,-71.055432,2015
SULTAN'S KITCHEN,,STATE ENTERPRISES LIMITED PA,OZCAN OZAN, ,22884,2012-02-06 10:58:13,2017-12-31 23:59:00,Inactive,FT,Eating & Drinking w/ Take Out,HE_Fail,2015-04-22 11:09:16,03-3-501.16(A),***,Cold Holding,2015-04-22 11:09:16,Fail,,1. Hummus @ 48f  ensure proper cold hold of 41f or below. 2. eggplant paste @ 46f  ensure proper cold hold of 41f or below (manager to ensure all products cooled to 41f or below before being put into service area. Made fresh daily)),112  State ST,Boston,2109,130370,42.359299,-71.054864,2015
Supreme Pizza,,,Charam L L C, ,123834,2014-04-04 09:15:40,2020-12-31 23:59:00,Active,FT,Eating & Drinking w/ Take Out,HE_Fail,2016-01-12 12:59:11,12-2-301.12-.15,***,Adequate Handwashing/Where/When/How,2016-01-12 12:59:11,Fail,,There is no soap at the handsink in the kitchen so employees are unable to wash their hands properly.  Train employees to properly wash their hands.,177   Massachusetts AVE,Boston,2115,91980,42.34577,-71.08734,2016
SUSAN BAILIS ASSISTED LIVING,,ST. BOTOLPH ASSISTED LIVI,ST. BOTOLPH ASSISTED LIVING L.P., ,22578,2011-12-30 14:45:36,2020-12-31 23:59:00,Active,FS,Eating & Drinking,HE_Fail,2015-03-25 15:20:43,03-3-501.14,***,Cooling,2015-03-25 15:20:43,Fail,,Rice in tightly wrapped deep container at 136F for approximately 1 hour. Ensure properly cooling foods per cooling parameters. Removed by PIC and placed in shallow metal container and placed in walkin.,352   Massachusetts AVE,Boston,2115,156786,42.342059,-71.083489,2015
Sweet,,,Sweet Cupcakes Inc., ,75534,2012-01-12 17:38:27,2019-12-31 23:59:00,Inactive,RF,Retail Food,HE_Fail,2018-02-09 11:46:54,03-3-501.14,***,Cooling,2018-02-09 11:46:54,Fail,, ,11   School ST,Boston,2109,156095,42.357607,-71.05866,2018
Sweet & Nasty,,NOVAK,NOVAK,NIKI,18927,2011-12-13 11:53:18,2019-12-31 23:59:00,Inactive,RF,Retail Food,HE_Fail,2017-08-23 13:51:39,01-3-201.11,***,Approved Source,2017-08-23 13:51:39,Fail,,Provide proper invoices for all bakery products.,90   Massachusetts AVE,Boston,2115,157868,42.348579,-71.088129,2017
Sweet Cheeks,,,Tiffani Faison,Sweet Cheeks,76664,2011-12-28 13:19:34,2020-12-31 23:59:00,Active,FS,Eating & Drinking,HE_Fail,2015-05-18 11:44:34,01-3-202.12,***,Approved Food  or Color Additives,2015-05-18 11:44:34,Fail,,They are using pink salts in their sausage.  Discontinue use of additives.,144   Brookline AVE,Boston,2215,341545,42.34439,-71.101137,2015
Sweet Kingdom,,,CT Sweet Kingdom LLC,Minghui Chen,140905,2016-01-27 08:34:42,2020-12-31 23:59:00,Active,FT,Eating & Drinking w/ Take Out,HE_Fail,2016-09-23 14:18:55,22-4-601/602.11,**,Food Contact Surfaces Clean,2016-09-23 14:18:55,Fail,,Interior of ice machine with rust and mold-like build up  clean to remove,15  Beach ST,Boston,2111,156243,42.351365,-71.062281,2016
Sweetgreen,,  ,Sweetgreen Boston LLC, ,159563,2016-05-05 08:21:34,2020-12-31 23:59:00,Active,FS,Eating & Drinking,HE_Fail,2016-08-15 10:10:36,02-3-602.11-.12/3-302.12,*,Food Container Labels,2016-08-15 10:10:36,Fail,,Bulk dry storage containers at cookline without lable indentifying contents. Provide proper label,15   School ST,Boston,2108,307105,42.357648,-71.058776,2016
Sweetgreen,,HAJJAR CHARLES C TS,Sweetgreen Inc.,Timothy Noonan,86806,2013-06-25 09:31:26,2020-12-31 23:59:00,Active,FS,Eating & Drinking,HE_Fail,2015-03-20 10:58:22,03-3-403.11,***,Reheating,2015-03-20 10:58:22,Fail,,Cooked Chicken 80F and Rice 71F initially stored in Walk In Unit  being put for hot holding without being re-heat. The Hot Holding Unit set at 140F.  Reheat properly to 165F before hot holding the PHFs. PIC stated the food was taken out 30 Mins ago. She reheated the food properly.,659   Boylston ST,Boston,2116,18371,42.35002,-71.07865,2015
Sweetgreen,,MINIAS AMGAD,Sweetgreen Boston LLC, ,162727,2016-10-07 08:59:04,2020-12-31 23:59:00,Active,FS,Eating & Drinking,HE_Filed,2018-07-31 10:39:42,36-6-501.11-.12,*,Improper Maintenance of Floors,2018-07-31 10:39:42,Fail,,Clean floor area under the ice/water dispenser at the service line.,87   Summer ST,Boston,2110,157520,42.353848,-71.058561,2018
SYMPHONY SUSHI,,SAM XUE-YUAN ZHENG SYMPHONY SUSHI,SAM XUE-YUAN ZHENG,SYMPHONY SUSHI,22841,2011-12-30 12:27:58,2020-12-31 23:59:00,Active,FS,Eating & Drinking,HE_Fail,2015-03-25 15:26:44,15-4-202.16,*,Non-Food Contact Surfaces,2015-03-25 15:26:44,Fail,,Shelving below prep table rusted and worn. Repair to make smooth  durable and cleanable,45   Gainsborough ST,Boston,2115,157800,42.341989,-71.087081,2015
Taco Bell,,B. LVOVSKIY & S. LITVI NENKO,barbaneagra,ion,409207,2019-12-12 09:07:22,2020-12-31 23:59:00,Active,FS,Eating & Drinking,HE_Fail,2019-10-02 11:58:55,590.006/6-101.11-C,*,Surface Characteristics-Indoor Areas (C),2019-10-02 11:58:55,Fail,,water dripping from ceiling in the kitchen. Repair leak and remove water buildup on the floor.,74   Summer ST,Boston,2110,157506,42.354093,-71.058259,2019
TAIWAN CAFE,,,Yan-Fang Zhang Pres., ,79403,2012-08-03 14:54:00,2020-12-31 23:59:00,Active,FS,Eating & Drinking,HE_Fail,2015-12-01 11:03:37,03-3-501.16(A),***,Cold Holding,2015-12-01 11:03:37,Fail,,Cut lettuce and cabbage sitting out at 65F / Prepped at 10am  moved to refrigeration.  Provide proper cold holding temperatures.,34   Oxford ST,Boston,2111,157443,42.351466,-71.060209,2015
Taj Boston,,MPE HOTEL I LLC,IREP Newbury Hotel LLC,Att: Accounts Payable,377333,2018-10-11 10:00:50,2019-12-31 23:59:00,Inactive,FS,Eating & Drinking,HE_Fail,2018-09-26 08:59:54,01-3-203.12,**,Tags & Records,2018-09-26 08:59:54,Fail,,Shell stock tags improperly stored.Maintain storage in chronological order for minimum 90 days(3 months).,15   Arlington ST,Boston,2116,4827,42.35283,-71.0716,2018
TAPEO RESTAURANT & TAPAS BAR,,TWO-66-268 NEWBURY ST L P,Leon,Fernando,20035,2012-01-25 09:32:15,2018-12-31 23:59:00,Inactive,FS,Eating & Drinking,HE_Fail,2015-10-06 16:49:36,03-3-501.14,***,Cooling,2015-10-06 16:49:36,Fail,,Cooking Line-Chicken in a plastic container and covered  at the upright  refrigerating unit registered 55F. PIC stated it has been there from 5 hours ago  and moved it to the freezer for rapid cooling. Ensure that proper methods and equipment is used for cooling.,266   Newbury ST,Boston,2116,101479,42.34918,-71.08319,2015
TARANTA/LA REINA,,,DUARTE CORP., ,21462,2012-01-26 12:45:07,2020-12-31 23:59:00,Inactive,FS,Eating & Drinking,HE_Fail,2015-07-20 14:07:53,08-3-305-307.11,*,Food Protection,2015-07-20 14:07:53,Fail,,Keep all foods elevated off the floor at least six inches during storage Cover all exposed foods in the freezers and any foods in the refrigeration units that will be there for an extended peroid of time Keep all raw beef  eggs  poultry and seafood stored underneath any ready to eat foods located in all refrigerated areas of the restaurant -,210   Hanover ST,Boston,2113,158240,42.362919,-71.05563,2015
Tasty Burger,,,Phil Audino, ,68539,2011-12-19 15:20:53,2020-12-31 23:59:00,Active,FS,Eating & Drinking,HE_Fail,2015-01-07 13:38:35,14-4-202.11,*,Food Contact Surfaces Design,2015-01-07 13:38:35,Fail,,Cutting board at the cooking line heavily scored. Repair or replace.,1301   Boylston ST,Boston,2215,162464,42.344744,-71.098289,2015
Tatte Bakery & Cafe,,  ,Tatte Holding LLC,Att: Accounts Payable,359778,2018-08-28 07:53:15,2020-12-31 23:59:00,Active,FS,Eating & Drinking,HE_Fail,2019-05-09 15:20:31,03-3-501.16(A),***,Cold Holding,2019-05-09 15:20:31,Fail,,Milk on counter at coffee counter at 60F. Ensure product is maintained at 41F or below. Discarded,359   Huntington AVE,Boston,2115,341062,42.340302,-71.090331,2019
Tatte Bakery & Cafe,,SHARRATT JOHN A,Tatte Holding LLC,Att: Accounts Payable,134181,2015-03-02 08:45:19,2020-12-31 23:59:00,Active,FT,Eating & Drinking w/ Take Out,HE_Fail,2016-04-25 09:36:58,24-4-904.11AB,*,Improper Storage of Re-usable Utensils,2016-04-25 09:36:58,Fail,,Ice bucket not inverted,70  Charles St,Boston,2114,29173,42.35788,-71.0706,2016
Tavern Club,,TAVERN CLUB INC.,TAVERN CLUB INC., ,18117,2012-02-14 09:18:43,2020-12-31 23:59:00,Active,FS,Eating & Drinking,HE_Pass,2015-07-08 11:41:04,M-2-103.11,***,PIC Performing Duties,2015-07-08 11:41:04,Pass,2015-07-09 08:00:47,Retrain staff with regard to proper warewashing.,4   Boylston PL,Boston,2116,156405,42.351901,-71.066169,2015
Tea Do/ Ice Age,,  ,Poon,Shi,91485,2014-03-18 14:52:11,2020-12-31 23:59:00,Active,FS,Eating & Drinking,HE_Fail,2017-06-22 13:44:25,27-5-103.11-.12,***,Hot and Cold Water,2017-06-22 13:44:25,Fail,,Hot water faucet at back prep hand sink is broken  providing cold water only.  Second hand sink located in front service area is being used by all staff  / Repair hand sink,8   Tyler ST,Boston,2111,323538,42.35103,-71.06043,2017
Tea Forte,,HAMILTON JAMES A G TS,Tea Forte Inc.,Kathleen O'Connor,358391,2018-05-04 15:17:23,2020-12-31 23:59:00,Active,RF,Retail Food,HE_Fail,2019-07-03 09:14:48,590.002/2-501.11-PF,**,Clean-up of Vomiting and Diarrheal Events (Pf),2019-07-03 09:14:48,Fail,,No written procedures for responding to and clean up of vomit and diarrheal incidents,91   Newbury ST,Boston,2116,101996,42.3519,-71.07504,2019
Tenoch Mexican,,  ,Tenoch Mexican Food Corp., ,122265,2014-02-19 11:21:49,2020-12-31 23:59:00,Active,FT,Eating & Drinking w/ Take Out,HE_Fail,2015-05-15 12:57:25,08-3-305-307.11,*,Food Protection,2015-05-15 12:57:25,Fail,,Elevate all foods off the floor at least six inchesa during storage,3   Lewis ST,Boston,2109,263801,42.36328,-71.05188,2015
TERRAMIA RISTORANTE,,CACCIOLA EDWARD D,GOMES,CARLA,21224,2011-12-09 11:00:33,2020-12-31 23:59:00,Active,FS,Eating & Drinking,HE_Fail,2018-10-10 18:10:34,05-4-302.12,*,Food Thermometers Provided,2018-10-10 18:10:34,Fail,,Replace missing thermometer,98  Salem ST,Boston,2113,121955,42.36406,-71.05574,2018
Teuscher Chocolates,,CHATAL ASSOCS LPS,STEFAN BIERI, ,22928,2012-01-05 09:51:15,2020-12-31 23:59:00,Active,RF,Retail Food,HE_Fail,2019-10-18 14:11:37,590.002/2-501.11-PF,**,Clean-up of Vomiting and Diarrheal Events (Pf),2019-10-18 14:11:37,Fail,,Provide written procedures and kit,230   Newbury ST,Boston,2116,101447,42.34967,-71.08139,2019
THAI BASIL,,NEWBURY STREET ASSOC LP 132,YEE YANG PRS., ,21711,2011-12-15 13:37:01,2020-12-31 23:59:00,Active,FS,Eating & Drinking,HE_Fail,2015-05-18 12:41:20,08-3-302.11/3-304.11,***,Separation  Segregation Cross Contamination,2015-05-18 12:41:20,Fail,,Observered raw chicken stored over ready to eat product.PIC removed and stored properly.Maintain proper storage of raw and ready to eat product.,132   Newbury ST,Boston,2116,101341,42.35092,-71.07668,2015
THAI DISH RESTAURANT,,  ,ASDORNVUTTIKRAI,BOONCHAI,160956,2016-01-04 08:50:23,2020-12-31 23:59:00,Active,FS,Eating & Drinking,HE_Fail,2016-06-28 14:30:43,08-3-305-307.11,*,Food Protection,2016-06-28 14:30:43,Fail,,use scoops with handles for dispensing bulk food products. Discontinue use of plastic bowl.,270   Babcock ST,Boston,2215,161758,42.352661,-71.121837,2016
Thaitation,,,Thaitation L L C, ,31976,2012-01-03 08:11:46,2020-12-31 23:59:00,Active,FS,Eating & Drinking,HE_Fail,2015-05-07 14:19:35,02-3-602.11-.12/3-302.12,*,Food Container Labels,2015-05-07 14:19:35,Fail,,Bulk food bins without proper labels.Provide,129   Jersey ST,Boston,2215,158053,42.342326,-71.096951,2015
THE BARKING CRAB,,LEMLE DOUGLAS,POSEIDION ENTERPRISES,INC.,20104,2011-12-29 13:09:48,2020-12-31 23:59:00,Active,FS,Eating & Drinking,HE_Fail,2017-04-19 11:46:49,15-4-202.16,*,Non-Food Contact Surfaces,2017-04-19 11:46:49,Fail,,Resurface all exposed woodwork in the lobstÃ©r tank,88   Sleeper ST,Boston,2210,128154,42.353895,-71.048576,2017
The Beehive,,BOSTON CTR ARTS INC LESSEE,Bardy,Jack,26483,2012-01-10 13:58:30,2020-12-31 23:59:00,Active,FS,Eating & Drinking,HE_Fail,2015-07-31 11:22:08,04-3-501.15/4-301.11,*,Inadequate Facilities/Cooling Methods,2015-07-31 11:22:08,Fail,,Under counter reach drawer unit thermometer 51F severals items 49-55F for 1 hour.Repair to maintain product 41F or below.PIC removed all products to other refrigeration until proper repairs.,537  Tremont ST,Boston,2116,137617,42.344699,-71.071387,2015
THE BELVEDERE CONDOMINIUM,,BRAUN THERESA P TS,THE BELVEDERE CONDOMINIUM,TRUST,22285,2012-02-15 10:51:12,2020-12-31 23:59:00,Active,FS,Eating & Drinking,HE_Fail,2015-04-03 13:21:18,37-6-501.11-.12,*,Improper Maintenance of Walls/Ceilings,2015-04-03 13:21:18,Fail,,provide updated licensed hood cleaning sticker,100   Belvidere ST,Boston,2116,14317,42.346039,-71.082237,2015
The Best Little Restaurant,,MOY BING H TRSTS,Wong,Frank,26189,2012-01-23 13:57:51,2020-12-31 23:59:00,Active,FS,Eating & Drinking,HE_Fail,2016-11-21 13:25:08,37-6-501.11-.12,*,Improper Maintenance of Walls/Ceilings,2016-11-21 13:25:08,Fail,,Hood sticker expired in september 2016  have cleaned by licensed hood cleaning company,13   Hudson ST,Boston,2111,75852,42.3508,-71.0602,2016
The Boxer dba Finch,,  ,HHLP BULFINCH ASSOCIATES L L C,Att: Brian Defrancesco,80367,2012-08-15 09:41:49,2020-12-31 23:59:00,Active,FS,Eating & Drinking,HE_Fail,2015-04-07 12:59:45,17-4-302.14,*,Test Kit Provided,2015-04-07 12:59:45,Fail,,no test strips to measure quatenary ammonia in 3 bay sink  supply,105   Merrimac ST,Boston,2114,167651,42.363881,-71.062398,2015
The Brahmin,,GREG DEN HERDER/IGOR BLA TNIK,Brooks,Ed,76430,2012-05-03 14:49:31,2019-12-31 23:59:00,Inactive,FS,Eating & Drinking,HE_Fail,2015-09-29 19:22:38,10-4.302.11,*,Food Utensil Storage,2015-09-29 19:22:38,Fail,,bar/provide ice scoop and utensil for dispinsing of bar condiments,33   Stanhope ST,Boston,2116,158118,42.348524,-71.073158,2015
The Charles River Bistro,,  ,O'Neill,Corey,91465,2013-07-02 08:38:33,2018-12-31 23:59:00,Inactive,FT,Eating & Drinking w/ Take Out,HE_Fail,2016-06-28 10:37:24,23-4-602.13,*,Non-Food Contact Surfaces Clean,2016-06-28 10:37:24,Fail,,Clean interior of microwave oven.,0   David G Mugar WY,Boston,2108,46576,42.355594,-71.074207,2016
THE CAFE ON NEW CHARDON ST.,,TWENTY 5 NEW CHARDON ST LPS,STEPHEN N. CHOI PRES., ,23741,2012-01-09 11:00:10,2020-12-31 23:59:00,Active,FT,Eating & Drinking w/ Take Out,HE_Fail,2015-06-02 11:58:06,06-3-501.13,*,PHF's Properly Thawed,2015-06-02 11:58:06,Fail,,raw chicken and cold cuts thawing under room tempreature  ensure proper thawing of foods,25   New Chardon ST,Boston,2114,101077,42.36211,-71.06174,2015
The Causeway,,  ,West End Dining LLC, ,90596,2014-07-28 08:27:47,2020-12-31 23:59:00,Active,FS,Eating & Drinking,HE_Fail,2017-04-05 13:14:35,23-4-602.13,*,Non-Food Contact Surfaces Clean,2017-04-05 13:14:35,Fail,,Door gaskets at cookline reach in refrigerated units with crumbs and soils in seams. Clean to remove. Shelving under basement prep tables in basement with food soils clean to remove.,65   Causeway ST,Boston,2114,340675,42.364444,-71.062676,2017
THE CHARLES PLAYHOUSE,,,Faci. Concession Serv. Inc.,Dave Smalley  Owner,24983,2012-03-27 09:31:35,2020-12-31 23:59:00,Active,FS,Eating & Drinking,HE_Fail,2015-10-27 14:17:44,15-4-202.16,*,Non-Food Contact Surfaces,2015-10-27 14:17:44,Fail,,Interior of beer reach in with stagnate water.Maintain clean and dry.,74   Warrenton ST,Boston,2116,155909,42.349952,-71.066168,2015
The Copley Square Hotel,,FORTY 7 HUNTINGTON AV LLC,Capstar Copley LLC,John Maibach  GM,26914,2011-12-09 11:18:41,2018-12-31 23:59:00,Inactive,FS,Eating & Drinking,HE_Fail,2015-03-16 12:02:07,08-3-305-307.11,*,Food Protection,2015-03-16 12:02:07,Fail,,employee meal/provide please use utensils only signage,47  Huntington AVE,Boston,2116,76377,42.348314,-71.078667,2015
The Corner Pub of Chinatown,,WONG KATHERINE ETAL,Chin Family LLC, ,30245,2012-03-16 12:06:53,2020-12-31 23:59:00,Active,FS,Eating & Drinking,HE_Fail,2016-03-23 13:47:14,36-6-501.11-.12,*,Improper Maintenance of Floors,2016-03-23 13:47:14,Fail,,Spills under freezers in basement  clean to remove,162  Lincoln ST,Boston,2111,86076,42.350779,-71.058449,2016
The Corner Tavern,,BACON DOUGLAS F TS,DOUGLAS BACON PRES., ,19829,2011-12-15 11:23:57,2020-12-31 23:59:00,Active,FS,Eating & Drinking,HE_Fail,2015-06-02 12:30:08,04-3-501.15/4-301.11,*,Inadequate Facilities/Cooling Methods,2015-06-02 12:30:08,Fail,,Multiple products in freezer thawed out.PIC will remove product and call for repair.,421   Marlborough ST,Boston,2115,91385,42.35014,-71.08944,2015
The Delux Cafe,,NINTY 8 CHANDLER STREET,Yanney,Kyle,126733,2014-05-01 08:21:37,2020-12-31 23:59:00,Active,FS,Eating & Drinking,HE_Fail,2015-10-07 17:38:31,21-3-304.14,*,Wiping Cloths  Clean  Sanitize,2015-10-07 17:38:31,Fail,,Wiping cloths stored soiled/wet on the counters. Store properly in sanitizer solution.,100   Chandler ST,Boston,2116,28615,42.34626,-71.07288,2015
THE FLAT OF THE HILL,,,KATHERINE S. MORSE, ,20982,2012-01-19 16:44:07,2019-12-31 23:59:00,Inactive,RF,Retail Food,HE_Filed,2017-04-13 08:39:24,32-6-301.11-02.11,*,Hand Cleaner  Drying  Tissue Signage,2017-04-13 08:39:24,Fail,,No signage reminding employees to was hand before returning to work in employee bathroom,60   Charles ST,Boston,2114,158080,42.357514,-71.07033,2017
The Friendly Toast,,GORDON ANTHONY O,Pulvar,Robert Scott,160307,2016-01-13 09:00:43,2020-12-31 23:59:00,Active,FS,Eating & Drinking,HE_Fail,2016-05-16 11:33:59,02-3-602.11-.12/3-302.12,*,Food Container Labels,2016-05-16 11:33:59,Fail,,Properly label all bulk storage containers throughout.,35  Stanhope ST,Boston,2116,130167,42.34851,-71.07325,2016
The Gallery Restaurant,,,S W Boston Hotel Venture L L C, ,33807,2012-01-13 12:06:09,2020-12-31 23:59:00,Inactive,FS,Eating & Drinking,HE_Fail,2015-04-07 12:03:44,08-3-305-307.11,*,Food Protection,2015-04-07 12:03:44,Fail,,Ice cream in the freezer without a cover. Cover properly.,100  Stuart ST,Boston,2116,131637,42.350916,-71.065256,2015
The Greatest Bar,The Next Place LLC,ERROL APOSTOLOPOULOS  MAN AGER,The Greatest Bar,Attn: Manager,32173,2012-02-13 13:08:49,2020-12-31 23:59:00,Active,FS,Eating & Drinking,HE_Fail,2015-07-10 07:19:23,02-3-602.11-.12/3-302.12,*,Food Container Labels,2015-07-10 07:19:23,Fail,,1. bulk food containers not labelled  label properly,262   Friend ST,Boston,2114,156272,42.364533,-71.061391,2015
THE HARP,,,GALWAY INC., ,19536,2012-02-15 09:19:55,2020-12-31 23:59:00,Active,FS,Eating & Drinking,HE_Fail,2015-04-07 11:56:43,37-6-501.11-.12,*,Improper Maintenance of Walls/Ceilings,2015-04-07 11:56:43,Fail,,1. Heavy grease dripping from bottom of hood  clean to remove 2. Dust build up on food display monitors  clean to remove,85  Causeway ST,Boston,2114,158179,42.364591,-71.062338,2015
THE HILL TAVERN,,THE HILL TAVERN: PETER CU LPO,THE HILL TAVERN: PETER CU,LPO,20416,2011-12-28 11:27:56,2020-12-31 23:59:00,Active,FS,Eating & Drinking,HE_Fail,2015-06-05 13:26:24,03-3-501.14,***,Cooling,2015-06-05 13:26:24,Fail,,Marinara sauce placed since yesterday in the walk-in unit at the lower level registered 50F. PIC voluntarily discarded it. Cool properly.,228   Cambridge ST,Boston,2114,158062,42.360985,-71.06661,2015
THE HUB PUB,,,ZEGHIBE,ROGER,20524,2012-01-18 17:52:33,2020-12-31 23:59:00,Active,FS,Eating & Drinking,HE_Fail,2015-01-15 13:51:56,15-4-202.16,*,Non-Food Contact Surfaces,2015-01-15 13:51:56,Fail,,Wooden shelving worn with paint chipping/ / Clean and repaint.,18   Province ST,Boston,2108,157431,42.357254,-71.05958,2015
The Inn @ St. Botolph,,ROIFF PAUL G TS,The Inn @ St. Botolph LLC, ,31220,2011-12-09 13:53:35,2020-12-31 23:59:00,Active,FS,Eating & Drinking,HE_Fail,2015-11-06 13:46:20,17-4-204.112/.115,*,Equipment Thermometers,2015-11-06 13:46:20,Fail,,dishmachine/repair wash gauge,99   Saint Botolph ST,Boston,2116,120944,42.345009,-71.080893,2015
The Kenmore,,GECHIJIAN ARMEN,Bacon,Douglas,423555,2020-02-21 15:42:17,2020-12-31 23:59:00,Active,FS,Eating & Drinking,HE_Fail,2020-02-14 11:06:06,590.006/6-101.11-C,*,Surface Characteristics-Indoor Areas (C),2020-02-14 11:06:06,Fail,,Replace damaged ceiling tiles,476   Commonwealth AVE,Boston,2215,40988,42.34854,-71.09385,2020
The Kitchen Cafe,,,Panzica,Danielle,311278,2017-01-09 13:31:19,2020-12-31 23:59:00,Active,FS,Eating & Drinking,HE_Filed,2020-07-30 14:19:55,590.004/4-202.16-C,*,Nonfood-Contact Surfaces (C),2020-07-30 14:19:55,Fail,,Floor of the walk-in cooler appears to be damaged and covered with card board. Address and make any necessary repairs. Walk-in refrigerator was operating below 41F.,104  South ST,Boston,2111,156138,42.35107,-71.057119,2020
The Landing,,,BOSTON HARBOR CRUISES,LLC,21476,2012-03-07 14:05:38,2020-12-31 23:59:00,Active,FT,Eating & Drinking w/ Take Out,HE_Fail,2016-06-28 11:12:04,16-4-501.11/.15,*,Dishwashng Facilities,2016-06-28 11:12:04,Fail,,Dishwasher at bar inoperable. Establishment using all disposables until unit is repaired. Food contact surfaces for fruit garnishes  being sanitized in office facility kitchen dishwasher. Pure Force on site installing new dishwasher. Too verify upon compliance inspection unit operating properly.,6  Long Wh,Boston,2110,158098,42.36014,-71.050295,2016
The Lansdowne,,CONCORDE ENTERTAINMENT IN C.,c/o Lyons Group, ,19580,2012-02-13 13:05:25,2020-12-31 23:59:00,Active,FT,Eating & Drinking w/ Take Out,HE_Fail,2015-09-25 20:34:15,14-4-202.11,*,Food Contact Surfaces Design,2015-09-25 20:34:15,Fail,,resurface worn white cutting boards ice machine/bar ice bins/provide scoop with handle provide scoop with handle for bulk food bin,9   Lansdowne ST,Boston,2215,155839,42.347341,-71.095081,2015
The Littlest Bar,,PABIAN JAY M TS,Grace Delaney L L C, ,31590,2012-01-12 12:54:58,2015-12-31 23:59:00,Inactive,FS,Eating & Drinking,HE_Fail,2015-02-24 13:49:22,14-4-202.11,*,Food Contact Surfaces Design,2015-02-24 13:49:22,Fail,,Ice bin with soda line running through it / Provide a proper sheild,102  Broad St,Boston,2110,20459,42.35736,-71.05201,2015
THE LIVING ROOM,,,JOHN HAUCK PRES., ,22462,2012-01-12 16:18:22,2019-12-31 23:59:00,Inactive,FS,Eating & Drinking,HE_Fail,2015-06-01 12:37:53,20-4-703.11,***,Food Contact Surfaces Clean,2015-06-01 12:37:53,Fail,,Clean cutting boards - inside of all mixers from visible food soils,101   Atlantic AVE,Boston,2110,156181,42.361781,-71.052341,2015
The Market,,JON CRONIN JPC VENTURE CORP.,JON CRONIN,JPC VENTURE CORP.,20809,2011-12-17 20:18:50,2018-12-31 23:59:00,Inactive,FS,Eating & Drinking,HE_Fail,2016-10-05 17:07:20,08-3-305-307.11,*,Food Protection,2016-10-05 17:07:20,Fail,,"Canned goods being stored on floor in kitchen. Elevate 6"".",21  Broad ST,Boston,2109,158217,42.358443,-71.054658,2016
The Merchant,,MANCEBO LLC,Raglin Road,Frank Delaney,90607,2014-02-24 08:21:48,2020-12-31 23:59:00,Active,FS,Eating & Drinking,HE_Fail,2015-06-09 13:50:01,10-3-304.12,*,Food Utensil Storage,2015-06-09 13:50:01,Fail,,Utensils stored in stagnant water with sanitizer  / Discontinue and properly store.,60   Franklin ST,Boston,2110,60684,42.35577,-71.05838,2015
The North Star,,  ,BK & PF L L C, ,77848,2012-04-09 13:22:07,2017-12-31 23:59:00,Inactive,FS,Eating & Drinking,HE_Fail,2017-01-09 12:58:23,35-6-501.111/.115,**,Insects  Rodents  Animals,2017-01-09 12:58:23,Fail,,Door sweep missing at rear egress. Provide pest proof door sweep on bottom of door to prevent entrance of vermin. Presence of fruit flies at time of inspection. Provide updated pest control report upon reinspection.,222   Friend ST,Boston,2114,340721,42.364131,-71.061074,2017
The Oceanaire Seafood Room,,PARADIGM CARLYLE COURT ST,Landry's Restaurants,Licensing Dept.,27960,2012-02-13 13:02:44,2020-12-31 23:59:00,Active,FS,Eating & Drinking,HE_Fail,2017-03-01 10:06:39,13-2-304/402.11,*,Clean Cloths  Hair Restraint,2017-03-01 10:06:39,Fail,,Observed food workers without proper hair restraints. Provide.,40  Court ST,Boston,2108,43809,42.35903,-71.05927,2017
THE POINT,,BEN SHERI TS,VALERIE POST MEMBER, ,21490,2011-12-22 11:51:51,2020-12-31 23:59:00,Active,FS,Eating & Drinking,HE_Fail,2015-06-18 11:04:32,02-3-602.11-.12/3-302.12,*,Food Container Labels,2015-06-18 11:04:32,Fail,,Label where needed,145   Hanover ST,Boston,2108,69055,42.36168,-71.05704,2015
The Pour House,,CHATAL ASSOCS MASS LP,TALANIAN,CHARLES,18127,2011-12-15 11:17:40,2020-12-31 23:59:00,Inactive,FS,Eating & Drinking,HE_Fail,2015-05-07 11:18:09,08-3-305-307.11,*,Food Protection,2015-05-07 11:18:09,Fail,,Some Beverage containers on the floor . Elevate 6 inches or above.,907   Boylston ST,Boston,2115,18419,42.34846,-71.08432,2015
The Q,,ASN PARK ESSEX LLC &,Ming Zhu, ,37338,2011-12-17 21:21:37,2020-12-31 23:59:00,Active,FS,Eating & Drinking,HE_Fail,2015-05-28 13:40:32,03-3-501.16(A),***,Cold Holding,2015-05-28 13:40:32,Fail,,Sprouts in cold holding 52F / Provide proper cold holding temperatures.,640   Washington ST,Boston,2111,145744,42.35198,-71.062106,2015
The Restaurant @ Boston Athletic Club,,BOSTON HARBOR INDUSTRIAL,Boston Athletic Club Inc.,Timothy A. Pappas,83446,2012-10-26 08:15:58,2020-12-31 23:59:00,Active,FS,Eating & Drinking,HE_Fail,2015-02-05 11:55:12,15-4-202.16,*,Non-Food Contact Surfaces,2015-02-05 11:55:12,Fail,,repair gasket on door of whote freezer. Remove ice builrdup fromwhite freezer,653   Summer ST,Boston,2210,132041,42.33981,-71.04354,2015
THE TAM,,TWO-22 TREMONT ST LLC,BARRY BORNSTEIN, ,18981,2012-01-24 14:15:18,2019-12-31 23:59:00,Inactive,FS,Eating & Drinking,HE_Fail,2018-11-15 08:45:55,23-4-602.13,*,Non-Food Contact Surfaces Clean,2018-11-15 08:45:55,Fail,,Shelving of liquor bottles with soils & dust build up  clean to remove,220  Tremont ST,Boston,2116,137457,42.351506,-71.064544,2018
The Trophy Room,,BASILE LAWRENCE A,Pineapple Restaurant Group LLC,Att: Accounts Payable,355884,2018-12-10 07:54:45,2020-12-31 23:59:00,Active,FS,Eating & Drinking,HE_Fail,2018-12-03 06:47:25,17-4-204.112/.115,*,Equipment Thermometers,2018-12-03 06:47:25,Fail,,Provide working internal thermometers in all bar refrigeration units.,26  Chandler ST,Boston,2116,157381,42.346978,-71.070509,2018
The Upper Crust,,  ,Snow,John,140027,2015-03-02 08:46:12,2020-12-31 23:59:00,Active,FT,Eating & Drinking w/ Take Out,HE_Fail,2015-05-11 14:52:29,03-3-501.14,***,Cooling,2015-05-11 14:52:29,Fail,,Sausage being cooled inside a plastic bag in room temperature.PIC states it's been out for 1 hour and 45mins. It registers 80F. PIC moved it to the walk in refrigerator immediately.,20   Charles ST,Boston,2114,163154,42.356834,-71.07005,2015
The Westland,,TIGER LILY RESTAURANT,Bacon,Douglas,381668,2019-03-05 18:50:04,2020-12-31 23:59:00,Active,FS,Eating & Drinking,HE_Fail,2019-03-06 09:26:24,08-3-302.11/3-304.11,***,Separation  Segregation Cross Contamination,2019-03-06 09:26:24,Fail,,Observed employee carrying large sheet pan of products for kitchen set up. Employee placed sealed packages of raw burgers directly on top of breads. Review cross contamination with all employees,8   Westland AVE,Boston,2115,157908,42.343194,-71.086481,2019
The Wheelhouse,,,O'Donnell,Abrigail,128705,2014-06-17 14:40:32,2019-12-31 23:59:00,Inactive,FS,Eating & Drinking,HE_Fail,2016-02-18 10:23:20,08-3-305-307.11,*,Food Protection,2016-02-18 10:23:20,Fail,,Bottled beverages observed being stored directly next to the hand sink in the basement storage area. Disconintue and store all food products in a clean and protected area.,65   Broad ST,Boston,2109,158095,42.357754,-71.053938,2016
The Wild Duck,,DELLO RUSSO ROBERT J.,DELLO RUSSO,ROBERT J.,24436,2011-12-30 11:54:12,2020-12-31 23:59:00,Active,RF,Retail Food,HE_Filed,2015-03-13 10:10:25,37-6-501.11-.12,*,Improper Maintenance of Walls/Ceilings,2015-03-13 10:10:25,Fail,,Clean vent unit and ceiling in walk in.,96   Salem ST,Boston,2114,156374,42.364017,-71.055759,2015
The Wild Rover Tavern,,DRISCOLL SHAWN F,Johnson,Richard,79355,2012-06-29 13:42:54,2020-12-31 23:59:00,Active,FS,Eating & Drinking,HE_Fail,2016-09-27 19:20:09,16-4-501.11/.15,*,Dishwashng Facilities,2016-09-27 19:20:09,Fail,,Dishwasher not registering presence of chlorine sanitizer. Repair.,61   Chatham ST,Boston,2109,30078,42.35958,-71.05404,2016
The Wine Cave,,FIFTY 3-85 CANAL STREET LLC,Tarpley Enterprises Inc., ,80369,2012-08-15 09:55:44,2018-12-31 23:59:00,Inactive,RF,Retail Food,HE_Filed,2017-02-23 10:04:43,42-6-501.113/.114,*,Premises Maintained,2017-02-23 10:04:43,Fail,,Multiple crushed cardboard boxes on sales floor. Remove.,53   Canal ST,Boston,2114,25423,42.363827,-71.059088,2017
THEO'S COZY CORNER RESTAURANT,,CIRIGNANO FRANK,CRISTO,JOVENIL BATISTA,26004,2012-01-12 14:02:35,2020-12-31 23:59:00,Active,FS,Eating & Drinking,HE_Fail,2015-03-02 10:40:53,03-3-501.16,***,Hot Holding,2015-03-02 10:40:53,Fail,,Homefries on top of the flat top grill are only 100F -maintain at 140F or above as discussed -PIC stated potatoes have only been there for an hour,162   Salem ST,Boston,2113,121800,42.366083,-71.055108,2015
Thinking Cup L L C,,GRANDVIEW CONDOMINIUM TR,Hugh Geiger, ,67736,2011-12-06 15:26:27,2020-12-31 23:59:00,Active,FS,Eating & Drinking,HE_Fail,2015-04-10 11:23:10,03-3-501.16(A),***,Cold Holding,2015-04-10 11:23:10,Fail,,1. cooked chicken @ 50f  ensure proper cold hold of 41f or below 2. pasta salad @ 50f ensure proper cold hold of 41f or below,165   Tremont ST,Boston,2111,137287,42.35394,-71.06372,2015
Thinking Cup Newbury,,HAMILTON JAMES A G TS,Sadowski,Andre,127122,2014-04-15 13:13:57,2020-12-31 23:59:00,Active,FS,Eating & Drinking,HE_Fail,2015-05-14 12:56:28,03-3-501.16(A),***,Cold Holding,2015-05-14 12:56:28,Fail,,Chicken salad sandwich 54F for 30minutes.PIC removed to other refrigeration.Proper cold holding was reviewed to always maintain cold product 41F or below.,85   Newbury ST,Boston,2116,101995,42.35192,-71.07497,2015
Thirst Juice Co.,,  ,C. Roche/H. Stevenson, ,130198,2014-11-19 11:09:48,2019-12-31 23:59:00,Inactive,FT,Eating & Drinking w/ Take Out,HE_Fail,2016-10-18 12:41:29,08-3-302.15,*,Washing fruits and veg's.,2016-10-18 12:41:29,Fail,,Wheat grass was not being rinsed prior to usage at the time of the inspection. After having a conversation with the owner (Heather) at that time procedures have changed and are to remain in place unless otherwise authorized by the City of Boston. Wheat Grass is now being rinsed prior to usage.,44  School ST,Boston,2108,307148,42.35768,-71.05965,2016
Thomson Reuters,,TF BOSTON FUNDING COMPANY IN,Aramark Corp., ,83701,2012-11-16 09:28:58,2015-12-31 23:59:00,Inactive,FS,Eating & Drinking,HE_Hearing,2015-04-30 11:29:32,01-3-201.11,***,Approved Source,2015-04-30 11:29:32,Fail,,"Provide information about the source of all food items sold at this ""Micro Cafe"". No information available on location.",12  Thomson Pl,Boston,2210,135764,42.35083,-71.04808,2015
Thorntons Fenway Grille,,THORTON MARTIN,Thornton Companies Inc., ,76498,2012-03-06 15:32:42,2020-12-31 23:59:00,Active,FS,Eating & Drinking,HE_Fail,2015-05-05 12:30:04,02-3-602.11-.12/3-302.12,*,Food Container Labels,2015-05-05 12:30:04,Fail,,Bulk storage bins missing labels.Provide,100   Peterborough ST,Boston,2215,158181,42.342993,-71.099359,2015
Thornton's Restaurant,,THE GREENHOUSE APTS,ALEX PRIZAND,ADMM CORP.,22276,2011-12-19 12:08:48,2019-12-31 23:59:00,Inactive,FS,Eating & Drinking,HE_Fail,2015-04-06 13:41:56,08-3-305-307.11,*,Food Protection,2015-04-06 13:41:56,Fail,,walk in/ store all foods 6 inches off floor reach in units/properly cover all open food containers,150   Huntington AV,Boston,2115,156409,42.344906,-71.081791,2015
Tilted Kilt Pub & Eatery,,,TKBMA LLC,Att: Accounts Payable,312514,2017-02-17 15:27:12,2017-12-31 23:59:00,Inactive,FS,Eating & Drinking,HE_Fail,2017-02-06 14:52:00,23-4-602.13,*,Non-Food Contact Surfaces Clean,2017-02-06 14:52:00,Fail,,Clean and sanitize all surfaces in the kitchen before operating the kitchen,96   Brookline AVE,Boston,2215,22111,42.34612,-71.09929,2017
TRADER JOE'S No. 510,,GUBBINS/MCMAHON BOYLSTON LP,TRADER JOE'S INC.,ATTN: TAX DEPT.,25622,2011-12-19 13:14:37,2020-12-31 23:59:00,Active,RF,Retail Food,HE_Fail,2016-03-11 08:42:29,21-3-304.14,*,Wiping Cloths  Clean  Sanitize,2016-03-11 08:42:29,Fail,,Using sponges in ware washing area,893   Boylston ST,Boston,2115,18417,42.3485,-71.08412,2016
Travel Traders,,TRAVEL TRADERS HOTEL STORES INC.,TRAVEL TRADERS HOTEL STORES,Attn:S. Soso,23617,2012-01-17 16:28:45,2020-12-31 23:59:00,Active,RF,Retail Food,HE_Fail,2019-05-20 14:19:53,37-6-501.11-.12,*,Improper Maintenance of Walls/Ceilings,2019-05-20 14:19:53,Fail,,Celing above beverage display case observed leaking water.Repair PIC contacted hotel facilities,64   Arlington ST,Boston,2116,157189,42.350707,-71.069921,2019
TREMONT CAFETERIA,,  ,SODEXO OPERATIONS,L L C,26043,2012-02-14 09:26:44,2020-12-31 23:59:00,Active,FS,Eating & Drinking,HE_Fail,2016-11-21 11:04:50,29-5-201/02.11,*,Installed and Maintained,2016-11-21 11:04:50,Fail,,hand sink faucet leaking  repair,150   Tremont ST,Boston,2111,320819,42.35484,-71.063219,2016
TRIDENT BOOKSELLERS AND CAFE,,NEWBURY PRIME REALTY CORP,FLYNN,BERNARD,18777,2011-12-30 13:11:24,2020-12-31 23:59:00,Active,FS,Eating & Drinking,HE_Fail,2015-12-04 11:58:34,15-4-202.16,*,Non-Food Contact Surfaces,2015-12-04 11:58:34,Fail,,Ice machine door not sealing properly.Repair,338   Newbury ST,Boston,2115,101560,42.34823,-71.0866,2015
Trio Cafe,,  ,Tchourilkov,Ilian,90459,2013-07-09 09:42:02,2020-12-31 23:59:00,Active,FT,Eating & Drinking w/ Take Out,HE_Fail,2015-02-19 10:42:37,17-4-302.14,*,Test Kit Provided,2015-02-19 10:42:37,Fail,,Provide test kit for measuring the sanitizer used at the 3 bay sink.,212  Northern AVE,Boston,2210,340132,42.350415,-71.038224,2015
Truong Thanh,,LAU MEE HA WONG,LUU,PETER,19590,2011-12-15 13:32:03,2018-12-31 23:59:00,Inactive,RF,Retail Food,HE_Fail,2017-09-21 08:59:34,36-6-501.11-.12,*,Improper Maintenance of Floors,2017-09-21 08:59:34,Fail,,1) Floors under liquor shelving with heavy dusts and debris  clean to remove  2) Floors under racks and at back door area with heavy dusts and debris  clean to remove,65   Beach ST,Boston,2111,9400,42.35112,-71.06011,2017
T'S PUB,,GERALD J RLTY CO INC,Comm 973 Group L L C, ,74401,2011-12-19 12:56:12,2019-12-31 23:59:00,Inactive,FS,Eating & Drinking,HE_Fail,2015-04-06 11:39:16,03-3-501.16(A),***,Cold Holding,2015-04-06 11:39:16,Fail,,The two-door sandwich unit is not working pepperoni 75F  cheese 75F.  Repair the unit to provide cold holding of 41F or below.,971   Commonwealth AVE,Boston,2215,41313,42.35198,-71.11964,2015
Tsaocaa Tea,,LEE ON DONG ASSOCIATION,Chen,Qinlei,396652,2020-02-13 08:58:16,2020-12-31 23:59:00,Active,FT,Eating & Drinking w/ Take Out,HE_Fail,2020-08-27 13:11:00,590.003/3-305.12-C,*,Food Storage  Prohibited Areas (C),2020-08-27 13:11:00,Fail,,Packaged foods observed being stored under the drainage pipe of the single bay sink in the front service area. Discontinue and store all foods in a clean and protected area.,10   Tyler ST,Boston,2111,138804,42.35098,-71.06046,2020
Typhoon Restaurant,,PHAN-NGUYEN NHAN H.,PHAN-NGUYEN,NHAN H.,21524,2012-01-05 10:24:04,2020-12-31 23:59:00,Active,FS,Eating & Drinking,HE_Fail,2015-03-11 12:13:45,16-4-501.11/.15,*,Dishwashng Facilities,2015-03-11 12:13:45,Fail,,Low Temp Dish machine not registering any chlorine sanitizer level. Repair to maintain between 50-100ppm.,725   Boylston ST,Boston,2116,157459,42.349593,-71.080258,2015
Umai Japanese Restaurant,,CHATAL ASSOCIATES,Murasaki Inc.,Florence Lee  Pres.,76007,2011-12-13 11:27:48,2020-12-31 23:59:00,Active,FS,Eating & Drinking,HE_Fail,2015-01-22 14:44:14,14-4-202.11,*,Food Contact Surfaces Design,2015-01-22 14:44:14,Fail,,Plastic cups being used to dispense bulk food. Use handle scoops/utensils.,224  Newbury St,Boston,2116,101441,42.34973,-71.08116,2015
Union Club of Boston,,UNION CLUB OF BOSTON INC,UNION CLUB OF BOSTON INC, ,18725,2011-12-13 11:17:44,2020-12-31 23:59:00,Active,FS,Eating & Drinking,HE_Fail,2017-06-16 10:28:17,37-6-501.11-.12,*,Improper Maintenance of Walls/Ceilings,2017-06-16 10:28:17,Fail,,Dust buildup on wall and fixtures behind cookline equipment. Clean to remove.,8   Park ST,Boston,2108,107194,42.3575,-71.0627,2017
UNION OYSTER HOUSE,,MILANO JOSEPH A JR TRST,MILANO,JOSEPH A.,19089,2011-12-14 14:11:17,2020-12-31 23:59:00,Active,FS,Eating & Drinking,HE_Fail,2015-10-06 16:17:47,17-4-204.112/.115,*,Equipment Thermometers,2015-10-06 16:17:47,Fail,,no interior thermometer in shell fish walk-in   supply,41  Union ST,Boston,2108,139293,42.36127,-71.05688,2015
University Club of Boston,,UNIVERSITY CLUB,UNIVERSITY CLUB OF BOSTON, ,18588,2012-01-10 12:17:49,2020-12-31 23:59:00,Active,FS,Eating & Drinking,HE_Fail,2016-06-06 12:38:45,20-4-703.11,***,Food Contact Surfaces Clean,2016-06-06 12:38:45,Fail,,Glass washer without a chlorine reading.Repair.provide chlorine 50PPM.PIC has called for service.,426   Stuart ST,Boston,2116,131661,42.3485,-71.07476,2016
UNIVERSITY HOUSE OF PIZZA,,PARTHENA SAVVIDIS,PARTHENA SAVVIDIS, ,20033,2011-12-16 15:30:51,2020-12-31 23:59:00,Active,FS,Eating & Drinking,HE_Fail,2015-02-23 10:51:54,17-4-204.112/.115,*,Equipment Thermometers,2015-02-23 10:51:54,Fail,,No conspicuous thermometers in multiple refrigeration units- Provide,452   Huntington AVE,Boston,2115,157232,42.338552,-71.092818,2015
Uno Chicago Grill,,NICOLE E. ADAMS,Uno Chicago Grill,Uno Restaurants L L C,18961,2012-01-09 15:57:09,2020-12-31 23:59:00,Inactive,FT,Eating & Drinking w/ Take Out,HE_Fail,2015-03-03 12:36:31,15-4-202.16,*,Non-Food Contact Surfaces,2015-03-03 12:36:31,Fail,,MC Callum upright  refrigerator unit at the cooking line broken. Repair or replace.,1   Brookline AVE,Boston,2215,157196,42.34842,-71.097471,2015
Uno Chicago Grill,,SPENCER AARONN D,UNO RESTAURANTS,LLC  LEGAL DEPARTMENT,18958,2012-01-09 15:53:57,2019-12-31 23:59:00,Inactive,FT,Eating & Drinking w/ Take Out,HE_Fail,2015-03-19 14:26:29,03-3-501.16(A),***,Cold Holding,2015-03-19 14:26:29,Fail,,Mozzarella 53F  Pesto Sauce 45F at the refrigerating unit next to the pizza station. Unit 42F. Maintain at 41F or below.,727   Boylston ST,Boston,2116,18385,42.349589,-71.080292,2015
Uno Due Go,,DRUKER BERTRAM A TRSTS,URC L L C, ,74800,2011-12-30 13:59:52,2020-12-31 23:59:00,Inactive,FS,Eating & Drinking,HE_Fail,2015-03-27 13:17:33,03-3-501.16(A),***,Cold Holding,2015-03-27 13:17:33,Fail,,Ham 58F  Beef 57F / Provide proper cold holding temperatures.,52   Summer ST,Boston,2110,132025,42.35445,-71.05881,2015
UPTOWN CAFE,,  ,GARY FORZIATI, ,23109,2011-12-14 11:10:59,2018-12-31 23:59:00,Inactive,FT,Eating & Drinking w/ Take Out,HE_Fail,2015-03-09 12:38:33,22-4-601/602.11,**,Food Contact Surfaces Clean,2015-03-09 12:38:33,Fail,,cutting board with heavy scores and soils  clean to remove,106   Cambridge ST,Boston,2114,340669,42.361066,-71.063183,2015
Urban Lodge,Boston Winter Market Village,CITY OF BOSTON,Mass Sportservice, ,308974,2016-12-01 14:20:29,2017-12-31 23:59:00,Inactive,RF,Retail Food,HE_Filed,2016-12-07 10:19:10,36-6-501.11-.12,*,Improper Maintenance of Floors,2016-12-07 10:19:10,Fail,,Standing water on ground surface. Clean to Remove.,1  City Hall PLZ,Boston,2108,32856,42.36042,-71.058274,2016
Venice Convenience Inc.,,  ,Mohammed,Hasan,78579,2012-04-04 09:59:33,2020-12-31 23:59:00,Active,RF,Retail Food,HE_Fail,2015-03-30 12:40:03,01-3-201.11,***,Approved Source,2015-03-30 12:40:03,Fail,,Evidence of foods being purchased from Market Basket - discontinue and only purchase from a licensed wholesaler as discussed,38   Cooper ST,Boston,2113,163864,42.364347,-71.057138,2015
Victoria Seafood,,VICTORIA SEAFOOD RESTAURA,VICTORIA SEAFOOD RESTAURANT INC., ,20579,2011-12-15 13:59:07,2020-12-31 23:59:00,Active,FS,Eating & Drinking,HE_Fail,2015-02-20 12:00:07,08-3-305-307.11,*,Food Protection,2015-02-20 12:00:07,Fail,,The sliced vegetables are stored at room temperature.  Store cut vegetables refrigerated.,1029  Commonwealth AVE,Boston,2215,157604,42.352234,-71.12166,2015
Viga,,,Viga Eatery Inc.,Elizabeth Wilson,125053,2014-04-18 09:27:10,2020-12-31 23:59:00,Active,FT,Eating & Drinking w/ Take Out,HE_Fail,2015-03-09 10:34:56,02-3-602.11-.12/3-302.12,*,Food Container Labels,2015-03-09 10:34:56,Fail,,provide proper labels on all packaged pastries,140   Clarendon ST,Boston,2116,157041,42.348611,-71.074438,2015
Viga,,WILSON ELIZABETH,WILSON,ELIZABETH,21090,2011-12-15 14:51:06,2020-12-31 23:59:00,Active,FT,Eating & Drinking w/ Take Out,HE_Fail,2015-09-08 11:07:07,05-4-302.12,*,Food Thermometers Provided,2015-09-08 11:07:07,Fail,,Thermometer missing / Provide.,291  Devonshire ST,Boston,2110,157446,42.354147,-71.057948,2015
Viga (133 Pearl Street),,GOODMAN PEARLSTREET PARTNERS,DASILVA,MATEUSIENE O.,23433,2011-12-20 14:12:12,2020-12-31 23:59:00,Active,FT,Eating & Drinking w/ Take Out,HE_Fail,2016-05-19 11:17:07,03-3-501.16,***,Hot Holding,2016-05-19 11:17:07,Fail,,Breaded chicken inside of the stema table with a temperature of 123F. Discontinue and ensure all potentially hazardous foods are being maintained at 140F and above. Chicken to be removed and reheated to 165 F to ensure no bacterial growth.,133   Pearl ST,Boston,2110,108785,42.35474,-71.05384,2016
Villa Francesca,,  ,Tomas Salmeron, ,77964,2012-02-14 10:08:12,2020-12-31 23:59:00,Active,FS,Eating & Drinking,HE_Fail,2015-04-17 11:22:25,01-3-203.12,**,Tags & Records,2015-04-17 11:22:25,Fail,,Maintain  organized as discussed for three months,150   Richmond ST,Boston,2113,169084,42.363348,-71.054559,2015
Vintage Lounge,,EIGHTY BROAD STREET LLC,Paratore,David,27404,2012-03-09 13:20:17,2020-12-31 23:59:00,Active,FS,Eating & Drinking,HE_Fail,2016-02-16 13:04:52,37-6-501.11-.12,*,Improper Maintenance of Walls/Ceilings,2016-02-16 13:04:52,Fail,, ,72  Broad ST,Boston,2110,20484,42.35769,-71.05302,2016
VOLLE NOLLE,,GALVAO MANUEL ETAL,TORRI CROWELL, ,24339,2012-01-05 14:36:03,2020-12-31 23:59:00,Active,FT,Eating & Drinking w/ Take Out,HE_Fail,2015-10-01 20:06:18,21-3-304.14,*,Wiping Cloths  Clean  Sanitize,2015-10-01 20:06:18,Fail,,Set up as discussed,349   Hanover ST,Boston,2113,69116,42.36455,-71.05348,2015
W & A Again,,PAPOULIDIS KOSTA TRST,JEHA,IBRAHIM,19745,2012-01-26 14:26:23,2020-12-31 23:59:00,Active,RF,Retail Food,HE_Filed,2018-02-12 14:23:13,36-6-501.11-.12,*,Improper Maintenance of Floors,2018-02-12 14:23:13,Fail,,Severl tiles missing from mop sink.Replace/repair,1250   Boylston ST,Boston,2215,18072,42.344984,-71.095359,2018
WAI WAI ICE CREAM SHOP,,WONG SHU YING TRSTS,HUI,DAVID,24990,2012-01-06 09:20:52,2020-12-31 23:59:00,Active,FS,Eating & Drinking,HE_Fail,2015-01-26 10:10:47,02-3-602.11-.12/3-302.12,*,Food Container Labels,2015-01-26 10:10:47,Fail,,Food containers not labeled,26   Oxford ST,Boston,2111,106209,42.35168,-71.06027,2015
WAI'S STYLE RESTAURANT,,,DAVID HUI: WAI'S STYLE RE,STAURANT,20355,2012-01-06 09:22:08,2019-12-31 23:59:00,Inactive,FS,Eating & Drinking,HE_Fail,2017-11-15 15:28:21,22-4-601/602.11,**,Food Contact Surfaces Clean,2017-11-15 15:28:21,Fail,,Interior of microwave with soils  clean to remove,99   Harrison AVE,Boston,2111,70098,42.35081,-71.06163,2017
Walgreens No. 02933,,ALEXANDER ELAINE B,Walgreen Eastern Co.,Inc.,25356,2012-01-18 18:09:46,2020-12-31 23:59:00,Active,RF,Retail Food,HE_Fail,2016-10-06 14:26:21,17-4-204.112/.115,*,Equipment Thermometers,2016-10-06 14:26:21,Fail,,Thermometers missing from wall refrigeration unit,839   Boylston ST,Boston,2116,18412,42.34889,-71.08281,2016
Ward 8,,NINETY NORTH WASHINGTON,Anfratta LLC,Nicholas Frattaroli,91452,2013-11-27 10:36:53,2020-12-31 23:59:00,Active,FS,Eating & Drinking,HE_Fail,2017-01-09 09:48:42,17-4-204.112/.115,*,Equipment Thermometers,2017-01-09 09:48:42,Fail,,Wash gauge on main dish machine not working / Repair  Rinse verified 181F,90 N Washington ST,Boston,2114,146276,42.36541,-71.05867,2017
Warehouse Bar & Grille,,  ,Endever Hospitality Group LLC., ,80225,2013-09-12 08:32:41,2020-12-31 23:59:00,Active,FS,Eating & Drinking,HE_Fail,2016-03-09 11:19:00,02-3-602.11-.12/3-302.12,*,Food Container Labels,2016-03-09 11:19:00,Fail,,Several sauce containers with no labels. Provide.,40   Broad ST,Boston,2109,196389,42.35839,-71.05395,2016
Wendy's,,SUMMER HIGH REALTY,Wendy's of New England LLC,Att: License,166541,2016-03-11 15:38:25,2020-12-31 23:59:00,Active,FT,Eating & Drinking w/ Take Out,HE_Fail,2016-02-11 15:23:00,M-2-103.11,***,PIC Performing Duties,2016-02-11 15:23:00,Fail,,2016 permit not paid  remit payment,71   Summer ST,Boston,2110,132048,42.35412,-71.05898,2016
WENDY'S OLD FASHIONED HAMBURERS,,,The Wendy's Company,Attn: Accounting,21515,2012-02-24 09:41:13,2020-12-31 23:59:00,Active,FT,Eating & Drinking w/ Take Out,HE_Fail,2015-01-21 14:03:22,15-4-202.16,*,Non-Food Contact Surfaces,2015-01-21 14:03:22,Fail,,Traulsen two door upright refrigerator  broken. No food stored inside. Repair or replace.,551   Boylston ST,Boston,2116,161083,42.350736,-71.076005,2015
Which Wich,,HJB INC TS,Peterson Owner,Brek,358371,2019-05-15 08:12:42,2020-12-31 23:59:00,Active,FS,Eating & Drinking,HE_Fail,2019-05-13 15:21:25,29-5-201/02.11,*,Installed and Maintained,2019-05-13 15:21:25,Fail,,Bathroom hot water at hand sinks 68 F and 71 F - Must maintain 100 F,324   Newbury ST,Boston,2115,101546,42.3484,-71.08603,2019
Whiskey's Steakhouse & Saloon,,C.R.T. FOOD & BEVERAGE  INC.,C.R.T. FOOD & BEVERAGE INC., ,19890,2011-12-15 11:20:01,2020-12-31 23:59:00,Inactive,FS,Eating & Drinking,HE_Fail,2015-04-28 12:55:56,02-3-602.11-.12/3-302.12,*,Food Container Labels,2015-04-28 12:55:56,Fail,,Bulk Bins without labels at the prep area. Label properly.,885   Boylston ST,Boston,2116,155881,42.348617,-71.083619,2015
WICH ! T,,KANEGIS SIDNEY S,Behind The Curtain Inc., ,80562,2013-01-07 08:59:35,2018-12-31 23:59:00,Inactive,FT,Eating & Drinking w/ Take Out,HE_Fail,2015-05-28 12:33:44,01-3-602.11 B2,***,Labeling of Ingredients,2015-05-28 12:33:44,Fail,,Multiple cookies  brownies and fruit cups without proper labels.Provide labels with all ingredients,244   Newbury ST,Boston,2116,101456,42.34941,-71.0824,2015
Wine Gallery,,ALEX OSTROVSKY,ALEX OSTROVSKY,WINE GALLERY,23332,2012-06-06 15:07:42,2018-12-31 23:59:00,Inactive,RF,Retail Food,HE_Closure,2018-02-22 13:11:57,M-2-103.11,***,PIC Performing Duties,2018-02-22 13:11:57,Fail,,8-301.11--2018 Health Permit not paid.Provide proper payment to the Health department located at 1010 Mass ave 4th floor.,516   Commonwealth AVE,Boston,2215,157663,42.348523,-71.09568,2018
Wing's Kitchen,,JAYNE ALLAN WONG,168 Inc.,Xiu Ling Situ,67872,2011-12-22 12:14:16,2020-12-31 23:59:00,Active,FT,Eating & Drinking w/ Take Out,HE_Fail,2016-04-06 13:59:06,22-4-601/602.11,**,Food Contact Surfaces Clean,2016-04-06 13:59:06,Fail,,knives and knife rack with heavey soils  clean to remove,23  Hudson ST,Boston,2111,75861,42.35052,-71.06031,2016
Wings Live Poultry,,CHAN KWONG CHEONG,Chan,W. Kwok,28065,2012-01-03 09:57:40,2020-12-31 23:59:00,Active,RF,Retail Food,HE_Fail,2015-07-13 10:25:24,03-3-501.16(A),***,Cold Holding,2015-07-13 10:25:24,Fail,,Raw chicken 62F in low boy reach in / Ensure proper cold holding temperatures of 41F or below.,48   Beach ST,Boston,2111,9391,42.35155,-71.06079,2015
Wings Over Boston,,  ,Robert Savin Pres.,Att: Nola Morrison,79693,2013-05-01 08:20:10,2020-12-31 23:59:00,Active,FS,Eating & Drinking,HE_Fail,2015-01-07 11:33:37,03-3-501.16(A),***,Cold Holding,2015-01-07 11:33:37,Fail,,Raw Hamburger 58F  Ribs 59F. Ensure cold holding at 41F or below. Placed in under counter refrigeration drawer 2 hours prior. Removed by PIC and placed in walkin.,325   Huntington AVE,Boston,2115,255086,42.34094,-71.08811,2015
Winter St. Express,,COVICH SIDNEY TRST,Karl Volker, ,75095,2012-04-04 11:17:30,2020-12-31 23:59:00,Active,RF,Retail Food,HE_Fail,2016-12-14 10:58:58,37-6-201.11,*,Walls/Ceilings Designed Constructed Installed,2016-12-14 10:58:58,Fail,,Ceilings tiles missing throughout store  replace,31   Winter ST,Boston,2108,150874,42.356041,-71.061449,2016
Winter Street Enterprises,,WINTER EIGHT ASSOCIATES,KARL VOKEN, ,20057,2011-12-15 13:41:18,2018-12-31 23:59:00,Inactive,RF,Retail Food,HE_Fail,2016-12-14 11:09:00,23-4-602.13,*,Non-Food Contact Surfaces Clean,2016-12-14 11:09:00,Fail,,1) cold case for sodas with soils and debris  clean remove  2) shelving with soils and debris  clean to remove,10  Winter St,Boston,2111,150865,42.35552,-71.06094,2016
WOODY'S GRILL & TAP,,,Cassidy,Joann,382180,2018-12-18 15:54:54,2020-12-31 23:59:00,Active,FS,Eating & Drinking,HE_Fail,2019-08-21 12:24:55,590.003/3-302.12-C,*,Food Storage Containers Identified with Common Name of Food (C),2019-08-21 12:24:55,Fail,,Multiple squeeze bottles with no labels,58   Hemenway ST,Boston,2115,157305,42.344797,-71.089441,2019
Wyndham Boston Beacon Hill-The Dean's List,,CHARLES RIVER PLAZA CO,BHR Operations L.L.C., ,81328,2012-10-29 09:06:56,2020-12-31 23:59:00,Active,FS,Eating & Drinking,HE_Fail,2015-03-26 11:46:03,16-4-501.11/.15,*,Dishwashng Facilities,2015-03-26 11:46:03,Fail,,Sanitizer not registering on all cycles  repair. Manager to utilize the dish machine in back to sanitioze all glasses until glass machine is repaired.,5   Blossom ST,Boston,2114,16065,42.36185,-71.06661,2015
Xi'an Biang Biang Noodle,,AGA GROUP INC,Chang,John,130007,2014-12-16 14:45:03,2020-12-31 23:59:00,Active,FS,Eating & Drinking,HE_Fail,2016-06-15 11:12:33,M-2-103.11,***,PIC Performing Duties,2016-06-15 11:12:33,Fail,,No allergen poster posted in employee work area,30   Massachusetts AVE,Boston,2115,92024,42.35037,-71.08902,2016
Xiong Ginseng Root,,CHU ROSON C TS,Lu,Hoa Vinh,164918,2017-05-12 09:01:20,2020-12-31 23:59:00,Active,RF,Retail Food,HE_Fail,2019-06-10 13:46:30,35-6-501.111/.115,**,Insects  Rodents  Animals,2019-06-10 13:46:30,Fail,,fruit flies found near freezer unit  clean to remove,5   Knapp ST,Boston,2111,82295,42.35122,-71.06198,2019
YADA YADA BAKERY CAFE,,CFS SEAPORT LLC,SHPRESA LOLOCI, ,23764,2011-12-14 14:39:15,2016-12-31 23:59:00,Inactive,FT,Eating & Drinking w/ Take Out,HE_Fail,2015-03-12 10:31:51,08-3-305-307.11,*,Food Protection,2015-03-12 10:31:51,Fail,,Provde protection for all pastries on display at the service counter.,34   Farnsworth ST,Boston,2210,56396,42.35191,-71.04839,2015
Yamato II,,  ,Jiang,Ming,137896,2015-06-30 08:46:46,2020-12-31 23:59:00,Active,FS,Eating & Drinking,HE_Fail,2015-06-24 14:52:27,02-3-602.11-.12/3-302.12,*,Food Container Labels,2015-06-24 14:52:27,Fail,,Bulk food items containers without proper labels. Provide.,545  Boylston ST,Boston,2116,193086,42.35081,-71.07581,2015
Yvonnes,,WINTER PLACE LLC,Coje Management,Mark s. Malatesta,143281,2015-10-22 13:24:04,2020-12-31 23:59:00,Active,FS,Eating & Drinking,HE_Fail,2017-09-14 10:42:05,35-6-501.111/.115,**,Insects  Rodents  Animals,2017-09-14 10:42:05,Fail,,1) Back door to alley with opening at bottom of door  provide door sweep to prevent access  2) Mouse droppings found in bakery prep area along walls and behind mixer  clean to remove  3) Mouse droppings found behind benches in dining room  clean to remove  4) Dead mouse found on glue trap behind bench  clean to remove and supply detailed IPM report from exterminator with findings and recommendations,3   Winter PL,Boston,2108,156728,42.355423,-71.061469,2017
Ziggy's Coffee Bar,,  ,Zeghibe,Roger,154404,2016-05-23 08:39:02,2020-12-31 23:59:00,Active,FT,Eating & Drinking w/ Take Out,HE_Fail,2018-04-20 11:45:07,21-3-304.14,*,Wiping Cloths  Clean  Sanitize,2018-04-20 11:45:07,Fail,,Keep al in use wiping cliths in a sanitizing solution when not in use.,100   Tremont ST,Boston,2108,170406,42.357144,-71.060857,2018
